08-Apr-2026 10:08:36.514 INFO [main] org.apache.catalina.startup.VersionLoggerListener.log Server version name:   Apache Tomcat/9.0.108
08-Apr-2026 10:08:36.518 INFO [main] org.apache.catalina.startup.VersionLoggerListener.log Server built:          Jul 31 2025 18:19:48 UTC
08-Apr-2026 10:08:36.519 INFO [main] org.apache.catalina.startup.VersionLoggerListener.log Server version number: 9.0.108.0
08-Apr-2026 10:08:36.519 INFO [main] org.apache.catalina.startup.VersionLoggerListener.log OS Name:               Windows 10
08-Apr-2026 10:08:36.519 INFO [main] org.apache.catalina.startup.VersionLoggerListener.log OS Version:            10.0
08-Apr-2026 10:08:36.519 INFO [main] org.apache.catalina.startup.VersionLoggerListener.log Architecture:          amd64
08-Apr-2026 10:08:36.519 INFO [main] org.apache.catalina.startup.VersionLoggerListener.log Java Home:             C:\Program Files\Java\jdk1.8.0_172\jre
08-Apr-2026 10:08:36.520 INFO [main] org.apache.catalina.startup.VersionLoggerListener.log JVM Version:           1.8.0_172-b11
08-Apr-2026 10:08:36.520 INFO [main] org.apache.catalina.startup.VersionLoggerListener.log JVM Vendor:            Oracle Corporation
08-Apr-2026 10:08:36.520 INFO [main] org.apache.catalina.startup.VersionLoggerListener.log CATALINA_BASE:         D:\tools\apache-tomcat-9.0.108
08-Apr-2026 10:08:36.520 INFO [main] org.apache.catalina.startup.VersionLoggerListener.log CATALINA_HOME:         D:\tools\apache-tomcat-9.0.108
08-Apr-2026 10:08:36.521 INFO [main] org.apache.catalina.startup.VersionLoggerListener.log Command line argument: -Djava.util.logging.config.file=D:\tools\apache-tomcat-9.0.108\conf\logging.properties
08-Apr-2026 10:08:36.522 INFO [main] org.apache.catalina.startup.VersionLoggerListener.log Command line argument: -Djava.util.logging.manager=org.apache.juli.ClassLoaderLogManager
08-Apr-2026 10:08:36.522 INFO [main] org.apache.catalina.startup.VersionLoggerListener.log Command line argument: -Dhttp.nonProxyHosts=localhost|127.0.0.1|DESKTOP-UFCNPBB
08-Apr-2026 10:08:36.522 INFO [main] org.apache.catalina.startup.VersionLoggerListener.log Command line argument: -Djdk.tls.ephemeralDHKeySize=2048
08-Apr-2026 10:08:36.522 INFO [main] org.apache.catalina.startup.VersionLoggerListener.log Command line argument: -Djava.protocol.handler.pkgs=org.apache.catalina.webresources
08-Apr-2026 10:08:36.522 INFO [main] org.apache.catalina.startup.VersionLoggerListener.log Command line argument: -Dsun.io.useCanonCaches=false
08-Apr-2026 10:08:36.522 INFO [main] org.apache.catalina.startup.VersionLoggerListener.log Command line argument: -Dignore.endorsed.dirs=
08-Apr-2026 10:08:36.522 INFO [main] org.apache.catalina.startup.VersionLoggerListener.log Command line argument: -Dcatalina.base=D:\tools\apache-tomcat-9.0.108
08-Apr-2026 10:08:36.522 INFO [main] org.apache.catalina.startup.VersionLoggerListener.log Command line argument: -Dcatalina.home=D:\tools\apache-tomcat-9.0.108
08-Apr-2026 10:08:36.522 INFO [main] org.apache.catalina.startup.VersionLoggerListener.log Command line argument: -Djava.io.tmpdir=D:\tools\apache-tomcat-9.0.108\temp
08-Apr-2026 10:08:36.868 INFO [main] org.apache.catalina.core.AprLifecycleListener.lifecycleEvent Loaded Apache Tomcat Native library [1.3.1] using APR version [1.7.4].
08-Apr-2026 10:08:36.868 INFO [main] org.apache.catalina.core.AprLifecycleListener.lifecycleEvent APR capabilities: IPv6 [true], sendfile [true], accept filters [false], random [true], UDS [true].
08-Apr-2026 10:08:36.868 INFO [main] org.apache.catalina.core.AprLifecycleListener.lifecycleEvent APR/OpenSSL configuration: useAprConnector [false], useOpenSSL [true]
08-Apr-2026 10:08:36.881 INFO [main] org.apache.catalina.core.AprLifecycleListener.initializeSSL OpenSSL successfully initialized [OpenSSL 3.0.14 4 Jun 2024]
08-Apr-2026 10:08:37.374 INFO [main] org.apache.coyote.AbstractProtocol.init Initializing ProtocolHandler ["http-nio-8080"]
08-Apr-2026 10:08:37.402 INFO [main] org.apache.catalina.startup.Catalina.load Server initialization in [1209] milliseconds
08-Apr-2026 10:08:37.453 INFO [main] org.apache.catalina.core.StandardService.startInternal Starting service [Catalina]
08-Apr-2026 10:08:37.453 INFO [main] org.apache.catalina.core.StandardEngine.startInternal Starting Servlet engine: [Apache Tomcat/9.0.108]
08-Apr-2026 10:08:37.464 INFO [main] org.apache.catalina.startup.HostConfig.deployDescriptor Deploying deployment descriptor [D:\tools\apache-tomcat-9.0.108\conf\Catalina\localhost\production-management-system.xml]
08-Apr-2026 10:08:37.488 WARNING [main] org.apache.catalina.startup.HostConfig.deployDescriptor The path attribute with value [/production-management-system] in deployment descriptor [D:\tools\apache-tomcat-9.0.108\conf\Catalina\localhost\production-management-system.xml] has been ignored
08-Apr-2026 10:08:38.831 INFO [main] org.apache.jasper.servlet.TldScanner.scanJars At least one JAR was scanned for TLDs yet contained no TLDs. Enable debug logging for this logger for a complete list of JARs that were scanned but no TLDs were found in them. Skipping unneeded JARs during scanning can improve startup time and JSP compilation time.
08-Apr-2026 10:08:40.805 INFO [main] org.apache.catalina.startup.HostConfig.deployDescriptor Deployment of deployment descriptor [D:\tools\apache-tomcat-9.0.108\conf\Catalina\localhost\production-management-system.xml] has finished in [3,340] ms
08-Apr-2026 10:08:40.806 INFO [main] org.apache.catalina.startup.HostConfig.deployDirectory Deploying web application directory [D:\tools\apache-tomcat-9.0.108\webapps\docs]
08-Apr-2026 10:08:40.831 INFO [main] org.apache.catalina.startup.HostConfig.deployDirectory Deployment of web application directory [D:\tools\apache-tomcat-9.0.108\webapps\docs] has finished in [25] ms
08-Apr-2026 10:08:40.831 INFO [main] org.apache.catalina.startup.HostConfig.deployDirectory Deploying web application directory [D:\tools\apache-tomcat-9.0.108\webapps\examples]
08-Apr-2026 10:08:41.967 INFO [main] org.apache.catalina.startup.HostConfig.deployDirectory Deployment of web application directory [D:\tools\apache-tomcat-9.0.108\webapps\examples] has finished in [1,136] ms
08-Apr-2026 10:08:41.967 INFO [main] org.apache.catalina.startup.HostConfig.deployDirectory Deploying web application directory [D:\tools\apache-tomcat-9.0.108\webapps\host-manager]
08-Apr-2026 10:08:42.006 INFO [main] org.apache.catalina.startup.HostConfig.deployDirectory Deployment of web application directory [D:\tools\apache-tomcat-9.0.108\webapps\host-manager] has finished in [39] ms
08-Apr-2026 10:08:42.007 INFO [main] org.apache.catalina.startup.HostConfig.deployDirectory Deploying web application directory [D:\tools\apache-tomcat-9.0.108\webapps\manager]
08-Apr-2026 10:08:42.045 INFO [main] org.apache.catalina.startup.HostConfig.deployDirectory Deployment of web application directory [D:\tools\apache-tomcat-9.0.108\webapps\manager] has finished in [39] ms
08-Apr-2026 10:08:42.045 INFO [main] org.apache.catalina.startup.HostConfig.deployDirectory Deploying web application directory [D:\tools\apache-tomcat-9.0.108\webapps\ROOT]
08-Apr-2026 10:08:42.068 INFO [main] org.apache.catalina.startup.HostConfig.deployDirectory Deployment of web application directory [D:\tools\apache-tomcat-9.0.108\webapps\ROOT] has finished in [23] ms
08-Apr-2026 10:08:42.073 INFO [main] org.apache.coyote.AbstractProtocol.start Starting ProtocolHandler ["http-nio-8080"]
08-Apr-2026 10:08:42.101 INFO [main] org.apache.catalina.startup.Catalina.start Server startup in [4698] milliseconds
08-Apr-2026 10:09:13.727 WARNING [http-nio-8080-exec-1] org.apache.catalina.loader.WebappClassLoaderBase.clearReferencesJdbc The web application [production-management-system] registered the JDBC driver [com.microsoft.sqlserver.jdbc.SQLServerDriver] but failed to unregister it when the web application was stopped. To prevent a memory leak, the JDBC Driver has been forcibly unregistered.
08-Apr-2026 10:09:13.730 SEVERE [http-nio-8080-exec-1] org.apache.catalina.loader.WebappClassLoaderBase.checkThreadLocalMapForLeaks The web application [production-management-system] created a ThreadLocal with key of type [com.microsoft.sqlserver.jdbc.ActivityCorrelator$1] (value [com.microsoft.sqlserver.jdbc.ActivityCorrelator$1@cd75310]) and a value of type [com.microsoft.sqlserver.jdbc.ActivityId] (value [c6d2e6e2-0cfd-4cd0-9d09-1f2b380c7a50-8]) but failed to remove it when the web application was stopped. Threads are going to be renewed over time to try and avoid a probable memory leak.
08-Apr-2026 10:09:14.244 INFO [http-nio-8080-exec-1] org.apache.catalina.startup.HostConfig.undeploy Undeploying context [/production-management-system]
08-Apr-2026 10:09:14.342 INFO [http-nio-8080-exec-7] org.apache.catalina.startup.HostConfig.deployDescriptor Deploying deployment descriptor [D:\tools\apache-tomcat-9.0.108\conf\Catalina\localhost\production-management-system.xml]
08-Apr-2026 10:09:14.346 WARNING [http-nio-8080-exec-7] org.apache.catalina.startup.HostConfig.deployDescriptor The path attribute with value [/production-management-system] in deployment descriptor [D:\tools\apache-tomcat-9.0.108\conf\Catalina\localhost\production-management-system.xml] has been ignored
08-Apr-2026 10:09:15.399 INFO [http-nio-8080-exec-7] org.apache.jasper.servlet.TldScanner.scanJars At least one JAR was scanned for TLDs yet contained no TLDs. Enable debug logging for this logger for a complete list of JARs that were scanned but no TLDs were found in them. Skipping unneeded JARs during scanning can improve startup time and JSP compilation time.
08-Apr-2026 10:09:16.161 INFO [http-nio-8080-exec-7] org.apache.catalina.startup.HostConfig.deployDescriptor Deployment of deployment descriptor [D:\tools\apache-tomcat-9.0.108\conf\Catalina\localhost\production-management-system.xml] has finished in [1,818] ms
08-Apr-2026 10:09:16.165 INFO [http-nio-8080-exec-6] org.apache.catalina.util.LifecycleBase.start The start() method was called on component [StandardEngine[Catalina].StandardHost[localhost].StandardContext[/production-management-system]] after start() had already been called. The second call will be ignored.
08-Apr-2026 10:56:37.339 INFO [Catalina-utility-2] org.apache.catalina.startup.HostConfig.undeploy Undeploying context [/production-management-system]
08-Apr-2026 10:56:37.365 WARNING [Catalina-utility-2] org.apache.catalina.loader.WebappClassLoaderBase.clearReferencesJdbc The web application [production-management-system] registered the JDBC driver [com.microsoft.sqlserver.jdbc.SQLServerDriver] but failed to unregister it when the web application was stopped. To prevent a memory leak, the JDBC Driver has been forcibly unregistered.
08-Apr-2026 10:56:37.367 SEVERE [Catalina-utility-2] org.apache.catalina.loader.WebappClassLoaderBase.checkThreadLocalMapForLeaks The web application [production-management-system] created a ThreadLocal with key of type [com.microsoft.sqlserver.jdbc.ActivityCorrelator$1] (value [com.microsoft.sqlserver.jdbc.ActivityCorrelator$1@3b04f943]) and a value of type [com.microsoft.sqlserver.jdbc.ActivityId] (value [3c9a2b97-2f42-4fea-85e0-0e9e37744dc9-21]) but failed to remove it when the web application was stopped. Threads are going to be renewed over time to try and avoid a probable memory leak.
08-Apr-2026 10:56:37.367 SEVERE [Catalina-utility-2] org.apache.catalina.loader.WebappClassLoaderBase.checkThreadLocalMapForLeaks The web application [production-management-system] created a ThreadLocal with key of type [com.microsoft.sqlserver.jdbc.ActivityCorrelator$1] (value [com.microsoft.sqlserver.jdbc.ActivityCorrelator$1@3b04f943]) and a value of type [com.microsoft.sqlserver.jdbc.ActivityId] (value [5ff1a996-1cde-4c5f-b0e6-2dfab06a436f-3]) but failed to remove it when the web application was stopped. Threads are going to be renewed over time to try and avoid a probable memory leak.
08-Apr-2026 10:56:37.368 SEVERE [Catalina-utility-2] org.apache.catalina.loader.WebappClassLoaderBase.checkThreadLocalMapForLeaks The web application [production-management-system] created a ThreadLocal with key of type [com.microsoft.sqlserver.jdbc.ActivityCorrelator$1] (value [com.microsoft.sqlserver.jdbc.ActivityCorrelator$1@3b04f943]) and a value of type [com.microsoft.sqlserver.jdbc.ActivityId] (value [e3107be1-24dd-48db-bff6-be973ef736a5-6]) but failed to remove it when the web application was stopped. Threads are going to be renewed over time to try and avoid a probable memory leak.
08-Apr-2026 10:56:37.368 SEVERE [Catalina-utility-2] org.apache.catalina.loader.WebappClassLoaderBase.checkThreadLocalMapForLeaks The web application [production-management-system] created a ThreadLocal with key of type [com.microsoft.sqlserver.jdbc.ActivityCorrelator$1] (value [com.microsoft.sqlserver.jdbc.ActivityCorrelator$1@3b04f943]) and a value of type [com.microsoft.sqlserver.jdbc.ActivityId] (value [b5b30635-1b7b-48e3-b11d-87e4d6bdba13-3]) but failed to remove it when the web application was stopped. Threads are going to be renewed over time to try and avoid a probable memory leak.
08-Apr-2026 10:56:37.396 INFO [Catalina-utility-2] org.apache.catalina.startup.HostConfig.deployDescriptor Deploying deployment descriptor [D:\tools\apache-tomcat-9.0.108\conf\Catalina\localhost\production-management-system.xml]
08-Apr-2026 10:56:37.399 WARNING [Catalina-utility-2] org.apache.catalina.startup.HostConfig.deployDescriptor The path attribute with value [/production-management-system] in deployment descriptor [D:\tools\apache-tomcat-9.0.108\conf\Catalina\localhost\production-management-system.xml] has been ignored
08-Apr-2026 10:56:37.409 SEVERE [Catalina-utility-2] org.apache.catalina.startup.HostConfig.deployDescriptor Error deploying deployment descriptor [D:\tools\apache-tomcat-9.0.108\conf\Catalina\localhost\production-management-system.xml]
	java.lang.IllegalStateException: Error starting child
		at org.apache.catalina.core.ContainerBase.addChildInternal(ContainerBase.java:602)
		at org.apache.catalina.core.ContainerBase.addChild(ContainerBase.java:571)
		at org.apache.catalina.core.StandardHost.addChild(StandardHost.java:603)
		at org.apache.catalina.startup.HostConfig.deployDescriptor(HostConfig.java:680)
		at org.apache.catalina.startup.HostConfig$DeployDescriptor.run(HostConfig.java:1839)
		at java.util.concurrent.Executors$RunnableAdapter.call(Executors.java:511)
		at java.util.concurrent.FutureTask.run(FutureTask.java:266)
		at org.apache.tomcat.util.threads.InlineExecutorService.execute(InlineExecutorService.java:76)
		at java.util.concurrent.AbstractExecutorService.submit(AbstractExecutorService.java:112)
		at org.apache.catalina.startup.HostConfig.deployDescriptors(HostConfig.java:575)
		at org.apache.catalina.startup.HostConfig.deployApps(HostConfig.java:466)
		at org.apache.catalina.startup.HostConfig.check(HostConfig.java:1628)
		at org.apache.catalina.startup.HostConfig.lifecycleEvent(HostConfig.java:308)
		at org.apache.catalina.util.LifecycleBase.fireLifecycleEvent(LifecycleBase.java:109)
		at org.apache.catalina.core.ContainerBase.backgroundProcess(ContainerBase.java:973)
		at org.apache.catalina.core.ContainerBase$ContainerBackgroundProcessor.processChildren(ContainerBase.java:1172)
		at org.apache.catalina.core.ContainerBase$ContainerBackgroundProcessor.processChildren(ContainerBase.java:1176)
		at org.apache.catalina.core.ContainerBase$ContainerBackgroundProcessor.run(ContainerBase.java:1154)
		at java.util.concurrent.Executors$RunnableAdapter.call(Executors.java:511)
		at java.util.concurrent.FutureTask.runAndReset(FutureTask.java:308)
		at java.util.concurrent.ScheduledThreadPoolExecutor$ScheduledFutureTask.access$301(ScheduledThreadPoolExecutor.java:180)
		at java.util.concurrent.ScheduledThreadPoolExecutor$ScheduledFutureTask.run(ScheduledThreadPoolExecutor.java:294)
		at java.util.concurrent.ThreadPoolExecutor.runWorker(ThreadPoolExecutor.java:1149)
		at java.util.concurrent.ThreadPoolExecutor$Worker.run(ThreadPoolExecutor.java:624)
		at org.apache.tomcat.util.threads.TaskThread$WrappingRunnable.run(TaskThread.java:63)
		at java.lang.Thread.run(Thread.java:748)
	Caused by: org.apache.catalina.LifecycleException: Failed to start component [org.apache.catalina.webresources.StandardRoot@7d2db881]
		at org.apache.catalina.util.LifecycleBase.handleSubClassException(LifecycleBase.java:406)
		at org.apache.catalina.util.LifecycleBase.start(LifecycleBase.java:179)
		at org.apache.catalina.core.StandardContext.resourcesStart(StandardContext.java:4172)
		at org.apache.catalina.core.StandardContext.startInternal(StandardContext.java:4294)
		at org.apache.catalina.util.LifecycleBase.start(LifecycleBase.java:164)
		at org.apache.catalina.core.ContainerBase.addChildInternal(ContainerBase.java:599)
		... 25 more
	Caused by: java.lang.IllegalArgumentException: The main resource set specified [D:\github\wed\production-management-system\build\web] is not a directory or war file, or is not readable (it does not exist or permissions to access it are missing)
		at org.apache.catalina.webresources.StandardRoot.createMainResourceSet(StandardRoot.java:758)
		at org.apache.catalina.webresources.StandardRoot.startInternal(StandardRoot.java:715)
		at org.apache.catalina.util.LifecycleBase.start(LifecycleBase.java:164)
		... 29 more
08-Apr-2026 10:56:37.632 INFO [Catalina-utility-2] org.apache.catalina.startup.HostConfig.deployDescriptor Deployment of deployment descriptor [D:\tools\apache-tomcat-9.0.108\conf\Catalina\localhost\production-management-system.xml] has finished in [236] ms
08-Apr-2026 10:56:52.419 INFO [main] org.apache.catalina.core.StandardServer.await A valid shutdown command was received via the shutdown port. Stopping the Server instance.
08-Apr-2026 10:56:52.420 INFO [main] org.apache.coyote.AbstractProtocol.pause Pausing ProtocolHandler ["http-nio-8080"]
08-Apr-2026 10:56:52.924 INFO [main] org.apache.catalina.core.StandardService.stopInternal Stopping service [Catalina]
08-Apr-2026 10:56:52.936 INFO [main] org.apache.coyote.AbstractProtocol.stop Stopping ProtocolHandler ["http-nio-8080"]
08-Apr-2026 10:56:52.941 INFO [main] org.apache.coyote.AbstractProtocol.destroy Destroying ProtocolHandler ["http-nio-8080"]
08-Apr-2026 13:01:00.430 INFO [main] org.apache.catalina.startup.VersionLoggerListener.log Server version name:   Apache Tomcat/9.0.108
08-Apr-2026 13:01:00.433 INFO [main] org.apache.catalina.startup.VersionLoggerListener.log Server built:          Jul 31 2025 18:19:48 UTC
08-Apr-2026 13:01:00.433 INFO [main] org.apache.catalina.startup.VersionLoggerListener.log Server version number: 9.0.108.0
08-Apr-2026 13:01:00.433 INFO [main] org.apache.catalina.startup.VersionLoggerListener.log OS Name:               Windows 10
08-Apr-2026 13:01:00.433 INFO [main] org.apache.catalina.startup.VersionLoggerListener.log OS Version:            10.0
08-Apr-2026 13:01:00.433 INFO [main] org.apache.catalina.startup.VersionLoggerListener.log Architecture:          amd64
08-Apr-2026 13:01:00.433 INFO [main] org.apache.catalina.startup.VersionLoggerListener.log Java Home:             C:\Program Files\Java\jdk1.8.0_172\jre
08-Apr-2026 13:01:00.434 INFO [main] org.apache.catalina.startup.VersionLoggerListener.log JVM Version:           1.8.0_172-b11
08-Apr-2026 13:01:00.434 INFO [main] org.apache.catalina.startup.VersionLoggerListener.log JVM Vendor:            Oracle Corporation
08-Apr-2026 13:01:00.434 INFO [main] org.apache.catalina.startup.VersionLoggerListener.log CATALINA_BASE:         D:\tools\apache-tomcat-9.0.108
08-Apr-2026 13:01:00.434 INFO [main] org.apache.catalina.startup.VersionLoggerListener.log CATALINA_HOME:         D:\tools\apache-tomcat-9.0.108
08-Apr-2026 13:01:00.436 INFO [main] org.apache.catalina.startup.VersionLoggerListener.log Command line argument: -Djava.util.logging.config.file=D:\tools\apache-tomcat-9.0.108\conf\logging.properties
08-Apr-2026 13:01:00.436 INFO [main] org.apache.catalina.startup.VersionLoggerListener.log Command line argument: -Djava.util.logging.manager=org.apache.juli.ClassLoaderLogManager
08-Apr-2026 13:01:00.436 INFO [main] org.apache.catalina.startup.VersionLoggerListener.log Command line argument: -Dhttp.nonProxyHosts=localhost|127.0.0.1|DESKTOP-UFCNPBB
08-Apr-2026 13:01:00.436 INFO [main] org.apache.catalina.startup.VersionLoggerListener.log Command line argument: -Djdk.tls.ephemeralDHKeySize=2048
08-Apr-2026 13:01:00.437 INFO [main] org.apache.catalina.startup.VersionLoggerListener.log Command line argument: -Djava.protocol.handler.pkgs=org.apache.catalina.webresources
08-Apr-2026 13:01:00.437 INFO [main] org.apache.catalina.startup.VersionLoggerListener.log Command line argument: -Dsun.io.useCanonCaches=false
08-Apr-2026 13:01:00.437 INFO [main] org.apache.catalina.startup.VersionLoggerListener.log Command line argument: -Dignore.endorsed.dirs=
08-Apr-2026 13:01:00.437 INFO [main] org.apache.catalina.startup.VersionLoggerListener.log Command line argument: -Dcatalina.base=D:\tools\apache-tomcat-9.0.108
08-Apr-2026 13:01:00.437 INFO [main] org.apache.catalina.startup.VersionLoggerListener.log Command line argument: -Dcatalina.home=D:\tools\apache-tomcat-9.0.108
08-Apr-2026 13:01:00.437 INFO [main] org.apache.catalina.startup.VersionLoggerListener.log Command line argument: -Djava.io.tmpdir=D:\tools\apache-tomcat-9.0.108\temp
08-Apr-2026 13:01:00.662 INFO [main] org.apache.catalina.core.AprLifecycleListener.lifecycleEvent Loaded Apache Tomcat Native library [1.3.1] using APR version [1.7.4].
08-Apr-2026 13:01:00.663 INFO [main] org.apache.catalina.core.AprLifecycleListener.lifecycleEvent APR capabilities: IPv6 [true], sendfile [true], accept filters [false], random [true], UDS [true].
08-Apr-2026 13:01:00.663 INFO [main] org.apache.catalina.core.AprLifecycleListener.lifecycleEvent APR/OpenSSL configuration: useAprConnector [false], useOpenSSL [true]
08-Apr-2026 13:01:00.671 INFO [main] org.apache.catalina.core.AprLifecycleListener.initializeSSL OpenSSL successfully initialized [OpenSSL 3.0.14 4 Jun 2024]
08-Apr-2026 13:01:01.085 INFO [main] org.apache.coyote.AbstractProtocol.init Initializing ProtocolHandler ["http-nio-8080"]
08-Apr-2026 13:01:01.117 INFO [main] org.apache.catalina.startup.Catalina.load Server initialization in [927] milliseconds
08-Apr-2026 13:01:01.159 INFO [main] org.apache.catalina.core.StandardService.startInternal Starting service [Catalina]
08-Apr-2026 13:01:01.159 INFO [main] org.apache.catalina.core.StandardEngine.startInternal Starting Servlet engine: [Apache Tomcat/9.0.108]
08-Apr-2026 13:01:01.174 INFO [main] org.apache.catalina.startup.HostConfig.deployDescriptor Deploying deployment descriptor [D:\tools\apache-tomcat-9.0.108\conf\Catalina\localhost\production-management-system.xml]
08-Apr-2026 13:01:01.200 WARNING [main] org.apache.catalina.startup.HostConfig.deployDescriptor The path attribute with value [/production-management-system] in deployment descriptor [D:\tools\apache-tomcat-9.0.108\conf\Catalina\localhost\production-management-system.xml] has been ignored
08-Apr-2026 13:01:01.244 SEVERE [main] org.apache.catalina.startup.HostConfig.deployDescriptor Error deploying deployment descriptor [D:\tools\apache-tomcat-9.0.108\conf\Catalina\localhost\production-management-system.xml]
	java.lang.IllegalStateException: Error starting child
		at org.apache.catalina.core.ContainerBase.addChildInternal(ContainerBase.java:602)
		at org.apache.catalina.core.ContainerBase.addChild(ContainerBase.java:571)
		at org.apache.catalina.core.StandardHost.addChild(StandardHost.java:603)
		at org.apache.catalina.startup.HostConfig.deployDescriptor(HostConfig.java:680)
		at org.apache.catalina.startup.HostConfig$DeployDescriptor.run(HostConfig.java:1839)
		at java.util.concurrent.Executors$RunnableAdapter.call(Executors.java:511)
		at java.util.concurrent.FutureTask.run(FutureTask.java:266)
		at org.apache.tomcat.util.threads.InlineExecutorService.execute(InlineExecutorService.java:76)
		at java.util.concurrent.AbstractExecutorService.submit(AbstractExecutorService.java:112)
		at org.apache.catalina.startup.HostConfig.deployDescriptors(HostConfig.java:575)
		at org.apache.catalina.startup.HostConfig.deployApps(HostConfig.java:466)
		at org.apache.catalina.startup.HostConfig.start(HostConfig.java:1579)
		at org.apache.catalina.startup.HostConfig.lifecycleEvent(HostConfig.java:312)
		at org.apache.catalina.util.LifecycleBase.fireLifecycleEvent(LifecycleBase.java:109)
		at org.apache.catalina.util.LifecycleBase.setStateInternal(LifecycleBase.java:389)
		at org.apache.catalina.util.LifecycleBase.setState(LifecycleBase.java:336)
		at org.apache.catalina.core.ContainerBase.startInternal(ContainerBase.java:776)
		at org.apache.catalina.core.StandardHost.startInternal(StandardHost.java:721)
		at org.apache.catalina.util.LifecycleBase.start(LifecycleBase.java:164)
		at org.apache.catalina.core.ContainerBase$StartChild.call(ContainerBase.java:1203)
		at org.apache.catalina.core.ContainerBase$StartChild.call(ContainerBase.java:1193)
		at java.util.concurrent.FutureTask.run(FutureTask.java:266)
		at org.apache.tomcat.util.threads.InlineExecutorService.execute(InlineExecutorService.java:76)
		at java.util.concurrent.AbstractExecutorService.submit(AbstractExecutorService.java:134)
		at org.apache.catalina.core.ContainerBase.startInternal(ContainerBase.java:749)
		at org.apache.catalina.core.StandardEngine.startInternal(StandardEngine.java:211)
		at org.apache.catalina.util.LifecycleBase.start(LifecycleBase.java:164)
		at org.apache.catalina.core.StandardService.startInternal(StandardService.java:412)
		at org.apache.catalina.util.LifecycleBase.start(LifecycleBase.java:164)
		at org.apache.catalina.core.StandardServer.startInternal(StandardServer.java:874)
		at org.apache.catalina.util.LifecycleBase.start(LifecycleBase.java:164)
		at org.apache.catalina.startup.Catalina.start(Catalina.java:739)
		at sun.reflect.NativeMethodAccessorImpl.invoke0(Native Method)
		at sun.reflect.NativeMethodAccessorImpl.invoke(NativeMethodAccessorImpl.java:62)
		at sun.reflect.DelegatingMethodAccessorImpl.invoke(DelegatingMethodAccessorImpl.java:43)
		at java.lang.reflect.Method.invoke(Method.java:498)
		at org.apache.catalina.startup.Bootstrap.start(Bootstrap.java:345)
		at org.apache.catalina.startup.Bootstrap.main(Bootstrap.java:476)
	Caused by: org.apache.catalina.LifecycleException: Failed to start component [org.apache.catalina.webresources.StandardRoot@42607a4f]
		at org.apache.catalina.util.LifecycleBase.handleSubClassException(LifecycleBase.java:406)
		at org.apache.catalina.util.LifecycleBase.start(LifecycleBase.java:179)
		at org.apache.catalina.core.StandardContext.resourcesStart(StandardContext.java:4172)
		at org.apache.catalina.core.StandardContext.startInternal(StandardContext.java:4294)
		at org.apache.catalina.util.LifecycleBase.start(LifecycleBase.java:164)
		at org.apache.catalina.core.ContainerBase.addChildInternal(ContainerBase.java:599)
		... 37 more
	Caused by: java.lang.IllegalArgumentException: The main resource set specified [D:\github\wed\production-management-system\build\web] is not a directory or war file, or is not readable (it does not exist or permissions to access it are missing)
		at org.apache.catalina.webresources.StandardRoot.createMainResourceSet(StandardRoot.java:758)
		at org.apache.catalina.webresources.StandardRoot.startInternal(StandardRoot.java:715)
		at org.apache.catalina.util.LifecycleBase.start(LifecycleBase.java:164)
		... 41 more
08-Apr-2026 13:01:01.271 INFO [main] org.apache.catalina.startup.HostConfig.deployDescriptor Deployment of deployment descriptor [D:\tools\apache-tomcat-9.0.108\conf\Catalina\localhost\production-management-system.xml] has finished in [96] ms
08-Apr-2026 13:01:01.272 INFO [main] org.apache.catalina.startup.HostConfig.deployDirectory Deploying web application directory [D:\tools\apache-tomcat-9.0.108\webapps\docs]
08-Apr-2026 13:01:02.312 WARNING [main] org.apache.catalina.util.SessionIdGeneratorBase.createSecureRandom Creation of SecureRandom instance for session ID generation using [SHA1PRNG] took [681] milliseconds.
08-Apr-2026 13:01:02.337 INFO [main] org.apache.catalina.startup.HostConfig.deployDirectory Deployment of web application directory [D:\tools\apache-tomcat-9.0.108\webapps\docs] has finished in [1,065] ms
08-Apr-2026 13:01:02.337 INFO [main] org.apache.catalina.startup.HostConfig.deployDirectory Deploying web application directory [D:\tools\apache-tomcat-9.0.108\webapps\examples]
08-Apr-2026 13:01:03.212 INFO [main] org.apache.catalina.startup.HostConfig.deployDirectory Deployment of web application directory [D:\tools\apache-tomcat-9.0.108\webapps\examples] has finished in [875] ms
08-Apr-2026 13:01:03.212 INFO [main] org.apache.catalina.startup.HostConfig.deployDirectory Deploying web application directory [D:\tools\apache-tomcat-9.0.108\webapps\host-manager]
08-Apr-2026 13:01:03.263 INFO [main] org.apache.catalina.startup.HostConfig.deployDirectory Deployment of web application directory [D:\tools\apache-tomcat-9.0.108\webapps\host-manager] has finished in [51] ms
08-Apr-2026 13:01:03.264 INFO [main] org.apache.catalina.startup.HostConfig.deployDirectory Deploying web application directory [D:\tools\apache-tomcat-9.0.108\webapps\manager]
08-Apr-2026 13:01:03.311 INFO [main] org.apache.catalina.startup.HostConfig.deployDirectory Deployment of web application directory [D:\tools\apache-tomcat-9.0.108\webapps\manager] has finished in [47] ms
08-Apr-2026 13:01:03.313 INFO [main] org.apache.catalina.startup.HostConfig.deployDirectory Deploying web application directory [D:\tools\apache-tomcat-9.0.108\webapps\ROOT]
08-Apr-2026 13:01:03.345 INFO [main] org.apache.catalina.startup.HostConfig.deployDirectory Deployment of web application directory [D:\tools\apache-tomcat-9.0.108\webapps\ROOT] has finished in [32] ms
08-Apr-2026 13:01:03.351 INFO [main] org.apache.coyote.AbstractProtocol.start Starting ProtocolHandler ["http-nio-8080"]
08-Apr-2026 13:01:03.376 INFO [main] org.apache.catalina.startup.Catalina.start Server startup in [2259] milliseconds
08-Apr-2026 13:01:50.912 INFO [http-nio-8080-exec-10] org.apache.catalina.startup.HostConfig.undeploy Undeploying context [/production-management-system]
08-Apr-2026 13:01:50.930 INFO [http-nio-8080-exec-3] org.apache.catalina.startup.HostConfig.deployDescriptor Deploying deployment descriptor [D:\tools\apache-tomcat-9.0.108\conf\Catalina\localhost\production-management-system.xml]
08-Apr-2026 13:01:50.932 WARNING [http-nio-8080-exec-3] org.apache.catalina.startup.HostConfig.deployDescriptor The path attribute with value [/production-management-system] in deployment descriptor [D:\tools\apache-tomcat-9.0.108\conf\Catalina\localhost\production-management-system.xml] has been ignored
08-Apr-2026 13:01:51.293 INFO [http-nio-8080-exec-3] org.apache.jasper.servlet.TldScanner.scanJars At least one JAR was scanned for TLDs yet contained no TLDs. Enable debug logging for this logger for a complete list of JARs that were scanned but no TLDs were found in them. Skipping unneeded JARs during scanning can improve startup time and JSP compilation time.
08-Apr-2026 13:01:52.710 INFO [http-nio-8080-exec-3] org.apache.catalina.startup.HostConfig.deployDescriptor Deployment of deployment descriptor [D:\tools\apache-tomcat-9.0.108\conf\Catalina\localhost\production-management-system.xml] has finished in [1,780] ms
08-Apr-2026 13:01:52.714 INFO [http-nio-8080-exec-4] org.apache.catalina.util.LifecycleBase.start The start() method was called on component [StandardEngine[Catalina].StandardHost[localhost].StandardContext[/production-management-system]] after start() had already been called. The second call will be ignored.
08-Apr-2026 13:08:20.757 WARNING [http-nio-8080-exec-13] org.apache.catalina.loader.WebappClassLoaderBase.clearReferencesJdbc The web application [production-management-system] registered the JDBC driver [com.microsoft.sqlserver.jdbc.SQLServerDriver] but failed to unregister it when the web application was stopped. To prevent a memory leak, the JDBC Driver has been forcibly unregistered.
08-Apr-2026 13:08:20.759 SEVERE [http-nio-8080-exec-13] org.apache.catalina.loader.WebappClassLoaderBase.checkThreadLocalMapForLeaks The web application [production-management-system] created a ThreadLocal with key of type [com.microsoft.sqlserver.jdbc.ActivityCorrelator$1] (value [com.microsoft.sqlserver.jdbc.ActivityCorrelator$1@76b414ce]) and a value of type [com.microsoft.sqlserver.jdbc.ActivityId] (value [542c7d7e-7f15-4c46-bec1-19a5467b1a06-6]) but failed to remove it when the web application was stopped. Threads are going to be renewed over time to try and avoid a probable memory leak.
08-Apr-2026 13:08:20.760 SEVERE [http-nio-8080-exec-13] org.apache.catalina.loader.WebappClassLoaderBase.checkThreadLocalMapForLeaks The web application [production-management-system] created a ThreadLocal with key of type [com.microsoft.sqlserver.jdbc.ActivityCorrelator$1] (value [com.microsoft.sqlserver.jdbc.ActivityCorrelator$1@76b414ce]) and a value of type [com.microsoft.sqlserver.jdbc.ActivityId] (value [0f394d82-64d0-471b-bbf1-cdf1f16aecdc-13]) but failed to remove it when the web application was stopped. Threads are going to be renewed over time to try and avoid a probable memory leak.
08-Apr-2026 13:08:20.760 SEVERE [http-nio-8080-exec-13] org.apache.catalina.loader.WebappClassLoaderBase.checkThreadLocalMapForLeaks The web application [production-management-system] created a ThreadLocal with key of type [com.microsoft.sqlserver.jdbc.ActivityCorrelator$1] (value [com.microsoft.sqlserver.jdbc.ActivityCorrelator$1@76b414ce]) and a value of type [com.microsoft.sqlserver.jdbc.ActivityId] (value [2a98734b-edaf-4a1f-b739-5c0c0973cc11-8]) but failed to remove it when the web application was stopped. Threads are going to be renewed over time to try and avoid a probable memory leak.
08-Apr-2026 13:08:20.761 SEVERE [http-nio-8080-exec-13] org.apache.catalina.loader.WebappClassLoaderBase.checkThreadLocalMapForLeaks The web application [production-management-system] created a ThreadLocal with key of type [com.microsoft.sqlserver.jdbc.ActivityCorrelator$1] (value [com.microsoft.sqlserver.jdbc.ActivityCorrelator$1@76b414ce]) and a value of type [com.microsoft.sqlserver.jdbc.ActivityId] (value [09295589-1b1b-4ccc-baac-f78f50009d8e-10]) but failed to remove it when the web application was stopped. Threads are going to be renewed over time to try and avoid a probable memory leak.
08-Apr-2026 13:08:20.761 SEVERE [http-nio-8080-exec-13] org.apache.catalina.loader.WebappClassLoaderBase.checkThreadLocalMapForLeaks The web application [production-management-system] created a ThreadLocal with key of type [com.microsoft.sqlserver.jdbc.ActivityCorrelator$1] (value [com.microsoft.sqlserver.jdbc.ActivityCorrelator$1@76b414ce]) and a value of type [com.microsoft.sqlserver.jdbc.ActivityId] (value [e85f01c5-9e3e-412e-9cc1-98e9047cad35-26]) but failed to remove it when the web application was stopped. Threads are going to be renewed over time to try and avoid a probable memory leak.
08-Apr-2026 13:08:20.761 SEVERE [http-nio-8080-exec-13] org.apache.catalina.loader.WebappClassLoaderBase.checkThreadLocalMapForLeaks The web application [production-management-system] created a ThreadLocal with key of type [com.microsoft.sqlserver.jdbc.ActivityCorrelator$1] (value [com.microsoft.sqlserver.jdbc.ActivityCorrelator$1@76b414ce]) and a value of type [com.microsoft.sqlserver.jdbc.ActivityId] (value [cc493efb-c630-4507-a6d1-1d4c53cb676d-7]) but failed to remove it when the web application was stopped. Threads are going to be renewed over time to try and avoid a probable memory leak.
08-Apr-2026 13:08:20.762 SEVERE [http-nio-8080-exec-13] org.apache.catalina.loader.WebappClassLoaderBase.checkThreadLocalMapForLeaks The web application [production-management-system] created a ThreadLocal with key of type [com.microsoft.sqlserver.jdbc.ActivityCorrelator$1] (value [com.microsoft.sqlserver.jdbc.ActivityCorrelator$1@76b414ce]) and a value of type [com.microsoft.sqlserver.jdbc.ActivityId] (value [9fced96d-7b65-4bbb-8328-076a5d813dd8-8]) but failed to remove it when the web application was stopped. Threads are going to be renewed over time to try and avoid a probable memory leak.
08-Apr-2026 13:08:20.992 SEVERE [http-nio-8080-exec-13] org.apache.catalina.loader.WebappClassLoaderBase.checkThreadLocalMapForLeaks The web application [production-management-system] created a ThreadLocal with key of type [com.microsoft.sqlserver.jdbc.ActivityCorrelator$1] (value [com.microsoft.sqlserver.jdbc.ActivityCorrelator$1@76b414ce]) and a value of type [com.microsoft.sqlserver.jdbc.ActivityId] (value [f7415011-70e8-458c-9fe2-7ac10fd1cbd0-12]) but failed to remove it when the web application was stopped. Threads are going to be renewed over time to try and avoid a probable memory leak.
08-Apr-2026 13:08:20.992 SEVERE [http-nio-8080-exec-13] org.apache.catalina.loader.WebappClassLoaderBase.checkThreadLocalMapForLeaks The web application [production-management-system] created a ThreadLocal with key of type [com.microsoft.sqlserver.jdbc.ActivityCorrelator$1] (value [com.microsoft.sqlserver.jdbc.ActivityCorrelator$1@76b414ce]) and a value of type [com.microsoft.sqlserver.jdbc.ActivityId] (value [2c6e6cf8-36b2-4fc7-80a3-c58cb6cc4829-7]) but failed to remove it when the web application was stopped. Threads are going to be renewed over time to try and avoid a probable memory leak.
08-Apr-2026 13:08:20.992 SEVERE [http-nio-8080-exec-13] org.apache.catalina.loader.WebappClassLoaderBase.checkThreadLocalMapForLeaks The web application [production-management-system] created a ThreadLocal with key of type [com.microsoft.sqlserver.jdbc.ActivityCorrelator$1] (value [com.microsoft.sqlserver.jdbc.ActivityCorrelator$1@76b414ce]) and a value of type [com.microsoft.sqlserver.jdbc.ActivityId] (value [7222778e-d27b-4d50-aaa7-754f6b52fd14-5]) but failed to remove it when the web application was stopped. Threads are going to be renewed over time to try and avoid a probable memory leak.
08-Apr-2026 13:08:21.500 INFO [http-nio-8080-exec-13] org.apache.catalina.startup.HostConfig.undeploy Undeploying context [/production-management-system]
08-Apr-2026 13:08:21.518 INFO [http-nio-8080-exec-17] org.apache.catalina.startup.HostConfig.deployDescriptor Deploying deployment descriptor [D:\tools\apache-tomcat-9.0.108\conf\Catalina\localhost\production-management-system.xml]
08-Apr-2026 13:08:21.520 WARNING [http-nio-8080-exec-17] org.apache.catalina.startup.HostConfig.deployDescriptor The path attribute with value [/production-management-system] in deployment descriptor [D:\tools\apache-tomcat-9.0.108\conf\Catalina\localhost\production-management-system.xml] has been ignored
08-Apr-2026 13:08:22.072 INFO [http-nio-8080-exec-17] org.apache.jasper.servlet.TldScanner.scanJars At least one JAR was scanned for TLDs yet contained no TLDs. Enable debug logging for this logger for a complete list of JARs that were scanned but no TLDs were found in them. Skipping unneeded JARs during scanning can improve startup time and JSP compilation time.
08-Apr-2026 13:08:22.884 INFO [http-nio-8080-exec-17] org.apache.catalina.startup.HostConfig.deployDescriptor Deployment of deployment descriptor [D:\tools\apache-tomcat-9.0.108\conf\Catalina\localhost\production-management-system.xml] has finished in [1,366] ms
08-Apr-2026 13:08:22.890 INFO [http-nio-8080-exec-18] org.apache.catalina.util.LifecycleBase.start The start() method was called on component [StandardEngine[Catalina].StandardHost[localhost].StandardContext[/production-management-system]] after start() had already been called. The second call will be ignored.
08-Apr-2026 14:02:27.451 INFO [main] org.apache.catalina.startup.VersionLoggerListener.log Server version name:   Apache Tomcat/9.0.108
08-Apr-2026 14:02:27.454 INFO [main] org.apache.catalina.startup.VersionLoggerListener.log Server built:          Jul 31 2025 18:19:48 UTC
08-Apr-2026 14:02:27.454 INFO [main] org.apache.catalina.startup.VersionLoggerListener.log Server version number: 9.0.108.0
08-Apr-2026 14:02:27.454 INFO [main] org.apache.catalina.startup.VersionLoggerListener.log OS Name:               Windows 10
08-Apr-2026 14:02:27.454 INFO [main] org.apache.catalina.startup.VersionLoggerListener.log OS Version:            10.0
08-Apr-2026 14:02:27.454 INFO [main] org.apache.catalina.startup.VersionLoggerListener.log Architecture:          amd64
08-Apr-2026 14:02:27.454 INFO [main] org.apache.catalina.startup.VersionLoggerListener.log Java Home:             C:\Program Files\Java\jdk1.8.0_172\jre
08-Apr-2026 14:02:27.455 INFO [main] org.apache.catalina.startup.VersionLoggerListener.log JVM Version:           1.8.0_172-b11
08-Apr-2026 14:02:27.455 INFO [main] org.apache.catalina.startup.VersionLoggerListener.log JVM Vendor:            Oracle Corporation
08-Apr-2026 14:02:27.455 INFO [main] org.apache.catalina.startup.VersionLoggerListener.log CATALINA_BASE:         D:\tools\apache-tomcat-9.0.108
08-Apr-2026 14:02:27.455 INFO [main] org.apache.catalina.startup.VersionLoggerListener.log CATALINA_HOME:         D:\tools\apache-tomcat-9.0.108
08-Apr-2026 14:02:27.456 INFO [main] org.apache.catalina.startup.VersionLoggerListener.log Command line argument: -Djava.util.logging.config.file=D:\tools\apache-tomcat-9.0.108\conf\logging.properties
08-Apr-2026 14:02:27.456 INFO [main] org.apache.catalina.startup.VersionLoggerListener.log Command line argument: -Djava.util.logging.manager=org.apache.juli.ClassLoaderLogManager
08-Apr-2026 14:02:27.456 INFO [main] org.apache.catalina.startup.VersionLoggerListener.log Command line argument: -Dhttp.nonProxyHosts=localhost|127.0.0.1|DESKTOP-UFCNPBB
08-Apr-2026 14:02:27.456 INFO [main] org.apache.catalina.startup.VersionLoggerListener.log Command line argument: -Djdk.tls.ephemeralDHKeySize=2048
08-Apr-2026 14:02:27.456 INFO [main] org.apache.catalina.startup.VersionLoggerListener.log Command line argument: -Djava.protocol.handler.pkgs=org.apache.catalina.webresources
08-Apr-2026 14:02:27.456 INFO [main] org.apache.catalina.startup.VersionLoggerListener.log Command line argument: -Dsun.io.useCanonCaches=false
08-Apr-2026 14:02:27.456 INFO [main] org.apache.catalina.startup.VersionLoggerListener.log Command line argument: -Dignore.endorsed.dirs=
08-Apr-2026 14:02:27.456 INFO [main] org.apache.catalina.startup.VersionLoggerListener.log Command line argument: -Dcatalina.base=D:\tools\apache-tomcat-9.0.108
08-Apr-2026 14:02:27.456 INFO [main] org.apache.catalina.startup.VersionLoggerListener.log Command line argument: -Dcatalina.home=D:\tools\apache-tomcat-9.0.108
08-Apr-2026 14:02:27.456 INFO [main] org.apache.catalina.startup.VersionLoggerListener.log Command line argument: -Djava.io.tmpdir=D:\tools\apache-tomcat-9.0.108\temp
08-Apr-2026 14:02:27.588 INFO [main] org.apache.catalina.core.AprLifecycleListener.lifecycleEvent Loaded Apache Tomcat Native library [1.3.1] using APR version [1.7.4].
08-Apr-2026 14:02:27.588 INFO [main] org.apache.catalina.core.AprLifecycleListener.lifecycleEvent APR capabilities: IPv6 [true], sendfile [true], accept filters [false], random [true], UDS [true].
08-Apr-2026 14:02:27.588 INFO [main] org.apache.catalina.core.AprLifecycleListener.lifecycleEvent APR/OpenSSL configuration: useAprConnector [false], useOpenSSL [true]
08-Apr-2026 14:02:27.613 INFO [main] org.apache.catalina.core.AprLifecycleListener.initializeSSL OpenSSL successfully initialized [OpenSSL 3.0.14 4 Jun 2024]
08-Apr-2026 14:02:27.889 INFO [main] org.apache.coyote.AbstractProtocol.init Initializing ProtocolHandler ["http-nio-8080"]
08-Apr-2026 14:02:27.909 INFO [main] org.apache.catalina.startup.Catalina.load Server initialization in [625] milliseconds
08-Apr-2026 14:02:27.935 INFO [main] org.apache.catalina.core.StandardService.startInternal Starting service [Catalina]
08-Apr-2026 14:02:27.935 INFO [main] org.apache.catalina.core.StandardEngine.startInternal Starting Servlet engine: [Apache Tomcat/9.0.108]
08-Apr-2026 14:02:27.942 INFO [main] org.apache.catalina.startup.HostConfig.deployDescriptor Deploying deployment descriptor [D:\tools\apache-tomcat-9.0.108\conf\Catalina\localhost\production-management-system.xml]
08-Apr-2026 14:02:27.955 WARNING [main] org.apache.catalina.startup.HostConfig.deployDescriptor The path attribute with value [/production-management-system] in deployment descriptor [D:\tools\apache-tomcat-9.0.108\conf\Catalina\localhost\production-management-system.xml] has been ignored
08-Apr-2026 14:02:28.688 INFO [main] org.apache.jasper.servlet.TldScanner.scanJars At least one JAR was scanned for TLDs yet contained no TLDs. Enable debug logging for this logger for a complete list of JARs that were scanned but no TLDs were found in them. Skipping unneeded JARs during scanning can improve startup time and JSP compilation time.
08-Apr-2026 14:02:29.901 INFO [main] org.apache.catalina.startup.HostConfig.deployDescriptor Deployment of deployment descriptor [D:\tools\apache-tomcat-9.0.108\conf\Catalina\localhost\production-management-system.xml] has finished in [1,958] ms
08-Apr-2026 14:02:29.901 INFO [main] org.apache.catalina.startup.HostConfig.deployDirectory Deploying web application directory [D:\tools\apache-tomcat-9.0.108\webapps\docs]
08-Apr-2026 14:02:29.926 INFO [main] org.apache.catalina.startup.HostConfig.deployDirectory Deployment of web application directory [D:\tools\apache-tomcat-9.0.108\webapps\docs] has finished in [25] ms
08-Apr-2026 14:02:29.926 INFO [main] org.apache.catalina.startup.HostConfig.deployDirectory Deploying web application directory [D:\tools\apache-tomcat-9.0.108\webapps\examples]
08-Apr-2026 14:02:30.407 INFO [main] org.apache.catalina.startup.HostConfig.deployDirectory Deployment of web application directory [D:\tools\apache-tomcat-9.0.108\webapps\examples] has finished in [481] ms
08-Apr-2026 14:02:30.408 INFO [main] org.apache.catalina.startup.HostConfig.deployDirectory Deploying web application directory [D:\tools\apache-tomcat-9.0.108\webapps\host-manager]
08-Apr-2026 14:02:30.427 INFO [main] org.apache.catalina.startup.HostConfig.deployDirectory Deployment of web application directory [D:\tools\apache-tomcat-9.0.108\webapps\host-manager] has finished in [19] ms
08-Apr-2026 14:02:30.427 INFO [main] org.apache.catalina.startup.HostConfig.deployDirectory Deploying web application directory [D:\tools\apache-tomcat-9.0.108\webapps\manager]
08-Apr-2026 14:02:30.445 INFO [main] org.apache.catalina.startup.HostConfig.deployDirectory Deployment of web application directory [D:\tools\apache-tomcat-9.0.108\webapps\manager] has finished in [18] ms
08-Apr-2026 14:02:30.445 INFO [main] org.apache.catalina.startup.HostConfig.deployDirectory Deploying web application directory [D:\tools\apache-tomcat-9.0.108\webapps\ROOT]
08-Apr-2026 14:02:30.457 INFO [main] org.apache.catalina.startup.HostConfig.deployDirectory Deployment of web application directory [D:\tools\apache-tomcat-9.0.108\webapps\ROOT] has finished in [12] ms
08-Apr-2026 14:02:30.460 INFO [main] org.apache.coyote.AbstractProtocol.start Starting ProtocolHandler ["http-nio-8080"]
08-Apr-2026 14:02:30.477 INFO [main] org.apache.catalina.startup.Catalina.start Server startup in [2567] milliseconds
08-Apr-2026 14:03:00.803 WARNING [http-nio-8080-exec-10] org.apache.catalina.loader.WebappClassLoaderBase.clearReferencesJdbc The web application [production-management-system] registered the JDBC driver [com.microsoft.sqlserver.jdbc.SQLServerDriver] but failed to unregister it when the web application was stopped. To prevent a memory leak, the JDBC Driver has been forcibly unregistered.
08-Apr-2026 14:03:00.804 SEVERE [http-nio-8080-exec-10] org.apache.catalina.loader.WebappClassLoaderBase.checkThreadLocalMapForLeaks The web application [production-management-system] created a ThreadLocal with key of type [com.microsoft.sqlserver.jdbc.ActivityCorrelator$1] (value [com.microsoft.sqlserver.jdbc.ActivityCorrelator$1@3e9bed9d]) and a value of type [com.microsoft.sqlserver.jdbc.ActivityId] (value [ce899c35-3199-4f0c-a562-1e9dba0d279e-8]) but failed to remove it when the web application was stopped. Threads are going to be renewed over time to try and avoid a probable memory leak.
08-Apr-2026 14:03:01.325 INFO [http-nio-8080-exec-10] org.apache.catalina.startup.HostConfig.undeploy Undeploying context [/production-management-system]
08-Apr-2026 14:03:01.378 INFO [http-nio-8080-exec-5] org.apache.catalina.startup.HostConfig.deployDescriptor Deploying deployment descriptor [D:\tools\apache-tomcat-9.0.108\conf\Catalina\localhost\production-management-system.xml]
08-Apr-2026 14:03:01.380 WARNING [http-nio-8080-exec-5] org.apache.catalina.startup.HostConfig.deployDescriptor The path attribute with value [/production-management-system] in deployment descriptor [D:\tools\apache-tomcat-9.0.108\conf\Catalina\localhost\production-management-system.xml] has been ignored
08-Apr-2026 14:03:01.645 INFO [http-nio-8080-exec-5] org.apache.jasper.servlet.TldScanner.scanJars At least one JAR was scanned for TLDs yet contained no TLDs. Enable debug logging for this logger for a complete list of JARs that were scanned but no TLDs were found in them. Skipping unneeded JARs during scanning can improve startup time and JSP compilation time.
08-Apr-2026 14:03:01.904 INFO [http-nio-8080-exec-5] org.apache.catalina.startup.HostConfig.deployDescriptor Deployment of deployment descriptor [D:\tools\apache-tomcat-9.0.108\conf\Catalina\localhost\production-management-system.xml] has finished in [525] ms
08-Apr-2026 14:03:01.907 INFO [http-nio-8080-exec-3] org.apache.catalina.util.LifecycleBase.start The start() method was called on component [StandardEngine[Catalina].StandardHost[localhost].StandardContext[/production-management-system]] after start() had already been called. The second call will be ignored.
08-Apr-2026 14:05:54.321 WARNING [http-nio-8080-exec-20] org.apache.catalina.loader.WebappClassLoaderBase.clearReferencesJdbc The web application [production-management-system] registered the JDBC driver [com.microsoft.sqlserver.jdbc.SQLServerDriver] but failed to unregister it when the web application was stopped. To prevent a memory leak, the JDBC Driver has been forcibly unregistered.
08-Apr-2026 14:05:54.321 SEVERE [http-nio-8080-exec-20] org.apache.catalina.loader.WebappClassLoaderBase.checkThreadLocalMapForLeaks The web application [production-management-system] created a ThreadLocal with key of type [com.microsoft.sqlserver.jdbc.ActivityCorrelator$1] (value [com.microsoft.sqlserver.jdbc.ActivityCorrelator$1@4a19ac89]) and a value of type [com.microsoft.sqlserver.jdbc.ActivityId] (value [138331dd-ad1a-424a-945d-8849a22be067-24]) but failed to remove it when the web application was stopped. Threads are going to be renewed over time to try and avoid a probable memory leak.
08-Apr-2026 14:05:54.321 SEVERE [http-nio-8080-exec-20] org.apache.catalina.loader.WebappClassLoaderBase.checkThreadLocalMapForLeaks The web application [production-management-system] created a ThreadLocal with key of type [com.microsoft.sqlserver.jdbc.ActivityCorrelator$1] (value [com.microsoft.sqlserver.jdbc.ActivityCorrelator$1@4a19ac89]) and a value of type [com.microsoft.sqlserver.jdbc.ActivityId] (value [89ee4dce-f2c7-4fad-805e-2b0e160bcf3a-1]) but failed to remove it when the web application was stopped. Threads are going to be renewed over time to try and avoid a probable memory leak.
08-Apr-2026 14:05:54.321 SEVERE [http-nio-8080-exec-20] org.apache.catalina.loader.WebappClassLoaderBase.checkThreadLocalMapForLeaks The web application [production-management-system] created a ThreadLocal with key of type [com.microsoft.sqlserver.jdbc.ActivityCorrelator$1] (value [com.microsoft.sqlserver.jdbc.ActivityCorrelator$1@4a19ac89]) and a value of type [com.microsoft.sqlserver.jdbc.ActivityId] (value [69e36768-233c-458e-89ab-f5527141e1d7-3]) but failed to remove it when the web application was stopped. Threads are going to be renewed over time to try and avoid a probable memory leak.
08-Apr-2026 14:05:54.321 SEVERE [http-nio-8080-exec-20] org.apache.catalina.loader.WebappClassLoaderBase.checkThreadLocalMapForLeaks The web application [production-management-system] created a ThreadLocal with key of type [com.microsoft.sqlserver.jdbc.ActivityCorrelator$1] (value [com.microsoft.sqlserver.jdbc.ActivityCorrelator$1@4a19ac89]) and a value of type [com.microsoft.sqlserver.jdbc.ActivityId] (value [3b85a9c7-76ab-47c1-aade-ea51046b6cb3-3]) but failed to remove it when the web application was stopped. Threads are going to be renewed over time to try and avoid a probable memory leak.
08-Apr-2026 14:05:54.825 INFO [http-nio-8080-exec-20] org.apache.catalina.startup.HostConfig.undeploy Undeploying context [/production-management-system]
08-Apr-2026 14:05:54.843 INFO [http-nio-8080-exec-11] org.apache.catalina.startup.HostConfig.deployDescriptor Deploying deployment descriptor [D:\tools\apache-tomcat-9.0.108\conf\Catalina\localhost\production-management-system.xml]
08-Apr-2026 14:05:54.844 WARNING [http-nio-8080-exec-11] org.apache.catalina.startup.HostConfig.deployDescriptor The path attribute with value [/production-management-system] in deployment descriptor [D:\tools\apache-tomcat-9.0.108\conf\Catalina\localhost\production-management-system.xml] has been ignored
08-Apr-2026 14:05:55.147 INFO [http-nio-8080-exec-11] org.apache.jasper.servlet.TldScanner.scanJars At least one JAR was scanned for TLDs yet contained no TLDs. Enable debug logging for this logger for a complete list of JARs that were scanned but no TLDs were found in them. Skipping unneeded JARs during scanning can improve startup time and JSP compilation time.
08-Apr-2026 14:05:55.539 INFO [http-nio-8080-exec-11] org.apache.catalina.startup.HostConfig.deployDescriptor Deployment of deployment descriptor [D:\tools\apache-tomcat-9.0.108\conf\Catalina\localhost\production-management-system.xml] has finished in [696] ms
08-Apr-2026 14:05:55.543 INFO [http-nio-8080-exec-17] org.apache.catalina.util.LifecycleBase.start The start() method was called on component [StandardEngine[Catalina].StandardHost[localhost].StandardContext[/production-management-system]] after start() had already been called. The second call will be ignored.
08-Apr-2026 14:23:40.259 INFO [http-nio-8080-exec-26] org.apache.catalina.core.StandardContext.reload Reloading Context with name [/production-management-system] has started
08-Apr-2026 14:23:40.267 WARNING [http-nio-8080-exec-26] org.apache.catalina.loader.WebappClassLoaderBase.clearReferencesJdbc The web application [production-management-system] registered the JDBC driver [com.microsoft.sqlserver.jdbc.SQLServerDriver] but failed to unregister it when the web application was stopped. To prevent a memory leak, the JDBC Driver has been forcibly unregistered.
08-Apr-2026 14:23:40.268 SEVERE [http-nio-8080-exec-26] org.apache.catalina.loader.WebappClassLoaderBase.checkThreadLocalMapForLeaks The web application [production-management-system] created a ThreadLocal with key of type [com.microsoft.sqlserver.jdbc.ActivityCorrelator$1] (value [com.microsoft.sqlserver.jdbc.ActivityCorrelator$1@3fef12f3]) and a value of type [com.microsoft.sqlserver.jdbc.ActivityId] (value [268dd071-60aa-469b-9483-5a8fc1891a54-40]) but failed to remove it when the web application was stopped. Threads are going to be renewed over time to try and avoid a probable memory leak.
08-Apr-2026 14:23:40.268 SEVERE [http-nio-8080-exec-26] org.apache.catalina.loader.WebappClassLoaderBase.checkThreadLocalMapForLeaks The web application [production-management-system] created a ThreadLocal with key of type [com.microsoft.sqlserver.jdbc.ActivityCorrelator$1] (value [com.microsoft.sqlserver.jdbc.ActivityCorrelator$1@3fef12f3]) and a value of type [com.microsoft.sqlserver.jdbc.ActivityId] (value [7d803bb4-5429-412a-ae88-51d0f32b4ed5-20]) but failed to remove it when the web application was stopped. Threads are going to be renewed over time to try and avoid a probable memory leak.
08-Apr-2026 14:23:40.268 SEVERE [http-nio-8080-exec-26] org.apache.catalina.loader.WebappClassLoaderBase.checkThreadLocalMapForLeaks The web application [production-management-system] created a ThreadLocal with key of type [com.microsoft.sqlserver.jdbc.ActivityCorrelator$1] (value [com.microsoft.sqlserver.jdbc.ActivityCorrelator$1@3fef12f3]) and a value of type [com.microsoft.sqlserver.jdbc.ActivityId] (value [28005aa1-4505-4575-9c41-094497fad6c4-15]) but failed to remove it when the web application was stopped. Threads are going to be renewed over time to try and avoid a probable memory leak.
08-Apr-2026 14:23:40.268 SEVERE [http-nio-8080-exec-26] org.apache.catalina.loader.WebappClassLoaderBase.checkThreadLocalMapForLeaks The web application [production-management-system] created a ThreadLocal with key of type [com.microsoft.sqlserver.jdbc.ActivityCorrelator$1] (value [com.microsoft.sqlserver.jdbc.ActivityCorrelator$1@3fef12f3]) and a value of type [com.microsoft.sqlserver.jdbc.ActivityId] (value [374f245d-68fa-42ba-9275-f97d200d13e8-15]) but failed to remove it when the web application was stopped. Threads are going to be renewed over time to try and avoid a probable memory leak.
08-Apr-2026 14:23:40.269 SEVERE [http-nio-8080-exec-26] org.apache.catalina.loader.WebappClassLoaderBase.checkThreadLocalMapForLeaks The web application [production-management-system] created a ThreadLocal with key of type [com.microsoft.sqlserver.jdbc.ActivityCorrelator$1] (value [com.microsoft.sqlserver.jdbc.ActivityCorrelator$1@3fef12f3]) and a value of type [com.microsoft.sqlserver.jdbc.ActivityId] (value [cfa17940-f307-4034-85b9-6b1b143a3f17-20]) but failed to remove it when the web application was stopped. Threads are going to be renewed over time to try and avoid a probable memory leak.
08-Apr-2026 14:23:40.269 SEVERE [http-nio-8080-exec-26] org.apache.catalina.loader.WebappClassLoaderBase.checkThreadLocalMapForLeaks The web application [production-management-system] created a ThreadLocal with key of type [com.microsoft.sqlserver.jdbc.ActivityCorrelator$1] (value [com.microsoft.sqlserver.jdbc.ActivityCorrelator$1@3fef12f3]) and a value of type [com.microsoft.sqlserver.jdbc.ActivityId] (value [fa8dc43e-4877-4d1c-85e0-5564d2e791a7-17]) but failed to remove it when the web application was stopped. Threads are going to be renewed over time to try and avoid a probable memory leak.
08-Apr-2026 14:23:40.304 SEVERE [http-nio-8080-exec-26] org.apache.catalina.loader.WebappClassLoaderBase.checkThreadLocalMapForLeaks The web application [production-management-system] created a ThreadLocal with key of type [com.microsoft.sqlserver.jdbc.ActivityCorrelator$1] (value [com.microsoft.sqlserver.jdbc.ActivityCorrelator$1@3fef12f3]) and a value of type [com.microsoft.sqlserver.jdbc.ActivityId] (value [d6da8592-344f-4828-9538-b3b1d69d8c48-57]) but failed to remove it when the web application was stopped. Threads are going to be renewed over time to try and avoid a probable memory leak.
08-Apr-2026 14:23:40.304 SEVERE [http-nio-8080-exec-26] org.apache.catalina.loader.WebappClassLoaderBase.checkThreadLocalMapForLeaks The web application [production-management-system] created a ThreadLocal with key of type [com.microsoft.sqlserver.jdbc.ActivityCorrelator$1] (value [com.microsoft.sqlserver.jdbc.ActivityCorrelator$1@3fef12f3]) and a value of type [com.microsoft.sqlserver.jdbc.ActivityId] (value [ebc6d6a6-e98f-4e10-8b92-260560f966ce-21]) but failed to remove it when the web application was stopped. Threads are going to be renewed over time to try and avoid a probable memory leak.
08-Apr-2026 14:23:40.304 SEVERE [http-nio-8080-exec-26] org.apache.catalina.loader.WebappClassLoaderBase.checkThreadLocalMapForLeaks The web application [production-management-system] created a ThreadLocal with key of type [com.microsoft.sqlserver.jdbc.ActivityCorrelator$1] (value [com.microsoft.sqlserver.jdbc.ActivityCorrelator$1@3fef12f3]) and a value of type [com.microsoft.sqlserver.jdbc.ActivityId] (value [e3f447c5-24f2-4bda-a432-105462cad6ec-27]) but failed to remove it when the web application was stopped. Threads are going to be renewed over time to try and avoid a probable memory leak.
08-Apr-2026 14:23:40.304 SEVERE [http-nio-8080-exec-26] org.apache.catalina.loader.WebappClassLoaderBase.checkThreadLocalMapForLeaks The web application [production-management-system] created a ThreadLocal with key of type [com.microsoft.sqlserver.jdbc.ActivityCorrelator$1] (value [com.microsoft.sqlserver.jdbc.ActivityCorrelator$1@3fef12f3]) and a value of type [com.microsoft.sqlserver.jdbc.ActivityId] (value [e5015e82-110e-474a-9387-29da8a3924a5-7]) but failed to remove it when the web application was stopped. Threads are going to be renewed over time to try and avoid a probable memory leak.
08-Apr-2026 14:23:40.638 INFO [http-nio-8080-exec-26] org.apache.jasper.servlet.TldScanner.scanJars At least one JAR was scanned for TLDs yet contained no TLDs. Enable debug logging for this logger for a complete list of JARs that were scanned but no TLDs were found in them. Skipping unneeded JARs during scanning can improve startup time and JSP compilation time.
08-Apr-2026 14:23:41.035 INFO [http-nio-8080-exec-26] org.apache.catalina.core.StandardContext.reload Reloading Context with name [/production-management-system] is completed
08-Apr-2026 14:23:47.340 WARNING [http-nio-8080-exec-22] org.apache.catalina.loader.WebappClassLoaderBase.clearReferencesJdbc The web application [production-management-system] registered the JDBC driver [com.microsoft.sqlserver.jdbc.SQLServerDriver] but failed to unregister it when the web application was stopped. To prevent a memory leak, the JDBC Driver has been forcibly unregistered.
08-Apr-2026 14:23:47.851 INFO [http-nio-8080-exec-22] org.apache.catalina.startup.HostConfig.undeploy Undeploying context [/production-management-system]
08-Apr-2026 14:23:47.865 INFO [http-nio-8080-exec-30] org.apache.catalina.startup.HostConfig.deployDescriptor Deploying deployment descriptor [D:\tools\apache-tomcat-9.0.108\conf\Catalina\localhost\production-management-system.xml]
08-Apr-2026 14:23:47.866 WARNING [http-nio-8080-exec-30] org.apache.catalina.startup.HostConfig.deployDescriptor The path attribute with value [/production-management-system] in deployment descriptor [D:\tools\apache-tomcat-9.0.108\conf\Catalina\localhost\production-management-system.xml] has been ignored
08-Apr-2026 14:23:48.136 INFO [http-nio-8080-exec-30] org.apache.jasper.servlet.TldScanner.scanJars At least one JAR was scanned for TLDs yet contained no TLDs. Enable debug logging for this logger for a complete list of JARs that were scanned but no TLDs were found in them. Skipping unneeded JARs during scanning can improve startup time and JSP compilation time.
08-Apr-2026 14:23:48.555 INFO [http-nio-8080-exec-30] org.apache.catalina.startup.HostConfig.deployDescriptor Deployment of deployment descriptor [D:\tools\apache-tomcat-9.0.108\conf\Catalina\localhost\production-management-system.xml] has finished in [690] ms
08-Apr-2026 14:23:48.557 INFO [http-nio-8080-exec-31] org.apache.catalina.util.LifecycleBase.start The start() method was called on component [StandardEngine[Catalina].StandardHost[localhost].StandardContext[/production-management-system]] after start() had already been called. The second call will be ignored.
08-Apr-2026 14:26:47.447 WARNING [http-nio-8080-exec-38] org.apache.catalina.loader.WebappClassLoaderBase.clearReferencesJdbc The web application [production-management-system] registered the JDBC driver [com.microsoft.sqlserver.jdbc.SQLServerDriver] but failed to unregister it when the web application was stopped. To prevent a memory leak, the JDBC Driver has been forcibly unregistered.
08-Apr-2026 14:26:47.448 SEVERE [http-nio-8080-exec-38] org.apache.catalina.loader.WebappClassLoaderBase.checkThreadLocalMapForLeaks The web application [production-management-system] created a ThreadLocal with key of type [com.microsoft.sqlserver.jdbc.ActivityCorrelator$1] (value [com.microsoft.sqlserver.jdbc.ActivityCorrelator$1@45623193]) and a value of type [com.microsoft.sqlserver.jdbc.ActivityId] (value [a43ef17b-1bee-4b41-b42e-d1383817613c-21]) but failed to remove it when the web application was stopped. Threads are going to be renewed over time to try and avoid a probable memory leak.
08-Apr-2026 14:26:47.448 SEVERE [http-nio-8080-exec-38] org.apache.catalina.loader.WebappClassLoaderBase.checkThreadLocalMapForLeaks The web application [production-management-system] created a ThreadLocal with key of type [com.microsoft.sqlserver.jdbc.ActivityCorrelator$1] (value [com.microsoft.sqlserver.jdbc.ActivityCorrelator$1@45623193]) and a value of type [com.microsoft.sqlserver.jdbc.ActivityId] (value [424986b0-2563-457a-b59d-951e39979788-3]) but failed to remove it when the web application was stopped. Threads are going to be renewed over time to try and avoid a probable memory leak.
08-Apr-2026 14:26:47.956 INFO [http-nio-8080-exec-38] org.apache.catalina.startup.HostConfig.undeploy Undeploying context [/production-management-system]
08-Apr-2026 14:26:47.967 INFO [http-nio-8080-exec-39] org.apache.catalina.startup.HostConfig.deployDescriptor Deploying deployment descriptor [D:\tools\apache-tomcat-9.0.108\conf\Catalina\localhost\production-management-system.xml]
08-Apr-2026 14:26:47.968 WARNING [http-nio-8080-exec-39] org.apache.catalina.startup.HostConfig.deployDescriptor The path attribute with value [/production-management-system] in deployment descriptor [D:\tools\apache-tomcat-9.0.108\conf\Catalina\localhost\production-management-system.xml] has been ignored
08-Apr-2026 14:26:48.236 INFO [http-nio-8080-exec-39] org.apache.jasper.servlet.TldScanner.scanJars At least one JAR was scanned for TLDs yet contained no TLDs. Enable debug logging for this logger for a complete list of JARs that were scanned but no TLDs were found in them. Skipping unneeded JARs during scanning can improve startup time and JSP compilation time.
08-Apr-2026 14:26:48.561 INFO [http-nio-8080-exec-39] org.apache.catalina.startup.HostConfig.deployDescriptor Deployment of deployment descriptor [D:\tools\apache-tomcat-9.0.108\conf\Catalina\localhost\production-management-system.xml] has finished in [594] ms
08-Apr-2026 14:26:48.564 INFO [http-nio-8080-exec-34] org.apache.catalina.util.LifecycleBase.start The start() method was called on component [StandardEngine[Catalina].StandardHost[localhost].StandardContext[/production-management-system]] after start() had already been called. The second call will be ignored.
08-Apr-2026 14:39:28.492 WARNING [http-nio-8080-exec-48] org.apache.catalina.loader.WebappClassLoaderBase.clearReferencesJdbc The web application [production-management-system] registered the JDBC driver [com.microsoft.sqlserver.jdbc.SQLServerDriver] but failed to unregister it when the web application was stopped. To prevent a memory leak, the JDBC Driver has been forcibly unregistered.
08-Apr-2026 14:39:28.494 SEVERE [http-nio-8080-exec-48] org.apache.catalina.loader.WebappClassLoaderBase.checkThreadLocalMapForLeaks The web application [production-management-system] created a ThreadLocal with key of type [com.microsoft.sqlserver.jdbc.ActivityCorrelator$1] (value [com.microsoft.sqlserver.jdbc.ActivityCorrelator$1@6c0f2c6c]) and a value of type [com.microsoft.sqlserver.jdbc.ActivityId] (value [281a99aa-8808-4e9c-a355-a142081ee52c-10]) but failed to remove it when the web application was stopped. Threads are going to be renewed over time to try and avoid a probable memory leak.
08-Apr-2026 14:39:28.494 SEVERE [http-nio-8080-exec-48] org.apache.catalina.loader.WebappClassLoaderBase.checkThreadLocalMapForLeaks The web application [production-management-system] created a ThreadLocal with key of type [com.microsoft.sqlserver.jdbc.ActivityCorrelator$1] (value [com.microsoft.sqlserver.jdbc.ActivityCorrelator$1@6c0f2c6c]) and a value of type [com.microsoft.sqlserver.jdbc.ActivityId] (value [c903b99e-0a17-428a-afbd-ccbd83494093-7]) but failed to remove it when the web application was stopped. Threads are going to be renewed over time to try and avoid a probable memory leak.
08-Apr-2026 14:39:28.494 SEVERE [http-nio-8080-exec-48] org.apache.catalina.loader.WebappClassLoaderBase.checkThreadLocalMapForLeaks The web application [production-management-system] created a ThreadLocal with key of type [com.microsoft.sqlserver.jdbc.ActivityCorrelator$1] (value [com.microsoft.sqlserver.jdbc.ActivityCorrelator$1@6c0f2c6c]) and a value of type [com.microsoft.sqlserver.jdbc.ActivityId] (value [7712023f-279d-4b61-85ea-fcf1e92222c4-7]) but failed to remove it when the web application was stopped. Threads are going to be renewed over time to try and avoid a probable memory leak.
08-Apr-2026 14:39:28.494 SEVERE [http-nio-8080-exec-48] org.apache.catalina.loader.WebappClassLoaderBase.checkThreadLocalMapForLeaks The web application [production-management-system] created a ThreadLocal with key of type [com.microsoft.sqlserver.jdbc.ActivityCorrelator$1] (value [com.microsoft.sqlserver.jdbc.ActivityCorrelator$1@6c0f2c6c]) and a value of type [com.microsoft.sqlserver.jdbc.ActivityId] (value [8bc79ade-d34a-4331-936a-b293d697572e-13]) but failed to remove it when the web application was stopped. Threads are going to be renewed over time to try and avoid a probable memory leak.
08-Apr-2026 14:39:28.494 SEVERE [http-nio-8080-exec-48] org.apache.catalina.loader.WebappClassLoaderBase.checkThreadLocalMapForLeaks The web application [production-management-system] created a ThreadLocal with key of type [com.microsoft.sqlserver.jdbc.ActivityCorrelator$1] (value [com.microsoft.sqlserver.jdbc.ActivityCorrelator$1@6c0f2c6c]) and a value of type [com.microsoft.sqlserver.jdbc.ActivityId] (value [7d31ce99-bebf-4e17-a594-c00d2432684e-12]) but failed to remove it when the web application was stopped. Threads are going to be renewed over time to try and avoid a probable memory leak.
08-Apr-2026 14:39:28.494 SEVERE [http-nio-8080-exec-48] org.apache.catalina.loader.WebappClassLoaderBase.checkThreadLocalMapForLeaks The web application [production-management-system] created a ThreadLocal with key of type [com.microsoft.sqlserver.jdbc.ActivityCorrelator$1] (value [com.microsoft.sqlserver.jdbc.ActivityCorrelator$1@6c0f2c6c]) and a value of type [com.microsoft.sqlserver.jdbc.ActivityId] (value [572e6e7a-8727-4a02-a7de-edc66ad603d1-6]) but failed to remove it when the web application was stopped. Threads are going to be renewed over time to try and avoid a probable memory leak.
08-Apr-2026 14:39:28.494 SEVERE [http-nio-8080-exec-48] org.apache.catalina.loader.WebappClassLoaderBase.checkThreadLocalMapForLeaks The web application [production-management-system] created a ThreadLocal with key of type [com.microsoft.sqlserver.jdbc.ActivityCorrelator$1] (value [com.microsoft.sqlserver.jdbc.ActivityCorrelator$1@6c0f2c6c]) and a value of type [com.microsoft.sqlserver.jdbc.ActivityId] (value [e824a424-b905-4fc0-941e-6f9a1b39568b-4]) but failed to remove it when the web application was stopped. Threads are going to be renewed over time to try and avoid a probable memory leak.
08-Apr-2026 14:39:28.506 SEVERE [http-nio-8080-exec-48] org.apache.catalina.loader.WebappClassLoaderBase.checkThreadLocalMapForLeaks The web application [production-management-system] created a ThreadLocal with key of type [com.microsoft.sqlserver.jdbc.ActivityCorrelator$1] (value [com.microsoft.sqlserver.jdbc.ActivityCorrelator$1@6c0f2c6c]) and a value of type [com.microsoft.sqlserver.jdbc.ActivityId] (value [516568e5-9db5-4832-a120-6e2f4fbb9cd6-12]) but failed to remove it when the web application was stopped. Threads are going to be renewed over time to try and avoid a probable memory leak.
08-Apr-2026 14:39:28.506 SEVERE [http-nio-8080-exec-48] org.apache.catalina.loader.WebappClassLoaderBase.checkThreadLocalMapForLeaks The web application [production-management-system] created a ThreadLocal with key of type [com.microsoft.sqlserver.jdbc.ActivityCorrelator$1] (value [com.microsoft.sqlserver.jdbc.ActivityCorrelator$1@6c0f2c6c]) and a value of type [com.microsoft.sqlserver.jdbc.ActivityId] (value [94ba7219-d1c6-41d5-8c14-16d9739b7165-5]) but failed to remove it when the web application was stopped. Threads are going to be renewed over time to try and avoid a probable memory leak.
08-Apr-2026 14:39:28.506 SEVERE [http-nio-8080-exec-48] org.apache.catalina.loader.WebappClassLoaderBase.checkThreadLocalMapForLeaks The web application [production-management-system] created a ThreadLocal with key of type [com.microsoft.sqlserver.jdbc.ActivityCorrelator$1] (value [com.microsoft.sqlserver.jdbc.ActivityCorrelator$1@6c0f2c6c]) and a value of type [com.microsoft.sqlserver.jdbc.ActivityId] (value [7a40b9d2-29fc-443a-80e1-3fab706bfa46-5]) but failed to remove it when the web application was stopped. Threads are going to be renewed over time to try and avoid a probable memory leak.
08-Apr-2026 14:39:28.957 INFO [http-nio-8080-exec-45] org.apache.jasper.servlet.TldScanner.scanJars At least one JAR was scanned for TLDs yet contained no TLDs. Enable debug logging for this logger for a complete list of JARs that were scanned but no TLDs were found in them. Skipping unneeded JARs during scanning can improve startup time and JSP compilation time.
08-Apr-2026 14:39:29.778 INFO [http-nio-8080-exec-41] org.apache.catalina.core.StandardContext.reload Reloading Context with name [/production-management-system] has started
08-Apr-2026 14:39:29.782 WARNING [http-nio-8080-exec-41] org.apache.catalina.loader.WebappClassLoaderBase.clearReferencesJdbc The web application [production-management-system] registered the JDBC driver [com.microsoft.sqlserver.jdbc.SQLServerDriver] but failed to unregister it when the web application was stopped. To prevent a memory leak, the JDBC Driver has been forcibly unregistered.
08-Apr-2026 14:39:29.782 SEVERE [http-nio-8080-exec-41] org.apache.catalina.loader.WebappClassLoaderBase.checkThreadLocalMapForLeaks The web application [production-management-system] created a ThreadLocal with key of type [com.microsoft.sqlserver.jdbc.ActivityCorrelator$1] (value [com.microsoft.sqlserver.jdbc.ActivityCorrelator$1@897c7c]) and a value of type [com.microsoft.sqlserver.jdbc.ActivityId] (value [90180585-1e27-4dc9-af21-cb9b29175de8-8]) but failed to remove it when the web application was stopped. Threads are going to be renewed over time to try and avoid a probable memory leak.
08-Apr-2026 14:39:30.065 INFO [http-nio-8080-exec-41] org.apache.jasper.servlet.TldScanner.scanJars At least one JAR was scanned for TLDs yet contained no TLDs. Enable debug logging for this logger for a complete list of JARs that were scanned but no TLDs were found in them. Skipping unneeded JARs during scanning can improve startup time and JSP compilation time.
08-Apr-2026 14:39:30.450 INFO [http-nio-8080-exec-41] org.apache.catalina.core.StandardContext.reload Reloading Context with name [/production-management-system] is completed
08-Apr-2026 14:39:30.797 INFO [http-nio-8080-exec-49] org.apache.catalina.core.StandardContext.reload Reloading Context with name [/production-management-system] has started
08-Apr-2026 14:39:30.800 WARNING [http-nio-8080-exec-49] org.apache.catalina.loader.WebappClassLoaderBase.clearReferencesJdbc The web application [production-management-system] registered the JDBC driver [com.microsoft.sqlserver.jdbc.SQLServerDriver] but failed to unregister it when the web application was stopped. To prevent a memory leak, the JDBC Driver has been forcibly unregistered.
08-Apr-2026 14:39:30.800 SEVERE [http-nio-8080-exec-49] org.apache.catalina.loader.WebappClassLoaderBase.checkThreadLocalMapForLeaks The web application [production-management-system] created a ThreadLocal with key of type [com.microsoft.sqlserver.jdbc.ActivityCorrelator$1] (value [com.microsoft.sqlserver.jdbc.ActivityCorrelator$1@29862b67]) and a value of type [com.microsoft.sqlserver.jdbc.ActivityId] (value [18d3ec23-7c40-42a4-894f-a1e77043f9fb-8]) but failed to remove it when the web application was stopped. Threads are going to be renewed over time to try and avoid a probable memory leak.
08-Apr-2026 14:39:31.023 INFO [http-nio-8080-exec-49] org.apache.jasper.servlet.TldScanner.scanJars At least one JAR was scanned for TLDs yet contained no TLDs. Enable debug logging for this logger for a complete list of JARs that were scanned but no TLDs were found in them. Skipping unneeded JARs during scanning can improve startup time and JSP compilation time.
08-Apr-2026 14:39:31.273 INFO [http-nio-8080-exec-49] org.apache.catalina.core.StandardContext.reload Reloading Context with name [/production-management-system] is completed
08-Apr-2026 14:39:33.343 INFO [Catalina-utility-2] org.apache.catalina.startup.HostConfig.reload Reloading context [/production-management-system]
08-Apr-2026 14:39:33.343 INFO [Catalina-utility-2] org.apache.catalina.core.StandardContext.reload Reloading Context with name [/production-management-system] has started
08-Apr-2026 14:39:33.346 WARNING [Catalina-utility-2] org.apache.catalina.loader.WebappClassLoaderBase.clearReferencesJdbc The web application [production-management-system] registered the JDBC driver [com.microsoft.sqlserver.jdbc.SQLServerDriver] but failed to unregister it when the web application was stopped. To prevent a memory leak, the JDBC Driver has been forcibly unregistered.
08-Apr-2026 14:39:33.346 SEVERE [Catalina-utility-2] org.apache.catalina.loader.WebappClassLoaderBase.checkThreadLocalMapForLeaks The web application [production-management-system] created a ThreadLocal with key of type [com.microsoft.sqlserver.jdbc.ActivityCorrelator$1] (value [com.microsoft.sqlserver.jdbc.ActivityCorrelator$1@8a14d08]) and a value of type [com.microsoft.sqlserver.jdbc.ActivityId] (value [a139ed3c-3c78-498b-a1dc-ca57561f99c7-8]) but failed to remove it when the web application was stopped. Threads are going to be renewed over time to try and avoid a probable memory leak.
08-Apr-2026 14:39:33.621 INFO [Catalina-utility-2] org.apache.jasper.servlet.TldScanner.scanJars At least one JAR was scanned for TLDs yet contained no TLDs. Enable debug logging for this logger for a complete list of JARs that were scanned but no TLDs were found in them. Skipping unneeded JARs during scanning can improve startup time and JSP compilation time.
08-Apr-2026 14:39:33.919 INFO [Catalina-utility-2] org.apache.catalina.core.StandardContext.reload Reloading Context with name [/production-management-system] is completed
08-Apr-2026 14:50:18.242 WARNING [http-nio-8080-exec-60] org.apache.catalina.loader.WebappClassLoaderBase.clearReferencesJdbc The web application [production-management-system] registered the JDBC driver [com.microsoft.sqlserver.jdbc.SQLServerDriver] but failed to unregister it when the web application was stopped. To prevent a memory leak, the JDBC Driver has been forcibly unregistered.
08-Apr-2026 14:50:18.242 SEVERE [http-nio-8080-exec-60] org.apache.catalina.loader.WebappClassLoaderBase.checkThreadLocalMapForLeaks The web application [production-management-system] created a ThreadLocal with key of type [com.microsoft.sqlserver.jdbc.ActivityCorrelator$1] (value [com.microsoft.sqlserver.jdbc.ActivityCorrelator$1@39e645fd]) and a value of type [com.microsoft.sqlserver.jdbc.ActivityId] (value [63d398c7-d0d9-45bf-bcbe-74a5c51a817e-8]) but failed to remove it when the web application was stopped. Threads are going to be renewed over time to try and avoid a probable memory leak.
08-Apr-2026 14:50:18.740 INFO [http-nio-8080-exec-58] org.apache.jasper.servlet.TldScanner.scanJars At least one JAR was scanned for TLDs yet contained no TLDs. Enable debug logging for this logger for a complete list of JARs that were scanned but no TLDs were found in them. Skipping unneeded JARs during scanning can improve startup time and JSP compilation time.
08-Apr-2026 14:50:18.754 SEVERE [http-nio-8080-exec-58] org.apache.catalina.core.StandardContext.startInternal One or more listeners failed to start. Full details will be found in the appropriate container log file
08-Apr-2026 14:50:18.768 SEVERE [http-nio-8080-exec-58] org.apache.catalina.core.StandardContext.startInternal Context [/production-management-system] startup failed due to previous errors
08-Apr-2026 14:50:19.119 INFO [http-nio-8080-exec-61] org.apache.catalina.util.LifecycleBase.stop The stop() method was called on component [StandardEngine[Catalina].StandardHost[localhost].StandardContext[/production-management-system]] after stop() had already been called. The second call will be ignored.
08-Apr-2026 14:50:19.627 INFO [http-nio-8080-exec-61] org.apache.catalina.startup.HostConfig.undeploy Undeploying context [/production-management-system]
08-Apr-2026 14:50:19.646 INFO [http-nio-8080-exec-58] org.apache.catalina.startup.HostConfig.deployDescriptor Deploying deployment descriptor [D:\tools\apache-tomcat-9.0.108\conf\Catalina\localhost\production-management-system.xml]
08-Apr-2026 14:50:19.647 WARNING [http-nio-8080-exec-58] org.apache.catalina.startup.HostConfig.deployDescriptor The path attribute with value [/production-management-system] in deployment descriptor [D:\tools\apache-tomcat-9.0.108\conf\Catalina\localhost\production-management-system.xml] has been ignored
08-Apr-2026 14:50:20.303 INFO [http-nio-8080-exec-58] org.apache.jasper.servlet.TldScanner.scanJars At least one JAR was scanned for TLDs yet contained no TLDs. Enable debug logging for this logger for a complete list of JARs that were scanned but no TLDs were found in them. Skipping unneeded JARs during scanning can improve startup time and JSP compilation time.
08-Apr-2026 14:50:20.877 INFO [http-nio-8080-exec-58] org.apache.catalina.startup.HostConfig.deployDescriptor Deployment of deployment descriptor [D:\tools\apache-tomcat-9.0.108\conf\Catalina\localhost\production-management-system.xml] has finished in [1,231] ms
08-Apr-2026 14:50:20.880 INFO [http-nio-8080-exec-55] org.apache.catalina.util.LifecycleBase.start The start() method was called on component [StandardEngine[Catalina].StandardHost[localhost].StandardContext[/production-management-system]] after start() had already been called. The second call will be ignored.
08-Apr-2026 14:50:21.202 INFO [http-nio-8080-exec-63] org.apache.catalina.core.StandardContext.reload Reloading Context with name [/production-management-system] has started
08-Apr-2026 14:50:21.206 WARNING [http-nio-8080-exec-63] org.apache.catalina.loader.WebappClassLoaderBase.clearReferencesJdbc The web application [production-management-system] registered the JDBC driver [com.microsoft.sqlserver.jdbc.SQLServerDriver] but failed to unregister it when the web application was stopped. To prevent a memory leak, the JDBC Driver has been forcibly unregistered.
08-Apr-2026 14:50:21.762 INFO [http-nio-8080-exec-63] org.apache.jasper.servlet.TldScanner.scanJars At least one JAR was scanned for TLDs yet contained no TLDs. Enable debug logging for this logger for a complete list of JARs that were scanned but no TLDs were found in them. Skipping unneeded JARs during scanning can improve startup time and JSP compilation time.
08-Apr-2026 14:50:22.300 INFO [http-nio-8080-exec-63] org.apache.catalina.core.StandardContext.reload Reloading Context with name [/production-management-system] is completed
08-Apr-2026 14:50:24.690 INFO [http-nio-8080-exec-56] org.apache.catalina.core.StandardContext.reload Reloading Context with name [/production-management-system] has started
08-Apr-2026 14:50:24.693 WARNING [http-nio-8080-exec-56] org.apache.catalina.loader.WebappClassLoaderBase.clearReferencesJdbc The web application [production-management-system] registered the JDBC driver [com.microsoft.sqlserver.jdbc.SQLServerDriver] but failed to unregister it when the web application was stopped. To prevent a memory leak, the JDBC Driver has been forcibly unregistered.
08-Apr-2026 14:50:25.178 INFO [http-nio-8080-exec-56] org.apache.jasper.servlet.TldScanner.scanJars At least one JAR was scanned for TLDs yet contained no TLDs. Enable debug logging for this logger for a complete list of JARs that were scanned but no TLDs were found in them. Skipping unneeded JARs during scanning can improve startup time and JSP compilation time.
08-Apr-2026 14:50:25.664 INFO [http-nio-8080-exec-56] org.apache.catalina.core.StandardContext.reload Reloading Context with name [/production-management-system] is completed
08-Apr-2026 14:50:26.001 INFO [http-nio-8080-exec-59] org.apache.catalina.core.StandardContext.reload Reloading Context with name [/production-management-system] has started
08-Apr-2026 14:50:26.004 WARNING [http-nio-8080-exec-59] org.apache.catalina.loader.WebappClassLoaderBase.clearReferencesJdbc The web application [production-management-system] registered the JDBC driver [com.microsoft.sqlserver.jdbc.SQLServerDriver] but failed to unregister it when the web application was stopped. To prevent a memory leak, the JDBC Driver has been forcibly unregistered.
08-Apr-2026 14:50:26.343 INFO [http-nio-8080-exec-59] org.apache.jasper.servlet.TldScanner.scanJars At least one JAR was scanned for TLDs yet contained no TLDs. Enable debug logging for this logger for a complete list of JARs that were scanned but no TLDs were found in them. Skipping unneeded JARs during scanning can improve startup time and JSP compilation time.
08-Apr-2026 14:50:26.614 INFO [http-nio-8080-exec-59] org.apache.catalina.core.StandardContext.reload Reloading Context with name [/production-management-system] is completed
08-Apr-2026 14:50:33.395 WARNING [http-nio-8080-exec-69] org.apache.catalina.loader.WebappClassLoaderBase.clearReferencesJdbc The web application [production-management-system] registered the JDBC driver [com.microsoft.sqlserver.jdbc.SQLServerDriver] but failed to unregister it when the web application was stopped. To prevent a memory leak, the JDBC Driver has been forcibly unregistered.
08-Apr-2026 14:50:33.395 SEVERE [http-nio-8080-exec-69] org.apache.catalina.loader.WebappClassLoaderBase.checkThreadLocalMapForLeaks The web application [production-management-system] created a ThreadLocal with key of type [com.microsoft.sqlserver.jdbc.ActivityCorrelator$1] (value [com.microsoft.sqlserver.jdbc.ActivityCorrelator$1@3a15a568]) and a value of type [com.microsoft.sqlserver.jdbc.ActivityId] (value [0a460e2b-bc29-4ade-b4db-6807129bb2ed-8]) but failed to remove it when the web application was stopped. Threads are going to be renewed over time to try and avoid a probable memory leak.
08-Apr-2026 14:50:33.903 INFO [http-nio-8080-exec-69] org.apache.catalina.startup.HostConfig.undeploy Undeploying context [/production-management-system]
08-Apr-2026 14:51:31.757 INFO [http-nio-8080-exec-64] org.apache.catalina.startup.HostConfig.deployDescriptor Deploying deployment descriptor [D:\tools\apache-tomcat-9.0.108\conf\Catalina\localhost\production-management-system.xml]
08-Apr-2026 14:51:31.759 WARNING [http-nio-8080-exec-64] org.apache.catalina.startup.HostConfig.deployDescriptor The path attribute with value [/production-management-system] in deployment descriptor [D:\tools\apache-tomcat-9.0.108\conf\Catalina\localhost\production-management-system.xml] has been ignored
08-Apr-2026 14:51:31.992 INFO [http-nio-8080-exec-64] org.apache.jasper.servlet.TldScanner.scanJars At least one JAR was scanned for TLDs yet contained no TLDs. Enable debug logging for this logger for a complete list of JARs that were scanned but no TLDs were found in them. Skipping unneeded JARs during scanning can improve startup time and JSP compilation time.
08-Apr-2026 14:51:32.360 INFO [http-nio-8080-exec-64] org.apache.catalina.startup.HostConfig.deployDescriptor Deployment of deployment descriptor [D:\tools\apache-tomcat-9.0.108\conf\Catalina\localhost\production-management-system.xml] has finished in [603] ms
08-Apr-2026 14:51:32.363 INFO [http-nio-8080-exec-71] org.apache.catalina.util.LifecycleBase.start The start() method was called on component [StandardEngine[Catalina].StandardHost[localhost].StandardContext[/production-management-system]] after start() had already been called. The second call will be ignored.
08-Apr-2026 15:12:47.670 INFO [main] org.apache.catalina.core.StandardServer.await A valid shutdown command was received via the shutdown port. Stopping the Server instance.
08-Apr-2026 15:12:47.670 INFO [main] org.apache.coyote.AbstractProtocol.pause Pausing ProtocolHandler ["http-nio-8080"]
08-Apr-2026 15:12:48.031 INFO [main] org.apache.catalina.core.StandardService.stopInternal Stopping service [Catalina]
08-Apr-2026 15:12:48.039 WARNING [main] org.apache.catalina.loader.WebappClassLoaderBase.clearReferencesJdbc The web application [production-management-system] registered the JDBC driver [com.microsoft.sqlserver.jdbc.SQLServerDriver] but failed to unregister it when the web application was stopped. To prevent a memory leak, the JDBC Driver has been forcibly unregistered.
08-Apr-2026 15:12:48.040 SEVERE [main] org.apache.catalina.loader.WebappClassLoaderBase.checkThreadLocalMapForLeaks The web application [production-management-system] created a ThreadLocal with key of type [com.microsoft.sqlserver.jdbc.ActivityCorrelator$1] (value [com.microsoft.sqlserver.jdbc.ActivityCorrelator$1@c0b41d6]) and a value of type [com.microsoft.sqlserver.jdbc.ActivityId] (value [656dac02-087c-4b4c-8416-3b05fbf2b515-1]) but failed to remove it when the web application was stopped. Threads are going to be renewed over time to try and avoid a probable memory leak.
08-Apr-2026 15:12:48.040 SEVERE [main] org.apache.catalina.loader.WebappClassLoaderBase.checkThreadLocalMapForLeaks The web application [production-management-system] created a ThreadLocal with key of type [com.microsoft.sqlserver.jdbc.ActivityCorrelator$1] (value [com.microsoft.sqlserver.jdbc.ActivityCorrelator$1@c0b41d6]) and a value of type [com.microsoft.sqlserver.jdbc.ActivityId] (value [33f26c1a-0d8d-4e08-a885-4960a17c6493-7]) but failed to remove it when the web application was stopped. Threads are going to be renewed over time to try and avoid a probable memory leak.
08-Apr-2026 15:12:48.040 SEVERE [main] org.apache.catalina.loader.WebappClassLoaderBase.checkThreadLocalMapForLeaks The web application [production-management-system] created a ThreadLocal with key of type [com.microsoft.sqlserver.jdbc.ActivityCorrelator$1] (value [com.microsoft.sqlserver.jdbc.ActivityCorrelator$1@c0b41d6]) and a value of type [com.microsoft.sqlserver.jdbc.ActivityId] (value [d6596811-0eb9-445a-afe0-04dc3cf75f0d-31]) but failed to remove it when the web application was stopped. Threads are going to be renewed over time to try and avoid a probable memory leak.
08-Apr-2026 15:12:48.040 SEVERE [main] org.apache.catalina.loader.WebappClassLoaderBase.checkThreadLocalMapForLeaks The web application [production-management-system] created a ThreadLocal with key of type [com.microsoft.sqlserver.jdbc.ActivityCorrelator$1] (value [com.microsoft.sqlserver.jdbc.ActivityCorrelator$1@c0b41d6]) and a value of type [com.microsoft.sqlserver.jdbc.ActivityId] (value [0568a60f-d9b5-4940-b3a2-9bfb0099568c-56]) but failed to remove it when the web application was stopped. Threads are going to be renewed over time to try and avoid a probable memory leak.
08-Apr-2026 15:12:48.040 SEVERE [main] org.apache.catalina.loader.WebappClassLoaderBase.checkThreadLocalMapForLeaks The web application [production-management-system] created a ThreadLocal with key of type [com.microsoft.sqlserver.jdbc.ActivityCorrelator$1] (value [com.microsoft.sqlserver.jdbc.ActivityCorrelator$1@c0b41d6]) and a value of type [com.microsoft.sqlserver.jdbc.ActivityId] (value [7001dcfc-e99c-4c7c-bbc0-2174157f6ef8-41]) but failed to remove it when the web application was stopped. Threads are going to be renewed over time to try and avoid a probable memory leak.
08-Apr-2026 15:12:48.040 SEVERE [main] org.apache.catalina.loader.WebappClassLoaderBase.checkThreadLocalMapForLeaks The web application [production-management-system] created a ThreadLocal with key of type [com.microsoft.sqlserver.jdbc.ActivityCorrelator$1] (value [com.microsoft.sqlserver.jdbc.ActivityCorrelator$1@c0b41d6]) and a value of type [com.microsoft.sqlserver.jdbc.ActivityId] (value [0a20980e-d8cb-4176-8ea8-4430c4675984-31]) but failed to remove it when the web application was stopped. Threads are going to be renewed over time to try and avoid a probable memory leak.
08-Apr-2026 15:12:48.040 SEVERE [main] org.apache.catalina.loader.WebappClassLoaderBase.checkThreadLocalMapForLeaks The web application [production-management-system] created a ThreadLocal with key of type [com.microsoft.sqlserver.jdbc.ActivityCorrelator$1] (value [com.microsoft.sqlserver.jdbc.ActivityCorrelator$1@c0b41d6]) and a value of type [com.microsoft.sqlserver.jdbc.ActivityId] (value [a6024b7c-9e4b-424c-8164-8e14f6fdb9f5-66]) but failed to remove it when the web application was stopped. Threads are going to be renewed over time to try and avoid a probable memory leak.
08-Apr-2026 15:12:48.096 SEVERE [main] org.apache.catalina.loader.WebappClassLoaderBase.checkThreadLocalMapForLeaks The web application [production-management-system] created a ThreadLocal with key of type [com.microsoft.sqlserver.jdbc.ActivityCorrelator$1] (value [com.microsoft.sqlserver.jdbc.ActivityCorrelator$1@c0b41d6]) and a value of type [com.microsoft.sqlserver.jdbc.ActivityId] (value [25452cda-9500-4e4a-b0a1-5443df9e0bec-49]) but failed to remove it when the web application was stopped. Threads are going to be renewed over time to try and avoid a probable memory leak.
08-Apr-2026 15:12:48.096 SEVERE [main] org.apache.catalina.loader.WebappClassLoaderBase.checkThreadLocalMapForLeaks The web application [production-management-system] created a ThreadLocal with key of type [com.microsoft.sqlserver.jdbc.ActivityCorrelator$1] (value [com.microsoft.sqlserver.jdbc.ActivityCorrelator$1@c0b41d6]) and a value of type [com.microsoft.sqlserver.jdbc.ActivityId] (value [a76ac5d4-1957-4255-a986-7f8cb02c7060-4]) but failed to remove it when the web application was stopped. Threads are going to be renewed over time to try and avoid a probable memory leak.
08-Apr-2026 15:12:48.096 SEVERE [main] org.apache.catalina.loader.WebappClassLoaderBase.checkThreadLocalMapForLeaks The web application [production-management-system] created a ThreadLocal with key of type [com.microsoft.sqlserver.jdbc.ActivityCorrelator$1] (value [com.microsoft.sqlserver.jdbc.ActivityCorrelator$1@c0b41d6]) and a value of type [com.microsoft.sqlserver.jdbc.ActivityId] (value [82600a8a-6173-47fb-9fda-c1cafb408b16-26]) but failed to remove it when the web application was stopped. Threads are going to be renewed over time to try and avoid a probable memory leak.
08-Apr-2026 15:12:48.105 INFO [main] org.apache.coyote.AbstractProtocol.stop Stopping ProtocolHandler ["http-nio-8080"]
08-Apr-2026 15:12:48.114 INFO [main] org.apache.coyote.AbstractProtocol.destroy Destroying ProtocolHandler ["http-nio-8080"]
08-Apr-2026 20:43:33.440 INFO [main] org.apache.catalina.startup.VersionLoggerListener.log Server version name:   Apache Tomcat/9.0.108
08-Apr-2026 20:43:33.446 INFO [main] org.apache.catalina.startup.VersionLoggerListener.log Server built:          Jul 31 2025 18:19:48 UTC
08-Apr-2026 20:43:33.446 INFO [main] org.apache.catalina.startup.VersionLoggerListener.log Server version number: 9.0.108.0
08-Apr-2026 20:43:33.447 INFO [main] org.apache.catalina.startup.VersionLoggerListener.log OS Name:               Windows 10
08-Apr-2026 20:43:33.447 INFO [main] org.apache.catalina.startup.VersionLoggerListener.log OS Version:            10.0
08-Apr-2026 20:43:33.447 INFO [main] org.apache.catalina.startup.VersionLoggerListener.log Architecture:          amd64
08-Apr-2026 20:43:33.447 INFO [main] org.apache.catalina.startup.VersionLoggerListener.log Java Home:             C:\Program Files\Java\jdk1.8.0_172\jre
08-Apr-2026 20:43:33.447 INFO [main] org.apache.catalina.startup.VersionLoggerListener.log JVM Version:           1.8.0_172-b11
08-Apr-2026 20:43:33.447 INFO [main] org.apache.catalina.startup.VersionLoggerListener.log JVM Vendor:            Oracle Corporation
08-Apr-2026 20:43:33.448 INFO [main] org.apache.catalina.startup.VersionLoggerListener.log CATALINA_BASE:         D:\tools\apache-tomcat-9.0.108
08-Apr-2026 20:43:33.448 INFO [main] org.apache.catalina.startup.VersionLoggerListener.log CATALINA_HOME:         D:\tools\apache-tomcat-9.0.108
08-Apr-2026 20:43:33.451 INFO [main] org.apache.catalina.startup.VersionLoggerListener.log Command line argument: -Djava.util.logging.config.file=D:\tools\apache-tomcat-9.0.108\conf\logging.properties
08-Apr-2026 20:43:33.451 INFO [main] org.apache.catalina.startup.VersionLoggerListener.log Command line argument: -Djava.util.logging.manager=org.apache.juli.ClassLoaderLogManager
08-Apr-2026 20:43:33.451 INFO [main] org.apache.catalina.startup.VersionLoggerListener.log Command line argument: -Dhttp.nonProxyHosts=localhost|127.0.0.1|DESKTOP-UFCNPBB
08-Apr-2026 20:43:33.451 INFO [main] org.apache.catalina.startup.VersionLoggerListener.log Command line argument: -Djdk.tls.ephemeralDHKeySize=2048
08-Apr-2026 20:43:33.451 INFO [main] org.apache.catalina.startup.VersionLoggerListener.log Command line argument: -Djava.protocol.handler.pkgs=org.apache.catalina.webresources
08-Apr-2026 20:43:33.451 INFO [main] org.apache.catalina.startup.VersionLoggerListener.log Command line argument: -Dsun.io.useCanonCaches=false
08-Apr-2026 20:43:33.453 INFO [main] org.apache.catalina.startup.VersionLoggerListener.log Command line argument: -Dignore.endorsed.dirs=
08-Apr-2026 20:43:33.453 INFO [main] org.apache.catalina.startup.VersionLoggerListener.log Command line argument: -Dcatalina.base=D:\tools\apache-tomcat-9.0.108
08-Apr-2026 20:43:33.453 INFO [main] org.apache.catalina.startup.VersionLoggerListener.log Command line argument: -Dcatalina.home=D:\tools\apache-tomcat-9.0.108
08-Apr-2026 20:43:33.453 INFO [main] org.apache.catalina.startup.VersionLoggerListener.log Command line argument: -Djava.io.tmpdir=D:\tools\apache-tomcat-9.0.108\temp
08-Apr-2026 20:43:33.894 INFO [main] org.apache.catalina.core.AprLifecycleListener.lifecycleEvent Loaded Apache Tomcat Native library [1.3.1] using APR version [1.7.4].
08-Apr-2026 20:43:33.895 INFO [main] org.apache.catalina.core.AprLifecycleListener.lifecycleEvent APR capabilities: IPv6 [true], sendfile [true], accept filters [false], random [true], UDS [true].
08-Apr-2026 20:43:33.895 INFO [main] org.apache.catalina.core.AprLifecycleListener.lifecycleEvent APR/OpenSSL configuration: useAprConnector [false], useOpenSSL [true]
08-Apr-2026 20:43:33.912 INFO [main] org.apache.catalina.core.AprLifecycleListener.initializeSSL OpenSSL successfully initialized [OpenSSL 3.0.14 4 Jun 2024]
08-Apr-2026 20:43:34.401 INFO [main] org.apache.coyote.AbstractProtocol.init Initializing ProtocolHandler ["http-nio-8080"]
08-Apr-2026 20:43:34.446 INFO [main] org.apache.catalina.startup.Catalina.load Server initialization in [1423] milliseconds
08-Apr-2026 20:43:34.491 INFO [main] org.apache.catalina.core.StandardService.startInternal Starting service [Catalina]
08-Apr-2026 20:43:34.492 INFO [main] org.apache.catalina.core.StandardEngine.startInternal Starting Servlet engine: [Apache Tomcat/9.0.108]
08-Apr-2026 20:43:34.503 INFO [main] org.apache.catalina.startup.HostConfig.deployDescriptor Deploying deployment descriptor [D:\tools\apache-tomcat-9.0.108\conf\Catalina\localhost\production-management-system.xml]
08-Apr-2026 20:43:34.522 WARNING [main] org.apache.catalina.startup.HostConfig.deployDescriptor The path attribute with value [/production-management-system] in deployment descriptor [D:\tools\apache-tomcat-9.0.108\conf\Catalina\localhost\production-management-system.xml] has been ignored
08-Apr-2026 20:43:35.814 INFO [main] org.apache.jasper.servlet.TldScanner.scanJars At least one JAR was scanned for TLDs yet contained no TLDs. Enable debug logging for this logger for a complete list of JARs that were scanned but no TLDs were found in them. Skipping unneeded JARs during scanning can improve startup time and JSP compilation time.
08-Apr-2026 20:43:38.203 INFO [main] org.apache.catalina.startup.HostConfig.deployDescriptor Deployment of deployment descriptor [D:\tools\apache-tomcat-9.0.108\conf\Catalina\localhost\production-management-system.xml] has finished in [3,699] ms
08-Apr-2026 20:43:38.204 INFO [main] org.apache.catalina.startup.HostConfig.deployDirectory Deploying web application directory [D:\tools\apache-tomcat-9.0.108\webapps\docs]
08-Apr-2026 20:43:38.254 INFO [main] org.apache.catalina.startup.HostConfig.deployDirectory Deployment of web application directory [D:\tools\apache-tomcat-9.0.108\webapps\docs] has finished in [50] ms
08-Apr-2026 20:43:38.256 INFO [main] org.apache.catalina.startup.HostConfig.deployDirectory Deploying web application directory [D:\tools\apache-tomcat-9.0.108\webapps\examples]
08-Apr-2026 20:43:39.524 INFO [main] org.apache.catalina.startup.HostConfig.deployDirectory Deployment of web application directory [D:\tools\apache-tomcat-9.0.108\webapps\examples] has finished in [1,270] ms
08-Apr-2026 20:43:39.525 INFO [main] org.apache.catalina.startup.HostConfig.deployDirectory Deploying web application directory [D:\tools\apache-tomcat-9.0.108\webapps\host-manager]
08-Apr-2026 20:43:39.555 INFO [main] org.apache.catalina.startup.HostConfig.deployDirectory Deployment of web application directory [D:\tools\apache-tomcat-9.0.108\webapps\host-manager] has finished in [30] ms
08-Apr-2026 20:43:39.555 INFO [main] org.apache.catalina.startup.HostConfig.deployDirectory Deploying web application directory [D:\tools\apache-tomcat-9.0.108\webapps\manager]
08-Apr-2026 20:43:39.582 INFO [main] org.apache.catalina.startup.HostConfig.deployDirectory Deployment of web application directory [D:\tools\apache-tomcat-9.0.108\webapps\manager] has finished in [27] ms
08-Apr-2026 20:43:39.583 INFO [main] org.apache.catalina.startup.HostConfig.deployDirectory Deploying web application directory [D:\tools\apache-tomcat-9.0.108\webapps\ROOT]
08-Apr-2026 20:43:39.602 INFO [main] org.apache.catalina.startup.HostConfig.deployDirectory Deployment of web application directory [D:\tools\apache-tomcat-9.0.108\webapps\ROOT] has finished in [19] ms
08-Apr-2026 20:43:39.606 INFO [main] org.apache.coyote.AbstractProtocol.start Starting ProtocolHandler ["http-nio-8080"]
08-Apr-2026 20:43:39.633 INFO [main] org.apache.catalina.startup.Catalina.start Server startup in [5186] milliseconds
08-Apr-2026 20:43:42.220 WARNING [http-nio-8080-exec-2] org.apache.catalina.loader.WebappClassLoaderBase.clearReferencesJdbc The web application [production-management-system] registered the JDBC driver [com.microsoft.sqlserver.jdbc.SQLServerDriver] but failed to unregister it when the web application was stopped. To prevent a memory leak, the JDBC Driver has been forcibly unregistered.
08-Apr-2026 20:43:42.224 SEVERE [http-nio-8080-exec-2] org.apache.catalina.loader.WebappClassLoaderBase.checkThreadLocalMapForLeaks The web application [production-management-system] created a ThreadLocal with key of type [com.microsoft.sqlserver.jdbc.ActivityCorrelator$1] (value [com.microsoft.sqlserver.jdbc.ActivityCorrelator$1@401aead4]) and a value of type [com.microsoft.sqlserver.jdbc.ActivityId] (value [115297fc-0951-446f-afa8-a5ecb4fb9554-8]) but failed to remove it when the web application was stopped. Threads are going to be renewed over time to try and avoid a probable memory leak.
08-Apr-2026 20:43:42.755 INFO [http-nio-8080-exec-2] org.apache.catalina.startup.HostConfig.undeploy Undeploying context [/production-management-system]
08-Apr-2026 20:43:42.864 INFO [http-nio-8080-exec-6] org.apache.catalina.startup.HostConfig.deployDescriptor Deploying deployment descriptor [D:\tools\apache-tomcat-9.0.108\conf\Catalina\localhost\production-management-system.xml]
08-Apr-2026 20:43:42.867 WARNING [http-nio-8080-exec-6] org.apache.catalina.startup.HostConfig.deployDescriptor The path attribute with value [/production-management-system] in deployment descriptor [D:\tools\apache-tomcat-9.0.108\conf\Catalina\localhost\production-management-system.xml] has been ignored
08-Apr-2026 20:43:43.496 INFO [http-nio-8080-exec-6] org.apache.jasper.servlet.TldScanner.scanJars At least one JAR was scanned for TLDs yet contained no TLDs. Enable debug logging for this logger for a complete list of JARs that were scanned but no TLDs were found in them. Skipping unneeded JARs during scanning can improve startup time and JSP compilation time.
08-Apr-2026 20:43:44.081 INFO [http-nio-8080-exec-6] org.apache.catalina.startup.HostConfig.deployDescriptor Deployment of deployment descriptor [D:\tools\apache-tomcat-9.0.108\conf\Catalina\localhost\production-management-system.xml] has finished in [1,217] ms
08-Apr-2026 20:43:44.085 INFO [http-nio-8080-exec-9] org.apache.catalina.util.LifecycleBase.start The start() method was called on component [StandardEngine[Catalina].StandardHost[localhost].StandardContext[/production-management-system]] after start() had already been called. The second call will be ignored.
08-Apr-2026 21:22:46.719 WARNING [http-nio-8080-exec-13] org.apache.catalina.loader.WebappClassLoaderBase.clearReferencesJdbc The web application [production-management-system] registered the JDBC driver [com.microsoft.sqlserver.jdbc.SQLServerDriver] but failed to unregister it when the web application was stopped. To prevent a memory leak, the JDBC Driver has been forcibly unregistered.
08-Apr-2026 21:22:46.719 SEVERE [http-nio-8080-exec-13] org.apache.catalina.loader.WebappClassLoaderBase.checkThreadLocalMapForLeaks The web application [production-management-system] created a ThreadLocal with key of type [com.microsoft.sqlserver.jdbc.ActivityCorrelator$1] (value [com.microsoft.sqlserver.jdbc.ActivityCorrelator$1@62dced7e]) and a value of type [com.microsoft.sqlserver.jdbc.ActivityId] (value [ef59a8a4-667b-4b5c-9fae-7e95da036d03-93]) but failed to remove it when the web application was stopped. Threads are going to be renewed over time to try and avoid a probable memory leak.
08-Apr-2026 21:22:46.719 SEVERE [http-nio-8080-exec-13] org.apache.catalina.loader.WebappClassLoaderBase.checkThreadLocalMapForLeaks The web application [production-management-system] created a ThreadLocal with key of type [com.microsoft.sqlserver.jdbc.ActivityCorrelator$1] (value [com.microsoft.sqlserver.jdbc.ActivityCorrelator$1@62dced7e]) and a value of type [com.microsoft.sqlserver.jdbc.ActivityId] (value [772cafd7-c246-432b-b435-3f9e3f197bef-22]) but failed to remove it when the web application was stopped. Threads are going to be renewed over time to try and avoid a probable memory leak.
08-Apr-2026 21:22:46.720 SEVERE [http-nio-8080-exec-13] org.apache.catalina.loader.WebappClassLoaderBase.checkThreadLocalMapForLeaks The web application [production-management-system] created a ThreadLocal with key of type [com.microsoft.sqlserver.jdbc.ActivityCorrelator$1] (value [com.microsoft.sqlserver.jdbc.ActivityCorrelator$1@62dced7e]) and a value of type [com.microsoft.sqlserver.jdbc.ActivityId] (value [d826b625-1ac4-47cf-9631-9795a7ac9a5b-1]) but failed to remove it when the web application was stopped. Threads are going to be renewed over time to try and avoid a probable memory leak.
08-Apr-2026 21:22:46.720 SEVERE [http-nio-8080-exec-13] org.apache.catalina.loader.WebappClassLoaderBase.checkThreadLocalMapForLeaks The web application [production-management-system] created a ThreadLocal with key of type [com.microsoft.sqlserver.jdbc.ActivityCorrelator$1] (value [com.microsoft.sqlserver.jdbc.ActivityCorrelator$1@62dced7e]) and a value of type [com.microsoft.sqlserver.jdbc.ActivityId] (value [eff00e51-db5d-4eee-8b37-a3cd6c224102-19]) but failed to remove it when the web application was stopped. Threads are going to be renewed over time to try and avoid a probable memory leak.
08-Apr-2026 21:22:46.720 SEVERE [http-nio-8080-exec-13] org.apache.catalina.loader.WebappClassLoaderBase.checkThreadLocalMapForLeaks The web application [production-management-system] created a ThreadLocal with key of type [com.microsoft.sqlserver.jdbc.ActivityCorrelator$1] (value [com.microsoft.sqlserver.jdbc.ActivityCorrelator$1@62dced7e]) and a value of type [com.microsoft.sqlserver.jdbc.ActivityId] (value [a6762887-0e46-49f3-a680-c8ae73ff7f29-15]) but failed to remove it when the web application was stopped. Threads are going to be renewed over time to try and avoid a probable memory leak.
08-Apr-2026 21:22:46.720 SEVERE [http-nio-8080-exec-13] org.apache.catalina.loader.WebappClassLoaderBase.checkThreadLocalMapForLeaks The web application [production-management-system] created a ThreadLocal with key of type [com.microsoft.sqlserver.jdbc.ActivityCorrelator$1] (value [com.microsoft.sqlserver.jdbc.ActivityCorrelator$1@62dced7e]) and a value of type [com.microsoft.sqlserver.jdbc.ActivityId] (value [1cdd7f50-a9f9-4478-8f17-1f65bfc4500e-4]) but failed to remove it when the web application was stopped. Threads are going to be renewed over time to try and avoid a probable memory leak.
08-Apr-2026 21:22:46.720 SEVERE [http-nio-8080-exec-13] org.apache.catalina.loader.WebappClassLoaderBase.checkThreadLocalMapForLeaks The web application [production-management-system] created a ThreadLocal with key of type [com.microsoft.sqlserver.jdbc.ActivityCorrelator$1] (value [com.microsoft.sqlserver.jdbc.ActivityCorrelator$1@62dced7e]) and a value of type [com.microsoft.sqlserver.jdbc.ActivityId] (value [1cbc4735-eeaa-44dd-bb88-6b1fca51e50f-11]) but failed to remove it when the web application was stopped. Threads are going to be renewed over time to try and avoid a probable memory leak.
08-Apr-2026 21:22:46.862 SEVERE [http-nio-8080-exec-13] org.apache.catalina.loader.WebappClassLoaderBase.checkThreadLocalMapForLeaks The web application [production-management-system] created a ThreadLocal with key of type [com.microsoft.sqlserver.jdbc.ActivityCorrelator$1] (value [com.microsoft.sqlserver.jdbc.ActivityCorrelator$1@62dced7e]) and a value of type [com.microsoft.sqlserver.jdbc.ActivityId] (value [2244ee77-7c33-414a-8ee1-4641015f2cd3-27]) but failed to remove it when the web application was stopped. Threads are going to be renewed over time to try and avoid a probable memory leak.
08-Apr-2026 21:22:46.862 SEVERE [http-nio-8080-exec-13] org.apache.catalina.loader.WebappClassLoaderBase.checkThreadLocalMapForLeaks The web application [production-management-system] created a ThreadLocal with key of type [com.microsoft.sqlserver.jdbc.ActivityCorrelator$1] (value [com.microsoft.sqlserver.jdbc.ActivityCorrelator$1@62dced7e]) and a value of type [com.microsoft.sqlserver.jdbc.ActivityId] (value [047ad241-c39f-43a2-a760-79e68b3ce744-12]) but failed to remove it when the web application was stopped. Threads are going to be renewed over time to try and avoid a probable memory leak.
08-Apr-2026 21:22:47.376 INFO [http-nio-8080-exec-13] org.apache.catalina.startup.HostConfig.undeploy Undeploying context [/production-management-system]
08-Apr-2026 21:22:47.411 INFO [http-nio-8080-exec-19] org.apache.catalina.startup.HostConfig.deployDescriptor Deploying deployment descriptor [D:\tools\apache-tomcat-9.0.108\conf\Catalina\localhost\production-management-system.xml]
08-Apr-2026 21:22:47.415 WARNING [http-nio-8080-exec-19] org.apache.catalina.startup.HostConfig.deployDescriptor The path attribute with value [/production-management-system] in deployment descriptor [D:\tools\apache-tomcat-9.0.108\conf\Catalina\localhost\production-management-system.xml] has been ignored
08-Apr-2026 21:22:48.159 INFO [http-nio-8080-exec-19] org.apache.jasper.servlet.TldScanner.scanJars At least one JAR was scanned for TLDs yet contained no TLDs. Enable debug logging for this logger for a complete list of JARs that were scanned but no TLDs were found in them. Skipping unneeded JARs during scanning can improve startup time and JSP compilation time.
08-Apr-2026 21:22:48.690 INFO [http-nio-8080-exec-19] org.apache.catalina.startup.HostConfig.deployDescriptor Deployment of deployment descriptor [D:\tools\apache-tomcat-9.0.108\conf\Catalina\localhost\production-management-system.xml] has finished in [1,279] ms
08-Apr-2026 21:22:48.695 INFO [http-nio-8080-exec-15] org.apache.catalina.util.LifecycleBase.start The start() method was called on component [StandardEngine[Catalina].StandardHost[localhost].StandardContext[/production-management-system]] after start() had already been called. The second call will be ignored.
08-Apr-2026 22:22:42.152 WARNING [http-nio-8080-exec-29] org.apache.catalina.loader.WebappClassLoaderBase.clearReferencesJdbc The web application [production-management-system] registered the JDBC driver [com.microsoft.sqlserver.jdbc.SQLServerDriver] but failed to unregister it when the web application was stopped. To prevent a memory leak, the JDBC Driver has been forcibly unregistered.
08-Apr-2026 22:22:42.152 SEVERE [http-nio-8080-exec-29] org.apache.catalina.loader.WebappClassLoaderBase.checkThreadLocalMapForLeaks The web application [production-management-system] created a ThreadLocal with key of type [com.microsoft.sqlserver.jdbc.ActivityCorrelator$1] (value [com.microsoft.sqlserver.jdbc.ActivityCorrelator$1@a33112c]) and a value of type [com.microsoft.sqlserver.jdbc.ActivityId] (value [7886d1c9-622f-45fb-8515-a00d29cdf8dc-71]) but failed to remove it when the web application was stopped. Threads are going to be renewed over time to try and avoid a probable memory leak.
08-Apr-2026 22:22:42.152 SEVERE [http-nio-8080-exec-29] org.apache.catalina.loader.WebappClassLoaderBase.checkThreadLocalMapForLeaks The web application [production-management-system] created a ThreadLocal with key of type [com.microsoft.sqlserver.jdbc.ActivityCorrelator$1] (value [com.microsoft.sqlserver.jdbc.ActivityCorrelator$1@a33112c]) and a value of type [com.microsoft.sqlserver.jdbc.ActivityId] (value [f5d2b252-2501-4d64-8bf6-badc67559ae6-37]) but failed to remove it when the web application was stopped. Threads are going to be renewed over time to try and avoid a probable memory leak.
08-Apr-2026 22:22:42.153 SEVERE [http-nio-8080-exec-29] org.apache.catalina.loader.WebappClassLoaderBase.checkThreadLocalMapForLeaks The web application [production-management-system] created a ThreadLocal with key of type [com.microsoft.sqlserver.jdbc.ActivityCorrelator$1] (value [com.microsoft.sqlserver.jdbc.ActivityCorrelator$1@a33112c]) and a value of type [com.microsoft.sqlserver.jdbc.ActivityId] (value [71fc7e87-6211-4468-a3df-a9108fa8609d-50]) but failed to remove it when the web application was stopped. Threads are going to be renewed over time to try and avoid a probable memory leak.
08-Apr-2026 22:22:42.153 SEVERE [http-nio-8080-exec-29] org.apache.catalina.loader.WebappClassLoaderBase.checkThreadLocalMapForLeaks The web application [production-management-system] created a ThreadLocal with key of type [com.microsoft.sqlserver.jdbc.ActivityCorrelator$1] (value [com.microsoft.sqlserver.jdbc.ActivityCorrelator$1@a33112c]) and a value of type [com.microsoft.sqlserver.jdbc.ActivityId] (value [ce4de01e-3d94-4236-a2fa-e3bc0382123f-49]) but failed to remove it when the web application was stopped. Threads are going to be renewed over time to try and avoid a probable memory leak.
08-Apr-2026 22:22:42.153 SEVERE [http-nio-8080-exec-29] org.apache.catalina.loader.WebappClassLoaderBase.checkThreadLocalMapForLeaks The web application [production-management-system] created a ThreadLocal with key of type [com.microsoft.sqlserver.jdbc.ActivityCorrelator$1] (value [com.microsoft.sqlserver.jdbc.ActivityCorrelator$1@a33112c]) and a value of type [com.microsoft.sqlserver.jdbc.ActivityId] (value [351dc1fe-5051-4e34-a05e-44861523508c-83]) but failed to remove it when the web application was stopped. Threads are going to be renewed over time to try and avoid a probable memory leak.
08-Apr-2026 22:22:42.153 SEVERE [http-nio-8080-exec-29] org.apache.catalina.loader.WebappClassLoaderBase.checkThreadLocalMapForLeaks The web application [production-management-system] created a ThreadLocal with key of type [com.microsoft.sqlserver.jdbc.ActivityCorrelator$1] (value [com.microsoft.sqlserver.jdbc.ActivityCorrelator$1@a33112c]) and a value of type [com.microsoft.sqlserver.jdbc.ActivityId] (value [ae99d390-2d0d-40f1-8b02-4d3e4049f40c-11]) but failed to remove it when the web application was stopped. Threads are going to be renewed over time to try and avoid a probable memory leak.
08-Apr-2026 22:22:42.153 SEVERE [http-nio-8080-exec-29] org.apache.catalina.loader.WebappClassLoaderBase.checkThreadLocalMapForLeaks The web application [production-management-system] created a ThreadLocal with key of type [com.microsoft.sqlserver.jdbc.ActivityCorrelator$1] (value [com.microsoft.sqlserver.jdbc.ActivityCorrelator$1@a33112c]) and a value of type [com.microsoft.sqlserver.jdbc.ActivityId] (value [23ebfca1-e5f7-4435-bc70-f0a46c3502bf-87]) but failed to remove it when the web application was stopped. Threads are going to be renewed over time to try and avoid a probable memory leak.
08-Apr-2026 22:22:42.307 SEVERE [http-nio-8080-exec-29] org.apache.catalina.loader.WebappClassLoaderBase.checkThreadLocalMapForLeaks The web application [production-management-system] created a ThreadLocal with key of type [com.microsoft.sqlserver.jdbc.ActivityCorrelator$1] (value [com.microsoft.sqlserver.jdbc.ActivityCorrelator$1@a33112c]) and a value of type [com.microsoft.sqlserver.jdbc.ActivityId] (value [1adc4b5b-5583-48a5-bdfc-594e51f273c3-43]) but failed to remove it when the web application was stopped. Threads are going to be renewed over time to try and avoid a probable memory leak.
08-Apr-2026 22:22:42.307 SEVERE [http-nio-8080-exec-29] org.apache.catalina.loader.WebappClassLoaderBase.checkThreadLocalMapForLeaks The web application [production-management-system] created a ThreadLocal with key of type [com.microsoft.sqlserver.jdbc.ActivityCorrelator$1] (value [com.microsoft.sqlserver.jdbc.ActivityCorrelator$1@a33112c]) and a value of type [com.microsoft.sqlserver.jdbc.ActivityId] (value [827f4d44-f442-472a-b840-b797184c87ae-125]) but failed to remove it when the web application was stopped. Threads are going to be renewed over time to try and avoid a probable memory leak.
08-Apr-2026 22:22:42.307 SEVERE [http-nio-8080-exec-29] org.apache.catalina.loader.WebappClassLoaderBase.checkThreadLocalMapForLeaks The web application [production-management-system] created a ThreadLocal with key of type [com.microsoft.sqlserver.jdbc.ActivityCorrelator$1] (value [com.microsoft.sqlserver.jdbc.ActivityCorrelator$1@a33112c]) and a value of type [com.microsoft.sqlserver.jdbc.ActivityId] (value [c655f814-2991-444d-b66c-a829e7fd5c49-3]) but failed to remove it when the web application was stopped. Threads are going to be renewed over time to try and avoid a probable memory leak.
08-Apr-2026 22:22:42.821 INFO [http-nio-8080-exec-29] org.apache.catalina.startup.HostConfig.undeploy Undeploying context [/production-management-system]
08-Apr-2026 22:22:42.836 INFO [http-nio-8080-exec-23] org.apache.catalina.startup.HostConfig.deployDescriptor Deploying deployment descriptor [D:\tools\apache-tomcat-9.0.108\conf\Catalina\localhost\production-management-system.xml]
08-Apr-2026 22:22:42.837 WARNING [http-nio-8080-exec-23] org.apache.catalina.startup.HostConfig.deployDescriptor The path attribute with value [/production-management-system] in deployment descriptor [D:\tools\apache-tomcat-9.0.108\conf\Catalina\localhost\production-management-system.xml] has been ignored
08-Apr-2026 22:22:43.262 INFO [http-nio-8080-exec-23] org.apache.jasper.servlet.TldScanner.scanJars At least one JAR was scanned for TLDs yet contained no TLDs. Enable debug logging for this logger for a complete list of JARs that were scanned but no TLDs were found in them. Skipping unneeded JARs during scanning can improve startup time and JSP compilation time.
08-Apr-2026 22:22:43.677 INFO [http-nio-8080-exec-23] org.apache.catalina.startup.HostConfig.deployDescriptor Deployment of deployment descriptor [D:\tools\apache-tomcat-9.0.108\conf\Catalina\localhost\production-management-system.xml] has finished in [841] ms
08-Apr-2026 22:22:43.680 INFO [http-nio-8080-exec-30] org.apache.catalina.util.LifecycleBase.start The start() method was called on component [StandardEngine[Catalina].StandardHost[localhost].StandardContext[/production-management-system]] after start() had already been called. The second call will be ignored.
08-Apr-2026 22:37:31.688 WARNING [http-nio-8080-exec-37] org.apache.catalina.loader.WebappClassLoaderBase.clearReferencesJdbc The web application [production-management-system] registered the JDBC driver [com.microsoft.sqlserver.jdbc.SQLServerDriver] but failed to unregister it when the web application was stopped. To prevent a memory leak, the JDBC Driver has been forcibly unregistered.
08-Apr-2026 22:37:31.689 SEVERE [http-nio-8080-exec-37] org.apache.catalina.loader.WebappClassLoaderBase.checkThreadLocalMapForLeaks The web application [production-management-system] created a ThreadLocal with key of type [com.microsoft.sqlserver.jdbc.ActivityCorrelator$1] (value [com.microsoft.sqlserver.jdbc.ActivityCorrelator$1@77f5fef8]) and a value of type [com.microsoft.sqlserver.jdbc.ActivityId] (value [10d346e6-b2ed-4f89-85fe-e5f2bd85f7bf-34]) but failed to remove it when the web application was stopped. Threads are going to be renewed over time to try and avoid a probable memory leak.
08-Apr-2026 22:37:31.689 SEVERE [http-nio-8080-exec-37] org.apache.catalina.loader.WebappClassLoaderBase.checkThreadLocalMapForLeaks The web application [production-management-system] created a ThreadLocal with key of type [com.microsoft.sqlserver.jdbc.ActivityCorrelator$1] (value [com.microsoft.sqlserver.jdbc.ActivityCorrelator$1@77f5fef8]) and a value of type [com.microsoft.sqlserver.jdbc.ActivityId] (value [d139905a-00cd-45c9-a9f9-76d1bf7f8879-18]) but failed to remove it when the web application was stopped. Threads are going to be renewed over time to try and avoid a probable memory leak.
08-Apr-2026 22:37:31.689 SEVERE [http-nio-8080-exec-37] org.apache.catalina.loader.WebappClassLoaderBase.checkThreadLocalMapForLeaks The web application [production-management-system] created a ThreadLocal with key of type [com.microsoft.sqlserver.jdbc.ActivityCorrelator$1] (value [com.microsoft.sqlserver.jdbc.ActivityCorrelator$1@77f5fef8]) and a value of type [com.microsoft.sqlserver.jdbc.ActivityId] (value [f2c3992e-7af9-422f-afb5-3b1516cdd57d-36]) but failed to remove it when the web application was stopped. Threads are going to be renewed over time to try and avoid a probable memory leak.
08-Apr-2026 22:37:31.689 SEVERE [http-nio-8080-exec-37] org.apache.catalina.loader.WebappClassLoaderBase.checkThreadLocalMapForLeaks The web application [production-management-system] created a ThreadLocal with key of type [com.microsoft.sqlserver.jdbc.ActivityCorrelator$1] (value [com.microsoft.sqlserver.jdbc.ActivityCorrelator$1@77f5fef8]) and a value of type [com.microsoft.sqlserver.jdbc.ActivityId] (value [82a41356-2b50-4a52-8cd4-51ca872accb3-13]) but failed to remove it when the web application was stopped. Threads are going to be renewed over time to try and avoid a probable memory leak.
08-Apr-2026 22:37:31.691 SEVERE [http-nio-8080-exec-37] org.apache.catalina.loader.WebappClassLoaderBase.checkThreadLocalMapForLeaks The web application [production-management-system] created a ThreadLocal with key of type [com.microsoft.sqlserver.jdbc.ActivityCorrelator$1] (value [com.microsoft.sqlserver.jdbc.ActivityCorrelator$1@77f5fef8]) and a value of type [com.microsoft.sqlserver.jdbc.ActivityId] (value [92d036e4-36bf-4ab2-950a-24d0408365e6-18]) but failed to remove it when the web application was stopped. Threads are going to be renewed over time to try and avoid a probable memory leak.
08-Apr-2026 22:37:31.691 SEVERE [http-nio-8080-exec-37] org.apache.catalina.loader.WebappClassLoaderBase.checkThreadLocalMapForLeaks The web application [production-management-system] created a ThreadLocal with key of type [com.microsoft.sqlserver.jdbc.ActivityCorrelator$1] (value [com.microsoft.sqlserver.jdbc.ActivityCorrelator$1@77f5fef8]) and a value of type [com.microsoft.sqlserver.jdbc.ActivityId] (value [b00d55da-1d2c-41f6-9645-d3f695ffcf6c-32]) but failed to remove it when the web application was stopped. Threads are going to be renewed over time to try and avoid a probable memory leak.
08-Apr-2026 22:37:31.691 SEVERE [http-nio-8080-exec-37] org.apache.catalina.loader.WebappClassLoaderBase.checkThreadLocalMapForLeaks The web application [production-management-system] created a ThreadLocal with key of type [com.microsoft.sqlserver.jdbc.ActivityCorrelator$1] (value [com.microsoft.sqlserver.jdbc.ActivityCorrelator$1@77f5fef8]) and a value of type [com.microsoft.sqlserver.jdbc.ActivityId] (value [ae67ea50-3d28-4b0b-bd4a-6aaa0be072df-35]) but failed to remove it when the web application was stopped. Threads are going to be renewed over time to try and avoid a probable memory leak.
08-Apr-2026 22:37:31.865 SEVERE [http-nio-8080-exec-37] org.apache.catalina.loader.WebappClassLoaderBase.checkThreadLocalMapForLeaks The web application [production-management-system] created a ThreadLocal with key of type [com.microsoft.sqlserver.jdbc.ActivityCorrelator$1] (value [com.microsoft.sqlserver.jdbc.ActivityCorrelator$1@77f5fef8]) and a value of type [com.microsoft.sqlserver.jdbc.ActivityId] (value [a39b5f9f-73be-431f-b6e7-9dfe4bdc4b57-1]) but failed to remove it when the web application was stopped. Threads are going to be renewed over time to try and avoid a probable memory leak.
08-Apr-2026 22:37:31.867 SEVERE [http-nio-8080-exec-37] org.apache.catalina.loader.WebappClassLoaderBase.checkThreadLocalMapForLeaks The web application [production-management-system] created a ThreadLocal with key of type [com.microsoft.sqlserver.jdbc.ActivityCorrelator$1] (value [com.microsoft.sqlserver.jdbc.ActivityCorrelator$1@77f5fef8]) and a value of type [com.microsoft.sqlserver.jdbc.ActivityId] (value [4d1fe97a-d053-4b02-9e1b-2ccc502dd35a-14]) but failed to remove it when the web application was stopped. Threads are going to be renewed over time to try and avoid a probable memory leak.
08-Apr-2026 22:37:32.379 INFO [http-nio-8080-exec-37] org.apache.catalina.startup.HostConfig.undeploy Undeploying context [/production-management-system]
08-Apr-2026 22:37:32.415 INFO [http-nio-8080-exec-33] org.apache.catalina.startup.HostConfig.deployDescriptor Deploying deployment descriptor [D:\tools\apache-tomcat-9.0.108\conf\Catalina\localhost\production-management-system.xml]
08-Apr-2026 22:37:32.417 WARNING [http-nio-8080-exec-33] org.apache.catalina.startup.HostConfig.deployDescriptor The path attribute with value [/production-management-system] in deployment descriptor [D:\tools\apache-tomcat-9.0.108\conf\Catalina\localhost\production-management-system.xml] has been ignored
08-Apr-2026 22:37:32.904 INFO [http-nio-8080-exec-33] org.apache.jasper.servlet.TldScanner.scanJars At least one JAR was scanned for TLDs yet contained no TLDs. Enable debug logging for this logger for a complete list of JARs that were scanned but no TLDs were found in them. Skipping unneeded JARs during scanning can improve startup time and JSP compilation time.
08-Apr-2026 22:37:33.378 INFO [http-nio-8080-exec-33] org.apache.catalina.startup.HostConfig.deployDescriptor Deployment of deployment descriptor [D:\tools\apache-tomcat-9.0.108\conf\Catalina\localhost\production-management-system.xml] has finished in [963] ms
08-Apr-2026 22:37:33.382 INFO [http-nio-8080-exec-34] org.apache.catalina.util.LifecycleBase.start The start() method was called on component [StandardEngine[Catalina].StandardHost[localhost].StandardContext[/production-management-system]] after start() had already been called. The second call will be ignored.
08-Apr-2026 22:40:46.188 INFO [http-nio-8080-exec-45] org.apache.catalina.core.StandardContext.reload Reloading Context with name [/production-management-system] has started
08-Apr-2026 22:40:46.201 WARNING [http-nio-8080-exec-45] org.apache.catalina.loader.WebappClassLoaderBase.clearReferencesJdbc The web application [production-management-system] registered the JDBC driver [com.microsoft.sqlserver.jdbc.SQLServerDriver] but failed to unregister it when the web application was stopped. To prevent a memory leak, the JDBC Driver has been forcibly unregistered.
08-Apr-2026 22:40:46.202 SEVERE [http-nio-8080-exec-45] org.apache.catalina.loader.WebappClassLoaderBase.checkThreadLocalMapForLeaks The web application [production-management-system] created a ThreadLocal with key of type [com.microsoft.sqlserver.jdbc.ActivityCorrelator$1] (value [com.microsoft.sqlserver.jdbc.ActivityCorrelator$1@676b63d8]) and a value of type [com.microsoft.sqlserver.jdbc.ActivityId] (value [e6dd7ad9-f24d-450f-9c52-96e6dccb63ac-20]) but failed to remove it when the web application was stopped. Threads are going to be renewed over time to try and avoid a probable memory leak.
08-Apr-2026 22:40:46.202 SEVERE [http-nio-8080-exec-45] org.apache.catalina.loader.WebappClassLoaderBase.checkThreadLocalMapForLeaks The web application [production-management-system] created a ThreadLocal with key of type [com.microsoft.sqlserver.jdbc.ActivityCorrelator$1] (value [com.microsoft.sqlserver.jdbc.ActivityCorrelator$1@676b63d8]) and a value of type [com.microsoft.sqlserver.jdbc.ActivityId] (value [9b8d5198-261e-444b-9b26-d4df6ddfa390-5]) but failed to remove it when the web application was stopped. Threads are going to be renewed over time to try and avoid a probable memory leak.
08-Apr-2026 22:40:46.202 SEVERE [http-nio-8080-exec-45] org.apache.catalina.loader.WebappClassLoaderBase.checkThreadLocalMapForLeaks The web application [production-management-system] created a ThreadLocal with key of type [com.microsoft.sqlserver.jdbc.ActivityCorrelator$1] (value [com.microsoft.sqlserver.jdbc.ActivityCorrelator$1@676b63d8]) and a value of type [com.microsoft.sqlserver.jdbc.ActivityId] (value [fa601a72-3a7b-46e2-b7d0-101d85f680b1-13]) but failed to remove it when the web application was stopped. Threads are going to be renewed over time to try and avoid a probable memory leak.
08-Apr-2026 22:40:47.148 INFO [http-nio-8080-exec-45] org.apache.jasper.servlet.TldScanner.scanJars At least one JAR was scanned for TLDs yet contained no TLDs. Enable debug logging for this logger for a complete list of JARs that were scanned but no TLDs were found in them. Skipping unneeded JARs during scanning can improve startup time and JSP compilation time.
08-Apr-2026 22:40:48.115 INFO [http-nio-8080-exec-45] org.apache.catalina.core.StandardContext.reload Reloading Context with name [/production-management-system] is completed
08-Apr-2026 22:40:50.279 INFO [http-nio-8080-exec-44] org.apache.catalina.core.StandardContext.reload Reloading Context with name [/production-management-system] has started
08-Apr-2026 22:40:50.297 WARNING [http-nio-8080-exec-44] org.apache.catalina.loader.WebappClassLoaderBase.clearReferencesJdbc The web application [production-management-system] registered the JDBC driver [com.microsoft.sqlserver.jdbc.SQLServerDriver] but failed to unregister it when the web application was stopped. To prevent a memory leak, the JDBC Driver has been forcibly unregistered.
08-Apr-2026 22:40:50.737 SEVERE [http-nio-8080-exec-44] org.apache.catalina.core.StandardContext.reload Exception starting Context with name [/production-management-system]
	org.apache.catalina.LifecycleException: Failed to start component [StandardEngine[Catalina].StandardHost[localhost].StandardContext[/production-management-system]]
		at org.apache.catalina.util.LifecycleBase.handleSubClassException(LifecycleBase.java:406)
		at org.apache.catalina.util.LifecycleBase.start(LifecycleBase.java:179)
		at org.apache.catalina.core.StandardContext.reload(StandardContext.java:3266)
		at org.apache.catalina.manager.ManagerServlet.reload(ManagerServlet.java:1033)
		at org.apache.catalina.manager.ManagerServlet.doGet(ManagerServlet.java:316)
		at javax.servlet.http.HttpServlet.service(HttpServlet.java:529)
		at javax.servlet.http.HttpServlet.service(HttpServlet.java:623)
		at org.apache.catalina.core.ApplicationFilterChain.internalDoFilter(ApplicationFilterChain.java:199)
		at org.apache.catalina.core.ApplicationFilterChain.doFilter(ApplicationFilterChain.java:144)
		at org.apache.tomcat.websocket.server.WsFilter.doFilter(WsFilter.java:51)
		at org.apache.catalina.core.ApplicationFilterChain.internalDoFilter(ApplicationFilterChain.java:168)
		at org.apache.catalina.core.ApplicationFilterChain.doFilter(ApplicationFilterChain.java:144)
		at org.apache.catalina.filters.HttpHeaderSecurityFilter.doFilter(HttpHeaderSecurityFilter.java:129)
		at org.apache.catalina.core.ApplicationFilterChain.internalDoFilter(ApplicationFilterChain.java:168)
		at org.apache.catalina.core.ApplicationFilterChain.doFilter(ApplicationFilterChain.java:144)
		at org.apache.catalina.core.StandardWrapperValve.invoke(StandardWrapperValve.java:168)
		at org.apache.catalina.core.StandardContextValve.invoke(StandardContextValve.java:90)
		at org.apache.catalina.authenticator.AuthenticatorBase.invoke(AuthenticatorBase.java:597)
		at org.apache.catalina.valves.RequestFilterValve.process(RequestFilterValve.java:354)
		at org.apache.catalina.valves.RemoteAddrValve.invoke(RemoteAddrValve.java:54)
		at org.apache.catalina.core.StandardHostValve.invoke(StandardHostValve.java:130)
		at org.apache.catalina.valves.ErrorReportValve.invoke(ErrorReportValve.java:93)
		at org.apache.catalina.valves.AbstractAccessLogValve.invoke(AbstractAccessLogValve.java:656)
		at org.apache.catalina.core.StandardEngineValve.invoke(StandardEngineValve.java:74)
		at org.apache.catalina.connector.CoyoteAdapter.service(CoyoteAdapter.java:346)
		at org.apache.coyote.http11.Http11Processor.service(Http11Processor.java:397)
		at org.apache.coyote.AbstractProcessorLight.process(AbstractProcessorLight.java:63)
		at org.apache.coyote.AbstractProtocol$ConnectionHandler.process(AbstractProtocol.java:935)
		at org.apache.tomcat.util.net.NioEndpoint$SocketProcessor.doRun(NioEndpoint.java:1826)
		at org.apache.tomcat.util.net.SocketProcessorBase.run(SocketProcessorBase.java:52)
		at org.apache.tomcat.util.threads.ThreadPoolExecutor.runWorker(ThreadPoolExecutor.java:1189)
		at org.apache.tomcat.util.threads.ThreadPoolExecutor$Worker.run(ThreadPoolExecutor.java:658)
		at org.apache.tomcat.util.threads.TaskThread$WrappingRunnable.run(TaskThread.java:63)
		at java.lang.Thread.run(Thread.java:748)
	Caused by: java.lang.UnsupportedClassVersionError: pms/model/DefectReasonDTO has been compiled by a more recent version of the Java Runtime (class file version 61.0), this version of the Java Runtime only recognizes class file versions up to 52.0 (unable to load class [pms.model.DefectReasonDTO])
		at org.apache.catalina.loader.WebappClassLoaderBase.findClassInternal(WebappClassLoaderBase.java:2350)
		at org.apache.catalina.loader.WebappClassLoaderBase.findClassInternal(WebappClassLoaderBase.java:2216)
		at org.apache.catalina.loader.WebappClassLoaderBase.findClass(WebappClassLoaderBase.java:824)
		at org.apache.catalina.loader.WebappClassLoaderBase.loadClass(WebappClassLoaderBase.java:1315)
		at org.apache.catalina.loader.WebappClassLoaderBase.loadClass(WebappClassLoaderBase.java:1163)
		at java.lang.Class.getDeclaredMethods0(Native Method)
		at java.lang.Class.privateGetDeclaredMethods(Class.java:2701)
		at java.lang.Class.getDeclaredMethods(Class.java:1975)
		at org.apache.catalina.util.Introspection.getDeclaredMethods(Introspection.java:108)
		at org.apache.catalina.startup.WebAnnotationSet.loadMethodsAnnotation(WebAnnotationSet.java:213)
		at org.apache.catalina.startup.WebAnnotationSet.loadApplicationServletAnnotations(WebAnnotationSet.java:137)
		at org.apache.catalina.startup.WebAnnotationSet.loadApplicationAnnotations(WebAnnotationSet.java:68)
		at org.apache.catalina.startup.ContextConfig.applicationAnnotationsConfig(ContextConfig.java:319)
		at org.apache.catalina.startup.ContextConfig.configureStart(ContextConfig.java:975)
		at org.apache.catalina.startup.ContextConfig.lifecycleEvent(ContextConfig.java:290)
		at org.apache.catalina.util.LifecycleBase.fireLifecycleEvent(LifecycleBase.java:109)
		at org.apache.catalina.core.StandardContext.startInternal(StandardContext.java:4407)
		at org.apache.catalina.util.LifecycleBase.start(LifecycleBase.java:164)
		... 32 more
08-Apr-2026 22:40:50.766 INFO [http-nio-8080-exec-44] org.apache.catalina.core.StandardContext.reload Reloading Context with name [/production-management-system] is completed
08-Apr-2026 22:40:56.212 INFO [http-nio-8080-exec-52] org.apache.catalina.startup.HostConfig.undeploy Undeploying context [/production-management-system]
08-Apr-2026 22:40:56.239 INFO [http-nio-8080-exec-41] org.apache.catalina.startup.HostConfig.deployDescriptor Deploying deployment descriptor [D:\tools\apache-tomcat-9.0.108\conf\Catalina\localhost\production-management-system.xml]
08-Apr-2026 22:40:56.239 WARNING [http-nio-8080-exec-41] org.apache.catalina.startup.HostConfig.deployDescriptor The path attribute with value [/production-management-system] in deployment descriptor [D:\tools\apache-tomcat-9.0.108\conf\Catalina\localhost\production-management-system.xml] has been ignored
08-Apr-2026 22:40:56.780 INFO [http-nio-8080-exec-41] org.apache.jasper.servlet.TldScanner.scanJars At least one JAR was scanned for TLDs yet contained no TLDs. Enable debug logging for this logger for a complete list of JARs that were scanned but no TLDs were found in them. Skipping unneeded JARs during scanning can improve startup time and JSP compilation time.
08-Apr-2026 22:40:57.641 INFO [http-nio-8080-exec-41] org.apache.catalina.startup.HostConfig.deployDescriptor Deployment of deployment descriptor [D:\tools\apache-tomcat-9.0.108\conf\Catalina\localhost\production-management-system.xml] has finished in [1,403] ms
08-Apr-2026 22:40:57.648 INFO [http-nio-8080-exec-43] org.apache.catalina.util.LifecycleBase.start The start() method was called on component [StandardEngine[Catalina].StandardHost[localhost].StandardContext[/production-management-system]] after start() had already been called. The second call will be ignored.
08-Apr-2026 22:40:58.012 WARNING [http-nio-8080-exec-47] org.apache.catalina.loader.WebappClassLoaderBase.clearReferencesJdbc The web application [production-management-system] registered the JDBC driver [com.microsoft.sqlserver.jdbc.SQLServerDriver] but failed to unregister it when the web application was stopped. To prevent a memory leak, the JDBC Driver has been forcibly unregistered.
08-Apr-2026 22:40:58.545 INFO [http-nio-8080-exec-55] org.apache.jasper.servlet.TldScanner.scanJars At least one JAR was scanned for TLDs yet contained no TLDs. Enable debug logging for this logger for a complete list of JARs that were scanned but no TLDs were found in them. Skipping unneeded JARs during scanning can improve startup time and JSP compilation time.
08-Apr-2026 22:41:00.329 INFO [http-nio-8080-exec-44] org.apache.catalina.core.StandardContext.reload Reloading Context with name [/production-management-system] has started
08-Apr-2026 22:41:00.332 WARNING [http-nio-8080-exec-44] org.apache.catalina.loader.WebappClassLoaderBase.clearReferencesJdbc The web application [production-management-system] registered the JDBC driver [com.microsoft.sqlserver.jdbc.SQLServerDriver] but failed to unregister it when the web application was stopped. To prevent a memory leak, the JDBC Driver has been forcibly unregistered.
08-Apr-2026 22:41:00.677 INFO [http-nio-8080-exec-44] org.apache.jasper.servlet.TldScanner.scanJars At least one JAR was scanned for TLDs yet contained no TLDs. Enable debug logging for this logger for a complete list of JARs that were scanned but no TLDs were found in them. Skipping unneeded JARs during scanning can improve startup time and JSP compilation time.
08-Apr-2026 22:41:01.323 INFO [http-nio-8080-exec-44] org.apache.catalina.core.StandardContext.reload Reloading Context with name [/production-management-system] is completed
08-Apr-2026 22:56:36.524 INFO [http-nio-8080-exec-64] org.apache.catalina.core.StandardContext.reload Reloading Context with name [/production-management-system] has started
08-Apr-2026 22:56:36.533 WARNING [http-nio-8080-exec-64] org.apache.catalina.loader.WebappClassLoaderBase.clearReferencesJdbc The web application [production-management-system] registered the JDBC driver [com.microsoft.sqlserver.jdbc.SQLServerDriver] but failed to unregister it when the web application was stopped. To prevent a memory leak, the JDBC Driver has been forcibly unregistered.
08-Apr-2026 22:56:38.080 INFO [http-nio-8080-exec-64] org.apache.jasper.servlet.TldScanner.scanJars At least one JAR was scanned for TLDs yet contained no TLDs. Enable debug logging for this logger for a complete list of JARs that were scanned but no TLDs were found in them. Skipping unneeded JARs during scanning can improve startup time and JSP compilation time.
08-Apr-2026 22:56:39.513 INFO [http-nio-8080-exec-64] org.apache.catalina.core.StandardContext.reload Reloading Context with name [/production-management-system] is completed
08-Apr-2026 22:56:39.877 WARNING [http-nio-8080-exec-63] org.apache.catalina.loader.WebappClassLoaderBase.clearReferencesJdbc The web application [production-management-system] registered the JDBC driver [com.microsoft.sqlserver.jdbc.SQLServerDriver] but failed to unregister it when the web application was stopped. To prevent a memory leak, the JDBC Driver has been forcibly unregistered.
08-Apr-2026 22:56:41.119 INFO [Catalina-utility-2] org.apache.catalina.startup.HostConfig.reload Reloading context [/production-management-system]
08-Apr-2026 22:56:41.917 SEVERE [Catalina-utility-2] org.apache.catalina.startup.HostConfig.reload Error during context [/production-management-system] restart
	org.apache.catalina.LifecycleException: Failed to start component [StandardEngine[Catalina].StandardHost[localhost].StandardContext[/production-management-system]]
		at org.apache.catalina.util.LifecycleBase.handleSubClassException(LifecycleBase.java:406)
		at org.apache.catalina.util.LifecycleBase.start(LifecycleBase.java:179)
		at org.apache.catalina.startup.HostConfig.reload(HostConfig.java:1423)
		at org.apache.catalina.startup.HostConfig.checkResources(HostConfig.java:1389)
		at org.apache.catalina.startup.HostConfig.check(HostConfig.java:1615)
		at org.apache.catalina.startup.HostConfig.lifecycleEvent(HostConfig.java:308)
		at org.apache.catalina.util.LifecycleBase.fireLifecycleEvent(LifecycleBase.java:109)
		at org.apache.catalina.core.ContainerBase.backgroundProcess(ContainerBase.java:973)
		at org.apache.catalina.core.ContainerBase$ContainerBackgroundProcessor.processChildren(ContainerBase.java:1172)
		at org.apache.catalina.core.ContainerBase$ContainerBackgroundProcessor.processChildren(ContainerBase.java:1176)
		at org.apache.catalina.core.ContainerBase$ContainerBackgroundProcessor.run(ContainerBase.java:1154)
		at java.util.concurrent.Executors$RunnableAdapter.call(Executors.java:511)
		at java.util.concurrent.FutureTask.runAndReset(FutureTask.java:308)
		at java.util.concurrent.ScheduledThreadPoolExecutor$ScheduledFutureTask.access$301(ScheduledThreadPoolExecutor.java:180)
		at java.util.concurrent.ScheduledThreadPoolExecutor$ScheduledFutureTask.run(ScheduledThreadPoolExecutor.java:294)
		at java.util.concurrent.ThreadPoolExecutor.runWorker(ThreadPoolExecutor.java:1149)
		at java.util.concurrent.ThreadPoolExecutor$Worker.run(ThreadPoolExecutor.java:624)
		at org.apache.tomcat.util.threads.TaskThread$WrappingRunnable.run(TaskThread.java:63)
		at java.lang.Thread.run(Thread.java:748)
	Caused by: java.lang.UnsupportedClassVersionError: pms/model/DefectReasonDTO has been compiled by a more recent version of the Java Runtime (class file version 61.0), this version of the Java Runtime only recognizes class file versions up to 52.0 (unable to load class [pms.model.DefectReasonDTO])
		at org.apache.catalina.loader.WebappClassLoaderBase.findClassInternal(WebappClassLoaderBase.java:2350)
		at org.apache.catalina.loader.WebappClassLoaderBase.findClassInternal(WebappClassLoaderBase.java:2216)
		at org.apache.catalina.loader.WebappClassLoaderBase.findClass(WebappClassLoaderBase.java:824)
		at org.apache.catalina.loader.WebappClassLoaderBase.loadClass(WebappClassLoaderBase.java:1315)
		at org.apache.catalina.loader.WebappClassLoaderBase.loadClass(WebappClassLoaderBase.java:1163)
		at java.lang.Class.getDeclaredMethods0(Native Method)
		at java.lang.Class.privateGetDeclaredMethods(Class.java:2701)
		at java.lang.Class.getDeclaredMethods(Class.java:1975)
		at org.apache.catalina.util.Introspection.getDeclaredMethods(Introspection.java:108)
		at org.apache.catalina.startup.WebAnnotationSet.loadMethodsAnnotation(WebAnnotationSet.java:213)
		at org.apache.catalina.startup.WebAnnotationSet.loadApplicationServletAnnotations(WebAnnotationSet.java:137)
		at org.apache.catalina.startup.WebAnnotationSet.loadApplicationAnnotations(WebAnnotationSet.java:68)
		at org.apache.catalina.startup.ContextConfig.applicationAnnotationsConfig(ContextConfig.java:319)
		at org.apache.catalina.startup.ContextConfig.configureStart(ContextConfig.java:975)
		at org.apache.catalina.startup.ContextConfig.lifecycleEvent(ContextConfig.java:290)
		at org.apache.catalina.util.LifecycleBase.fireLifecycleEvent(LifecycleBase.java:109)
		at org.apache.catalina.core.StandardContext.startInternal(StandardContext.java:4407)
		at org.apache.catalina.util.LifecycleBase.start(LifecycleBase.java:164)
		... 17 more
08-Apr-2026 22:56:44.935 INFO [http-nio-8080-exec-59] org.apache.catalina.startup.HostConfig.undeploy Undeploying context [/production-management-system]
08-Apr-2026 22:56:44.947 INFO [http-nio-8080-exec-68] org.apache.catalina.startup.HostConfig.deployDescriptor Deploying deployment descriptor [D:\tools\apache-tomcat-9.0.108\conf\Catalina\localhost\production-management-system.xml]
08-Apr-2026 22:56:44.948 WARNING [http-nio-8080-exec-68] org.apache.catalina.startup.HostConfig.deployDescriptor The path attribute with value [/production-management-system] in deployment descriptor [D:\tools\apache-tomcat-9.0.108\conf\Catalina\localhost\production-management-system.xml] has been ignored
08-Apr-2026 22:56:45.624 INFO [http-nio-8080-exec-68] org.apache.jasper.servlet.TldScanner.scanJars At least one JAR was scanned for TLDs yet contained no TLDs. Enable debug logging for this logger for a complete list of JARs that were scanned but no TLDs were found in them. Skipping unneeded JARs during scanning can improve startup time and JSP compilation time.
08-Apr-2026 22:56:46.326 INFO [http-nio-8080-exec-68] org.apache.catalina.startup.HostConfig.deployDescriptor Deployment of deployment descriptor [D:\tools\apache-tomcat-9.0.108\conf\Catalina\localhost\production-management-system.xml] has finished in [1,379] ms
08-Apr-2026 22:56:46.330 INFO [http-nio-8080-exec-61] org.apache.catalina.util.LifecycleBase.start The start() method was called on component [StandardEngine[Catalina].StandardHost[localhost].StandardContext[/production-management-system]] after start() had already been called. The second call will be ignored.
08-Apr-2026 22:56:51.259 WARNING [http-nio-8080-exec-71] org.apache.catalina.loader.WebappClassLoaderBase.clearReferencesJdbc The web application [production-management-system] registered the JDBC driver [com.microsoft.sqlserver.jdbc.SQLServerDriver] but failed to unregister it when the web application was stopped. To prevent a memory leak, the JDBC Driver has been forcibly unregistered.
08-Apr-2026 22:56:51.937 INFO [Catalina-utility-1] org.apache.catalina.startup.HostConfig.reload Reloading context [/production-management-system]
08-Apr-2026 22:56:51.982 INFO [http-nio-8080-exec-72] org.apache.jasper.servlet.TldScanner.scanJars At least one JAR was scanned for TLDs yet contained no TLDs. Enable debug logging for this logger for a complete list of JARs that were scanned but no TLDs were found in them. Skipping unneeded JARs during scanning can improve startup time and JSP compilation time.
08-Apr-2026 22:56:52.746 INFO [Catalina-utility-1] org.apache.catalina.util.LifecycleBase.start The start() method was called on component [StandardEngine[Catalina].StandardHost[localhost].StandardContext[/production-management-system]] after start() had already been called. The second call will be ignored.
08-Apr-2026 22:58:23.254 WARNING [http-nio-8080-exec-65] org.apache.catalina.loader.WebappClassLoaderBase.clearReferencesJdbc The web application [production-management-system] registered the JDBC driver [com.microsoft.sqlserver.jdbc.SQLServerDriver] but failed to unregister it when the web application was stopped. To prevent a memory leak, the JDBC Driver has been forcibly unregistered.
08-Apr-2026 22:58:23.767 INFO [http-nio-8080-exec-65] org.apache.catalina.startup.HostConfig.undeploy Undeploying context [/production-management-system]
08-Apr-2026 22:58:23.776 INFO [http-nio-8080-exec-75] org.apache.catalina.startup.HostConfig.deployDescriptor Deploying deployment descriptor [D:\tools\apache-tomcat-9.0.108\conf\Catalina\localhost\production-management-system.xml]
08-Apr-2026 22:58:23.777 WARNING [http-nio-8080-exec-75] org.apache.catalina.startup.HostConfig.deployDescriptor The path attribute with value [/production-management-system] in deployment descriptor [D:\tools\apache-tomcat-9.0.108\conf\Catalina\localhost\production-management-system.xml] has been ignored
08-Apr-2026 22:58:24.149 INFO [http-nio-8080-exec-75] org.apache.jasper.servlet.TldScanner.scanJars At least one JAR was scanned for TLDs yet contained no TLDs. Enable debug logging for this logger for a complete list of JARs that were scanned but no TLDs were found in them. Skipping unneeded JARs during scanning can improve startup time and JSP compilation time.
08-Apr-2026 22:58:24.429 INFO [http-nio-8080-exec-75] org.apache.catalina.startup.HostConfig.deployDescriptor Deployment of deployment descriptor [D:\tools\apache-tomcat-9.0.108\conf\Catalina\localhost\production-management-system.xml] has finished in [653] ms
08-Apr-2026 22:58:24.433 INFO [http-nio-8080-exec-73] org.apache.catalina.util.LifecycleBase.start The start() method was called on component [StandardEngine[Catalina].StandardHost[localhost].StandardContext[/production-management-system]] after start() had already been called. The second call will be ignored.
08-Apr-2026 23:04:50.617 WARNING [http-nio-8080-exec-85] org.apache.catalina.loader.WebappClassLoaderBase.clearReferencesJdbc The web application [production-management-system] registered the JDBC driver [com.microsoft.sqlserver.jdbc.SQLServerDriver] but failed to unregister it when the web application was stopped. To prevent a memory leak, the JDBC Driver has been forcibly unregistered.
08-Apr-2026 23:04:50.617 SEVERE [http-nio-8080-exec-85] org.apache.catalina.loader.WebappClassLoaderBase.checkThreadLocalMapForLeaks The web application [production-management-system] created a ThreadLocal with key of type [com.microsoft.sqlserver.jdbc.ActivityCorrelator$1] (value [com.microsoft.sqlserver.jdbc.ActivityCorrelator$1@2f67b9e2]) and a value of type [com.microsoft.sqlserver.jdbc.ActivityId] (value [32ea3683-c0da-4294-a9cb-4558cce8549c-25]) but failed to remove it when the web application was stopped. Threads are going to be renewed over time to try and avoid a probable memory leak.
08-Apr-2026 23:04:50.617 SEVERE [http-nio-8080-exec-85] org.apache.catalina.loader.WebappClassLoaderBase.checkThreadLocalMapForLeaks The web application [production-management-system] created a ThreadLocal with key of type [com.microsoft.sqlserver.jdbc.ActivityCorrelator$1] (value [com.microsoft.sqlserver.jdbc.ActivityCorrelator$1@2f67b9e2]) and a value of type [com.microsoft.sqlserver.jdbc.ActivityId] (value [35962857-a4c1-45cd-ac66-3530b2b604f3-12]) but failed to remove it when the web application was stopped. Threads are going to be renewed over time to try and avoid a probable memory leak.
08-Apr-2026 23:04:50.617 SEVERE [http-nio-8080-exec-85] org.apache.catalina.loader.WebappClassLoaderBase.checkThreadLocalMapForLeaks The web application [production-management-system] created a ThreadLocal with key of type [com.microsoft.sqlserver.jdbc.ActivityCorrelator$1] (value [com.microsoft.sqlserver.jdbc.ActivityCorrelator$1@2f67b9e2]) and a value of type [com.microsoft.sqlserver.jdbc.ActivityId] (value [3ec06ba1-3260-49aa-8d24-df7557ae98b9-2]) but failed to remove it when the web application was stopped. Threads are going to be renewed over time to try and avoid a probable memory leak.
08-Apr-2026 23:04:50.618 SEVERE [http-nio-8080-exec-85] org.apache.catalina.loader.WebappClassLoaderBase.checkThreadLocalMapForLeaks The web application [production-management-system] created a ThreadLocal with key of type [com.microsoft.sqlserver.jdbc.ActivityCorrelator$1] (value [com.microsoft.sqlserver.jdbc.ActivityCorrelator$1@2f67b9e2]) and a value of type [com.microsoft.sqlserver.jdbc.ActivityId] (value [2599978a-d6aa-4437-a575-f952fdb7cb4a-45]) but failed to remove it when the web application was stopped. Threads are going to be renewed over time to try and avoid a probable memory leak.
08-Apr-2026 23:04:50.618 SEVERE [http-nio-8080-exec-85] org.apache.catalina.loader.WebappClassLoaderBase.checkThreadLocalMapForLeaks The web application [production-management-system] created a ThreadLocal with key of type [com.microsoft.sqlserver.jdbc.ActivityCorrelator$1] (value [com.microsoft.sqlserver.jdbc.ActivityCorrelator$1@2f67b9e2]) and a value of type [com.microsoft.sqlserver.jdbc.ActivityId] (value [0478492a-fc2e-4a22-b54a-6cb09255d5c7-25]) but failed to remove it when the web application was stopped. Threads are going to be renewed over time to try and avoid a probable memory leak.
08-Apr-2026 23:04:50.618 SEVERE [http-nio-8080-exec-85] org.apache.catalina.loader.WebappClassLoaderBase.checkThreadLocalMapForLeaks The web application [production-management-system] created a ThreadLocal with key of type [com.microsoft.sqlserver.jdbc.ActivityCorrelator$1] (value [com.microsoft.sqlserver.jdbc.ActivityCorrelator$1@2f67b9e2]) and a value of type [com.microsoft.sqlserver.jdbc.ActivityId] (value [b464fbf6-5ae6-4154-94a7-074467f63b87-1]) but failed to remove it when the web application was stopped. Threads are going to be renewed over time to try and avoid a probable memory leak.
08-Apr-2026 23:04:50.618 SEVERE [http-nio-8080-exec-85] org.apache.catalina.loader.WebappClassLoaderBase.checkThreadLocalMapForLeaks The web application [production-management-system] created a ThreadLocal with key of type [com.microsoft.sqlserver.jdbc.ActivityCorrelator$1] (value [com.microsoft.sqlserver.jdbc.ActivityCorrelator$1@2f67b9e2]) and a value of type [com.microsoft.sqlserver.jdbc.ActivityId] (value [feca6282-f41f-4702-803e-83e67b48132b-5]) but failed to remove it when the web application was stopped. Threads are going to be renewed over time to try and avoid a probable memory leak.
08-Apr-2026 23:04:50.851 SEVERE [http-nio-8080-exec-85] org.apache.catalina.loader.WebappClassLoaderBase.checkThreadLocalMapForLeaks The web application [production-management-system] created a ThreadLocal with key of type [com.microsoft.sqlserver.jdbc.ActivityCorrelator$1] (value [com.microsoft.sqlserver.jdbc.ActivityCorrelator$1@2f67b9e2]) and a value of type [com.microsoft.sqlserver.jdbc.ActivityId] (value [58240c81-e0cf-47ae-8db3-f1978dfe91e3-20]) but failed to remove it when the web application was stopped. Threads are going to be renewed over time to try and avoid a probable memory leak.
08-Apr-2026 23:04:51.364 INFO [http-nio-8080-exec-85] org.apache.catalina.startup.HostConfig.undeploy Undeploying context [/production-management-system]
08-Apr-2026 23:04:51.385 INFO [http-nio-8080-exec-83] org.apache.catalina.startup.HostConfig.deployDescriptor Deploying deployment descriptor [D:\tools\apache-tomcat-9.0.108\conf\Catalina\localhost\production-management-system.xml]
08-Apr-2026 23:04:51.386 WARNING [http-nio-8080-exec-83] org.apache.catalina.startup.HostConfig.deployDescriptor The path attribute with value [/production-management-system] in deployment descriptor [D:\tools\apache-tomcat-9.0.108\conf\Catalina\localhost\production-management-system.xml] has been ignored
08-Apr-2026 23:04:51.875 INFO [http-nio-8080-exec-83] org.apache.jasper.servlet.TldScanner.scanJars At least one JAR was scanned for TLDs yet contained no TLDs. Enable debug logging for this logger for a complete list of JARs that were scanned but no TLDs were found in them. Skipping unneeded JARs during scanning can improve startup time and JSP compilation time.
08-Apr-2026 23:04:52.224 INFO [http-nio-8080-exec-83] org.apache.catalina.startup.HostConfig.deployDescriptor Deployment of deployment descriptor [D:\tools\apache-tomcat-9.0.108\conf\Catalina\localhost\production-management-system.xml] has finished in [839] ms
08-Apr-2026 23:04:52.228 INFO [http-nio-8080-exec-81] org.apache.catalina.util.LifecycleBase.start The start() method was called on component [StandardEngine[Catalina].StandardHost[localhost].StandardContext[/production-management-system]] after start() had already been called. The second call will be ignored.
08-Apr-2026 23:06:35.062 INFO [http-nio-8080-exec-91] org.apache.catalina.core.StandardContext.reload Reloading Context with name [/production-management-system] has started
08-Apr-2026 23:06:35.071 WARNING [http-nio-8080-exec-91] org.apache.catalina.loader.WebappClassLoaderBase.clearReferencesJdbc The web application [production-management-system] registered the JDBC driver [com.microsoft.sqlserver.jdbc.SQLServerDriver] but failed to unregister it when the web application was stopped. To prevent a memory leak, the JDBC Driver has been forcibly unregistered.
08-Apr-2026 23:06:35.071 SEVERE [http-nio-8080-exec-91] org.apache.catalina.loader.WebappClassLoaderBase.checkThreadLocalMapForLeaks The web application [production-management-system] created a ThreadLocal with key of type [com.microsoft.sqlserver.jdbc.ActivityCorrelator$1] (value [com.microsoft.sqlserver.jdbc.ActivityCorrelator$1@426a6550]) and a value of type [com.microsoft.sqlserver.jdbc.ActivityId] (value [3fcf7a33-0623-451a-8347-607155896794-9]) but failed to remove it when the web application was stopped. Threads are going to be renewed over time to try and avoid a probable memory leak.
08-Apr-2026 23:06:36.165 SEVERE [http-nio-8080-exec-91] org.apache.catalina.startup.ContextConfig.processAnnotationsJar Unable to process Jar entry [org/apache/pdfbox/pdmodel/graphics/shading/Line.class] from Jar [file:/D:/github/other/production-management-system/build/web/WEB-INF/lib/pdfbox-2.0.24.jar] for annotations
	java.util.zip.ZipException: error reading zip file
		at java.util.zip.ZipFile.read(Native Method)
		at java.util.zip.ZipFile.access$1400(ZipFile.java:60)
		at java.util.zip.ZipFile$ZipFileInputStream.read(ZipFile.java:734)
		at java.util.zip.ZipFile$ZipFileInflaterInputStream.fill(ZipFile.java:434)
		at java.util.zip.InflaterInputStream.read(InflaterInputStream.java:158)
		at java.io.BufferedInputStream.fill(BufferedInputStream.java:246)
		at java.io.BufferedInputStream.read(BufferedInputStream.java:265)
		at java.io.DataInputStream.readInt(DataInputStream.java:387)
		at org.apache.tomcat.util.bcel.classfile.ClassParser.readID(ClassParser.java:208)
		at org.apache.tomcat.util.bcel.classfile.ClassParser.parse(ClassParser.java:74)
		at org.apache.catalina.startup.ContextConfig.processAnnotationsStream(ContextConfig.java:2243)
		at org.apache.catalina.startup.ContextConfig.processAnnotationsJar(ContextConfig.java:2201)
		at org.apache.catalina.startup.ContextConfig.processAnnotationsUrl(ContextConfig.java:2174)
		at org.apache.catalina.startup.ContextConfig.scanWebXmlFragment(ContextConfig.java:2083)
		at org.apache.catalina.startup.ContextConfig.processAnnotations(ContextConfig.java:2063)
		at org.apache.catalina.startup.ContextConfig.processClasses(ContextConfig.java:1370)
		at org.apache.catalina.startup.ContextConfig.webConfig(ContextConfig.java:1271)
		at org.apache.catalina.startup.ContextConfig.configureStart(ContextConfig.java:972)
		at org.apache.catalina.startup.ContextConfig.lifecycleEvent(ContextConfig.java:290)
		at org.apache.catalina.util.LifecycleBase.fireLifecycleEvent(LifecycleBase.java:109)
		at org.apache.catalina.core.StandardContext.startInternal(StandardContext.java:4407)
		at org.apache.catalina.util.LifecycleBase.start(LifecycleBase.java:164)
		at org.apache.catalina.core.StandardContext.reload(StandardContext.java:3266)
		at org.apache.catalina.manager.ManagerServlet.reload(ManagerServlet.java:1033)
		at org.apache.catalina.manager.ManagerServlet.doGet(ManagerServlet.java:316)
		at javax.servlet.http.HttpServlet.service(HttpServlet.java:529)
		at javax.servlet.http.HttpServlet.service(HttpServlet.java:623)
		at org.apache.catalina.core.ApplicationFilterChain.internalDoFilter(ApplicationFilterChain.java:199)
		at org.apache.catalina.core.ApplicationFilterChain.doFilter(ApplicationFilterChain.java:144)
		at org.apache.tomcat.websocket.server.WsFilter.doFilter(WsFilter.java:51)
		at org.apache.catalina.core.ApplicationFilterChain.internalDoFilter(ApplicationFilterChain.java:168)
		at org.apache.catalina.core.ApplicationFilterChain.doFilter(ApplicationFilterChain.java:144)
		at org.apache.catalina.filters.HttpHeaderSecurityFilter.doFilter(HttpHeaderSecurityFilter.java:129)
		at org.apache.catalina.core.ApplicationFilterChain.internalDoFilter(ApplicationFilterChain.java:168)
		at org.apache.catalina.core.ApplicationFilterChain.doFilter(ApplicationFilterChain.java:144)
		at org.apache.catalina.core.StandardWrapperValve.invoke(StandardWrapperValve.java:168)
		at org.apache.catalina.core.StandardContextValve.invoke(StandardContextValve.java:90)
		at org.apache.catalina.authenticator.AuthenticatorBase.invoke(AuthenticatorBase.java:597)
		at org.apache.catalina.valves.RequestFilterValve.process(RequestFilterValve.java:354)
		at org.apache.catalina.valves.RemoteAddrValve.invoke(RemoteAddrValve.java:54)
		at org.apache.catalina.core.StandardHostValve.invoke(StandardHostValve.java:130)
		at org.apache.catalina.valves.ErrorReportValve.invoke(ErrorReportValve.java:93)
		at org.apache.catalina.valves.AbstractAccessLogValve.invoke(AbstractAccessLogValve.java:656)
		at org.apache.catalina.core.StandardEngineValve.invoke(StandardEngineValve.java:74)
		at org.apache.catalina.connector.CoyoteAdapter.service(CoyoteAdapter.java:346)
		at org.apache.coyote.http11.Http11Processor.service(Http11Processor.java:397)
		at org.apache.coyote.AbstractProcessorLight.process(AbstractProcessorLight.java:63)
		at org.apache.coyote.AbstractProtocol$ConnectionHandler.process(AbstractProtocol.java:935)
		at org.apache.tomcat.util.net.NioEndpoint$SocketProcessor.doRun(NioEndpoint.java:1826)
		at org.apache.tomcat.util.net.SocketProcessorBase.run(SocketProcessorBase.java:52)
		at org.apache.tomcat.util.threads.ThreadPoolExecutor.runWorker(ThreadPoolExecutor.java:1189)
		at org.apache.tomcat.util.threads.ThreadPoolExecutor$Worker.run(ThreadPoolExecutor.java:658)
		at org.apache.tomcat.util.threads.TaskThread$WrappingRunnable.run(TaskThread.java:63)
		at java.lang.Thread.run(Thread.java:748)
08-Apr-2026 23:06:36.235 SEVERE [http-nio-8080-exec-91] org.apache.catalina.startup.ContextConfig.processAnnotationsJar Unable to process Jar entry [org/apache/pdfbox/pdmodel/graphics/shading/PDMeshBasedShadingType.class] from Jar [file:/D:/github/other/production-management-system/build/web/WEB-INF/lib/pdfbox-2.0.24.jar] for annotations
	java.util.zip.ZipException: error reading zip file
		at java.util.zip.ZipFile.read(Native Method)
		at java.util.zip.ZipFile.access$1400(ZipFile.java:60)
		at java.util.zip.ZipFile$ZipFileInputStream.read(ZipFile.java:734)
		at java.util.zip.ZipFile$ZipFileInflaterInputStream.fill(ZipFile.java:434)
		at java.util.zip.InflaterInputStream.read(InflaterInputStream.java:158)
		at java.io.BufferedInputStream.fill(BufferedInputStream.java:246)
		at java.io.BufferedInputStream.read(BufferedInputStream.java:265)
		at java.io.DataInputStream.readInt(DataInputStream.java:387)
		at org.apache.tomcat.util.bcel.classfile.ClassParser.readID(ClassParser.java:208)
		at org.apache.tomcat.util.bcel.classfile.ClassParser.parse(ClassParser.java:74)
		at org.apache.catalina.startup.ContextConfig.processAnnotationsStream(ContextConfig.java:2243)
		at org.apache.catalina.startup.ContextConfig.processAnnotationsJar(ContextConfig.java:2201)
		at org.apache.catalina.startup.ContextConfig.processAnnotationsUrl(ContextConfig.java:2174)
		at org.apache.catalina.startup.ContextConfig.scanWebXmlFragment(ContextConfig.java:2083)
		at org.apache.catalina.startup.ContextConfig.processAnnotations(ContextConfig.java:2063)
		at org.apache.catalina.startup.ContextConfig.processClasses(ContextConfig.java:1370)
		at org.apache.catalina.startup.ContextConfig.webConfig(ContextConfig.java:1271)
		at org.apache.catalina.startup.ContextConfig.configureStart(ContextConfig.java:972)
		at org.apache.catalina.startup.ContextConfig.lifecycleEvent(ContextConfig.java:290)
		at org.apache.catalina.util.LifecycleBase.fireLifecycleEvent(LifecycleBase.java:109)
		at org.apache.catalina.core.StandardContext.startInternal(StandardContext.java:4407)
		at org.apache.catalina.util.LifecycleBase.start(LifecycleBase.java:164)
		at org.apache.catalina.core.StandardContext.reload(StandardContext.java:3266)
		at org.apache.catalina.manager.ManagerServlet.reload(ManagerServlet.java:1033)
		at org.apache.catalina.manager.ManagerServlet.doGet(ManagerServlet.java:316)
		at javax.servlet.http.HttpServlet.service(HttpServlet.java:529)
		at javax.servlet.http.HttpServlet.service(HttpServlet.java:623)
		at org.apache.catalina.core.ApplicationFilterChain.internalDoFilter(ApplicationFilterChain.java:199)
		at org.apache.catalina.core.ApplicationFilterChain.doFilter(ApplicationFilterChain.java:144)
		at org.apache.tomcat.websocket.server.WsFilter.doFilter(WsFilter.java:51)
		at org.apache.catalina.core.ApplicationFilterChain.internalDoFilter(ApplicationFilterChain.java:168)
		at org.apache.catalina.core.ApplicationFilterChain.doFilter(ApplicationFilterChain.java:144)
		at org.apache.catalina.filters.HttpHeaderSecurityFilter.doFilter(HttpHeaderSecurityFilter.java:129)
		at org.apache.catalina.core.ApplicationFilterChain.internalDoFilter(ApplicationFilterChain.java:168)
		at org.apache.catalina.core.ApplicationFilterChain.doFilter(ApplicationFilterChain.java:144)
		at org.apache.catalina.core.StandardWrapperValve.invoke(StandardWrapperValve.java:168)
		at org.apache.catalina.core.StandardContextValve.invoke(StandardContextValve.java:90)
		at org.apache.catalina.authenticator.AuthenticatorBase.invoke(AuthenticatorBase.java:597)
		at org.apache.catalina.valves.RequestFilterValve.process(RequestFilterValve.java:354)
		at org.apache.catalina.valves.RemoteAddrValve.invoke(RemoteAddrValve.java:54)
		at org.apache.catalina.core.StandardHostValve.invoke(StandardHostValve.java:130)
		at org.apache.catalina.valves.ErrorReportValve.invoke(ErrorReportValve.java:93)
		at org.apache.catalina.valves.AbstractAccessLogValve.invoke(AbstractAccessLogValve.java:656)
		at org.apache.catalina.core.StandardEngineValve.invoke(StandardEngineValve.java:74)
		at org.apache.catalina.connector.CoyoteAdapter.service(CoyoteAdapter.java:346)
		at org.apache.coyote.http11.Http11Processor.service(Http11Processor.java:397)
		at org.apache.coyote.AbstractProcessorLight.process(AbstractProcessorLight.java:63)
		at org.apache.coyote.AbstractProtocol$ConnectionHandler.process(AbstractProtocol.java:935)
		at org.apache.tomcat.util.net.NioEndpoint$SocketProcessor.doRun(NioEndpoint.java:1826)
		at org.apache.tomcat.util.net.SocketProcessorBase.run(SocketProcessorBase.java:52)
		at org.apache.tomcat.util.threads.ThreadPoolExecutor.runWorker(ThreadPoolExecutor.java:1189)
		at org.apache.tomcat.util.threads.ThreadPoolExecutor$Worker.run(ThreadPoolExecutor.java:658)
		at org.apache.tomcat.util.threads.TaskThread$WrappingRunnable.run(TaskThread.java:63)
		at java.lang.Thread.run(Thread.java:748)
08-Apr-2026 23:06:36.391 SEVERE [http-nio-8080-exec-91] org.apache.catalina.startup.ContextConfig.processAnnotationsJar Unable to process Jar entry [org/apache/pdfbox/pdmodel/graphics/shading/PDShading.class] from Jar [file:/D:/github/other/production-management-system/build/web/WEB-INF/lib/pdfbox-2.0.24.jar] for annotations
	java.util.zip.ZipException: error reading zip file
		at java.util.zip.ZipFile.read(Native Method)
		at java.util.zip.ZipFile.access$1400(ZipFile.java:60)
		at java.util.zip.ZipFile$ZipFileInputStream.read(ZipFile.java:734)
		at java.util.zip.ZipFile$ZipFileInflaterInputStream.fill(ZipFile.java:434)
		at java.util.zip.InflaterInputStream.read(InflaterInputStream.java:158)
		at java.io.BufferedInputStream.fill(BufferedInputStream.java:246)
		at java.io.BufferedInputStream.read(BufferedInputStream.java:265)
		at java.io.DataInputStream.readInt(DataInputStream.java:387)
		at org.apache.tomcat.util.bcel.classfile.ClassParser.readID(ClassParser.java:208)
		at org.apache.tomcat.util.bcel.classfile.ClassParser.parse(ClassParser.java:74)
		at org.apache.catalina.startup.ContextConfig.processAnnotationsStream(ContextConfig.java:2243)
		at org.apache.catalina.startup.ContextConfig.processAnnotationsJar(ContextConfig.java:2201)
		at org.apache.catalina.startup.ContextConfig.processAnnotationsUrl(ContextConfig.java:2174)
		at org.apache.catalina.startup.ContextConfig.scanWebXmlFragment(ContextConfig.java:2083)
		at org.apache.catalina.startup.ContextConfig.processAnnotations(ContextConfig.java:2063)
		at org.apache.catalina.startup.ContextConfig.processClasses(ContextConfig.java:1370)
		at org.apache.catalina.startup.ContextConfig.webConfig(ContextConfig.java:1271)
		at org.apache.catalina.startup.ContextConfig.configureStart(ContextConfig.java:972)
		at org.apache.catalina.startup.ContextConfig.lifecycleEvent(ContextConfig.java:290)
		at org.apache.catalina.util.LifecycleBase.fireLifecycleEvent(LifecycleBase.java:109)
		at org.apache.catalina.core.StandardContext.startInternal(StandardContext.java:4407)
		at org.apache.catalina.util.LifecycleBase.start(LifecycleBase.java:164)
		at org.apache.catalina.core.StandardContext.reload(StandardContext.java:3266)
		at org.apache.catalina.manager.ManagerServlet.reload(ManagerServlet.java:1033)
		at org.apache.catalina.manager.ManagerServlet.doGet(ManagerServlet.java:316)
		at javax.servlet.http.HttpServlet.service(HttpServlet.java:529)
		at javax.servlet.http.HttpServlet.service(HttpServlet.java:623)
		at org.apache.catalina.core.ApplicationFilterChain.internalDoFilter(ApplicationFilterChain.java:199)
		at org.apache.catalina.core.ApplicationFilterChain.doFilter(ApplicationFilterChain.java:144)
		at org.apache.tomcat.websocket.server.WsFilter.doFilter(WsFilter.java:51)
		at org.apache.catalina.core.ApplicationFilterChain.internalDoFilter(ApplicationFilterChain.java:168)
		at org.apache.catalina.core.ApplicationFilterChain.doFilter(ApplicationFilterChain.java:144)
		at org.apache.catalina.filters.HttpHeaderSecurityFilter.doFilter(HttpHeaderSecurityFilter.java:129)
		at org.apache.catalina.core.ApplicationFilterChain.internalDoFilter(ApplicationFilterChain.java:168)
		at org.apache.catalina.core.ApplicationFilterChain.doFilter(ApplicationFilterChain.java:144)
		at org.apache.catalina.core.StandardWrapperValve.invoke(StandardWrapperValve.java:168)
		at org.apache.catalina.core.StandardContextValve.invoke(StandardContextValve.java:90)
		at org.apache.catalina.authenticator.AuthenticatorBase.invoke(AuthenticatorBase.java:597)
		at org.apache.catalina.valves.RequestFilterValve.process(RequestFilterValve.java:354)
		at org.apache.catalina.valves.RemoteAddrValve.invoke(RemoteAddrValve.java:54)
		at org.apache.catalina.core.StandardHostValve.invoke(StandardHostValve.java:130)
		at org.apache.catalina.valves.ErrorReportValve.invoke(ErrorReportValve.java:93)
		at org.apache.catalina.valves.AbstractAccessLogValve.invoke(AbstractAccessLogValve.java:656)
		at org.apache.catalina.core.StandardEngineValve.invoke(StandardEngineValve.java:74)
		at org.apache.catalina.connector.CoyoteAdapter.service(CoyoteAdapter.java:346)
		at org.apache.coyote.http11.Http11Processor.service(Http11Processor.java:397)
		at org.apache.coyote.AbstractProcessorLight.process(AbstractProcessorLight.java:63)
		at org.apache.coyote.AbstractProtocol$ConnectionHandler.process(AbstractProtocol.java:935)
		at org.apache.tomcat.util.net.NioEndpoint$SocketProcessor.doRun(NioEndpoint.java:1826)
		at org.apache.tomcat.util.net.SocketProcessorBase.run(SocketProcessorBase.java:52)
		at org.apache.tomcat.util.threads.ThreadPoolExecutor.runWorker(ThreadPoolExecutor.java:1189)
		at org.apache.tomcat.util.threads.ThreadPoolExecutor$Worker.run(ThreadPoolExecutor.java:658)
		at org.apache.tomcat.util.threads.TaskThread$WrappingRunnable.run(TaskThread.java:63)
		at java.lang.Thread.run(Thread.java:748)
08-Apr-2026 23:06:36.468 SEVERE [http-nio-8080-exec-91] org.apache.catalina.startup.ContextConfig.processAnnotationsJar Unable to process Jar entry [org/apache/pdfbox/pdmodel/graphics/shading/PDShadingType1.class] from Jar [file:/D:/github/other/production-management-system/build/web/WEB-INF/lib/pdfbox-2.0.24.jar] for annotations
	java.util.zip.ZipException: error reading zip file
		at java.util.zip.ZipFile.read(Native Method)
		at java.util.zip.ZipFile.access$1400(ZipFile.java:60)
		at java.util.zip.ZipFile$ZipFileInputStream.read(ZipFile.java:734)
		at java.util.zip.ZipFile$ZipFileInflaterInputStream.fill(ZipFile.java:434)
		at java.util.zip.InflaterInputStream.read(InflaterInputStream.java:158)
		at java.io.BufferedInputStream.fill(BufferedInputStream.java:246)
		at java.io.BufferedInputStream.read(BufferedInputStream.java:265)
		at java.io.DataInputStream.readInt(DataInputStream.java:387)
		at org.apache.tomcat.util.bcel.classfile.ClassParser.readID(ClassParser.java:208)
		at org.apache.tomcat.util.bcel.classfile.ClassParser.parse(ClassParser.java:74)
		at org.apache.catalina.startup.ContextConfig.processAnnotationsStream(ContextConfig.java:2243)
		at org.apache.catalina.startup.ContextConfig.processAnnotationsJar(ContextConfig.java:2201)
		at org.apache.catalina.startup.ContextConfig.processAnnotationsUrl(ContextConfig.java:2174)
		at org.apache.catalina.startup.ContextConfig.scanWebXmlFragment(ContextConfig.java:2083)
		at org.apache.catalina.startup.ContextConfig.processAnnotations(ContextConfig.java:2063)
		at org.apache.catalina.startup.ContextConfig.processClasses(ContextConfig.java:1370)
		at org.apache.catalina.startup.ContextConfig.webConfig(ContextConfig.java:1271)
		at org.apache.catalina.startup.ContextConfig.configureStart(ContextConfig.java:972)
		at org.apache.catalina.startup.ContextConfig.lifecycleEvent(ContextConfig.java:290)
		at org.apache.catalina.util.LifecycleBase.fireLifecycleEvent(LifecycleBase.java:109)
		at org.apache.catalina.core.StandardContext.startInternal(StandardContext.java:4407)
		at org.apache.catalina.util.LifecycleBase.start(LifecycleBase.java:164)
		at org.apache.catalina.core.StandardContext.reload(StandardContext.java:3266)
		at org.apache.catalina.manager.ManagerServlet.reload(ManagerServlet.java:1033)
		at org.apache.catalina.manager.ManagerServlet.doGet(ManagerServlet.java:316)
		at javax.servlet.http.HttpServlet.service(HttpServlet.java:529)
		at javax.servlet.http.HttpServlet.service(HttpServlet.java:623)
		at org.apache.catalina.core.ApplicationFilterChain.internalDoFilter(ApplicationFilterChain.java:199)
		at org.apache.catalina.core.ApplicationFilterChain.doFilter(ApplicationFilterChain.java:144)
		at org.apache.tomcat.websocket.server.WsFilter.doFilter(WsFilter.java:51)
		at org.apache.catalina.core.ApplicationFilterChain.internalDoFilter(ApplicationFilterChain.java:168)
		at org.apache.catalina.core.ApplicationFilterChain.doFilter(ApplicationFilterChain.java:144)
		at org.apache.catalina.filters.HttpHeaderSecurityFilter.doFilter(HttpHeaderSecurityFilter.java:129)
		at org.apache.catalina.core.ApplicationFilterChain.internalDoFilter(ApplicationFilterChain.java:168)
		at org.apache.catalina.core.ApplicationFilterChain.doFilter(ApplicationFilterChain.java:144)
		at org.apache.catalina.core.StandardWrapperValve.invoke(StandardWrapperValve.java:168)
		at org.apache.catalina.core.StandardContextValve.invoke(StandardContextValve.java:90)
		at org.apache.catalina.authenticator.AuthenticatorBase.invoke(AuthenticatorBase.java:597)
		at org.apache.catalina.valves.RequestFilterValve.process(RequestFilterValve.java:354)
		at org.apache.catalina.valves.RemoteAddrValve.invoke(RemoteAddrValve.java:54)
		at org.apache.catalina.core.StandardHostValve.invoke(StandardHostValve.java:130)
		at org.apache.catalina.valves.ErrorReportValve.invoke(ErrorReportValve.java:93)
		at org.apache.catalina.valves.AbstractAccessLogValve.invoke(AbstractAccessLogValve.java:656)
		at org.apache.catalina.core.StandardEngineValve.invoke(StandardEngineValve.java:74)
		at org.apache.catalina.connector.CoyoteAdapter.service(CoyoteAdapter.java:346)
		at org.apache.coyote.http11.Http11Processor.service(Http11Processor.java:397)
		at org.apache.coyote.AbstractProcessorLight.process(AbstractProcessorLight.java:63)
		at org.apache.coyote.AbstractProtocol$ConnectionHandler.process(AbstractProtocol.java:935)
		at org.apache.tomcat.util.net.NioEndpoint$SocketProcessor.doRun(NioEndpoint.java:1826)
		at org.apache.tomcat.util.net.SocketProcessorBase.run(SocketProcessorBase.java:52)
		at org.apache.tomcat.util.threads.ThreadPoolExecutor.runWorker(ThreadPoolExecutor.java:1189)
		at org.apache.tomcat.util.threads.ThreadPoolExecutor$Worker.run(ThreadPoolExecutor.java:658)
		at org.apache.tomcat.util.threads.TaskThread$WrappingRunnable.run(TaskThread.java:63)
		at java.lang.Thread.run(Thread.java:748)
08-Apr-2026 23:06:36.546 SEVERE [http-nio-8080-exec-91] org.apache.catalina.startup.ContextConfig.processAnnotationsJar Unable to process Jar entry [org/apache/pdfbox/pdmodel/graphics/shading/PDShadingType2.class] from Jar [file:/D:/github/other/production-management-system/build/web/WEB-INF/lib/pdfbox-2.0.24.jar] for annotations
	java.util.zip.ZipException: error reading zip file
		at java.util.zip.ZipFile.read(Native Method)
		at java.util.zip.ZipFile.access$1400(ZipFile.java:60)
		at java.util.zip.ZipFile$ZipFileInputStream.read(ZipFile.java:734)
		at java.util.zip.ZipFile$ZipFileInflaterInputStream.fill(ZipFile.java:434)
		at java.util.zip.InflaterInputStream.read(InflaterInputStream.java:158)
		at java.io.BufferedInputStream.fill(BufferedInputStream.java:246)
		at java.io.BufferedInputStream.read(BufferedInputStream.java:265)
		at java.io.DataInputStream.readInt(DataInputStream.java:387)
		at org.apache.tomcat.util.bcel.classfile.ClassParser.readID(ClassParser.java:208)
		at org.apache.tomcat.util.bcel.classfile.ClassParser.parse(ClassParser.java:74)
		at org.apache.catalina.startup.ContextConfig.processAnnotationsStream(ContextConfig.java:2243)
		at org.apache.catalina.startup.ContextConfig.processAnnotationsJar(ContextConfig.java:2201)
		at org.apache.catalina.startup.ContextConfig.processAnnotationsUrl(ContextConfig.java:2174)
		at org.apache.catalina.startup.ContextConfig.scanWebXmlFragment(ContextConfig.java:2083)
		at org.apache.catalina.startup.ContextConfig.processAnnotations(ContextConfig.java:2063)
		at org.apache.catalina.startup.ContextConfig.processClasses(ContextConfig.java:1370)
		at org.apache.catalina.startup.ContextConfig.webConfig(ContextConfig.java:1271)
		at org.apache.catalina.startup.ContextConfig.configureStart(ContextConfig.java:972)
		at org.apache.catalina.startup.ContextConfig.lifecycleEvent(ContextConfig.java:290)
		at org.apache.catalina.util.LifecycleBase.fireLifecycleEvent(LifecycleBase.java:109)
		at org.apache.catalina.core.StandardContext.startInternal(StandardContext.java:4407)
		at org.apache.catalina.util.LifecycleBase.start(LifecycleBase.java:164)
		at org.apache.catalina.core.StandardContext.reload(StandardContext.java:3266)
		at org.apache.catalina.manager.ManagerServlet.reload(ManagerServlet.java:1033)
		at org.apache.catalina.manager.ManagerServlet.doGet(ManagerServlet.java:316)
		at javax.servlet.http.HttpServlet.service(HttpServlet.java:529)
		at javax.servlet.http.HttpServlet.service(HttpServlet.java:623)
		at org.apache.catalina.core.ApplicationFilterChain.internalDoFilter(ApplicationFilterChain.java:199)
		at org.apache.catalina.core.ApplicationFilterChain.doFilter(ApplicationFilterChain.java:144)
		at org.apache.tomcat.websocket.server.WsFilter.doFilter(WsFilter.java:51)
		at org.apache.catalina.core.ApplicationFilterChain.internalDoFilter(ApplicationFilterChain.java:168)
		at org.apache.catalina.core.ApplicationFilterChain.doFilter(ApplicationFilterChain.java:144)
		at org.apache.catalina.filters.HttpHeaderSecurityFilter.doFilter(HttpHeaderSecurityFilter.java:129)
		at org.apache.catalina.core.ApplicationFilterChain.internalDoFilter(ApplicationFilterChain.java:168)
		at org.apache.catalina.core.ApplicationFilterChain.doFilter(ApplicationFilterChain.java:144)
		at org.apache.catalina.core.StandardWrapperValve.invoke(StandardWrapperValve.java:168)
		at org.apache.catalina.core.StandardContextValve.invoke(StandardContextValve.java:90)
		at org.apache.catalina.authenticator.AuthenticatorBase.invoke(AuthenticatorBase.java:597)
		at org.apache.catalina.valves.RequestFilterValve.process(RequestFilterValve.java:354)
		at org.apache.catalina.valves.RemoteAddrValve.invoke(RemoteAddrValve.java:54)
		at org.apache.catalina.core.StandardHostValve.invoke(StandardHostValve.java:130)
		at org.apache.catalina.valves.ErrorReportValve.invoke(ErrorReportValve.java:93)
		at org.apache.catalina.valves.AbstractAccessLogValve.invoke(AbstractAccessLogValve.java:656)
		at org.apache.catalina.core.StandardEngineValve.invoke(StandardEngineValve.java:74)
		at org.apache.catalina.connector.CoyoteAdapter.service(CoyoteAdapter.java:346)
		at org.apache.coyote.http11.Http11Processor.service(Http11Processor.java:397)
		at org.apache.coyote.AbstractProcessorLight.process(AbstractProcessorLight.java:63)
		at org.apache.coyote.AbstractProtocol$ConnectionHandler.process(AbstractProtocol.java:935)
		at org.apache.tomcat.util.net.NioEndpoint$SocketProcessor.doRun(NioEndpoint.java:1826)
		at org.apache.tomcat.util.net.SocketProcessorBase.run(SocketProcessorBase.java:52)
		at org.apache.tomcat.util.threads.ThreadPoolExecutor.runWorker(ThreadPoolExecutor.java:1189)
		at org.apache.tomcat.util.threads.ThreadPoolExecutor$Worker.run(ThreadPoolExecutor.java:658)
		at org.apache.tomcat.util.threads.TaskThread$WrappingRunnable.run(TaskThread.java:63)
		at java.lang.Thread.run(Thread.java:748)
08-Apr-2026 23:06:36.622 SEVERE [http-nio-8080-exec-91] org.apache.catalina.startup.ContextConfig.processAnnotationsJar Unable to process Jar entry [org/apache/pdfbox/pdmodel/graphics/shading/PDShadingType3.class] from Jar [file:/D:/github/other/production-management-system/build/web/WEB-INF/lib/pdfbox-2.0.24.jar] for annotations
	java.util.zip.ZipException: error reading zip file
		at java.util.zip.ZipFile.read(Native Method)
		at java.util.zip.ZipFile.access$1400(ZipFile.java:60)
		at java.util.zip.ZipFile$ZipFileInputStream.read(ZipFile.java:734)
		at java.util.zip.ZipFile$ZipFileInflaterInputStream.fill(ZipFile.java:434)
		at java.util.zip.InflaterInputStream.read(InflaterInputStream.java:158)
		at java.io.BufferedInputStream.fill(BufferedInputStream.java:246)
		at java.io.BufferedInputStream.read(BufferedInputStream.java:265)
		at java.io.DataInputStream.readInt(DataInputStream.java:387)
		at org.apache.tomcat.util.bcel.classfile.ClassParser.readID(ClassParser.java:208)
		at org.apache.tomcat.util.bcel.classfile.ClassParser.parse(ClassParser.java:74)
		at org.apache.catalina.startup.ContextConfig.processAnnotationsStream(ContextConfig.java:2243)
		at org.apache.catalina.startup.ContextConfig.processAnnotationsJar(ContextConfig.java:2201)
		at org.apache.catalina.startup.ContextConfig.processAnnotationsUrl(ContextConfig.java:2174)
		at org.apache.catalina.startup.ContextConfig.scanWebXmlFragment(ContextConfig.java:2083)
		at org.apache.catalina.startup.ContextConfig.processAnnotations(ContextConfig.java:2063)
		at org.apache.catalina.startup.ContextConfig.processClasses(ContextConfig.java:1370)
		at org.apache.catalina.startup.ContextConfig.webConfig(ContextConfig.java:1271)
		at org.apache.catalina.startup.ContextConfig.configureStart(ContextConfig.java:972)
		at org.apache.catalina.startup.ContextConfig.lifecycleEvent(ContextConfig.java:290)
		at org.apache.catalina.util.LifecycleBase.fireLifecycleEvent(LifecycleBase.java:109)
		at org.apache.catalina.core.StandardContext.startInternal(StandardContext.java:4407)
		at org.apache.catalina.util.LifecycleBase.start(LifecycleBase.java:164)
		at org.apache.catalina.core.StandardContext.reload(StandardContext.java:3266)
		at org.apache.catalina.manager.ManagerServlet.reload(ManagerServlet.java:1033)
		at org.apache.catalina.manager.ManagerServlet.doGet(ManagerServlet.java:316)
		at javax.servlet.http.HttpServlet.service(HttpServlet.java:529)
		at javax.servlet.http.HttpServlet.service(HttpServlet.java:623)
		at org.apache.catalina.core.ApplicationFilterChain.internalDoFilter(ApplicationFilterChain.java:199)
		at org.apache.catalina.core.ApplicationFilterChain.doFilter(ApplicationFilterChain.java:144)
		at org.apache.tomcat.websocket.server.WsFilter.doFilter(WsFilter.java:51)
		at org.apache.catalina.core.ApplicationFilterChain.internalDoFilter(ApplicationFilterChain.java:168)
		at org.apache.catalina.core.ApplicationFilterChain.doFilter(ApplicationFilterChain.java:144)
		at org.apache.catalina.filters.HttpHeaderSecurityFilter.doFilter(HttpHeaderSecurityFilter.java:129)
		at org.apache.catalina.core.ApplicationFilterChain.internalDoFilter(ApplicationFilterChain.java:168)
		at org.apache.catalina.core.ApplicationFilterChain.doFilter(ApplicationFilterChain.java:144)
		at org.apache.catalina.core.StandardWrapperValve.invoke(StandardWrapperValve.java:168)
		at org.apache.catalina.core.StandardContextValve.invoke(StandardContextValve.java:90)
		at org.apache.catalina.authenticator.AuthenticatorBase.invoke(AuthenticatorBase.java:597)
		at org.apache.catalina.valves.RequestFilterValve.process(RequestFilterValve.java:354)
		at org.apache.catalina.valves.RemoteAddrValve.invoke(RemoteAddrValve.java:54)
		at org.apache.catalina.core.StandardHostValve.invoke(StandardHostValve.java:130)
		at org.apache.catalina.valves.ErrorReportValve.invoke(ErrorReportValve.java:93)
		at org.apache.catalina.valves.AbstractAccessLogValve.invoke(AbstractAccessLogValve.java:656)
		at org.apache.catalina.core.StandardEngineValve.invoke(StandardEngineValve.java:74)
		at org.apache.catalina.connector.CoyoteAdapter.service(CoyoteAdapter.java:346)
		at org.apache.coyote.http11.Http11Processor.service(Http11Processor.java:397)
		at org.apache.coyote.AbstractProcessorLight.process(AbstractProcessorLight.java:63)
		at org.apache.coyote.AbstractProtocol$ConnectionHandler.process(AbstractProtocol.java:935)
		at org.apache.tomcat.util.net.NioEndpoint$SocketProcessor.doRun(NioEndpoint.java:1826)
		at org.apache.tomcat.util.net.SocketProcessorBase.run(SocketProcessorBase.java:52)
		at org.apache.tomcat.util.threads.ThreadPoolExecutor.runWorker(ThreadPoolExecutor.java:1189)
		at org.apache.tomcat.util.threads.ThreadPoolExecutor$Worker.run(ThreadPoolExecutor.java:658)
		at org.apache.tomcat.util.threads.TaskThread$WrappingRunnable.run(TaskThread.java:63)
		at java.lang.Thread.run(Thread.java:748)
08-Apr-2026 23:06:36.700 SEVERE [http-nio-8080-exec-91] org.apache.catalina.startup.ContextConfig.processAnnotationsJar Unable to process Jar entry [org/apache/pdfbox/pdmodel/graphics/shading/PDShadingType4.class] from Jar [file:/D:/github/other/production-management-system/build/web/WEB-INF/lib/pdfbox-2.0.24.jar] for annotations
	java.util.zip.ZipException: error reading zip file
		at java.util.zip.ZipFile.read(Native Method)
		at java.util.zip.ZipFile.access$1400(ZipFile.java:60)
		at java.util.zip.ZipFile$ZipFileInputStream.read(ZipFile.java:734)
		at java.util.zip.ZipFile$ZipFileInflaterInputStream.fill(ZipFile.java:434)
		at java.util.zip.InflaterInputStream.read(InflaterInputStream.java:158)
		at java.io.BufferedInputStream.fill(BufferedInputStream.java:246)
		at java.io.BufferedInputStream.read(BufferedInputStream.java:265)
		at java.io.DataInputStream.readInt(DataInputStream.java:387)
		at org.apache.tomcat.util.bcel.classfile.ClassParser.readID(ClassParser.java:208)
		at org.apache.tomcat.util.bcel.classfile.ClassParser.parse(ClassParser.java:74)
		at org.apache.catalina.startup.ContextConfig.processAnnotationsStream(ContextConfig.java:2243)
		at org.apache.catalina.startup.ContextConfig.processAnnotationsJar(ContextConfig.java:2201)
		at org.apache.catalina.startup.ContextConfig.processAnnotationsUrl(ContextConfig.java:2174)
		at org.apache.catalina.startup.ContextConfig.scanWebXmlFragment(ContextConfig.java:2083)
		at org.apache.catalina.startup.ContextConfig.processAnnotations(ContextConfig.java:2063)
		at org.apache.catalina.startup.ContextConfig.processClasses(ContextConfig.java:1370)
		at org.apache.catalina.startup.ContextConfig.webConfig(ContextConfig.java:1271)
		at org.apache.catalina.startup.ContextConfig.configureStart(ContextConfig.java:972)
		at org.apache.catalina.startup.ContextConfig.lifecycleEvent(ContextConfig.java:290)
		at org.apache.catalina.util.LifecycleBase.fireLifecycleEvent(LifecycleBase.java:109)
		at org.apache.catalina.core.StandardContext.startInternal(StandardContext.java:4407)
		at org.apache.catalina.util.LifecycleBase.start(LifecycleBase.java:164)
		at org.apache.catalina.core.StandardContext.reload(StandardContext.java:3266)
		at org.apache.catalina.manager.ManagerServlet.reload(ManagerServlet.java:1033)
		at org.apache.catalina.manager.ManagerServlet.doGet(ManagerServlet.java:316)
		at javax.servlet.http.HttpServlet.service(HttpServlet.java:529)
		at javax.servlet.http.HttpServlet.service(HttpServlet.java:623)
		at org.apache.catalina.core.ApplicationFilterChain.internalDoFilter(ApplicationFilterChain.java:199)
		at org.apache.catalina.core.ApplicationFilterChain.doFilter(ApplicationFilterChain.java:144)
		at org.apache.tomcat.websocket.server.WsFilter.doFilter(WsFilter.java:51)
		at org.apache.catalina.core.ApplicationFilterChain.internalDoFilter(ApplicationFilterChain.java:168)
		at org.apache.catalina.core.ApplicationFilterChain.doFilter(ApplicationFilterChain.java:144)
		at org.apache.catalina.filters.HttpHeaderSecurityFilter.doFilter(HttpHeaderSecurityFilter.java:129)
		at org.apache.catalina.core.ApplicationFilterChain.internalDoFilter(ApplicationFilterChain.java:168)
		at org.apache.catalina.core.ApplicationFilterChain.doFilter(ApplicationFilterChain.java:144)
		at org.apache.catalina.core.StandardWrapperValve.invoke(StandardWrapperValve.java:168)
		at org.apache.catalina.core.StandardContextValve.invoke(StandardContextValve.java:90)
		at org.apache.catalina.authenticator.AuthenticatorBase.invoke(AuthenticatorBase.java:597)
		at org.apache.catalina.valves.RequestFilterValve.process(RequestFilterValve.java:354)
		at org.apache.catalina.valves.RemoteAddrValve.invoke(RemoteAddrValve.java:54)
		at org.apache.catalina.core.StandardHostValve.invoke(StandardHostValve.java:130)
		at org.apache.catalina.valves.ErrorReportValve.invoke(ErrorReportValve.java:93)
		at org.apache.catalina.valves.AbstractAccessLogValve.invoke(AbstractAccessLogValve.java:656)
		at org.apache.catalina.core.StandardEngineValve.invoke(StandardEngineValve.java:74)
		at org.apache.catalina.connector.CoyoteAdapter.service(CoyoteAdapter.java:346)
		at org.apache.coyote.http11.Http11Processor.service(Http11Processor.java:397)
		at org.apache.coyote.AbstractProcessorLight.process(AbstractProcessorLight.java:63)
		at org.apache.coyote.AbstractProtocol$ConnectionHandler.process(AbstractProtocol.java:935)
		at org.apache.tomcat.util.net.NioEndpoint$SocketProcessor.doRun(NioEndpoint.java:1826)
		at org.apache.tomcat.util.net.SocketProcessorBase.run(SocketProcessorBase.java:52)
		at org.apache.tomcat.util.threads.ThreadPoolExecutor.runWorker(ThreadPoolExecutor.java:1189)
		at org.apache.tomcat.util.threads.ThreadPoolExecutor$Worker.run(ThreadPoolExecutor.java:658)
		at org.apache.tomcat.util.threads.TaskThread$WrappingRunnable.run(TaskThread.java:63)
		at java.lang.Thread.run(Thread.java:748)
08-Apr-2026 23:06:36.778 SEVERE [http-nio-8080-exec-91] org.apache.catalina.startup.ContextConfig.processAnnotationsJar Unable to process Jar entry [org/apache/pdfbox/pdmodel/graphics/shading/PDShadingType5.class] from Jar [file:/D:/github/other/production-management-system/build/web/WEB-INF/lib/pdfbox-2.0.24.jar] for annotations
	java.util.zip.ZipException: error reading zip file
		at java.util.zip.ZipFile.read(Native Method)
		at java.util.zip.ZipFile.access$1400(ZipFile.java:60)
		at java.util.zip.ZipFile$ZipFileInputStream.read(ZipFile.java:734)
		at java.util.zip.ZipFile$ZipFileInflaterInputStream.fill(ZipFile.java:434)
		at java.util.zip.InflaterInputStream.read(InflaterInputStream.java:158)
		at java.io.BufferedInputStream.fill(BufferedInputStream.java:246)
		at java.io.BufferedInputStream.read(BufferedInputStream.java:265)
		at java.io.DataInputStream.readInt(DataInputStream.java:387)
		at org.apache.tomcat.util.bcel.classfile.ClassParser.readID(ClassParser.java:208)
		at org.apache.tomcat.util.bcel.classfile.ClassParser.parse(ClassParser.java:74)
		at org.apache.catalina.startup.ContextConfig.processAnnotationsStream(ContextConfig.java:2243)
		at org.apache.catalina.startup.ContextConfig.processAnnotationsJar(ContextConfig.java:2201)
		at org.apache.catalina.startup.ContextConfig.processAnnotationsUrl(ContextConfig.java:2174)
		at org.apache.catalina.startup.ContextConfig.scanWebXmlFragment(ContextConfig.java:2083)
		at org.apache.catalina.startup.ContextConfig.processAnnotations(ContextConfig.java:2063)
		at org.apache.catalina.startup.ContextConfig.processClasses(ContextConfig.java:1370)
		at org.apache.catalina.startup.ContextConfig.webConfig(ContextConfig.java:1271)
		at org.apache.catalina.startup.ContextConfig.configureStart(ContextConfig.java:972)
		at org.apache.catalina.startup.ContextConfig.lifecycleEvent(ContextConfig.java:290)
		at org.apache.catalina.util.LifecycleBase.fireLifecycleEvent(LifecycleBase.java:109)
		at org.apache.catalina.core.StandardContext.startInternal(StandardContext.java:4407)
		at org.apache.catalina.util.LifecycleBase.start(LifecycleBase.java:164)
		at org.apache.catalina.core.StandardContext.reload(StandardContext.java:3266)
		at org.apache.catalina.manager.ManagerServlet.reload(ManagerServlet.java:1033)
		at org.apache.catalina.manager.ManagerServlet.doGet(ManagerServlet.java:316)
		at javax.servlet.http.HttpServlet.service(HttpServlet.java:529)
		at javax.servlet.http.HttpServlet.service(HttpServlet.java:623)
		at org.apache.catalina.core.ApplicationFilterChain.internalDoFilter(ApplicationFilterChain.java:199)
		at org.apache.catalina.core.ApplicationFilterChain.doFilter(ApplicationFilterChain.java:144)
		at org.apache.tomcat.websocket.server.WsFilter.doFilter(WsFilter.java:51)
		at org.apache.catalina.core.ApplicationFilterChain.internalDoFilter(ApplicationFilterChain.java:168)
		at org.apache.catalina.core.ApplicationFilterChain.doFilter(ApplicationFilterChain.java:144)
		at org.apache.catalina.filters.HttpHeaderSecurityFilter.doFilter(HttpHeaderSecurityFilter.java:129)
		at org.apache.catalina.core.ApplicationFilterChain.internalDoFilter(ApplicationFilterChain.java:168)
		at org.apache.catalina.core.ApplicationFilterChain.doFilter(ApplicationFilterChain.java:144)
		at org.apache.catalina.core.StandardWrapperValve.invoke(StandardWrapperValve.java:168)
		at org.apache.catalina.core.StandardContextValve.invoke(StandardContextValve.java:90)
		at org.apache.catalina.authenticator.AuthenticatorBase.invoke(AuthenticatorBase.java:597)
		at org.apache.catalina.valves.RequestFilterValve.process(RequestFilterValve.java:354)
		at org.apache.catalina.valves.RemoteAddrValve.invoke(RemoteAddrValve.java:54)
		at org.apache.catalina.core.StandardHostValve.invoke(StandardHostValve.java:130)
		at org.apache.catalina.valves.ErrorReportValve.invoke(ErrorReportValve.java:93)
		at org.apache.catalina.valves.AbstractAccessLogValve.invoke(AbstractAccessLogValve.java:656)
		at org.apache.catalina.core.StandardEngineValve.invoke(StandardEngineValve.java:74)
		at org.apache.catalina.connector.CoyoteAdapter.service(CoyoteAdapter.java:346)
		at org.apache.coyote.http11.Http11Processor.service(Http11Processor.java:397)
		at org.apache.coyote.AbstractProcessorLight.process(AbstractProcessorLight.java:63)
		at org.apache.coyote.AbstractProtocol$ConnectionHandler.process(AbstractProtocol.java:935)
		at org.apache.tomcat.util.net.NioEndpoint$SocketProcessor.doRun(NioEndpoint.java:1826)
		at org.apache.tomcat.util.net.SocketProcessorBase.run(SocketProcessorBase.java:52)
		at org.apache.tomcat.util.threads.ThreadPoolExecutor.runWorker(ThreadPoolExecutor.java:1189)
		at org.apache.tomcat.util.threads.ThreadPoolExecutor$Worker.run(ThreadPoolExecutor.java:658)
		at org.apache.tomcat.util.threads.TaskThread$WrappingRunnable.run(TaskThread.java:63)
		at java.lang.Thread.run(Thread.java:748)
08-Apr-2026 23:06:36.855 SEVERE [http-nio-8080-exec-91] org.apache.catalina.startup.ContextConfig.processAnnotationsJar Unable to process Jar entry [org/apache/pdfbox/pdmodel/graphics/shading/PDShadingType6.class] from Jar [file:/D:/github/other/production-management-system/build/web/WEB-INF/lib/pdfbox-2.0.24.jar] for annotations
	java.util.zip.ZipException: error reading zip file
		at java.util.zip.ZipFile.read(Native Method)
		at java.util.zip.ZipFile.access$1400(ZipFile.java:60)
		at java.util.zip.ZipFile$ZipFileInputStream.read(ZipFile.java:734)
		at java.util.zip.ZipFile$ZipFileInflaterInputStream.fill(ZipFile.java:434)
		at java.util.zip.InflaterInputStream.read(InflaterInputStream.java:158)
		at java.io.BufferedInputStream.fill(BufferedInputStream.java:246)
		at java.io.BufferedInputStream.read(BufferedInputStream.java:265)
		at java.io.DataInputStream.readInt(DataInputStream.java:387)
		at org.apache.tomcat.util.bcel.classfile.ClassParser.readID(ClassParser.java:208)
		at org.apache.tomcat.util.bcel.classfile.ClassParser.parse(ClassParser.java:74)
		at org.apache.catalina.startup.ContextConfig.processAnnotationsStream(ContextConfig.java:2243)
		at org.apache.catalina.startup.ContextConfig.processAnnotationsJar(ContextConfig.java:2201)
		at org.apache.catalina.startup.ContextConfig.processAnnotationsUrl(ContextConfig.java:2174)
		at org.apache.catalina.startup.ContextConfig.scanWebXmlFragment(ContextConfig.java:2083)
		at org.apache.catalina.startup.ContextConfig.processAnnotations(ContextConfig.java:2063)
		at org.apache.catalina.startup.ContextConfig.processClasses(ContextConfig.java:1370)
		at org.apache.catalina.startup.ContextConfig.webConfig(ContextConfig.java:1271)
		at org.apache.catalina.startup.ContextConfig.configureStart(ContextConfig.java:972)
		at org.apache.catalina.startup.ContextConfig.lifecycleEvent(ContextConfig.java:290)
		at org.apache.catalina.util.LifecycleBase.fireLifecycleEvent(LifecycleBase.java:109)
		at org.apache.catalina.core.StandardContext.startInternal(StandardContext.java:4407)
		at org.apache.catalina.util.LifecycleBase.start(LifecycleBase.java:164)
		at org.apache.catalina.core.StandardContext.reload(StandardContext.java:3266)
		at org.apache.catalina.manager.ManagerServlet.reload(ManagerServlet.java:1033)
		at org.apache.catalina.manager.ManagerServlet.doGet(ManagerServlet.java:316)
		at javax.servlet.http.HttpServlet.service(HttpServlet.java:529)
		at javax.servlet.http.HttpServlet.service(HttpServlet.java:623)
		at org.apache.catalina.core.ApplicationFilterChain.internalDoFilter(ApplicationFilterChain.java:199)
		at org.apache.catalina.core.ApplicationFilterChain.doFilter(ApplicationFilterChain.java:144)
		at org.apache.tomcat.websocket.server.WsFilter.doFilter(WsFilter.java:51)
		at org.apache.catalina.core.ApplicationFilterChain.internalDoFilter(ApplicationFilterChain.java:168)
		at org.apache.catalina.core.ApplicationFilterChain.doFilter(ApplicationFilterChain.java:144)
		at org.apache.catalina.filters.HttpHeaderSecurityFilter.doFilter(HttpHeaderSecurityFilter.java:129)
		at org.apache.catalina.core.ApplicationFilterChain.internalDoFilter(ApplicationFilterChain.java:168)
		at org.apache.catalina.core.ApplicationFilterChain.doFilter(ApplicationFilterChain.java:144)
		at org.apache.catalina.core.StandardWrapperValve.invoke(StandardWrapperValve.java:168)
		at org.apache.catalina.core.StandardContextValve.invoke(StandardContextValve.java:90)
		at org.apache.catalina.authenticator.AuthenticatorBase.invoke(AuthenticatorBase.java:597)
		at org.apache.catalina.valves.RequestFilterValve.process(RequestFilterValve.java:354)
		at org.apache.catalina.valves.RemoteAddrValve.invoke(RemoteAddrValve.java:54)
		at org.apache.catalina.core.StandardHostValve.invoke(StandardHostValve.java:130)
		at org.apache.catalina.valves.ErrorReportValve.invoke(ErrorReportValve.java:93)
		at org.apache.catalina.valves.AbstractAccessLogValve.invoke(AbstractAccessLogValve.java:656)
		at org.apache.catalina.core.StandardEngineValve.invoke(StandardEngineValve.java:74)
		at org.apache.catalina.connector.CoyoteAdapter.service(CoyoteAdapter.java:346)
		at org.apache.coyote.http11.Http11Processor.service(Http11Processor.java:397)
		at org.apache.coyote.AbstractProcessorLight.process(AbstractProcessorLight.java:63)
		at org.apache.coyote.AbstractProtocol$ConnectionHandler.process(AbstractProtocol.java:935)
		at org.apache.tomcat.util.net.NioEndpoint$SocketProcessor.doRun(NioEndpoint.java:1826)
		at org.apache.tomcat.util.net.SocketProcessorBase.run(SocketProcessorBase.java:52)
		at org.apache.tomcat.util.threads.ThreadPoolExecutor.runWorker(ThreadPoolExecutor.java:1189)
		at org.apache.tomcat.util.threads.ThreadPoolExecutor$Worker.run(ThreadPoolExecutor.java:658)
		at org.apache.tomcat.util.threads.TaskThread$WrappingRunnable.run(TaskThread.java:63)
		at java.lang.Thread.run(Thread.java:748)
08-Apr-2026 23:06:36.933 SEVERE [http-nio-8080-exec-91] org.apache.catalina.startup.ContextConfig.processAnnotationsJar Unable to process Jar entry [org/apache/pdfbox/pdmodel/graphics/shading/PDShadingType7.class] from Jar [file:/D:/github/other/production-management-system/build/web/WEB-INF/lib/pdfbox-2.0.24.jar] for annotations
	java.util.zip.ZipException: error reading zip file
		at java.util.zip.ZipFile.read(Native Method)
		at java.util.zip.ZipFile.access$1400(ZipFile.java:60)
		at java.util.zip.ZipFile$ZipFileInputStream.read(ZipFile.java:734)
		at java.util.zip.ZipFile$ZipFileInflaterInputStream.fill(ZipFile.java:434)
		at java.util.zip.InflaterInputStream.read(InflaterInputStream.java:158)
		at java.io.BufferedInputStream.fill(BufferedInputStream.java:246)
		at java.io.BufferedInputStream.read(BufferedInputStream.java:265)
		at java.io.DataInputStream.readInt(DataInputStream.java:387)
		at org.apache.tomcat.util.bcel.classfile.ClassParser.readID(ClassParser.java:208)
		at org.apache.tomcat.util.bcel.classfile.ClassParser.parse(ClassParser.java:74)
		at org.apache.catalina.startup.ContextConfig.processAnnotationsStream(ContextConfig.java:2243)
		at org.apache.catalina.startup.ContextConfig.processAnnotationsJar(ContextConfig.java:2201)
		at org.apache.catalina.startup.ContextConfig.processAnnotationsUrl(ContextConfig.java:2174)
		at org.apache.catalina.startup.ContextConfig.scanWebXmlFragment(ContextConfig.java:2083)
		at org.apache.catalina.startup.ContextConfig.processAnnotations(ContextConfig.java:2063)
		at org.apache.catalina.startup.ContextConfig.processClasses(ContextConfig.java:1370)
		at org.apache.catalina.startup.ContextConfig.webConfig(ContextConfig.java:1271)
		at org.apache.catalina.startup.ContextConfig.configureStart(ContextConfig.java:972)
		at org.apache.catalina.startup.ContextConfig.lifecycleEvent(ContextConfig.java:290)
		at org.apache.catalina.util.LifecycleBase.fireLifecycleEvent(LifecycleBase.java:109)
		at org.apache.catalina.core.StandardContext.startInternal(StandardContext.java:4407)
		at org.apache.catalina.util.LifecycleBase.start(LifecycleBase.java:164)
		at org.apache.catalina.core.StandardContext.reload(StandardContext.java:3266)
		at org.apache.catalina.manager.ManagerServlet.reload(ManagerServlet.java:1033)
		at org.apache.catalina.manager.ManagerServlet.doGet(ManagerServlet.java:316)
		at javax.servlet.http.HttpServlet.service(HttpServlet.java:529)
		at javax.servlet.http.HttpServlet.service(HttpServlet.java:623)
		at org.apache.catalina.core.ApplicationFilterChain.internalDoFilter(ApplicationFilterChain.java:199)
		at org.apache.catalina.core.ApplicationFilterChain.doFilter(ApplicationFilterChain.java:144)
		at org.apache.tomcat.websocket.server.WsFilter.doFilter(WsFilter.java:51)
		at org.apache.catalina.core.ApplicationFilterChain.internalDoFilter(ApplicationFilterChain.java:168)
		at org.apache.catalina.core.ApplicationFilterChain.doFilter(ApplicationFilterChain.java:144)
		at org.apache.catalina.filters.HttpHeaderSecurityFilter.doFilter(HttpHeaderSecurityFilter.java:129)
		at org.apache.catalina.core.ApplicationFilterChain.internalDoFilter(ApplicationFilterChain.java:168)
		at org.apache.catalina.core.ApplicationFilterChain.doFilter(ApplicationFilterChain.java:144)
		at org.apache.catalina.core.StandardWrapperValve.invoke(StandardWrapperValve.java:168)
		at org.apache.catalina.core.StandardContextValve.invoke(StandardContextValve.java:90)
		at org.apache.catalina.authenticator.AuthenticatorBase.invoke(AuthenticatorBase.java:597)
		at org.apache.catalina.valves.RequestFilterValve.process(RequestFilterValve.java:354)
		at org.apache.catalina.valves.RemoteAddrValve.invoke(RemoteAddrValve.java:54)
		at org.apache.catalina.core.StandardHostValve.invoke(StandardHostValve.java:130)
		at org.apache.catalina.valves.ErrorReportValve.invoke(ErrorReportValve.java:93)
		at org.apache.catalina.valves.AbstractAccessLogValve.invoke(AbstractAccessLogValve.java:656)
		at org.apache.catalina.core.StandardEngineValve.invoke(StandardEngineValve.java:74)
		at org.apache.catalina.connector.CoyoteAdapter.service(CoyoteAdapter.java:346)
		at org.apache.coyote.http11.Http11Processor.service(Http11Processor.java:397)
		at org.apache.coyote.AbstractProcessorLight.process(AbstractProcessorLight.java:63)
		at org.apache.coyote.AbstractProtocol$ConnectionHandler.process(AbstractProtocol.java:935)
		at org.apache.tomcat.util.net.NioEndpoint$SocketProcessor.doRun(NioEndpoint.java:1826)
		at org.apache.tomcat.util.net.SocketProcessorBase.run(SocketProcessorBase.java:52)
		at org.apache.tomcat.util.threads.ThreadPoolExecutor.runWorker(ThreadPoolExecutor.java:1189)
		at org.apache.tomcat.util.threads.ThreadPoolExecutor$Worker.run(ThreadPoolExecutor.java:658)
		at org.apache.tomcat.util.threads.TaskThread$WrappingRunnable.run(TaskThread.java:63)
		at java.lang.Thread.run(Thread.java:748)
08-Apr-2026 23:06:37.010 SEVERE [http-nio-8080-exec-91] org.apache.catalina.startup.ContextConfig.processAnnotationsJar Unable to process Jar entry [org/apache/pdfbox/pdmodel/graphics/shading/PDTriangleBasedShadingType.class] from Jar [file:/D:/github/other/production-management-system/build/web/WEB-INF/lib/pdfbox-2.0.24.jar] for annotations
	java.util.zip.ZipException: error reading zip file
		at java.util.zip.ZipFile.read(Native Method)
		at java.util.zip.ZipFile.access$1400(ZipFile.java:60)
		at java.util.zip.ZipFile$ZipFileInputStream.read(ZipFile.java:734)
		at java.util.zip.ZipFile$ZipFileInflaterInputStream.fill(ZipFile.java:434)
		at java.util.zip.InflaterInputStream.read(InflaterInputStream.java:158)
		at java.io.BufferedInputStream.fill(BufferedInputStream.java:246)
		at java.io.BufferedInputStream.read(BufferedInputStream.java:265)
		at java.io.DataInputStream.readInt(DataInputStream.java:387)
		at org.apache.tomcat.util.bcel.classfile.ClassParser.readID(ClassParser.java:208)
		at org.apache.tomcat.util.bcel.classfile.ClassParser.parse(ClassParser.java:74)
		at org.apache.catalina.startup.ContextConfig.processAnnotationsStream(ContextConfig.java:2243)
		at org.apache.catalina.startup.ContextConfig.processAnnotationsJar(ContextConfig.java:2201)
		at org.apache.catalina.startup.ContextConfig.processAnnotationsUrl(ContextConfig.java:2174)
		at org.apache.catalina.startup.ContextConfig.scanWebXmlFragment(ContextConfig.java:2083)
		at org.apache.catalina.startup.ContextConfig.processAnnotations(ContextConfig.java:2063)
		at org.apache.catalina.startup.ContextConfig.processClasses(ContextConfig.java:1370)
		at org.apache.catalina.startup.ContextConfig.webConfig(ContextConfig.java:1271)
		at org.apache.catalina.startup.ContextConfig.configureStart(ContextConfig.java:972)
		at org.apache.catalina.startup.ContextConfig.lifecycleEvent(ContextConfig.java:290)
		at org.apache.catalina.util.LifecycleBase.fireLifecycleEvent(LifecycleBase.java:109)
		at org.apache.catalina.core.StandardContext.startInternal(StandardContext.java:4407)
		at org.apache.catalina.util.LifecycleBase.start(LifecycleBase.java:164)
		at org.apache.catalina.core.StandardContext.reload(StandardContext.java:3266)
		at org.apache.catalina.manager.ManagerServlet.reload(ManagerServlet.java:1033)
		at org.apache.catalina.manager.ManagerServlet.doGet(ManagerServlet.java:316)
		at javax.servlet.http.HttpServlet.service(HttpServlet.java:529)
		at javax.servlet.http.HttpServlet.service(HttpServlet.java:623)
		at org.apache.catalina.core.ApplicationFilterChain.internalDoFilter(ApplicationFilterChain.java:199)
		at org.apache.catalina.core.ApplicationFilterChain.doFilter(ApplicationFilterChain.java:144)
		at org.apache.tomcat.websocket.server.WsFilter.doFilter(WsFilter.java:51)
		at org.apache.catalina.core.ApplicationFilterChain.internalDoFilter(ApplicationFilterChain.java:168)
		at org.apache.catalina.core.ApplicationFilterChain.doFilter(ApplicationFilterChain.java:144)
		at org.apache.catalina.filters.HttpHeaderSecurityFilter.doFilter(HttpHeaderSecurityFilter.java:129)
		at org.apache.catalina.core.ApplicationFilterChain.internalDoFilter(ApplicationFilterChain.java:168)
		at org.apache.catalina.core.ApplicationFilterChain.doFilter(ApplicationFilterChain.java:144)
		at org.apache.catalina.core.StandardWrapperValve.invoke(StandardWrapperValve.java:168)
		at org.apache.catalina.core.StandardContextValve.invoke(StandardContextValve.java:90)
		at org.apache.catalina.authenticator.AuthenticatorBase.invoke(AuthenticatorBase.java:597)
		at org.apache.catalina.valves.RequestFilterValve.process(RequestFilterValve.java:354)
		at org.apache.catalina.valves.RemoteAddrValve.invoke(RemoteAddrValve.java:54)
		at org.apache.catalina.core.StandardHostValve.invoke(StandardHostValve.java:130)
		at org.apache.catalina.valves.ErrorReportValve.invoke(ErrorReportValve.java:93)
		at org.apache.catalina.valves.AbstractAccessLogValve.invoke(AbstractAccessLogValve.java:656)
		at org.apache.catalina.core.StandardEngineValve.invoke(StandardEngineValve.java:74)
		at org.apache.catalina.connector.CoyoteAdapter.service(CoyoteAdapter.java:346)
		at org.apache.coyote.http11.Http11Processor.service(Http11Processor.java:397)
		at org.apache.coyote.AbstractProcessorLight.process(AbstractProcessorLight.java:63)
		at org.apache.coyote.AbstractProtocol$ConnectionHandler.process(AbstractProtocol.java:935)
		at org.apache.tomcat.util.net.NioEndpoint$SocketProcessor.doRun(NioEndpoint.java:1826)
		at org.apache.tomcat.util.net.SocketProcessorBase.run(SocketProcessorBase.java:52)
		at org.apache.tomcat.util.threads.ThreadPoolExecutor.runWorker(ThreadPoolExecutor.java:1189)
		at org.apache.tomcat.util.threads.ThreadPoolExecutor$Worker.run(ThreadPoolExecutor.java:658)
		at org.apache.tomcat.util.threads.TaskThread$WrappingRunnable.run(TaskThread.java:63)
		at java.lang.Thread.run(Thread.java:748)
08-Apr-2026 23:06:37.087 SEVERE [http-nio-8080-exec-91] org.apache.catalina.startup.ContextConfig.processAnnotationsJar Unable to process Jar entry [org/apache/pdfbox/pdmodel/graphics/shading/Patch.class] from Jar [file:/D:/github/other/production-management-system/build/web/WEB-INF/lib/pdfbox-2.0.24.jar] for annotations
	java.util.zip.ZipException: error reading zip file
		at java.util.zip.ZipFile.read(Native Method)
		at java.util.zip.ZipFile.access$1400(ZipFile.java:60)
		at java.util.zip.ZipFile$ZipFileInputStream.read(ZipFile.java:734)
		at java.util.zip.ZipFile$ZipFileInflaterInputStream.fill(ZipFile.java:434)
		at java.util.zip.InflaterInputStream.read(InflaterInputStream.java:158)
		at java.io.BufferedInputStream.fill(BufferedInputStream.java:246)
		at java.io.BufferedInputStream.read(BufferedInputStream.java:265)
		at java.io.DataInputStream.readInt(DataInputStream.java:387)
		at org.apache.tomcat.util.bcel.classfile.ClassParser.readID(ClassParser.java:208)
		at org.apache.tomcat.util.bcel.classfile.ClassParser.parse(ClassParser.java:74)
		at org.apache.catalina.startup.ContextConfig.processAnnotationsStream(ContextConfig.java:2243)
		at org.apache.catalina.startup.ContextConfig.processAnnotationsJar(ContextConfig.java:2201)
		at org.apache.catalina.startup.ContextConfig.processAnnotationsUrl(ContextConfig.java:2174)
		at org.apache.catalina.startup.ContextConfig.scanWebXmlFragment(ContextConfig.java:2083)
		at org.apache.catalina.startup.ContextConfig.processAnnotations(ContextConfig.java:2063)
		at org.apache.catalina.startup.ContextConfig.processClasses(ContextConfig.java:1370)
		at org.apache.catalina.startup.ContextConfig.webConfig(ContextConfig.java:1271)
		at org.apache.catalina.startup.ContextConfig.configureStart(ContextConfig.java:972)
		at org.apache.catalina.startup.ContextConfig.lifecycleEvent(ContextConfig.java:290)
		at org.apache.catalina.util.LifecycleBase.fireLifecycleEvent(LifecycleBase.java:109)
		at org.apache.catalina.core.StandardContext.startInternal(StandardContext.java:4407)
		at org.apache.catalina.util.LifecycleBase.start(LifecycleBase.java:164)
		at org.apache.catalina.core.StandardContext.reload(StandardContext.java:3266)
		at org.apache.catalina.manager.ManagerServlet.reload(ManagerServlet.java:1033)
		at org.apache.catalina.manager.ManagerServlet.doGet(ManagerServlet.java:316)
		at javax.servlet.http.HttpServlet.service(HttpServlet.java:529)
		at javax.servlet.http.HttpServlet.service(HttpServlet.java:623)
		at org.apache.catalina.core.ApplicationFilterChain.internalDoFilter(ApplicationFilterChain.java:199)
		at org.apache.catalina.core.ApplicationFilterChain.doFilter(ApplicationFilterChain.java:144)
		at org.apache.tomcat.websocket.server.WsFilter.doFilter(WsFilter.java:51)
		at org.apache.catalina.core.ApplicationFilterChain.internalDoFilter(ApplicationFilterChain.java:168)
		at org.apache.catalina.core.ApplicationFilterChain.doFilter(ApplicationFilterChain.java:144)
		at org.apache.catalina.filters.HttpHeaderSecurityFilter.doFilter(HttpHeaderSecurityFilter.java:129)
		at org.apache.catalina.core.ApplicationFilterChain.internalDoFilter(ApplicationFilterChain.java:168)
		at org.apache.catalina.core.ApplicationFilterChain.doFilter(ApplicationFilterChain.java:144)
		at org.apache.catalina.core.StandardWrapperValve.invoke(StandardWrapperValve.java:168)
		at org.apache.catalina.core.StandardContextValve.invoke(StandardContextValve.java:90)
		at org.apache.catalina.authenticator.AuthenticatorBase.invoke(AuthenticatorBase.java:597)
		at org.apache.catalina.valves.RequestFilterValve.process(RequestFilterValve.java:354)
		at org.apache.catalina.valves.RemoteAddrValve.invoke(RemoteAddrValve.java:54)
		at org.apache.catalina.core.StandardHostValve.invoke(StandardHostValve.java:130)
		at org.apache.catalina.valves.ErrorReportValve.invoke(ErrorReportValve.java:93)
		at org.apache.catalina.valves.AbstractAccessLogValve.invoke(AbstractAccessLogValve.java:656)
		at org.apache.catalina.core.StandardEngineValve.invoke(StandardEngineValve.java:74)
		at org.apache.catalina.connector.CoyoteAdapter.service(CoyoteAdapter.java:346)
		at org.apache.coyote.http11.Http11Processor.service(Http11Processor.java:397)
		at org.apache.coyote.AbstractProcessorLight.process(AbstractProcessorLight.java:63)
		at org.apache.coyote.AbstractProtocol$ConnectionHandler.process(AbstractProtocol.java:935)
		at org.apache.tomcat.util.net.NioEndpoint$SocketProcessor.doRun(NioEndpoint.java:1826)
		at org.apache.tomcat.util.net.SocketProcessorBase.run(SocketProcessorBase.java:52)
		at org.apache.tomcat.util.threads.ThreadPoolExecutor.runWorker(ThreadPoolExecutor.java:1189)
		at org.apache.tomcat.util.threads.ThreadPoolExecutor$Worker.run(ThreadPoolExecutor.java:658)
		at org.apache.tomcat.util.threads.TaskThread$WrappingRunnable.run(TaskThread.java:63)
		at java.lang.Thread.run(Thread.java:748)
08-Apr-2026 23:06:37.166 SEVERE [http-nio-8080-exec-91] org.apache.catalina.startup.ContextConfig.processAnnotationsJar Unable to process Jar entry [org/apache/pdfbox/pdmodel/graphics/shading/PatchMeshesShadingContext.class] from Jar [file:/D:/github/other/production-management-system/build/web/WEB-INF/lib/pdfbox-2.0.24.jar] for annotations
	java.util.zip.ZipException: error reading zip file
		at java.util.zip.ZipFile.read(Native Method)
		at java.util.zip.ZipFile.access$1400(ZipFile.java:60)
		at java.util.zip.ZipFile$ZipFileInputStream.read(ZipFile.java:734)
		at java.util.zip.ZipFile$ZipFileInflaterInputStream.fill(ZipFile.java:434)
		at java.util.zip.InflaterInputStream.read(InflaterInputStream.java:158)
		at java.io.BufferedInputStream.fill(BufferedInputStream.java:246)
		at java.io.BufferedInputStream.read(BufferedInputStream.java:265)
		at java.io.DataInputStream.readInt(DataInputStream.java:387)
		at org.apache.tomcat.util.bcel.classfile.ClassParser.readID(ClassParser.java:208)
		at org.apache.tomcat.util.bcel.classfile.ClassParser.parse(ClassParser.java:74)
		at org.apache.catalina.startup.ContextConfig.processAnnotationsStream(ContextConfig.java:2243)
		at org.apache.catalina.startup.ContextConfig.processAnnotationsJar(ContextConfig.java:2201)
		at org.apache.catalina.startup.ContextConfig.processAnnotationsUrl(ContextConfig.java:2174)
		at org.apache.catalina.startup.ContextConfig.scanWebXmlFragment(ContextConfig.java:2083)
		at org.apache.catalina.startup.ContextConfig.processAnnotations(ContextConfig.java:2063)
		at org.apache.catalina.startup.ContextConfig.processClasses(ContextConfig.java:1370)
		at org.apache.catalina.startup.ContextConfig.webConfig(ContextConfig.java:1271)
		at org.apache.catalina.startup.ContextConfig.configureStart(ContextConfig.java:972)
		at org.apache.catalina.startup.ContextConfig.lifecycleEvent(ContextConfig.java:290)
		at org.apache.catalina.util.LifecycleBase.fireLifecycleEvent(LifecycleBase.java:109)
		at org.apache.catalina.core.StandardContext.startInternal(StandardContext.java:4407)
		at org.apache.catalina.util.LifecycleBase.start(LifecycleBase.java:164)
		at org.apache.catalina.core.StandardContext.reload(StandardContext.java:3266)
		at org.apache.catalina.manager.ManagerServlet.reload(ManagerServlet.java:1033)
		at org.apache.catalina.manager.ManagerServlet.doGet(ManagerServlet.java:316)
		at javax.servlet.http.HttpServlet.service(HttpServlet.java:529)
		at javax.servlet.http.HttpServlet.service(HttpServlet.java:623)
		at org.apache.catalina.core.ApplicationFilterChain.internalDoFilter(ApplicationFilterChain.java:199)
		at org.apache.catalina.core.ApplicationFilterChain.doFilter(ApplicationFilterChain.java:144)
		at org.apache.tomcat.websocket.server.WsFilter.doFilter(WsFilter.java:51)
		at org.apache.catalina.core.ApplicationFilterChain.internalDoFilter(ApplicationFilterChain.java:168)
		at org.apache.catalina.core.ApplicationFilterChain.doFilter(ApplicationFilterChain.java:144)
		at org.apache.catalina.filters.HttpHeaderSecurityFilter.doFilter(HttpHeaderSecurityFilter.java:129)
		at org.apache.catalina.core.ApplicationFilterChain.internalDoFilter(ApplicationFilterChain.java:168)
		at org.apache.catalina.core.ApplicationFilterChain.doFilter(ApplicationFilterChain.java:144)
		at org.apache.catalina.core.StandardWrapperValve.invoke(StandardWrapperValve.java:168)
		at org.apache.catalina.core.StandardContextValve.invoke(StandardContextValve.java:90)
		at org.apache.catalina.authenticator.AuthenticatorBase.invoke(AuthenticatorBase.java:597)
		at org.apache.catalina.valves.RequestFilterValve.process(RequestFilterValve.java:354)
		at org.apache.catalina.valves.RemoteAddrValve.invoke(RemoteAddrValve.java:54)
		at org.apache.catalina.core.StandardHostValve.invoke(StandardHostValve.java:130)
		at org.apache.catalina.valves.ErrorReportValve.invoke(ErrorReportValve.java:93)
		at org.apache.catalina.valves.AbstractAccessLogValve.invoke(AbstractAccessLogValve.java:656)
		at org.apache.catalina.core.StandardEngineValve.invoke(StandardEngineValve.java:74)
		at org.apache.catalina.connector.CoyoteAdapter.service(CoyoteAdapter.java:346)
		at org.apache.coyote.http11.Http11Processor.service(Http11Processor.java:397)
		at org.apache.coyote.AbstractProcessorLight.process(AbstractProcessorLight.java:63)
		at org.apache.coyote.AbstractProtocol$ConnectionHandler.process(AbstractProtocol.java:935)
		at org.apache.tomcat.util.net.NioEndpoint$SocketProcessor.doRun(NioEndpoint.java:1826)
		at org.apache.tomcat.util.net.SocketProcessorBase.run(SocketProcessorBase.java:52)
		at org.apache.tomcat.util.threads.ThreadPoolExecutor.runWorker(ThreadPoolExecutor.java:1189)
		at org.apache.tomcat.util.threads.ThreadPoolExecutor$Worker.run(ThreadPoolExecutor.java:658)
		at org.apache.tomcat.util.threads.TaskThread$WrappingRunnable.run(TaskThread.java:63)
		at java.lang.Thread.run(Thread.java:748)
08-Apr-2026 23:06:37.243 SEVERE [http-nio-8080-exec-91] org.apache.catalina.startup.ContextConfig.processAnnotationsJar Unable to process Jar entry [org/apache/pdfbox/pdmodel/graphics/shading/RadialShadingContext.class] from Jar [file:/D:/github/other/production-management-system/build/web/WEB-INF/lib/pdfbox-2.0.24.jar] for annotations
	java.util.zip.ZipException: error reading zip file
		at java.util.zip.ZipFile.read(Native Method)
		at java.util.zip.ZipFile.access$1400(ZipFile.java:60)
		at java.util.zip.ZipFile$ZipFileInputStream.read(ZipFile.java:734)
		at java.util.zip.ZipFile$ZipFileInflaterInputStream.fill(ZipFile.java:434)
		at java.util.zip.InflaterInputStream.read(InflaterInputStream.java:158)
		at java.io.BufferedInputStream.fill(BufferedInputStream.java:246)
		at java.io.BufferedInputStream.read(BufferedInputStream.java:265)
		at java.io.DataInputStream.readInt(DataInputStream.java:387)
		at org.apache.tomcat.util.bcel.classfile.ClassParser.readID(ClassParser.java:208)
		at org.apache.tomcat.util.bcel.classfile.ClassParser.parse(ClassParser.java:74)
		at org.apache.catalina.startup.ContextConfig.processAnnotationsStream(ContextConfig.java:2243)
		at org.apache.catalina.startup.ContextConfig.processAnnotationsJar(ContextConfig.java:2201)
		at org.apache.catalina.startup.ContextConfig.processAnnotationsUrl(ContextConfig.java:2174)
		at org.apache.catalina.startup.ContextConfig.scanWebXmlFragment(ContextConfig.java:2083)
		at org.apache.catalina.startup.ContextConfig.processAnnotations(ContextConfig.java:2063)
		at org.apache.catalina.startup.ContextConfig.processClasses(ContextConfig.java:1370)
		at org.apache.catalina.startup.ContextConfig.webConfig(ContextConfig.java:1271)
		at org.apache.catalina.startup.ContextConfig.configureStart(ContextConfig.java:972)
		at org.apache.catalina.startup.ContextConfig.lifecycleEvent(ContextConfig.java:290)
		at org.apache.catalina.util.LifecycleBase.fireLifecycleEvent(LifecycleBase.java:109)
		at org.apache.catalina.core.StandardContext.startInternal(StandardContext.java:4407)
		at org.apache.catalina.util.LifecycleBase.start(LifecycleBase.java:164)
		at org.apache.catalina.core.StandardContext.reload(StandardContext.java:3266)
		at org.apache.catalina.manager.ManagerServlet.reload(ManagerServlet.java:1033)
		at org.apache.catalina.manager.ManagerServlet.doGet(ManagerServlet.java:316)
		at javax.servlet.http.HttpServlet.service(HttpServlet.java:529)
		at javax.servlet.http.HttpServlet.service(HttpServlet.java:623)
		at org.apache.catalina.core.ApplicationFilterChain.internalDoFilter(ApplicationFilterChain.java:199)
		at org.apache.catalina.core.ApplicationFilterChain.doFilter(ApplicationFilterChain.java:144)
		at org.apache.tomcat.websocket.server.WsFilter.doFilter(WsFilter.java:51)
		at org.apache.catalina.core.ApplicationFilterChain.internalDoFilter(ApplicationFilterChain.java:168)
		at org.apache.catalina.core.ApplicationFilterChain.doFilter(ApplicationFilterChain.java:144)
		at org.apache.catalina.filters.HttpHeaderSecurityFilter.doFilter(HttpHeaderSecurityFilter.java:129)
		at org.apache.catalina.core.ApplicationFilterChain.internalDoFilter(ApplicationFilterChain.java:168)
		at org.apache.catalina.core.ApplicationFilterChain.doFilter(ApplicationFilterChain.java:144)
		at org.apache.catalina.core.StandardWrapperValve.invoke(StandardWrapperValve.java:168)
		at org.apache.catalina.core.StandardContextValve.invoke(StandardContextValve.java:90)
		at org.apache.catalina.authenticator.AuthenticatorBase.invoke(AuthenticatorBase.java:597)
		at org.apache.catalina.valves.RequestFilterValve.process(RequestFilterValve.java:354)
		at org.apache.catalina.valves.RemoteAddrValve.invoke(RemoteAddrValve.java:54)
		at org.apache.catalina.core.StandardHostValve.invoke(StandardHostValve.java:130)
		at org.apache.catalina.valves.ErrorReportValve.invoke(ErrorReportValve.java:93)
		at org.apache.catalina.valves.AbstractAccessLogValve.invoke(AbstractAccessLogValve.java:656)
		at org.apache.catalina.core.StandardEngineValve.invoke(StandardEngineValve.java:74)
		at org.apache.catalina.connector.CoyoteAdapter.service(CoyoteAdapter.java:346)
		at org.apache.coyote.http11.Http11Processor.service(Http11Processor.java:397)
		at org.apache.coyote.AbstractProcessorLight.process(AbstractProcessorLight.java:63)
		at org.apache.coyote.AbstractProtocol$ConnectionHandler.process(AbstractProtocol.java:935)
		at org.apache.tomcat.util.net.NioEndpoint$SocketProcessor.doRun(NioEndpoint.java:1826)
		at org.apache.tomcat.util.net.SocketProcessorBase.run(SocketProcessorBase.java:52)
		at org.apache.tomcat.util.threads.ThreadPoolExecutor.runWorker(ThreadPoolExecutor.java:1189)
		at org.apache.tomcat.util.threads.ThreadPoolExecutor$Worker.run(ThreadPoolExecutor.java:658)
		at org.apache.tomcat.util.threads.TaskThread$WrappingRunnable.run(TaskThread.java:63)
		at java.lang.Thread.run(Thread.java:748)
08-Apr-2026 23:06:37.321 SEVERE [http-nio-8080-exec-91] org.apache.catalina.startup.ContextConfig.processAnnotationsJar Unable to process Jar entry [org/apache/pdfbox/pdmodel/graphics/shading/RadialShadingPaint.class] from Jar [file:/D:/github/other/production-management-system/build/web/WEB-INF/lib/pdfbox-2.0.24.jar] for annotations
	java.util.zip.ZipException: error reading zip file
		at java.util.zip.ZipFile.read(Native Method)
		at java.util.zip.ZipFile.access$1400(ZipFile.java:60)
		at java.util.zip.ZipFile$ZipFileInputStream.read(ZipFile.java:734)
		at java.util.zip.ZipFile$ZipFileInflaterInputStream.fill(ZipFile.java:434)
		at java.util.zip.InflaterInputStream.read(InflaterInputStream.java:158)
		at java.io.BufferedInputStream.fill(BufferedInputStream.java:246)
		at java.io.BufferedInputStream.read(BufferedInputStream.java:265)
		at java.io.DataInputStream.readInt(DataInputStream.java:387)
		at org.apache.tomcat.util.bcel.classfile.ClassParser.readID(ClassParser.java:208)
		at org.apache.tomcat.util.bcel.classfile.ClassParser.parse(ClassParser.java:74)
		at org.apache.catalina.startup.ContextConfig.processAnnotationsStream(ContextConfig.java:2243)
		at org.apache.catalina.startup.ContextConfig.processAnnotationsJar(ContextConfig.java:2201)
		at org.apache.catalina.startup.ContextConfig.processAnnotationsUrl(ContextConfig.java:2174)
		at org.apache.catalina.startup.ContextConfig.scanWebXmlFragment(ContextConfig.java:2083)
		at org.apache.catalina.startup.ContextConfig.processAnnotations(ContextConfig.java:2063)
		at org.apache.catalina.startup.ContextConfig.processClasses(ContextConfig.java:1370)
		at org.apache.catalina.startup.ContextConfig.webConfig(ContextConfig.java:1271)
		at org.apache.catalina.startup.ContextConfig.configureStart(ContextConfig.java:972)
		at org.apache.catalina.startup.ContextConfig.lifecycleEvent(ContextConfig.java:290)
		at org.apache.catalina.util.LifecycleBase.fireLifecycleEvent(LifecycleBase.java:109)
		at org.apache.catalina.core.StandardContext.startInternal(StandardContext.java:4407)
		at org.apache.catalina.util.LifecycleBase.start(LifecycleBase.java:164)
		at org.apache.catalina.core.StandardContext.reload(StandardContext.java:3266)
		at org.apache.catalina.manager.ManagerServlet.reload(ManagerServlet.java:1033)
		at org.apache.catalina.manager.ManagerServlet.doGet(ManagerServlet.java:316)
		at javax.servlet.http.HttpServlet.service(HttpServlet.java:529)
		at javax.servlet.http.HttpServlet.service(HttpServlet.java:623)
		at org.apache.catalina.core.ApplicationFilterChain.internalDoFilter(ApplicationFilterChain.java:199)
		at org.apache.catalina.core.ApplicationFilterChain.doFilter(ApplicationFilterChain.java:144)
		at org.apache.tomcat.websocket.server.WsFilter.doFilter(WsFilter.java:51)
		at org.apache.catalina.core.ApplicationFilterChain.internalDoFilter(ApplicationFilterChain.java:168)
		at org.apache.catalina.core.ApplicationFilterChain.doFilter(ApplicationFilterChain.java:144)
		at org.apache.catalina.filters.HttpHeaderSecurityFilter.doFilter(HttpHeaderSecurityFilter.java:129)
		at org.apache.catalina.core.ApplicationFilterChain.internalDoFilter(ApplicationFilterChain.java:168)
		at org.apache.catalina.core.ApplicationFilterChain.doFilter(ApplicationFilterChain.java:144)
		at org.apache.catalina.core.StandardWrapperValve.invoke(StandardWrapperValve.java:168)
		at org.apache.catalina.core.StandardContextValve.invoke(StandardContextValve.java:90)
		at org.apache.catalina.authenticator.AuthenticatorBase.invoke(AuthenticatorBase.java:597)
		at org.apache.catalina.valves.RequestFilterValve.process(RequestFilterValve.java:354)
		at org.apache.catalina.valves.RemoteAddrValve.invoke(RemoteAddrValve.java:54)
		at org.apache.catalina.core.StandardHostValve.invoke(StandardHostValve.java:130)
		at org.apache.catalina.valves.ErrorReportValve.invoke(ErrorReportValve.java:93)
		at org.apache.catalina.valves.AbstractAccessLogValve.invoke(AbstractAccessLogValve.java:656)
		at org.apache.catalina.core.StandardEngineValve.invoke(StandardEngineValve.java:74)
		at org.apache.catalina.connector.CoyoteAdapter.service(CoyoteAdapter.java:346)
		at org.apache.coyote.http11.Http11Processor.service(Http11Processor.java:397)
		at org.apache.coyote.AbstractProcessorLight.process(AbstractProcessorLight.java:63)
		at org.apache.coyote.AbstractProtocol$ConnectionHandler.process(AbstractProtocol.java:935)
		at org.apache.tomcat.util.net.NioEndpoint$SocketProcessor.doRun(NioEndpoint.java:1826)
		at org.apache.tomcat.util.net.SocketProcessorBase.run(SocketProcessorBase.java:52)
		at org.apache.tomcat.util.threads.ThreadPoolExecutor.runWorker(ThreadPoolExecutor.java:1189)
		at org.apache.tomcat.util.threads.ThreadPoolExecutor$Worker.run(ThreadPoolExecutor.java:658)
		at org.apache.tomcat.util.threads.TaskThread$WrappingRunnable.run(TaskThread.java:63)
		at java.lang.Thread.run(Thread.java:748)
08-Apr-2026 23:06:37.402 SEVERE [http-nio-8080-exec-91] org.apache.catalina.startup.ContextConfig.processAnnotationsJar Unable to process Jar entry [org/apache/pdfbox/pdmodel/graphics/shading/ShadedTriangle.class] from Jar [file:/D:/github/other/production-management-system/build/web/WEB-INF/lib/pdfbox-2.0.24.jar] for annotations
	java.util.zip.ZipException: error reading zip file
		at java.util.zip.ZipFile.read(Native Method)
		at java.util.zip.ZipFile.access$1400(ZipFile.java:60)
		at java.util.zip.ZipFile$ZipFileInputStream.read(ZipFile.java:734)
		at java.util.zip.ZipFile$ZipFileInflaterInputStream.fill(ZipFile.java:434)
		at java.util.zip.InflaterInputStream.read(InflaterInputStream.java:158)
		at java.io.BufferedInputStream.fill(BufferedInputStream.java:246)
		at java.io.BufferedInputStream.read(BufferedInputStream.java:265)
		at java.io.DataInputStream.readInt(DataInputStream.java:387)
		at org.apache.tomcat.util.bcel.classfile.ClassParser.readID(ClassParser.java:208)
		at org.apache.tomcat.util.bcel.classfile.ClassParser.parse(ClassParser.java:74)
		at org.apache.catalina.startup.ContextConfig.processAnnotationsStream(ContextConfig.java:2243)
		at org.apache.catalina.startup.ContextConfig.processAnnotationsJar(ContextConfig.java:2201)
		at org.apache.catalina.startup.ContextConfig.processAnnotationsUrl(ContextConfig.java:2174)
		at org.apache.catalina.startup.ContextConfig.scanWebXmlFragment(ContextConfig.java:2083)
		at org.apache.catalina.startup.ContextConfig.processAnnotations(ContextConfig.java:2063)
		at org.apache.catalina.startup.ContextConfig.processClasses(ContextConfig.java:1370)
		at org.apache.catalina.startup.ContextConfig.webConfig(ContextConfig.java:1271)
		at org.apache.catalina.startup.ContextConfig.configureStart(ContextConfig.java:972)
		at org.apache.catalina.startup.ContextConfig.lifecycleEvent(ContextConfig.java:290)
		at org.apache.catalina.util.LifecycleBase.fireLifecycleEvent(LifecycleBase.java:109)
		at org.apache.catalina.core.StandardContext.startInternal(StandardContext.java:4407)
		at org.apache.catalina.util.LifecycleBase.start(LifecycleBase.java:164)
		at org.apache.catalina.core.StandardContext.reload(StandardContext.java:3266)
		at org.apache.catalina.manager.ManagerServlet.reload(ManagerServlet.java:1033)
		at org.apache.catalina.manager.ManagerServlet.doGet(ManagerServlet.java:316)
		at javax.servlet.http.HttpServlet.service(HttpServlet.java:529)
		at javax.servlet.http.HttpServlet.service(HttpServlet.java:623)
		at org.apache.catalina.core.ApplicationFilterChain.internalDoFilter(ApplicationFilterChain.java:199)
		at org.apache.catalina.core.ApplicationFilterChain.doFilter(ApplicationFilterChain.java:144)
		at org.apache.tomcat.websocket.server.WsFilter.doFilter(WsFilter.java:51)
		at org.apache.catalina.core.ApplicationFilterChain.internalDoFilter(ApplicationFilterChain.java:168)
		at org.apache.catalina.core.ApplicationFilterChain.doFilter(ApplicationFilterChain.java:144)
		at org.apache.catalina.filters.HttpHeaderSecurityFilter.doFilter(HttpHeaderSecurityFilter.java:129)
		at org.apache.catalina.core.ApplicationFilterChain.internalDoFilter(ApplicationFilterChain.java:168)
		at org.apache.catalina.core.ApplicationFilterChain.doFilter(ApplicationFilterChain.java:144)
		at org.apache.catalina.core.StandardWrapperValve.invoke(StandardWrapperValve.java:168)
		at org.apache.catalina.core.StandardContextValve.invoke(StandardContextValve.java:90)
		at org.apache.catalina.authenticator.AuthenticatorBase.invoke(AuthenticatorBase.java:597)
		at org.apache.catalina.valves.RequestFilterValve.process(RequestFilterValve.java:354)
		at org.apache.catalina.valves.RemoteAddrValve.invoke(RemoteAddrValve.java:54)
		at org.apache.catalina.core.StandardHostValve.invoke(StandardHostValve.java:130)
		at org.apache.catalina.valves.ErrorReportValve.invoke(ErrorReportValve.java:93)
		at org.apache.catalina.valves.AbstractAccessLogValve.invoke(AbstractAccessLogValve.java:656)
		at org.apache.catalina.core.StandardEngineValve.invoke(StandardEngineValve.java:74)
		at org.apache.catalina.connector.CoyoteAdapter.service(CoyoteAdapter.java:346)
		at org.apache.coyote.http11.Http11Processor.service(Http11Processor.java:397)
		at org.apache.coyote.AbstractProcessorLight.process(AbstractProcessorLight.java:63)
		at org.apache.coyote.AbstractProtocol$ConnectionHandler.process(AbstractProtocol.java:935)
		at org.apache.tomcat.util.net.NioEndpoint$SocketProcessor.doRun(NioEndpoint.java:1826)
		at org.apache.tomcat.util.net.SocketProcessorBase.run(SocketProcessorBase.java:52)
		at org.apache.tomcat.util.threads.ThreadPoolExecutor.runWorker(ThreadPoolExecutor.java:1189)
		at org.apache.tomcat.util.threads.ThreadPoolExecutor$Worker.run(ThreadPoolExecutor.java:658)
		at org.apache.tomcat.util.threads.TaskThread$WrappingRunnable.run(TaskThread.java:63)
		at java.lang.Thread.run(Thread.java:748)
08-Apr-2026 23:06:37.478 SEVERE [http-nio-8080-exec-91] org.apache.catalina.startup.ContextConfig.processAnnotationsJar Unable to process Jar entry [org/apache/pdfbox/pdmodel/graphics/shading/ShadingContext.class] from Jar [file:/D:/github/other/production-management-system/build/web/WEB-INF/lib/pdfbox-2.0.24.jar] for annotations
	java.util.zip.ZipException: error reading zip file
		at java.util.zip.ZipFile.read(Native Method)
		at java.util.zip.ZipFile.access$1400(ZipFile.java:60)
		at java.util.zip.ZipFile$ZipFileInputStream.read(ZipFile.java:734)
		at java.util.zip.ZipFile$ZipFileInflaterInputStream.fill(ZipFile.java:434)
		at java.util.zip.InflaterInputStream.read(InflaterInputStream.java:158)
		at java.io.BufferedInputStream.fill(BufferedInputStream.java:246)
		at java.io.BufferedInputStream.read(BufferedInputStream.java:265)
		at java.io.DataInputStream.readInt(DataInputStream.java:387)
		at org.apache.tomcat.util.bcel.classfile.ClassParser.readID(ClassParser.java:208)
		at org.apache.tomcat.util.bcel.classfile.ClassParser.parse(ClassParser.java:74)
		at org.apache.catalina.startup.ContextConfig.processAnnotationsStream(ContextConfig.java:2243)
		at org.apache.catalina.startup.ContextConfig.processAnnotationsJar(ContextConfig.java:2201)
		at org.apache.catalina.startup.ContextConfig.processAnnotationsUrl(ContextConfig.java:2174)
		at org.apache.catalina.startup.ContextConfig.scanWebXmlFragment(ContextConfig.java:2083)
		at org.apache.catalina.startup.ContextConfig.processAnnotations(ContextConfig.java:2063)
		at org.apache.catalina.startup.ContextConfig.processClasses(ContextConfig.java:1370)
		at org.apache.catalina.startup.ContextConfig.webConfig(ContextConfig.java:1271)
		at org.apache.catalina.startup.ContextConfig.configureStart(ContextConfig.java:972)
		at org.apache.catalina.startup.ContextConfig.lifecycleEvent(ContextConfig.java:290)
		at org.apache.catalina.util.LifecycleBase.fireLifecycleEvent(LifecycleBase.java:109)
		at org.apache.catalina.core.StandardContext.startInternal(StandardContext.java:4407)
		at org.apache.catalina.util.LifecycleBase.start(LifecycleBase.java:164)
		at org.apache.catalina.core.StandardContext.reload(StandardContext.java:3266)
		at org.apache.catalina.manager.ManagerServlet.reload(ManagerServlet.java:1033)
		at org.apache.catalina.manager.ManagerServlet.doGet(ManagerServlet.java:316)
		at javax.servlet.http.HttpServlet.service(HttpServlet.java:529)
		at javax.servlet.http.HttpServlet.service(HttpServlet.java:623)
		at org.apache.catalina.core.ApplicationFilterChain.internalDoFilter(ApplicationFilterChain.java:199)
		at org.apache.catalina.core.ApplicationFilterChain.doFilter(ApplicationFilterChain.java:144)
		at org.apache.tomcat.websocket.server.WsFilter.doFilter(WsFilter.java:51)
		at org.apache.catalina.core.ApplicationFilterChain.internalDoFilter(ApplicationFilterChain.java:168)
		at org.apache.catalina.core.ApplicationFilterChain.doFilter(ApplicationFilterChain.java:144)
		at org.apache.catalina.filters.HttpHeaderSecurityFilter.doFilter(HttpHeaderSecurityFilter.java:129)
		at org.apache.catalina.core.ApplicationFilterChain.internalDoFilter(ApplicationFilterChain.java:168)
		at org.apache.catalina.core.ApplicationFilterChain.doFilter(ApplicationFilterChain.java:144)
		at org.apache.catalina.core.StandardWrapperValve.invoke(StandardWrapperValve.java:168)
		at org.apache.catalina.core.StandardContextValve.invoke(StandardContextValve.java:90)
		at org.apache.catalina.authenticator.AuthenticatorBase.invoke(AuthenticatorBase.java:597)
		at org.apache.catalina.valves.RequestFilterValve.process(RequestFilterValve.java:354)
		at org.apache.catalina.valves.RemoteAddrValve.invoke(RemoteAddrValve.java:54)
		at org.apache.catalina.core.StandardHostValve.invoke(StandardHostValve.java:130)
		at org.apache.catalina.valves.ErrorReportValve.invoke(ErrorReportValve.java:93)
		at org.apache.catalina.valves.AbstractAccessLogValve.invoke(AbstractAccessLogValve.java:656)
		at org.apache.catalina.core.StandardEngineValve.invoke(StandardEngineValve.java:74)
		at org.apache.catalina.connector.CoyoteAdapter.service(CoyoteAdapter.java:346)
		at org.apache.coyote.http11.Http11Processor.service(Http11Processor.java:397)
		at org.apache.coyote.AbstractProcessorLight.process(AbstractProcessorLight.java:63)
		at org.apache.coyote.AbstractProtocol$ConnectionHandler.process(AbstractProtocol.java:935)
		at org.apache.tomcat.util.net.NioEndpoint$SocketProcessor.doRun(NioEndpoint.java:1826)
		at org.apache.tomcat.util.net.SocketProcessorBase.run(SocketProcessorBase.java:52)
		at org.apache.tomcat.util.threads.ThreadPoolExecutor.runWorker(ThreadPoolExecutor.java:1189)
		at org.apache.tomcat.util.threads.ThreadPoolExecutor$Worker.run(ThreadPoolExecutor.java:658)
		at org.apache.tomcat.util.threads.TaskThread$WrappingRunnable.run(TaskThread.java:63)
		at java.lang.Thread.run(Thread.java:748)
08-Apr-2026 23:06:37.554 SEVERE [http-nio-8080-exec-91] org.apache.catalina.startup.ContextConfig.processAnnotationsJar Unable to process Jar entry [org/apache/pdfbox/pdmodel/graphics/shading/ShadingPaint.class] from Jar [file:/D:/github/other/production-management-system/build/web/WEB-INF/lib/pdfbox-2.0.24.jar] for annotations
	java.util.zip.ZipException: error reading zip file
		at java.util.zip.ZipFile.read(Native Method)
		at java.util.zip.ZipFile.access$1400(ZipFile.java:60)
		at java.util.zip.ZipFile$ZipFileInputStream.read(ZipFile.java:734)
		at java.util.zip.ZipFile$ZipFileInflaterInputStream.fill(ZipFile.java:434)
		at java.util.zip.InflaterInputStream.read(InflaterInputStream.java:158)
		at java.io.BufferedInputStream.fill(BufferedInputStream.java:246)
		at java.io.BufferedInputStream.read(BufferedInputStream.java:265)
		at java.io.DataInputStream.readInt(DataInputStream.java:387)
		at org.apache.tomcat.util.bcel.classfile.ClassParser.readID(ClassParser.java:208)
		at org.apache.tomcat.util.bcel.classfile.ClassParser.parse(ClassParser.java:74)
		at org.apache.catalina.startup.ContextConfig.processAnnotationsStream(ContextConfig.java:2243)
		at org.apache.catalina.startup.ContextConfig.processAnnotationsJar(ContextConfig.java:2201)
		at org.apache.catalina.startup.ContextConfig.processAnnotationsUrl(ContextConfig.java:2174)
		at org.apache.catalina.startup.ContextConfig.scanWebXmlFragment(ContextConfig.java:2083)
		at org.apache.catalina.startup.ContextConfig.processAnnotations(ContextConfig.java:2063)
		at org.apache.catalina.startup.ContextConfig.processClasses(ContextConfig.java:1370)
		at org.apache.catalina.startup.ContextConfig.webConfig(ContextConfig.java:1271)
		at org.apache.catalina.startup.ContextConfig.configureStart(ContextConfig.java:972)
		at org.apache.catalina.startup.ContextConfig.lifecycleEvent(ContextConfig.java:290)
		at org.apache.catalina.util.LifecycleBase.fireLifecycleEvent(LifecycleBase.java:109)
		at org.apache.catalina.core.StandardContext.startInternal(StandardContext.java:4407)
		at org.apache.catalina.util.LifecycleBase.start(LifecycleBase.java:164)
		at org.apache.catalina.core.StandardContext.reload(StandardContext.java:3266)
		at org.apache.catalina.manager.ManagerServlet.reload(ManagerServlet.java:1033)
		at org.apache.catalina.manager.ManagerServlet.doGet(ManagerServlet.java:316)
		at javax.servlet.http.HttpServlet.service(HttpServlet.java:529)
		at javax.servlet.http.HttpServlet.service(HttpServlet.java:623)
		at org.apache.catalina.core.ApplicationFilterChain.internalDoFilter(ApplicationFilterChain.java:199)
		at org.apache.catalina.core.ApplicationFilterChain.doFilter(ApplicationFilterChain.java:144)
		at org.apache.tomcat.websocket.server.WsFilter.doFilter(WsFilter.java:51)
		at org.apache.catalina.core.ApplicationFilterChain.internalDoFilter(ApplicationFilterChain.java:168)
		at org.apache.catalina.core.ApplicationFilterChain.doFilter(ApplicationFilterChain.java:144)
		at org.apache.catalina.filters.HttpHeaderSecurityFilter.doFilter(HttpHeaderSecurityFilter.java:129)
		at org.apache.catalina.core.ApplicationFilterChain.internalDoFilter(ApplicationFilterChain.java:168)
		at org.apache.catalina.core.ApplicationFilterChain.doFilter(ApplicationFilterChain.java:144)
		at org.apache.catalina.core.StandardWrapperValve.invoke(StandardWrapperValve.java:168)
		at org.apache.catalina.core.StandardContextValve.invoke(StandardContextValve.java:90)
		at org.apache.catalina.authenticator.AuthenticatorBase.invoke(AuthenticatorBase.java:597)
		at org.apache.catalina.valves.RequestFilterValve.process(RequestFilterValve.java:354)
		at org.apache.catalina.valves.RemoteAddrValve.invoke(RemoteAddrValve.java:54)
		at org.apache.catalina.core.StandardHostValve.invoke(StandardHostValve.java:130)
		at org.apache.catalina.valves.ErrorReportValve.invoke(ErrorReportValve.java:93)
		at org.apache.catalina.valves.AbstractAccessLogValve.invoke(AbstractAccessLogValve.java:656)
		at org.apache.catalina.core.StandardEngineValve.invoke(StandardEngineValve.java:74)
		at org.apache.catalina.connector.CoyoteAdapter.service(CoyoteAdapter.java:346)
		at org.apache.coyote.http11.Http11Processor.service(Http11Processor.java:397)
		at org.apache.coyote.AbstractProcessorLight.process(AbstractProcessorLight.java:63)
		at org.apache.coyote.AbstractProtocol$ConnectionHandler.process(AbstractProtocol.java:935)
		at org.apache.tomcat.util.net.NioEndpoint$SocketProcessor.doRun(NioEndpoint.java:1826)
		at org.apache.tomcat.util.net.SocketProcessorBase.run(SocketProcessorBase.java:52)
		at org.apache.tomcat.util.threads.ThreadPoolExecutor.runWorker(ThreadPoolExecutor.java:1189)
		at org.apache.tomcat.util.threads.ThreadPoolExecutor$Worker.run(ThreadPoolExecutor.java:658)
		at org.apache.tomcat.util.threads.TaskThread$WrappingRunnable.run(TaskThread.java:63)
		at java.lang.Thread.run(Thread.java:748)
08-Apr-2026 23:06:37.631 SEVERE [http-nio-8080-exec-91] org.apache.catalina.startup.ContextConfig.processAnnotationsJar Unable to process Jar entry [org/apache/pdfbox/pdmodel/graphics/shading/TensorPatch.class] from Jar [file:/D:/github/other/production-management-system/build/web/WEB-INF/lib/pdfbox-2.0.24.jar] for annotations
	java.util.zip.ZipException: error reading zip file
		at java.util.zip.ZipFile.read(Native Method)
		at java.util.zip.ZipFile.access$1400(ZipFile.java:60)
		at java.util.zip.ZipFile$ZipFileInputStream.read(ZipFile.java:734)
		at java.util.zip.ZipFile$ZipFileInflaterInputStream.fill(ZipFile.java:434)
		at java.util.zip.InflaterInputStream.read(InflaterInputStream.java:158)
		at java.io.BufferedInputStream.fill(BufferedInputStream.java:246)
		at java.io.BufferedInputStream.read(BufferedInputStream.java:265)
		at java.io.DataInputStream.readInt(DataInputStream.java:387)
		at org.apache.tomcat.util.bcel.classfile.ClassParser.readID(ClassParser.java:208)
		at org.apache.tomcat.util.bcel.classfile.ClassParser.parse(ClassParser.java:74)
		at org.apache.catalina.startup.ContextConfig.processAnnotationsStream(ContextConfig.java:2243)
		at org.apache.catalina.startup.ContextConfig.processAnnotationsJar(ContextConfig.java:2201)
		at org.apache.catalina.startup.ContextConfig.processAnnotationsUrl(ContextConfig.java:2174)
		at org.apache.catalina.startup.ContextConfig.scanWebXmlFragment(ContextConfig.java:2083)
		at org.apache.catalina.startup.ContextConfig.processAnnotations(ContextConfig.java:2063)
		at org.apache.catalina.startup.ContextConfig.processClasses(ContextConfig.java:1370)
		at org.apache.catalina.startup.ContextConfig.webConfig(ContextConfig.java:1271)
		at org.apache.catalina.startup.ContextConfig.configureStart(ContextConfig.java:972)
		at org.apache.catalina.startup.ContextConfig.lifecycleEvent(ContextConfig.java:290)
		at org.apache.catalina.util.LifecycleBase.fireLifecycleEvent(LifecycleBase.java:109)
		at org.apache.catalina.core.StandardContext.startInternal(StandardContext.java:4407)
		at org.apache.catalina.util.LifecycleBase.start(LifecycleBase.java:164)
		at org.apache.catalina.core.StandardContext.reload(StandardContext.java:3266)
		at org.apache.catalina.manager.ManagerServlet.reload(ManagerServlet.java:1033)
		at org.apache.catalina.manager.ManagerServlet.doGet(ManagerServlet.java:316)
		at javax.servlet.http.HttpServlet.service(HttpServlet.java:529)
		at javax.servlet.http.HttpServlet.service(HttpServlet.java:623)
		at org.apache.catalina.core.ApplicationFilterChain.internalDoFilter(ApplicationFilterChain.java:199)
		at org.apache.catalina.core.ApplicationFilterChain.doFilter(ApplicationFilterChain.java:144)
		at org.apache.tomcat.websocket.server.WsFilter.doFilter(WsFilter.java:51)
		at org.apache.catalina.core.ApplicationFilterChain.internalDoFilter(ApplicationFilterChain.java:168)
		at org.apache.catalina.core.ApplicationFilterChain.doFilter(ApplicationFilterChain.java:144)
		at org.apache.catalina.filters.HttpHeaderSecurityFilter.doFilter(HttpHeaderSecurityFilter.java:129)
		at org.apache.catalina.core.ApplicationFilterChain.internalDoFilter(ApplicationFilterChain.java:168)
		at org.apache.catalina.core.ApplicationFilterChain.doFilter(ApplicationFilterChain.java:144)
		at org.apache.catalina.core.StandardWrapperValve.invoke(StandardWrapperValve.java:168)
		at org.apache.catalina.core.StandardContextValve.invoke(StandardContextValve.java:90)
		at org.apache.catalina.authenticator.AuthenticatorBase.invoke(AuthenticatorBase.java:597)
		at org.apache.catalina.valves.RequestFilterValve.process(RequestFilterValve.java:354)
		at org.apache.catalina.valves.RemoteAddrValve.invoke(RemoteAddrValve.java:54)
		at org.apache.catalina.core.StandardHostValve.invoke(StandardHostValve.java:130)
		at org.apache.catalina.valves.ErrorReportValve.invoke(ErrorReportValve.java:93)
		at org.apache.catalina.valves.AbstractAccessLogValve.invoke(AbstractAccessLogValve.java:656)
		at org.apache.catalina.core.StandardEngineValve.invoke(StandardEngineValve.java:74)
		at org.apache.catalina.connector.CoyoteAdapter.service(CoyoteAdapter.java:346)
		at org.apache.coyote.http11.Http11Processor.service(Http11Processor.java:397)
		at org.apache.coyote.AbstractProcessorLight.process(AbstractProcessorLight.java:63)
		at org.apache.coyote.AbstractProtocol$ConnectionHandler.process(AbstractProtocol.java:935)
		at org.apache.tomcat.util.net.NioEndpoint$SocketProcessor.doRun(NioEndpoint.java:1826)
		at org.apache.tomcat.util.net.SocketProcessorBase.run(SocketProcessorBase.java:52)
		at org.apache.tomcat.util.threads.ThreadPoolExecutor.runWorker(ThreadPoolExecutor.java:1189)
		at org.apache.tomcat.util.threads.ThreadPoolExecutor$Worker.run(ThreadPoolExecutor.java:658)
		at org.apache.tomcat.util.threads.TaskThread$WrappingRunnable.run(TaskThread.java:63)
		at java.lang.Thread.run(Thread.java:748)
08-Apr-2026 23:06:37.711 SEVERE [http-nio-8080-exec-91] org.apache.catalina.startup.ContextConfig.processAnnotationsJar Unable to process Jar entry [org/apache/pdfbox/pdmodel/graphics/shading/TriangleBasedShadingContext.class] from Jar [file:/D:/github/other/production-management-system/build/web/WEB-INF/lib/pdfbox-2.0.24.jar] for annotations
	java.util.zip.ZipException: error reading zip file
		at java.util.zip.ZipFile.read(Native Method)
		at java.util.zip.ZipFile.access$1400(ZipFile.java:60)
		at java.util.zip.ZipFile$ZipFileInputStream.read(ZipFile.java:734)
		at java.util.zip.ZipFile$ZipFileInflaterInputStream.fill(ZipFile.java:434)
		at java.util.zip.InflaterInputStream.read(InflaterInputStream.java:158)
		at java.io.BufferedInputStream.fill(BufferedInputStream.java:246)
		at java.io.BufferedInputStream.read(BufferedInputStream.java:265)
		at java.io.DataInputStream.readInt(DataInputStream.java:387)
		at org.apache.tomcat.util.bcel.classfile.ClassParser.readID(ClassParser.java:208)
		at org.apache.tomcat.util.bcel.classfile.ClassParser.parse(ClassParser.java:74)
		at org.apache.catalina.startup.ContextConfig.processAnnotationsStream(ContextConfig.java:2243)
		at org.apache.catalina.startup.ContextConfig.processAnnotationsJar(ContextConfig.java:2201)
		at org.apache.catalina.startup.ContextConfig.processAnnotationsUrl(ContextConfig.java:2174)
		at org.apache.catalina.startup.ContextConfig.scanWebXmlFragment(ContextConfig.java:2083)
		at org.apache.catalina.startup.ContextConfig.processAnnotations(ContextConfig.java:2063)
		at org.apache.catalina.startup.ContextConfig.processClasses(ContextConfig.java:1370)
		at org.apache.catalina.startup.ContextConfig.webConfig(ContextConfig.java:1271)
		at org.apache.catalina.startup.ContextConfig.configureStart(ContextConfig.java:972)
		at org.apache.catalina.startup.ContextConfig.lifecycleEvent(ContextConfig.java:290)
		at org.apache.catalina.util.LifecycleBase.fireLifecycleEvent(LifecycleBase.java:109)
		at org.apache.catalina.core.StandardContext.startInternal(StandardContext.java:4407)
		at org.apache.catalina.util.LifecycleBase.start(LifecycleBase.java:164)
		at org.apache.catalina.core.StandardContext.reload(StandardContext.java:3266)
		at org.apache.catalina.manager.ManagerServlet.reload(ManagerServlet.java:1033)
		at org.apache.catalina.manager.ManagerServlet.doGet(ManagerServlet.java:316)
		at javax.servlet.http.HttpServlet.service(HttpServlet.java:529)
		at javax.servlet.http.HttpServlet.service(HttpServlet.java:623)
		at org.apache.catalina.core.ApplicationFilterChain.internalDoFilter(ApplicationFilterChain.java:199)
		at org.apache.catalina.core.ApplicationFilterChain.doFilter(ApplicationFilterChain.java:144)
		at org.apache.tomcat.websocket.server.WsFilter.doFilter(WsFilter.java:51)
		at org.apache.catalina.core.ApplicationFilterChain.internalDoFilter(ApplicationFilterChain.java:168)
		at org.apache.catalina.core.ApplicationFilterChain.doFilter(ApplicationFilterChain.java:144)
		at org.apache.catalina.filters.HttpHeaderSecurityFilter.doFilter(HttpHeaderSecurityFilter.java:129)
		at org.apache.catalina.core.ApplicationFilterChain.internalDoFilter(ApplicationFilterChain.java:168)
		at org.apache.catalina.core.ApplicationFilterChain.doFilter(ApplicationFilterChain.java:144)
		at org.apache.catalina.core.StandardWrapperValve.invoke(StandardWrapperValve.java:168)
		at org.apache.catalina.core.StandardContextValve.invoke(StandardContextValve.java:90)
		at org.apache.catalina.authenticator.AuthenticatorBase.invoke(AuthenticatorBase.java:597)
		at org.apache.catalina.valves.RequestFilterValve.process(RequestFilterValve.java:354)
		at org.apache.catalina.valves.RemoteAddrValve.invoke(RemoteAddrValve.java:54)
		at org.apache.catalina.core.StandardHostValve.invoke(StandardHostValve.java:130)
		at org.apache.catalina.valves.ErrorReportValve.invoke(ErrorReportValve.java:93)
		at org.apache.catalina.valves.AbstractAccessLogValve.invoke(AbstractAccessLogValve.java:656)
		at org.apache.catalina.core.StandardEngineValve.invoke(StandardEngineValve.java:74)
		at org.apache.catalina.connector.CoyoteAdapter.service(CoyoteAdapter.java:346)
		at org.apache.coyote.http11.Http11Processor.service(Http11Processor.java:397)
		at org.apache.coyote.AbstractProcessorLight.process(AbstractProcessorLight.java:63)
		at org.apache.coyote.AbstractProtocol$ConnectionHandler.process(AbstractProtocol.java:935)
		at org.apache.tomcat.util.net.NioEndpoint$SocketProcessor.doRun(NioEndpoint.java:1826)
		at org.apache.tomcat.util.net.SocketProcessorBase.run(SocketProcessorBase.java:52)
		at org.apache.tomcat.util.threads.ThreadPoolExecutor.runWorker(ThreadPoolExecutor.java:1189)
		at org.apache.tomcat.util.threads.ThreadPoolExecutor$Worker.run(ThreadPoolExecutor.java:658)
		at org.apache.tomcat.util.threads.TaskThread$WrappingRunnable.run(TaskThread.java:63)
		at java.lang.Thread.run(Thread.java:748)
08-Apr-2026 23:06:37.791 SEVERE [http-nio-8080-exec-91] org.apache.catalina.startup.ContextConfig.processAnnotationsJar Unable to process Jar entry [org/apache/pdfbox/pdmodel/graphics/shading/Type1ShadingContext.class] from Jar [file:/D:/github/other/production-management-system/build/web/WEB-INF/lib/pdfbox-2.0.24.jar] for annotations
	java.util.zip.ZipException: error reading zip file
		at java.util.zip.ZipFile.read(Native Method)
		at java.util.zip.ZipFile.access$1400(ZipFile.java:60)
		at java.util.zip.ZipFile$ZipFileInputStream.read(ZipFile.java:734)
		at java.util.zip.ZipFile$ZipFileInflaterInputStream.fill(ZipFile.java:434)
		at java.util.zip.InflaterInputStream.read(InflaterInputStream.java:158)
		at java.io.BufferedInputStream.fill(BufferedInputStream.java:246)
		at java.io.BufferedInputStream.read(BufferedInputStream.java:265)
		at java.io.DataInputStream.readInt(DataInputStream.java:387)
		at org.apache.tomcat.util.bcel.classfile.ClassParser.readID(ClassParser.java:208)
		at org.apache.tomcat.util.bcel.classfile.ClassParser.parse(ClassParser.java:74)
		at org.apache.catalina.startup.ContextConfig.processAnnotationsStream(ContextConfig.java:2243)
		at org.apache.catalina.startup.ContextConfig.processAnnotationsJar(ContextConfig.java:2201)
		at org.apache.catalina.startup.ContextConfig.processAnnotationsUrl(ContextConfig.java:2174)
		at org.apache.catalina.startup.ContextConfig.scanWebXmlFragment(ContextConfig.java:2083)
		at org.apache.catalina.startup.ContextConfig.processAnnotations(ContextConfig.java:2063)
		at org.apache.catalina.startup.ContextConfig.processClasses(ContextConfig.java:1370)
		at org.apache.catalina.startup.ContextConfig.webConfig(ContextConfig.java:1271)
		at org.apache.catalina.startup.ContextConfig.configureStart(ContextConfig.java:972)
		at org.apache.catalina.startup.ContextConfig.lifecycleEvent(ContextConfig.java:290)
		at org.apache.catalina.util.LifecycleBase.fireLifecycleEvent(LifecycleBase.java:109)
		at org.apache.catalina.core.StandardContext.startInternal(StandardContext.java:4407)
		at org.apache.catalina.util.LifecycleBase.start(LifecycleBase.java:164)
		at org.apache.catalina.core.StandardContext.reload(StandardContext.java:3266)
		at org.apache.catalina.manager.ManagerServlet.reload(ManagerServlet.java:1033)
		at org.apache.catalina.manager.ManagerServlet.doGet(ManagerServlet.java:316)
		at javax.servlet.http.HttpServlet.service(HttpServlet.java:529)
		at javax.servlet.http.HttpServlet.service(HttpServlet.java:623)
		at org.apache.catalina.core.ApplicationFilterChain.internalDoFilter(ApplicationFilterChain.java:199)
		at org.apache.catalina.core.ApplicationFilterChain.doFilter(ApplicationFilterChain.java:144)
		at org.apache.tomcat.websocket.server.WsFilter.doFilter(WsFilter.java:51)
		at org.apache.catalina.core.ApplicationFilterChain.internalDoFilter(ApplicationFilterChain.java:168)
		at org.apache.catalina.core.ApplicationFilterChain.doFilter(ApplicationFilterChain.java:144)
		at org.apache.catalina.filters.HttpHeaderSecurityFilter.doFilter(HttpHeaderSecurityFilter.java:129)
		at org.apache.catalina.core.ApplicationFilterChain.internalDoFilter(ApplicationFilterChain.java:168)
		at org.apache.catalina.core.ApplicationFilterChain.doFilter(ApplicationFilterChain.java:144)
		at org.apache.catalina.core.StandardWrapperValve.invoke(StandardWrapperValve.java:168)
		at org.apache.catalina.core.StandardContextValve.invoke(StandardContextValve.java:90)
		at org.apache.catalina.authenticator.AuthenticatorBase.invoke(AuthenticatorBase.java:597)
		at org.apache.catalina.valves.RequestFilterValve.process(RequestFilterValve.java:354)
		at org.apache.catalina.valves.RemoteAddrValve.invoke(RemoteAddrValve.java:54)
		at org.apache.catalina.core.StandardHostValve.invoke(StandardHostValve.java:130)
		at org.apache.catalina.valves.ErrorReportValve.invoke(ErrorReportValve.java:93)
		at org.apache.catalina.valves.AbstractAccessLogValve.invoke(AbstractAccessLogValve.java:656)
		at org.apache.catalina.core.StandardEngineValve.invoke(StandardEngineValve.java:74)
		at org.apache.catalina.connector.CoyoteAdapter.service(CoyoteAdapter.java:346)
		at org.apache.coyote.http11.Http11Processor.service(Http11Processor.java:397)
		at org.apache.coyote.AbstractProcessorLight.process(AbstractProcessorLight.java:63)
		at org.apache.coyote.AbstractProtocol$ConnectionHandler.process(AbstractProtocol.java:935)
		at org.apache.tomcat.util.net.NioEndpoint$SocketProcessor.doRun(NioEndpoint.java:1826)
		at org.apache.tomcat.util.net.SocketProcessorBase.run(SocketProcessorBase.java:52)
		at org.apache.tomcat.util.threads.ThreadPoolExecutor.runWorker(ThreadPoolExecutor.java:1189)
		at org.apache.tomcat.util.threads.ThreadPoolExecutor$Worker.run(ThreadPoolExecutor.java:658)
		at org.apache.tomcat.util.threads.TaskThread$WrappingRunnable.run(TaskThread.java:63)
		at java.lang.Thread.run(Thread.java:748)
08-Apr-2026 23:06:37.869 SEVERE [http-nio-8080-exec-91] org.apache.catalina.startup.ContextConfig.processAnnotationsJar Unable to process Jar entry [org/apache/pdfbox/pdmodel/graphics/shading/Type1ShadingPaint.class] from Jar [file:/D:/github/other/production-management-system/build/web/WEB-INF/lib/pdfbox-2.0.24.jar] for annotations
	java.util.zip.ZipException: error reading zip file
		at java.util.zip.ZipFile.read(Native Method)
		at java.util.zip.ZipFile.access$1400(ZipFile.java:60)
		at java.util.zip.ZipFile$ZipFileInputStream.read(ZipFile.java:734)
		at java.util.zip.ZipFile$ZipFileInflaterInputStream.fill(ZipFile.java:434)
		at java.util.zip.InflaterInputStream.read(InflaterInputStream.java:158)
		at java.io.BufferedInputStream.fill(BufferedInputStream.java:246)
		at java.io.BufferedInputStream.read(BufferedInputStream.java:265)
		at java.io.DataInputStream.readInt(DataInputStream.java:387)
		at org.apache.tomcat.util.bcel.classfile.ClassParser.readID(ClassParser.java:208)
		at org.apache.tomcat.util.bcel.classfile.ClassParser.parse(ClassParser.java:74)
		at org.apache.catalina.startup.ContextConfig.processAnnotationsStream(ContextConfig.java:2243)
		at org.apache.catalina.startup.ContextConfig.processAnnotationsJar(ContextConfig.java:2201)
		at org.apache.catalina.startup.ContextConfig.processAnnotationsUrl(ContextConfig.java:2174)
		at org.apache.catalina.startup.ContextConfig.scanWebXmlFragment(ContextConfig.java:2083)
		at org.apache.catalina.startup.ContextConfig.processAnnotations(ContextConfig.java:2063)
		at org.apache.catalina.startup.ContextConfig.processClasses(ContextConfig.java:1370)
		at org.apache.catalina.startup.ContextConfig.webConfig(ContextConfig.java:1271)
		at org.apache.catalina.startup.ContextConfig.configureStart(ContextConfig.java:972)
		at org.apache.catalina.startup.ContextConfig.lifecycleEvent(ContextConfig.java:290)
		at org.apache.catalina.util.LifecycleBase.fireLifecycleEvent(LifecycleBase.java:109)
		at org.apache.catalina.core.StandardContext.startInternal(StandardContext.java:4407)
		at org.apache.catalina.util.LifecycleBase.start(LifecycleBase.java:164)
		at org.apache.catalina.core.StandardContext.reload(StandardContext.java:3266)
		at org.apache.catalina.manager.ManagerServlet.reload(ManagerServlet.java:1033)
		at org.apache.catalina.manager.ManagerServlet.doGet(ManagerServlet.java:316)
		at javax.servlet.http.HttpServlet.service(HttpServlet.java:529)
		at javax.servlet.http.HttpServlet.service(HttpServlet.java:623)
		at org.apache.catalina.core.ApplicationFilterChain.internalDoFilter(ApplicationFilterChain.java:199)
		at org.apache.catalina.core.ApplicationFilterChain.doFilter(ApplicationFilterChain.java:144)
		at org.apache.tomcat.websocket.server.WsFilter.doFilter(WsFilter.java:51)
		at org.apache.catalina.core.ApplicationFilterChain.internalDoFilter(ApplicationFilterChain.java:168)
		at org.apache.catalina.core.ApplicationFilterChain.doFilter(ApplicationFilterChain.java:144)
		at org.apache.catalina.filters.HttpHeaderSecurityFilter.doFilter(HttpHeaderSecurityFilter.java:129)
		at org.apache.catalina.core.ApplicationFilterChain.internalDoFilter(ApplicationFilterChain.java:168)
		at org.apache.catalina.core.ApplicationFilterChain.doFilter(ApplicationFilterChain.java:144)
		at org.apache.catalina.core.StandardWrapperValve.invoke(StandardWrapperValve.java:168)
		at org.apache.catalina.core.StandardContextValve.invoke(StandardContextValve.java:90)
		at org.apache.catalina.authenticator.AuthenticatorBase.invoke(AuthenticatorBase.java:597)
		at org.apache.catalina.valves.RequestFilterValve.process(RequestFilterValve.java:354)
		at org.apache.catalina.valves.RemoteAddrValve.invoke(RemoteAddrValve.java:54)
		at org.apache.catalina.core.StandardHostValve.invoke(StandardHostValve.java:130)
		at org.apache.catalina.valves.ErrorReportValve.invoke(ErrorReportValve.java:93)
		at org.apache.catalina.valves.AbstractAccessLogValve.invoke(AbstractAccessLogValve.java:656)
		at org.apache.catalina.core.StandardEngineValve.invoke(StandardEngineValve.java:74)
		at org.apache.catalina.connector.CoyoteAdapter.service(CoyoteAdapter.java:346)
		at org.apache.coyote.http11.Http11Processor.service(Http11Processor.java:397)
		at org.apache.coyote.AbstractProcessorLight.process(AbstractProcessorLight.java:63)
		at org.apache.coyote.AbstractProtocol$ConnectionHandler.process(AbstractProtocol.java:935)
		at org.apache.tomcat.util.net.NioEndpoint$SocketProcessor.doRun(NioEndpoint.java:1826)
		at org.apache.tomcat.util.net.SocketProcessorBase.run(SocketProcessorBase.java:52)
		at org.apache.tomcat.util.threads.ThreadPoolExecutor.runWorker(ThreadPoolExecutor.java:1189)
		at org.apache.tomcat.util.threads.ThreadPoolExecutor$Worker.run(ThreadPoolExecutor.java:658)
		at org.apache.tomcat.util.threads.TaskThread$WrappingRunnable.run(TaskThread.java:63)
		at java.lang.Thread.run(Thread.java:748)
08-Apr-2026 23:06:37.945 SEVERE [http-nio-8080-exec-91] org.apache.catalina.startup.ContextConfig.processAnnotationsJar Unable to process Jar entry [org/apache/pdfbox/pdmodel/graphics/shading/Type4ShadingContext.class] from Jar [file:/D:/github/other/production-management-system/build/web/WEB-INF/lib/pdfbox-2.0.24.jar] for annotations
	java.util.zip.ZipException: error reading zip file
		at java.util.zip.ZipFile.read(Native Method)
		at java.util.zip.ZipFile.access$1400(ZipFile.java:60)
		at java.util.zip.ZipFile$ZipFileInputStream.read(ZipFile.java:734)
		at java.util.zip.ZipFile$ZipFileInflaterInputStream.fill(ZipFile.java:434)
		at java.util.zip.InflaterInputStream.read(InflaterInputStream.java:158)
		at java.io.BufferedInputStream.fill(BufferedInputStream.java:246)
		at java.io.BufferedInputStream.read(BufferedInputStream.java:265)
		at java.io.DataInputStream.readInt(DataInputStream.java:387)
		at org.apache.tomcat.util.bcel.classfile.ClassParser.readID(ClassParser.java:208)
		at org.apache.tomcat.util.bcel.classfile.ClassParser.parse(ClassParser.java:74)
		at org.apache.catalina.startup.ContextConfig.processAnnotationsStream(ContextConfig.java:2243)
		at org.apache.catalina.startup.ContextConfig.processAnnotationsJar(ContextConfig.java:2201)
		at org.apache.catalina.startup.ContextConfig.processAnnotationsUrl(ContextConfig.java:2174)
		at org.apache.catalina.startup.ContextConfig.scanWebXmlFragment(ContextConfig.java:2083)
		at org.apache.catalina.startup.ContextConfig.processAnnotations(ContextConfig.java:2063)
		at org.apache.catalina.startup.ContextConfig.processClasses(ContextConfig.java:1370)
		at org.apache.catalina.startup.ContextConfig.webConfig(ContextConfig.java:1271)
		at org.apache.catalina.startup.ContextConfig.configureStart(ContextConfig.java:972)
		at org.apache.catalina.startup.ContextConfig.lifecycleEvent(ContextConfig.java:290)
		at org.apache.catalina.util.LifecycleBase.fireLifecycleEvent(LifecycleBase.java:109)
		at org.apache.catalina.core.StandardContext.startInternal(StandardContext.java:4407)
		at org.apache.catalina.util.LifecycleBase.start(LifecycleBase.java:164)
		at org.apache.catalina.core.StandardContext.reload(StandardContext.java:3266)
		at org.apache.catalina.manager.ManagerServlet.reload(ManagerServlet.java:1033)
		at org.apache.catalina.manager.ManagerServlet.doGet(ManagerServlet.java:316)
		at javax.servlet.http.HttpServlet.service(HttpServlet.java:529)
		at javax.servlet.http.HttpServlet.service(HttpServlet.java:623)
		at org.apache.catalina.core.ApplicationFilterChain.internalDoFilter(ApplicationFilterChain.java:199)
		at org.apache.catalina.core.ApplicationFilterChain.doFilter(ApplicationFilterChain.java:144)
		at org.apache.tomcat.websocket.server.WsFilter.doFilter(WsFilter.java:51)
		at org.apache.catalina.core.ApplicationFilterChain.internalDoFilter(ApplicationFilterChain.java:168)
		at org.apache.catalina.core.ApplicationFilterChain.doFilter(ApplicationFilterChain.java:144)
		at org.apache.catalina.filters.HttpHeaderSecurityFilter.doFilter(HttpHeaderSecurityFilter.java:129)
		at org.apache.catalina.core.ApplicationFilterChain.internalDoFilter(ApplicationFilterChain.java:168)
		at org.apache.catalina.core.ApplicationFilterChain.doFilter(ApplicationFilterChain.java:144)
		at org.apache.catalina.core.StandardWrapperValve.invoke(StandardWrapperValve.java:168)
		at org.apache.catalina.core.StandardContextValve.invoke(StandardContextValve.java:90)
		at org.apache.catalina.authenticator.AuthenticatorBase.invoke(AuthenticatorBase.java:597)
		at org.apache.catalina.valves.RequestFilterValve.process(RequestFilterValve.java:354)
		at org.apache.catalina.valves.RemoteAddrValve.invoke(RemoteAddrValve.java:54)
		at org.apache.catalina.core.StandardHostValve.invoke(StandardHostValve.java:130)
		at org.apache.catalina.valves.ErrorReportValve.invoke(ErrorReportValve.java:93)
		at org.apache.catalina.valves.AbstractAccessLogValve.invoke(AbstractAccessLogValve.java:656)
		at org.apache.catalina.core.StandardEngineValve.invoke(StandardEngineValve.java:74)
		at org.apache.catalina.connector.CoyoteAdapter.service(CoyoteAdapter.java:346)
		at org.apache.coyote.http11.Http11Processor.service(Http11Processor.java:397)
		at org.apache.coyote.AbstractProcessorLight.process(AbstractProcessorLight.java:63)
		at org.apache.coyote.AbstractProtocol$ConnectionHandler.process(AbstractProtocol.java:935)
		at org.apache.tomcat.util.net.NioEndpoint$SocketProcessor.doRun(NioEndpoint.java:1826)
		at org.apache.tomcat.util.net.SocketProcessorBase.run(SocketProcessorBase.java:52)
		at org.apache.tomcat.util.threads.ThreadPoolExecutor.runWorker(ThreadPoolExecutor.java:1189)
		at org.apache.tomcat.util.threads.ThreadPoolExecutor$Worker.run(ThreadPoolExecutor.java:658)
		at org.apache.tomcat.util.threads.TaskThread$WrappingRunnable.run(TaskThread.java:63)
		at java.lang.Thread.run(Thread.java:748)
08-Apr-2026 23:06:38.025 SEVERE [http-nio-8080-exec-91] org.apache.catalina.startup.ContextConfig.processAnnotationsJar Unable to process Jar entry [org/apache/pdfbox/pdmodel/graphics/shading/Type4ShadingPaint.class] from Jar [file:/D:/github/other/production-management-system/build/web/WEB-INF/lib/pdfbox-2.0.24.jar] for annotations
	java.util.zip.ZipException: error reading zip file
		at java.util.zip.ZipFile.read(Native Method)
		at java.util.zip.ZipFile.access$1400(ZipFile.java:60)
		at java.util.zip.ZipFile$ZipFileInputStream.read(ZipFile.java:734)
		at java.util.zip.ZipFile$ZipFileInflaterInputStream.fill(ZipFile.java:434)
		at java.util.zip.InflaterInputStream.read(InflaterInputStream.java:158)
		at java.io.BufferedInputStream.fill(BufferedInputStream.java:246)
		at java.io.BufferedInputStream.read(BufferedInputStream.java:265)
		at java.io.DataInputStream.readInt(DataInputStream.java:387)
		at org.apache.tomcat.util.bcel.classfile.ClassParser.readID(ClassParser.java:208)
		at org.apache.tomcat.util.bcel.classfile.ClassParser.parse(ClassParser.java:74)
		at org.apache.catalina.startup.ContextConfig.processAnnotationsStream(ContextConfig.java:2243)
		at org.apache.catalina.startup.ContextConfig.processAnnotationsJar(ContextConfig.java:2201)
		at org.apache.catalina.startup.ContextConfig.processAnnotationsUrl(ContextConfig.java:2174)
		at org.apache.catalina.startup.ContextConfig.scanWebXmlFragment(ContextConfig.java:2083)
		at org.apache.catalina.startup.ContextConfig.processAnnotations(ContextConfig.java:2063)
		at org.apache.catalina.startup.ContextConfig.processClasses(ContextConfig.java:1370)
		at org.apache.catalina.startup.ContextConfig.webConfig(ContextConfig.java:1271)
		at org.apache.catalina.startup.ContextConfig.configureStart(ContextConfig.java:972)
		at org.apache.catalina.startup.ContextConfig.lifecycleEvent(ContextConfig.java:290)
		at org.apache.catalina.util.LifecycleBase.fireLifecycleEvent(LifecycleBase.java:109)
		at org.apache.catalina.core.StandardContext.startInternal(StandardContext.java:4407)
		at org.apache.catalina.util.LifecycleBase.start(LifecycleBase.java:164)
		at org.apache.catalina.core.StandardContext.reload(StandardContext.java:3266)
		at org.apache.catalina.manager.ManagerServlet.reload(ManagerServlet.java:1033)
		at org.apache.catalina.manager.ManagerServlet.doGet(ManagerServlet.java:316)
		at javax.servlet.http.HttpServlet.service(HttpServlet.java:529)
		at javax.servlet.http.HttpServlet.service(HttpServlet.java:623)
		at org.apache.catalina.core.ApplicationFilterChain.internalDoFilter(ApplicationFilterChain.java:199)
		at org.apache.catalina.core.ApplicationFilterChain.doFilter(ApplicationFilterChain.java:144)
		at org.apache.tomcat.websocket.server.WsFilter.doFilter(WsFilter.java:51)
		at org.apache.catalina.core.ApplicationFilterChain.internalDoFilter(ApplicationFilterChain.java:168)
		at org.apache.catalina.core.ApplicationFilterChain.doFilter(ApplicationFilterChain.java:144)
		at org.apache.catalina.filters.HttpHeaderSecurityFilter.doFilter(HttpHeaderSecurityFilter.java:129)
		at org.apache.catalina.core.ApplicationFilterChain.internalDoFilter(ApplicationFilterChain.java:168)
		at org.apache.catalina.core.ApplicationFilterChain.doFilter(ApplicationFilterChain.java:144)
		at org.apache.catalina.core.StandardWrapperValve.invoke(StandardWrapperValve.java:168)
		at org.apache.catalina.core.StandardContextValve.invoke(StandardContextValve.java:90)
		at org.apache.catalina.authenticator.AuthenticatorBase.invoke(AuthenticatorBase.java:597)
		at org.apache.catalina.valves.RequestFilterValve.process(RequestFilterValve.java:354)
		at org.apache.catalina.valves.RemoteAddrValve.invoke(RemoteAddrValve.java:54)
		at org.apache.catalina.core.StandardHostValve.invoke(StandardHostValve.java:130)
		at org.apache.catalina.valves.ErrorReportValve.invoke(ErrorReportValve.java:93)
		at org.apache.catalina.valves.AbstractAccessLogValve.invoke(AbstractAccessLogValve.java:656)
		at org.apache.catalina.core.StandardEngineValve.invoke(StandardEngineValve.java:74)
		at org.apache.catalina.connector.CoyoteAdapter.service(CoyoteAdapter.java:346)
		at org.apache.coyote.http11.Http11Processor.service(Http11Processor.java:397)
		at org.apache.coyote.AbstractProcessorLight.process(AbstractProcessorLight.java:63)
		at org.apache.coyote.AbstractProtocol$ConnectionHandler.process(AbstractProtocol.java:935)
		at org.apache.tomcat.util.net.NioEndpoint$SocketProcessor.doRun(NioEndpoint.java:1826)
		at org.apache.tomcat.util.net.SocketProcessorBase.run(SocketProcessorBase.java:52)
		at org.apache.tomcat.util.threads.ThreadPoolExecutor.runWorker(ThreadPoolExecutor.java:1189)
		at org.apache.tomcat.util.threads.ThreadPoolExecutor$Worker.run(ThreadPoolExecutor.java:658)
		at org.apache.tomcat.util.threads.TaskThread$WrappingRunnable.run(TaskThread.java:63)
		at java.lang.Thread.run(Thread.java:748)
08-Apr-2026 23:06:38.102 SEVERE [http-nio-8080-exec-91] org.apache.catalina.startup.ContextConfig.processAnnotationsJar Unable to process Jar entry [org/apache/pdfbox/pdmodel/graphics/shading/Type5ShadingContext.class] from Jar [file:/D:/github/other/production-management-system/build/web/WEB-INF/lib/pdfbox-2.0.24.jar] for annotations
	java.util.zip.ZipException: error reading zip file
		at java.util.zip.ZipFile.read(Native Method)
		at java.util.zip.ZipFile.access$1400(ZipFile.java:60)
		at java.util.zip.ZipFile$ZipFileInputStream.read(ZipFile.java:734)
		at java.util.zip.ZipFile$ZipFileInflaterInputStream.fill(ZipFile.java:434)
		at java.util.zip.InflaterInputStream.read(InflaterInputStream.java:158)
		at java.io.BufferedInputStream.fill(BufferedInputStream.java:246)
		at java.io.BufferedInputStream.read(BufferedInputStream.java:265)
		at java.io.DataInputStream.readInt(DataInputStream.java:387)
		at org.apache.tomcat.util.bcel.classfile.ClassParser.readID(ClassParser.java:208)
		at org.apache.tomcat.util.bcel.classfile.ClassParser.parse(ClassParser.java:74)
		at org.apache.catalina.startup.ContextConfig.processAnnotationsStream(ContextConfig.java:2243)
		at org.apache.catalina.startup.ContextConfig.processAnnotationsJar(ContextConfig.java:2201)
		at org.apache.catalina.startup.ContextConfig.processAnnotationsUrl(ContextConfig.java:2174)
		at org.apache.catalina.startup.ContextConfig.scanWebXmlFragment(ContextConfig.java:2083)
		at org.apache.catalina.startup.ContextConfig.processAnnotations(ContextConfig.java:2063)
		at org.apache.catalina.startup.ContextConfig.processClasses(ContextConfig.java:1370)
		at org.apache.catalina.startup.ContextConfig.webConfig(ContextConfig.java:1271)
		at org.apache.catalina.startup.ContextConfig.configureStart(ContextConfig.java:972)
		at org.apache.catalina.startup.ContextConfig.lifecycleEvent(ContextConfig.java:290)
		at org.apache.catalina.util.LifecycleBase.fireLifecycleEvent(LifecycleBase.java:109)
		at org.apache.catalina.core.StandardContext.startInternal(StandardContext.java:4407)
		at org.apache.catalina.util.LifecycleBase.start(LifecycleBase.java:164)
		at org.apache.catalina.core.StandardContext.reload(StandardContext.java:3266)
		at org.apache.catalina.manager.ManagerServlet.reload(ManagerServlet.java:1033)
		at org.apache.catalina.manager.ManagerServlet.doGet(ManagerServlet.java:316)
		at javax.servlet.http.HttpServlet.service(HttpServlet.java:529)
		at javax.servlet.http.HttpServlet.service(HttpServlet.java:623)
		at org.apache.catalina.core.ApplicationFilterChain.internalDoFilter(ApplicationFilterChain.java:199)
		at org.apache.catalina.core.ApplicationFilterChain.doFilter(ApplicationFilterChain.java:144)
		at org.apache.tomcat.websocket.server.WsFilter.doFilter(WsFilter.java:51)
		at org.apache.catalina.core.ApplicationFilterChain.internalDoFilter(ApplicationFilterChain.java:168)
		at org.apache.catalina.core.ApplicationFilterChain.doFilter(ApplicationFilterChain.java:144)
		at org.apache.catalina.filters.HttpHeaderSecurityFilter.doFilter(HttpHeaderSecurityFilter.java:129)
		at org.apache.catalina.core.ApplicationFilterChain.internalDoFilter(ApplicationFilterChain.java:168)
		at org.apache.catalina.core.ApplicationFilterChain.doFilter(ApplicationFilterChain.java:144)
		at org.apache.catalina.core.StandardWrapperValve.invoke(StandardWrapperValve.java:168)
		at org.apache.catalina.core.StandardContextValve.invoke(StandardContextValve.java:90)
		at org.apache.catalina.authenticator.AuthenticatorBase.invoke(AuthenticatorBase.java:597)
		at org.apache.catalina.valves.RequestFilterValve.process(RequestFilterValve.java:354)
		at org.apache.catalina.valves.RemoteAddrValve.invoke(RemoteAddrValve.java:54)
		at org.apache.catalina.core.StandardHostValve.invoke(StandardHostValve.java:130)
		at org.apache.catalina.valves.ErrorReportValve.invoke(ErrorReportValve.java:93)
		at org.apache.catalina.valves.AbstractAccessLogValve.invoke(AbstractAccessLogValve.java:656)
		at org.apache.catalina.core.StandardEngineValve.invoke(StandardEngineValve.java:74)
		at org.apache.catalina.connector.CoyoteAdapter.service(CoyoteAdapter.java:346)
		at org.apache.coyote.http11.Http11Processor.service(Http11Processor.java:397)
		at org.apache.coyote.AbstractProcessorLight.process(AbstractProcessorLight.java:63)
		at org.apache.coyote.AbstractProtocol$ConnectionHandler.process(AbstractProtocol.java:935)
		at org.apache.tomcat.util.net.NioEndpoint$SocketProcessor.doRun(NioEndpoint.java:1826)
		at org.apache.tomcat.util.net.SocketProcessorBase.run(SocketProcessorBase.java:52)
		at org.apache.tomcat.util.threads.ThreadPoolExecutor.runWorker(ThreadPoolExecutor.java:1189)
		at org.apache.tomcat.util.threads.ThreadPoolExecutor$Worker.run(ThreadPoolExecutor.java:658)
		at org.apache.tomcat.util.threads.TaskThread$WrappingRunnable.run(TaskThread.java:63)
		at java.lang.Thread.run(Thread.java:748)
08-Apr-2026 23:06:38.180 SEVERE [http-nio-8080-exec-91] org.apache.catalina.startup.ContextConfig.processAnnotationsJar Unable to process Jar entry [org/apache/pdfbox/pdmodel/graphics/shading/Type5ShadingPaint.class] from Jar [file:/D:/github/other/production-management-system/build/web/WEB-INF/lib/pdfbox-2.0.24.jar] for annotations
	java.util.zip.ZipException: error reading zip file
		at java.util.zip.ZipFile.read(Native Method)
		at java.util.zip.ZipFile.access$1400(ZipFile.java:60)
		at java.util.zip.ZipFile$ZipFileInputStream.read(ZipFile.java:734)
		at java.util.zip.ZipFile$ZipFileInflaterInputStream.fill(ZipFile.java:434)
		at java.util.zip.InflaterInputStream.read(InflaterInputStream.java:158)
		at java.io.BufferedInputStream.fill(BufferedInputStream.java:246)
		at java.io.BufferedInputStream.read(BufferedInputStream.java:265)
		at java.io.DataInputStream.readInt(DataInputStream.java:387)
		at org.apache.tomcat.util.bcel.classfile.ClassParser.readID(ClassParser.java:208)
		at org.apache.tomcat.util.bcel.classfile.ClassParser.parse(ClassParser.java:74)
		at org.apache.catalina.startup.ContextConfig.processAnnotationsStream(ContextConfig.java:2243)
		at org.apache.catalina.startup.ContextConfig.processAnnotationsJar(ContextConfig.java:2201)
		at org.apache.catalina.startup.ContextConfig.processAnnotationsUrl(ContextConfig.java:2174)
		at org.apache.catalina.startup.ContextConfig.scanWebXmlFragment(ContextConfig.java:2083)
		at org.apache.catalina.startup.ContextConfig.processAnnotations(ContextConfig.java:2063)
		at org.apache.catalina.startup.ContextConfig.processClasses(ContextConfig.java:1370)
		at org.apache.catalina.startup.ContextConfig.webConfig(ContextConfig.java:1271)
		at org.apache.catalina.startup.ContextConfig.configureStart(ContextConfig.java:972)
		at org.apache.catalina.startup.ContextConfig.lifecycleEvent(ContextConfig.java:290)
		at org.apache.catalina.util.LifecycleBase.fireLifecycleEvent(LifecycleBase.java:109)
		at org.apache.catalina.core.StandardContext.startInternal(StandardContext.java:4407)
		at org.apache.catalina.util.LifecycleBase.start(LifecycleBase.java:164)
		at org.apache.catalina.core.StandardContext.reload(StandardContext.java:3266)
		at org.apache.catalina.manager.ManagerServlet.reload(ManagerServlet.java:1033)
		at org.apache.catalina.manager.ManagerServlet.doGet(ManagerServlet.java:316)
		at javax.servlet.http.HttpServlet.service(HttpServlet.java:529)
		at javax.servlet.http.HttpServlet.service(HttpServlet.java:623)
		at org.apache.catalina.core.ApplicationFilterChain.internalDoFilter(ApplicationFilterChain.java:199)
		at org.apache.catalina.core.ApplicationFilterChain.doFilter(ApplicationFilterChain.java:144)
		at org.apache.tomcat.websocket.server.WsFilter.doFilter(WsFilter.java:51)
		at org.apache.catalina.core.ApplicationFilterChain.internalDoFilter(ApplicationFilterChain.java:168)
		at org.apache.catalina.core.ApplicationFilterChain.doFilter(ApplicationFilterChain.java:144)
		at org.apache.catalina.filters.HttpHeaderSecurityFilter.doFilter(HttpHeaderSecurityFilter.java:129)
		at org.apache.catalina.core.ApplicationFilterChain.internalDoFilter(ApplicationFilterChain.java:168)
		at org.apache.catalina.core.ApplicationFilterChain.doFilter(ApplicationFilterChain.java:144)
		at org.apache.catalina.core.StandardWrapperValve.invoke(StandardWrapperValve.java:168)
		at org.apache.catalina.core.StandardContextValve.invoke(StandardContextValve.java:90)
		at org.apache.catalina.authenticator.AuthenticatorBase.invoke(AuthenticatorBase.java:597)
		at org.apache.catalina.valves.RequestFilterValve.process(RequestFilterValve.java:354)
		at org.apache.catalina.valves.RemoteAddrValve.invoke(RemoteAddrValve.java:54)
		at org.apache.catalina.core.StandardHostValve.invoke(StandardHostValve.java:130)
		at org.apache.catalina.valves.ErrorReportValve.invoke(ErrorReportValve.java:93)
		at org.apache.catalina.valves.AbstractAccessLogValve.invoke(AbstractAccessLogValve.java:656)
		at org.apache.catalina.core.StandardEngineValve.invoke(StandardEngineValve.java:74)
		at org.apache.catalina.connector.CoyoteAdapter.service(CoyoteAdapter.java:346)
		at org.apache.coyote.http11.Http11Processor.service(Http11Processor.java:397)
		at org.apache.coyote.AbstractProcessorLight.process(AbstractProcessorLight.java:63)
		at org.apache.coyote.AbstractProtocol$ConnectionHandler.process(AbstractProtocol.java:935)
		at org.apache.tomcat.util.net.NioEndpoint$SocketProcessor.doRun(NioEndpoint.java:1826)
		at org.apache.tomcat.util.net.SocketProcessorBase.run(SocketProcessorBase.java:52)
		at org.apache.tomcat.util.threads.ThreadPoolExecutor.runWorker(ThreadPoolExecutor.java:1189)
		at org.apache.tomcat.util.threads.ThreadPoolExecutor$Worker.run(ThreadPoolExecutor.java:658)
		at org.apache.tomcat.util.threads.TaskThread$WrappingRunnable.run(TaskThread.java:63)
		at java.lang.Thread.run(Thread.java:748)
08-Apr-2026 23:06:38.258 SEVERE [http-nio-8080-exec-91] org.apache.catalina.startup.ContextConfig.processAnnotationsJar Unable to process Jar entry [org/apache/pdfbox/pdmodel/graphics/shading/Type6ShadingContext.class] from Jar [file:/D:/github/other/production-management-system/build/web/WEB-INF/lib/pdfbox-2.0.24.jar] for annotations
	java.util.zip.ZipException: error reading zip file
		at java.util.zip.ZipFile.read(Native Method)
		at java.util.zip.ZipFile.access$1400(ZipFile.java:60)
		at java.util.zip.ZipFile$ZipFileInputStream.read(ZipFile.java:734)
		at java.util.zip.ZipFile$ZipFileInflaterInputStream.fill(ZipFile.java:434)
		at java.util.zip.InflaterInputStream.read(InflaterInputStream.java:158)
		at java.io.BufferedInputStream.fill(BufferedInputStream.java:246)
		at java.io.BufferedInputStream.read(BufferedInputStream.java:265)
		at java.io.DataInputStream.readInt(DataInputStream.java:387)
		at org.apache.tomcat.util.bcel.classfile.ClassParser.readID(ClassParser.java:208)
		at org.apache.tomcat.util.bcel.classfile.ClassParser.parse(ClassParser.java:74)
		at org.apache.catalina.startup.ContextConfig.processAnnotationsStream(ContextConfig.java:2243)
		at org.apache.catalina.startup.ContextConfig.processAnnotationsJar(ContextConfig.java:2201)
		at org.apache.catalina.startup.ContextConfig.processAnnotationsUrl(ContextConfig.java:2174)
		at org.apache.catalina.startup.ContextConfig.scanWebXmlFragment(ContextConfig.java:2083)
		at org.apache.catalina.startup.ContextConfig.processAnnotations(ContextConfig.java:2063)
		at org.apache.catalina.startup.ContextConfig.processClasses(ContextConfig.java:1370)
		at org.apache.catalina.startup.ContextConfig.webConfig(ContextConfig.java:1271)
		at org.apache.catalina.startup.ContextConfig.configureStart(ContextConfig.java:972)
		at org.apache.catalina.startup.ContextConfig.lifecycleEvent(ContextConfig.java:290)
		at org.apache.catalina.util.LifecycleBase.fireLifecycleEvent(LifecycleBase.java:109)
		at org.apache.catalina.core.StandardContext.startInternal(StandardContext.java:4407)
		at org.apache.catalina.util.LifecycleBase.start(LifecycleBase.java:164)
		at org.apache.catalina.core.StandardContext.reload(StandardContext.java:3266)
		at org.apache.catalina.manager.ManagerServlet.reload(ManagerServlet.java:1033)
		at org.apache.catalina.manager.ManagerServlet.doGet(ManagerServlet.java:316)
		at javax.servlet.http.HttpServlet.service(HttpServlet.java:529)
		at javax.servlet.http.HttpServlet.service(HttpServlet.java:623)
		at org.apache.catalina.core.ApplicationFilterChain.internalDoFilter(ApplicationFilterChain.java:199)
		at org.apache.catalina.core.ApplicationFilterChain.doFilter(ApplicationFilterChain.java:144)
		at org.apache.tomcat.websocket.server.WsFilter.doFilter(WsFilter.java:51)
		at org.apache.catalina.core.ApplicationFilterChain.internalDoFilter(ApplicationFilterChain.java:168)
		at org.apache.catalina.core.ApplicationFilterChain.doFilter(ApplicationFilterChain.java:144)
		at org.apache.catalina.filters.HttpHeaderSecurityFilter.doFilter(HttpHeaderSecurityFilter.java:129)
		at org.apache.catalina.core.ApplicationFilterChain.internalDoFilter(ApplicationFilterChain.java:168)
		at org.apache.catalina.core.ApplicationFilterChain.doFilter(ApplicationFilterChain.java:144)
		at org.apache.catalina.core.StandardWrapperValve.invoke(StandardWrapperValve.java:168)
		at org.apache.catalina.core.StandardContextValve.invoke(StandardContextValve.java:90)
		at org.apache.catalina.authenticator.AuthenticatorBase.invoke(AuthenticatorBase.java:597)
		at org.apache.catalina.valves.RequestFilterValve.process(RequestFilterValve.java:354)
		at org.apache.catalina.valves.RemoteAddrValve.invoke(RemoteAddrValve.java:54)
		at org.apache.catalina.core.StandardHostValve.invoke(StandardHostValve.java:130)
		at org.apache.catalina.valves.ErrorReportValve.invoke(ErrorReportValve.java:93)
		at org.apache.catalina.valves.AbstractAccessLogValve.invoke(AbstractAccessLogValve.java:656)
		at org.apache.catalina.core.StandardEngineValve.invoke(StandardEngineValve.java:74)
		at org.apache.catalina.connector.CoyoteAdapter.service(CoyoteAdapter.java:346)
		at org.apache.coyote.http11.Http11Processor.service(Http11Processor.java:397)
		at org.apache.coyote.AbstractProcessorLight.process(AbstractProcessorLight.java:63)
		at org.apache.coyote.AbstractProtocol$ConnectionHandler.process(AbstractProtocol.java:935)
		at org.apache.tomcat.util.net.NioEndpoint$SocketProcessor.doRun(NioEndpoint.java:1826)
		at org.apache.tomcat.util.net.SocketProcessorBase.run(SocketProcessorBase.java:52)
		at org.apache.tomcat.util.threads.ThreadPoolExecutor.runWorker(ThreadPoolExecutor.java:1189)
		at org.apache.tomcat.util.threads.ThreadPoolExecutor$Worker.run(ThreadPoolExecutor.java:658)
		at org.apache.tomcat.util.threads.TaskThread$WrappingRunnable.run(TaskThread.java:63)
		at java.lang.Thread.run(Thread.java:748)
08-Apr-2026 23:06:38.350 SEVERE [http-nio-8080-exec-91] org.apache.catalina.startup.ContextConfig.processAnnotationsJar Unable to process Jar entry [org/apache/pdfbox/pdmodel/graphics/shading/Type6ShadingPaint.class] from Jar [file:/D:/github/other/production-management-system/build/web/WEB-INF/lib/pdfbox-2.0.24.jar] for annotations
	java.util.zip.ZipException: error reading zip file
		at java.util.zip.ZipFile.read(Native Method)
		at java.util.zip.ZipFile.access$1400(ZipFile.java:60)
		at java.util.zip.ZipFile$ZipFileInputStream.read(ZipFile.java:734)
		at java.util.zip.ZipFile$ZipFileInflaterInputStream.fill(ZipFile.java:434)
		at java.util.zip.InflaterInputStream.read(InflaterInputStream.java:158)
		at java.io.BufferedInputStream.fill(BufferedInputStream.java:246)
		at java.io.BufferedInputStream.read(BufferedInputStream.java:265)
		at java.io.DataInputStream.readInt(DataInputStream.java:387)
		at org.apache.tomcat.util.bcel.classfile.ClassParser.readID(ClassParser.java:208)
		at org.apache.tomcat.util.bcel.classfile.ClassParser.parse(ClassParser.java:74)
		at org.apache.catalina.startup.ContextConfig.processAnnotationsStream(ContextConfig.java:2243)
		at org.apache.catalina.startup.ContextConfig.processAnnotationsJar(ContextConfig.java:2201)
		at org.apache.catalina.startup.ContextConfig.processAnnotationsUrl(ContextConfig.java:2174)
		at org.apache.catalina.startup.ContextConfig.scanWebXmlFragment(ContextConfig.java:2083)
		at org.apache.catalina.startup.ContextConfig.processAnnotations(ContextConfig.java:2063)
		at org.apache.catalina.startup.ContextConfig.processClasses(ContextConfig.java:1370)
		at org.apache.catalina.startup.ContextConfig.webConfig(ContextConfig.java:1271)
		at org.apache.catalina.startup.ContextConfig.configureStart(ContextConfig.java:972)
		at org.apache.catalina.startup.ContextConfig.lifecycleEvent(ContextConfig.java:290)
		at org.apache.catalina.util.LifecycleBase.fireLifecycleEvent(LifecycleBase.java:109)
		at org.apache.catalina.core.StandardContext.startInternal(StandardContext.java:4407)
		at org.apache.catalina.util.LifecycleBase.start(LifecycleBase.java:164)
		at org.apache.catalina.core.StandardContext.reload(StandardContext.java:3266)
		at org.apache.catalina.manager.ManagerServlet.reload(ManagerServlet.java:1033)
		at org.apache.catalina.manager.ManagerServlet.doGet(ManagerServlet.java:316)
		at javax.servlet.http.HttpServlet.service(HttpServlet.java:529)
		at javax.servlet.http.HttpServlet.service(HttpServlet.java:623)
		at org.apache.catalina.core.ApplicationFilterChain.internalDoFilter(ApplicationFilterChain.java:199)
		at org.apache.catalina.core.ApplicationFilterChain.doFilter(ApplicationFilterChain.java:144)
		at org.apache.tomcat.websocket.server.WsFilter.doFilter(WsFilter.java:51)
		at org.apache.catalina.core.ApplicationFilterChain.internalDoFilter(ApplicationFilterChain.java:168)
		at org.apache.catalina.core.ApplicationFilterChain.doFilter(ApplicationFilterChain.java:144)
		at org.apache.catalina.filters.HttpHeaderSecurityFilter.doFilter(HttpHeaderSecurityFilter.java:129)
		at org.apache.catalina.core.ApplicationFilterChain.internalDoFilter(ApplicationFilterChain.java:168)
		at org.apache.catalina.core.ApplicationFilterChain.doFilter(ApplicationFilterChain.java:144)
		at org.apache.catalina.core.StandardWrapperValve.invoke(StandardWrapperValve.java:168)
		at org.apache.catalina.core.StandardContextValve.invoke(StandardContextValve.java:90)
		at org.apache.catalina.authenticator.AuthenticatorBase.invoke(AuthenticatorBase.java:597)
		at org.apache.catalina.valves.RequestFilterValve.process(RequestFilterValve.java:354)
		at org.apache.catalina.valves.RemoteAddrValve.invoke(RemoteAddrValve.java:54)
		at org.apache.catalina.core.StandardHostValve.invoke(StandardHostValve.java:130)
		at org.apache.catalina.valves.ErrorReportValve.invoke(ErrorReportValve.java:93)
		at org.apache.catalina.valves.AbstractAccessLogValve.invoke(AbstractAccessLogValve.java:656)
		at org.apache.catalina.core.StandardEngineValve.invoke(StandardEngineValve.java:74)
		at org.apache.catalina.connector.CoyoteAdapter.service(CoyoteAdapter.java:346)
		at org.apache.coyote.http11.Http11Processor.service(Http11Processor.java:397)
		at org.apache.coyote.AbstractProcessorLight.process(AbstractProcessorLight.java:63)
		at org.apache.coyote.AbstractProtocol$ConnectionHandler.process(AbstractProtocol.java:935)
		at org.apache.tomcat.util.net.NioEndpoint$SocketProcessor.doRun(NioEndpoint.java:1826)
		at org.apache.tomcat.util.net.SocketProcessorBase.run(SocketProcessorBase.java:52)
		at org.apache.tomcat.util.threads.ThreadPoolExecutor.runWorker(ThreadPoolExecutor.java:1189)
		at org.apache.tomcat.util.threads.ThreadPoolExecutor$Worker.run(ThreadPoolExecutor.java:658)
		at org.apache.tomcat.util.threads.TaskThread$WrappingRunnable.run(TaskThread.java:63)
		at java.lang.Thread.run(Thread.java:748)
08-Apr-2026 23:06:38.426 SEVERE [http-nio-8080-exec-91] org.apache.catalina.startup.ContextConfig.processAnnotationsJar Unable to process Jar entry [org/apache/pdfbox/pdmodel/graphics/shading/Type7ShadingContext.class] from Jar [file:/D:/github/other/production-management-system/build/web/WEB-INF/lib/pdfbox-2.0.24.jar] for annotations
	java.util.zip.ZipException: error reading zip file
		at java.util.zip.ZipFile.read(Native Method)
		at java.util.zip.ZipFile.access$1400(ZipFile.java:60)
		at java.util.zip.ZipFile$ZipFileInputStream.read(ZipFile.java:734)
		at java.util.zip.ZipFile$ZipFileInflaterInputStream.fill(ZipFile.java:434)
		at java.util.zip.InflaterInputStream.read(InflaterInputStream.java:158)
		at java.io.BufferedInputStream.fill(BufferedInputStream.java:246)
		at java.io.BufferedInputStream.read(BufferedInputStream.java:265)
		at java.io.DataInputStream.readInt(DataInputStream.java:387)
		at org.apache.tomcat.util.bcel.classfile.ClassParser.readID(ClassParser.java:208)
		at org.apache.tomcat.util.bcel.classfile.ClassParser.parse(ClassParser.java:74)
		at org.apache.catalina.startup.ContextConfig.processAnnotationsStream(ContextConfig.java:2243)
		at org.apache.catalina.startup.ContextConfig.processAnnotationsJar(ContextConfig.java:2201)
		at org.apache.catalina.startup.ContextConfig.processAnnotationsUrl(ContextConfig.java:2174)
		at org.apache.catalina.startup.ContextConfig.scanWebXmlFragment(ContextConfig.java:2083)
		at org.apache.catalina.startup.ContextConfig.processAnnotations(ContextConfig.java:2063)
		at org.apache.catalina.startup.ContextConfig.processClasses(ContextConfig.java:1370)
		at org.apache.catalina.startup.ContextConfig.webConfig(ContextConfig.java:1271)
		at org.apache.catalina.startup.ContextConfig.configureStart(ContextConfig.java:972)
		at org.apache.catalina.startup.ContextConfig.lifecycleEvent(ContextConfig.java:290)
		at org.apache.catalina.util.LifecycleBase.fireLifecycleEvent(LifecycleBase.java:109)
		at org.apache.catalina.core.StandardContext.startInternal(StandardContext.java:4407)
		at org.apache.catalina.util.LifecycleBase.start(LifecycleBase.java:164)
		at org.apache.catalina.core.StandardContext.reload(StandardContext.java:3266)
		at org.apache.catalina.manager.ManagerServlet.reload(ManagerServlet.java:1033)
		at org.apache.catalina.manager.ManagerServlet.doGet(ManagerServlet.java:316)
		at javax.servlet.http.HttpServlet.service(HttpServlet.java:529)
		at javax.servlet.http.HttpServlet.service(HttpServlet.java:623)
		at org.apache.catalina.core.ApplicationFilterChain.internalDoFilter(ApplicationFilterChain.java:199)
		at org.apache.catalina.core.ApplicationFilterChain.doFilter(ApplicationFilterChain.java:144)
		at org.apache.tomcat.websocket.server.WsFilter.doFilter(WsFilter.java:51)
		at org.apache.catalina.core.ApplicationFilterChain.internalDoFilter(ApplicationFilterChain.java:168)
		at org.apache.catalina.core.ApplicationFilterChain.doFilter(ApplicationFilterChain.java:144)
		at org.apache.catalina.filters.HttpHeaderSecurityFilter.doFilter(HttpHeaderSecurityFilter.java:129)
		at org.apache.catalina.core.ApplicationFilterChain.internalDoFilter(ApplicationFilterChain.java:168)
		at org.apache.catalina.core.ApplicationFilterChain.doFilter(ApplicationFilterChain.java:144)
		at org.apache.catalina.core.StandardWrapperValve.invoke(StandardWrapperValve.java:168)
		at org.apache.catalina.core.StandardContextValve.invoke(StandardContextValve.java:90)
		at org.apache.catalina.authenticator.AuthenticatorBase.invoke(AuthenticatorBase.java:597)
		at org.apache.catalina.valves.RequestFilterValve.process(RequestFilterValve.java:354)
		at org.apache.catalina.valves.RemoteAddrValve.invoke(RemoteAddrValve.java:54)
		at org.apache.catalina.core.StandardHostValve.invoke(StandardHostValve.java:130)
		at org.apache.catalina.valves.ErrorReportValve.invoke(ErrorReportValve.java:93)
		at org.apache.catalina.valves.AbstractAccessLogValve.invoke(AbstractAccessLogValve.java:656)
		at org.apache.catalina.core.StandardEngineValve.invoke(StandardEngineValve.java:74)
		at org.apache.catalina.connector.CoyoteAdapter.service(CoyoteAdapter.java:346)
		at org.apache.coyote.http11.Http11Processor.service(Http11Processor.java:397)
		at org.apache.coyote.AbstractProcessorLight.process(AbstractProcessorLight.java:63)
		at org.apache.coyote.AbstractProtocol$ConnectionHandler.process(AbstractProtocol.java:935)
		at org.apache.tomcat.util.net.NioEndpoint$SocketProcessor.doRun(NioEndpoint.java:1826)
		at org.apache.tomcat.util.net.SocketProcessorBase.run(SocketProcessorBase.java:52)
		at org.apache.tomcat.util.threads.ThreadPoolExecutor.runWorker(ThreadPoolExecutor.java:1189)
		at org.apache.tomcat.util.threads.ThreadPoolExecutor$Worker.run(ThreadPoolExecutor.java:658)
		at org.apache.tomcat.util.threads.TaskThread$WrappingRunnable.run(TaskThread.java:63)
		at java.lang.Thread.run(Thread.java:748)
08-Apr-2026 23:06:38.503 SEVERE [http-nio-8080-exec-91] org.apache.catalina.startup.ContextConfig.processAnnotationsJar Unable to process Jar entry [org/apache/pdfbox/pdmodel/graphics/shading/Type7ShadingPaint.class] from Jar [file:/D:/github/other/production-management-system/build/web/WEB-INF/lib/pdfbox-2.0.24.jar] for annotations
	java.util.zip.ZipException: error reading zip file
		at java.util.zip.ZipFile.read(Native Method)
		at java.util.zip.ZipFile.access$1400(ZipFile.java:60)
		at java.util.zip.ZipFile$ZipFileInputStream.read(ZipFile.java:734)
		at java.util.zip.ZipFile$ZipFileInflaterInputStream.fill(ZipFile.java:434)
		at java.util.zip.InflaterInputStream.read(InflaterInputStream.java:158)
		at java.io.BufferedInputStream.fill(BufferedInputStream.java:246)
		at java.io.BufferedInputStream.read(BufferedInputStream.java:265)
		at java.io.DataInputStream.readInt(DataInputStream.java:387)
		at org.apache.tomcat.util.bcel.classfile.ClassParser.readID(ClassParser.java:208)
		at org.apache.tomcat.util.bcel.classfile.ClassParser.parse(ClassParser.java:74)
		at org.apache.catalina.startup.ContextConfig.processAnnotationsStream(ContextConfig.java:2243)
		at org.apache.catalina.startup.ContextConfig.processAnnotationsJar(ContextConfig.java:2201)
		at org.apache.catalina.startup.ContextConfig.processAnnotationsUrl(ContextConfig.java:2174)
		at org.apache.catalina.startup.ContextConfig.scanWebXmlFragment(ContextConfig.java:2083)
		at org.apache.catalina.startup.ContextConfig.processAnnotations(ContextConfig.java:2063)
		at org.apache.catalina.startup.ContextConfig.processClasses(ContextConfig.java:1370)
		at org.apache.catalina.startup.ContextConfig.webConfig(ContextConfig.java:1271)
		at org.apache.catalina.startup.ContextConfig.configureStart(ContextConfig.java:972)
		at org.apache.catalina.startup.ContextConfig.lifecycleEvent(ContextConfig.java:290)
		at org.apache.catalina.util.LifecycleBase.fireLifecycleEvent(LifecycleBase.java:109)
		at org.apache.catalina.core.StandardContext.startInternal(StandardContext.java:4407)
		at org.apache.catalina.util.LifecycleBase.start(LifecycleBase.java:164)
		at org.apache.catalina.core.StandardContext.reload(StandardContext.java:3266)
		at org.apache.catalina.manager.ManagerServlet.reload(ManagerServlet.java:1033)
		at org.apache.catalina.manager.ManagerServlet.doGet(ManagerServlet.java:316)
		at javax.servlet.http.HttpServlet.service(HttpServlet.java:529)
		at javax.servlet.http.HttpServlet.service(HttpServlet.java:623)
		at org.apache.catalina.core.ApplicationFilterChain.internalDoFilter(ApplicationFilterChain.java:199)
		at org.apache.catalina.core.ApplicationFilterChain.doFilter(ApplicationFilterChain.java:144)
		at org.apache.tomcat.websocket.server.WsFilter.doFilter(WsFilter.java:51)
		at org.apache.catalina.core.ApplicationFilterChain.internalDoFilter(ApplicationFilterChain.java:168)
		at org.apache.catalina.core.ApplicationFilterChain.doFilter(ApplicationFilterChain.java:144)
		at org.apache.catalina.filters.HttpHeaderSecurityFilter.doFilter(HttpHeaderSecurityFilter.java:129)
		at org.apache.catalina.core.ApplicationFilterChain.internalDoFilter(ApplicationFilterChain.java:168)
		at org.apache.catalina.core.ApplicationFilterChain.doFilter(ApplicationFilterChain.java:144)
		at org.apache.catalina.core.StandardWrapperValve.invoke(StandardWrapperValve.java:168)
		at org.apache.catalina.core.StandardContextValve.invoke(StandardContextValve.java:90)
		at org.apache.catalina.authenticator.AuthenticatorBase.invoke(AuthenticatorBase.java:597)
		at org.apache.catalina.valves.RequestFilterValve.process(RequestFilterValve.java:354)
		at org.apache.catalina.valves.RemoteAddrValve.invoke(RemoteAddrValve.java:54)
		at org.apache.catalina.core.StandardHostValve.invoke(StandardHostValve.java:130)
		at org.apache.catalina.valves.ErrorReportValve.invoke(ErrorReportValve.java:93)
		at org.apache.catalina.valves.AbstractAccessLogValve.invoke(AbstractAccessLogValve.java:656)
		at org.apache.catalina.core.StandardEngineValve.invoke(StandardEngineValve.java:74)
		at org.apache.catalina.connector.CoyoteAdapter.service(CoyoteAdapter.java:346)
		at org.apache.coyote.http11.Http11Processor.service(Http11Processor.java:397)
		at org.apache.coyote.AbstractProcessorLight.process(AbstractProcessorLight.java:63)
		at org.apache.coyote.AbstractProtocol$ConnectionHandler.process(AbstractProtocol.java:935)
		at org.apache.tomcat.util.net.NioEndpoint$SocketProcessor.doRun(NioEndpoint.java:1826)
		at org.apache.tomcat.util.net.SocketProcessorBase.run(SocketProcessorBase.java:52)
		at org.apache.tomcat.util.threads.ThreadPoolExecutor.runWorker(ThreadPoolExecutor.java:1189)
		at org.apache.tomcat.util.threads.ThreadPoolExecutor$Worker.run(ThreadPoolExecutor.java:658)
		at org.apache.tomcat.util.threads.TaskThread$WrappingRunnable.run(TaskThread.java:63)
		at java.lang.Thread.run(Thread.java:748)
08-Apr-2026 23:06:38.581 SEVERE [http-nio-8080-exec-91] org.apache.catalina.startup.ContextConfig.processAnnotationsJar Unable to process Jar entry [org/apache/pdfbox/pdmodel/graphics/shading/Vertex.class] from Jar [file:/D:/github/other/production-management-system/build/web/WEB-INF/lib/pdfbox-2.0.24.jar] for annotations
	java.util.zip.ZipException: error reading zip file
		at java.util.zip.ZipFile.read(Native Method)
		at java.util.zip.ZipFile.access$1400(ZipFile.java:60)
		at java.util.zip.ZipFile$ZipFileInputStream.read(ZipFile.java:734)
		at java.util.zip.ZipFile$ZipFileInflaterInputStream.fill(ZipFile.java:434)
		at java.util.zip.InflaterInputStream.read(InflaterInputStream.java:158)
		at java.io.BufferedInputStream.fill(BufferedInputStream.java:246)
		at java.io.BufferedInputStream.read(BufferedInputStream.java:265)
		at java.io.DataInputStream.readInt(DataInputStream.java:387)
		at org.apache.tomcat.util.bcel.classfile.ClassParser.readID(ClassParser.java:208)
		at org.apache.tomcat.util.bcel.classfile.ClassParser.parse(ClassParser.java:74)
		at org.apache.catalina.startup.ContextConfig.processAnnotationsStream(ContextConfig.java:2243)
		at org.apache.catalina.startup.ContextConfig.processAnnotationsJar(ContextConfig.java:2201)
		at org.apache.catalina.startup.ContextConfig.processAnnotationsUrl(ContextConfig.java:2174)
		at org.apache.catalina.startup.ContextConfig.scanWebXmlFragment(ContextConfig.java:2083)
		at org.apache.catalina.startup.ContextConfig.processAnnotations(ContextConfig.java:2063)
		at org.apache.catalina.startup.ContextConfig.processClasses(ContextConfig.java:1370)
		at org.apache.catalina.startup.ContextConfig.webConfig(ContextConfig.java:1271)
		at org.apache.catalina.startup.ContextConfig.configureStart(ContextConfig.java:972)
		at org.apache.catalina.startup.ContextConfig.lifecycleEvent(ContextConfig.java:290)
		at org.apache.catalina.util.LifecycleBase.fireLifecycleEvent(LifecycleBase.java:109)
		at org.apache.catalina.core.StandardContext.startInternal(StandardContext.java:4407)
		at org.apache.catalina.util.LifecycleBase.start(LifecycleBase.java:164)
		at org.apache.catalina.core.StandardContext.reload(StandardContext.java:3266)
		at org.apache.catalina.manager.ManagerServlet.reload(ManagerServlet.java:1033)
		at org.apache.catalina.manager.ManagerServlet.doGet(ManagerServlet.java:316)
		at javax.servlet.http.HttpServlet.service(HttpServlet.java:529)
		at javax.servlet.http.HttpServlet.service(HttpServlet.java:623)
		at org.apache.catalina.core.ApplicationFilterChain.internalDoFilter(ApplicationFilterChain.java:199)
		at org.apache.catalina.core.ApplicationFilterChain.doFilter(ApplicationFilterChain.java:144)
		at org.apache.tomcat.websocket.server.WsFilter.doFilter(WsFilter.java:51)
		at org.apache.catalina.core.ApplicationFilterChain.internalDoFilter(ApplicationFilterChain.java:168)
		at org.apache.catalina.core.ApplicationFilterChain.doFilter(ApplicationFilterChain.java:144)
		at org.apache.catalina.filters.HttpHeaderSecurityFilter.doFilter(HttpHeaderSecurityFilter.java:129)
		at org.apache.catalina.core.ApplicationFilterChain.internalDoFilter(ApplicationFilterChain.java:168)
		at org.apache.catalina.core.ApplicationFilterChain.doFilter(ApplicationFilterChain.java:144)
		at org.apache.catalina.core.StandardWrapperValve.invoke(StandardWrapperValve.java:168)
		at org.apache.catalina.core.StandardContextValve.invoke(StandardContextValve.java:90)
		at org.apache.catalina.authenticator.AuthenticatorBase.invoke(AuthenticatorBase.java:597)
		at org.apache.catalina.valves.RequestFilterValve.process(RequestFilterValve.java:354)
		at org.apache.catalina.valves.RemoteAddrValve.invoke(RemoteAddrValve.java:54)
		at org.apache.catalina.core.StandardHostValve.invoke(StandardHostValve.java:130)
		at org.apache.catalina.valves.ErrorReportValve.invoke(ErrorReportValve.java:93)
		at org.apache.catalina.valves.AbstractAccessLogValve.invoke(AbstractAccessLogValve.java:656)
		at org.apache.catalina.core.StandardEngineValve.invoke(StandardEngineValve.java:74)
		at org.apache.catalina.connector.CoyoteAdapter.service(CoyoteAdapter.java:346)
		at org.apache.coyote.http11.Http11Processor.service(Http11Processor.java:397)
		at org.apache.coyote.AbstractProcessorLight.process(AbstractProcessorLight.java:63)
		at org.apache.coyote.AbstractProtocol$ConnectionHandler.process(AbstractProtocol.java:935)
		at org.apache.tomcat.util.net.NioEndpoint$SocketProcessor.doRun(NioEndpoint.java:1826)
		at org.apache.tomcat.util.net.SocketProcessorBase.run(SocketProcessorBase.java:52)
		at org.apache.tomcat.util.threads.ThreadPoolExecutor.runWorker(ThreadPoolExecutor.java:1189)
		at org.apache.tomcat.util.threads.ThreadPoolExecutor$Worker.run(ThreadPoolExecutor.java:658)
		at org.apache.tomcat.util.threads.TaskThread$WrappingRunnable.run(TaskThread.java:63)
		at java.lang.Thread.run(Thread.java:748)
08-Apr-2026 23:06:38.659 SEVERE [http-nio-8080-exec-91] org.apache.catalina.startup.ContextConfig.processAnnotationsJar Unable to process Jar entry [org/apache/pdfbox/pdmodel/graphics/state/PDExtendedGraphicsState.class] from Jar [file:/D:/github/other/production-management-system/build/web/WEB-INF/lib/pdfbox-2.0.24.jar] for annotations
	java.util.zip.ZipException: error reading zip file
		at java.util.zip.ZipFile.read(Native Method)
		at java.util.zip.ZipFile.access$1400(ZipFile.java:60)
		at java.util.zip.ZipFile$ZipFileInputStream.read(ZipFile.java:734)
		at java.util.zip.ZipFile$ZipFileInflaterInputStream.fill(ZipFile.java:434)
		at java.util.zip.InflaterInputStream.read(InflaterInputStream.java:158)
		at java.io.BufferedInputStream.fill(BufferedInputStream.java:246)
		at java.io.BufferedInputStream.read(BufferedInputStream.java:265)
		at java.io.DataInputStream.readInt(DataInputStream.java:387)
		at org.apache.tomcat.util.bcel.classfile.ClassParser.readID(ClassParser.java:208)
		at org.apache.tomcat.util.bcel.classfile.ClassParser.parse(ClassParser.java:74)
		at org.apache.catalina.startup.ContextConfig.processAnnotationsStream(ContextConfig.java:2243)
		at org.apache.catalina.startup.ContextConfig.processAnnotationsJar(ContextConfig.java:2201)
		at org.apache.catalina.startup.ContextConfig.processAnnotationsUrl(ContextConfig.java:2174)
		at org.apache.catalina.startup.ContextConfig.scanWebXmlFragment(ContextConfig.java:2083)
		at org.apache.catalina.startup.ContextConfig.processAnnotations(ContextConfig.java:2063)
		at org.apache.catalina.startup.ContextConfig.processClasses(ContextConfig.java:1370)
		at org.apache.catalina.startup.ContextConfig.webConfig(ContextConfig.java:1271)
		at org.apache.catalina.startup.ContextConfig.configureStart(ContextConfig.java:972)
		at org.apache.catalina.startup.ContextConfig.lifecycleEvent(ContextConfig.java:290)
		at org.apache.catalina.util.LifecycleBase.fireLifecycleEvent(LifecycleBase.java:109)
		at org.apache.catalina.core.StandardContext.startInternal(StandardContext.java:4407)
		at org.apache.catalina.util.LifecycleBase.start(LifecycleBase.java:164)
		at org.apache.catalina.core.StandardContext.reload(StandardContext.java:3266)
		at org.apache.catalina.manager.ManagerServlet.reload(ManagerServlet.java:1033)
		at org.apache.catalina.manager.ManagerServlet.doGet(ManagerServlet.java:316)
		at javax.servlet.http.HttpServlet.service(HttpServlet.java:529)
		at javax.servlet.http.HttpServlet.service(HttpServlet.java:623)
		at org.apache.catalina.core.ApplicationFilterChain.internalDoFilter(ApplicationFilterChain.java:199)
		at org.apache.catalina.core.ApplicationFilterChain.doFilter(ApplicationFilterChain.java:144)
		at org.apache.tomcat.websocket.server.WsFilter.doFilter(WsFilter.java:51)
		at org.apache.catalina.core.ApplicationFilterChain.internalDoFilter(ApplicationFilterChain.java:168)
		at org.apache.catalina.core.ApplicationFilterChain.doFilter(ApplicationFilterChain.java:144)
		at org.apache.catalina.filters.HttpHeaderSecurityFilter.doFilter(HttpHeaderSecurityFilter.java:129)
		at org.apache.catalina.core.ApplicationFilterChain.internalDoFilter(ApplicationFilterChain.java:168)
		at org.apache.catalina.core.ApplicationFilterChain.doFilter(ApplicationFilterChain.java:144)
		at org.apache.catalina.core.StandardWrapperValve.invoke(StandardWrapperValve.java:168)
		at org.apache.catalina.core.StandardContextValve.invoke(StandardContextValve.java:90)
		at org.apache.catalina.authenticator.AuthenticatorBase.invoke(AuthenticatorBase.java:597)
		at org.apache.catalina.valves.RequestFilterValve.process(RequestFilterValve.java:354)
		at org.apache.catalina.valves.RemoteAddrValve.invoke(RemoteAddrValve.java:54)
		at org.apache.catalina.core.StandardHostValve.invoke(StandardHostValve.java:130)
		at org.apache.catalina.valves.ErrorReportValve.invoke(ErrorReportValve.java:93)
		at org.apache.catalina.valves.AbstractAccessLogValve.invoke(AbstractAccessLogValve.java:656)
		at org.apache.catalina.core.StandardEngineValve.invoke(StandardEngineValve.java:74)
		at org.apache.catalina.connector.CoyoteAdapter.service(CoyoteAdapter.java:346)
		at org.apache.coyote.http11.Http11Processor.service(Http11Processor.java:397)
		at org.apache.coyote.AbstractProcessorLight.process(AbstractProcessorLight.java:63)
		at org.apache.coyote.AbstractProtocol$ConnectionHandler.process(AbstractProtocol.java:935)
		at org.apache.tomcat.util.net.NioEndpoint$SocketProcessor.doRun(NioEndpoint.java:1826)
		at org.apache.tomcat.util.net.SocketProcessorBase.run(SocketProcessorBase.java:52)
		at org.apache.tomcat.util.threads.ThreadPoolExecutor.runWorker(ThreadPoolExecutor.java:1189)
		at org.apache.tomcat.util.threads.ThreadPoolExecutor$Worker.run(ThreadPoolExecutor.java:658)
		at org.apache.tomcat.util.threads.TaskThread$WrappingRunnable.run(TaskThread.java:63)
		at java.lang.Thread.run(Thread.java:748)
08-Apr-2026 23:06:38.736 SEVERE [http-nio-8080-exec-91] org.apache.catalina.startup.ContextConfig.processAnnotationsJar Unable to process Jar entry [org/apache/pdfbox/pdmodel/graphics/state/PDGraphicsState.class] from Jar [file:/D:/github/other/production-management-system/build/web/WEB-INF/lib/pdfbox-2.0.24.jar] for annotations
	java.util.zip.ZipException: error reading zip file
		at java.util.zip.ZipFile.read(Native Method)
		at java.util.zip.ZipFile.access$1400(ZipFile.java:60)
		at java.util.zip.ZipFile$ZipFileInputStream.read(ZipFile.java:734)
		at java.util.zip.ZipFile$ZipFileInflaterInputStream.fill(ZipFile.java:434)
		at java.util.zip.InflaterInputStream.read(InflaterInputStream.java:158)
		at java.io.BufferedInputStream.fill(BufferedInputStream.java:246)
		at java.io.BufferedInputStream.read(BufferedInputStream.java:265)
		at java.io.DataInputStream.readInt(DataInputStream.java:387)
		at org.apache.tomcat.util.bcel.classfile.ClassParser.readID(ClassParser.java:208)
		at org.apache.tomcat.util.bcel.classfile.ClassParser.parse(ClassParser.java:74)
		at org.apache.catalina.startup.ContextConfig.processAnnotationsStream(ContextConfig.java:2243)
		at org.apache.catalina.startup.ContextConfig.processAnnotationsJar(ContextConfig.java:2201)
		at org.apache.catalina.startup.ContextConfig.processAnnotationsUrl(ContextConfig.java:2174)
		at org.apache.catalina.startup.ContextConfig.scanWebXmlFragment(ContextConfig.java:2083)
		at org.apache.catalina.startup.ContextConfig.processAnnotations(ContextConfig.java:2063)
		at org.apache.catalina.startup.ContextConfig.processClasses(ContextConfig.java:1370)
		at org.apache.catalina.startup.ContextConfig.webConfig(ContextConfig.java:1271)
		at org.apache.catalina.startup.ContextConfig.configureStart(ContextConfig.java:972)
		at org.apache.catalina.startup.ContextConfig.lifecycleEvent(ContextConfig.java:290)
		at org.apache.catalina.util.LifecycleBase.fireLifecycleEvent(LifecycleBase.java:109)
		at org.apache.catalina.core.StandardContext.startInternal(StandardContext.java:4407)
		at org.apache.catalina.util.LifecycleBase.start(LifecycleBase.java:164)
		at org.apache.catalina.core.StandardContext.reload(StandardContext.java:3266)
		at org.apache.catalina.manager.ManagerServlet.reload(ManagerServlet.java:1033)
		at org.apache.catalina.manager.ManagerServlet.doGet(ManagerServlet.java:316)
		at javax.servlet.http.HttpServlet.service(HttpServlet.java:529)
		at javax.servlet.http.HttpServlet.service(HttpServlet.java:623)
		at org.apache.catalina.core.ApplicationFilterChain.internalDoFilter(ApplicationFilterChain.java:199)
		at org.apache.catalina.core.ApplicationFilterChain.doFilter(ApplicationFilterChain.java:144)
		at org.apache.tomcat.websocket.server.WsFilter.doFilter(WsFilter.java:51)
		at org.apache.catalina.core.ApplicationFilterChain.internalDoFilter(ApplicationFilterChain.java:168)
		at org.apache.catalina.core.ApplicationFilterChain.doFilter(ApplicationFilterChain.java:144)
		at org.apache.catalina.filters.HttpHeaderSecurityFilter.doFilter(HttpHeaderSecurityFilter.java:129)
		at org.apache.catalina.core.ApplicationFilterChain.internalDoFilter(ApplicationFilterChain.java:168)
		at org.apache.catalina.core.ApplicationFilterChain.doFilter(ApplicationFilterChain.java:144)
		at org.apache.catalina.core.StandardWrapperValve.invoke(StandardWrapperValve.java:168)
		at org.apache.catalina.core.StandardContextValve.invoke(StandardContextValve.java:90)
		at org.apache.catalina.authenticator.AuthenticatorBase.invoke(AuthenticatorBase.java:597)
		at org.apache.catalina.valves.RequestFilterValve.process(RequestFilterValve.java:354)
		at org.apache.catalina.valves.RemoteAddrValve.invoke(RemoteAddrValve.java:54)
		at org.apache.catalina.core.StandardHostValve.invoke(StandardHostValve.java:130)
		at org.apache.catalina.valves.ErrorReportValve.invoke(ErrorReportValve.java:93)
		at org.apache.catalina.valves.AbstractAccessLogValve.invoke(AbstractAccessLogValve.java:656)
		at org.apache.catalina.core.StandardEngineValve.invoke(StandardEngineValve.java:74)
		at org.apache.catalina.connector.CoyoteAdapter.service(CoyoteAdapter.java:346)
		at org.apache.coyote.http11.Http11Processor.service(Http11Processor.java:397)
		at org.apache.coyote.AbstractProcessorLight.process(AbstractProcessorLight.java:63)
		at org.apache.coyote.AbstractProtocol$ConnectionHandler.process(AbstractProtocol.java:935)
		at org.apache.tomcat.util.net.NioEndpoint$SocketProcessor.doRun(NioEndpoint.java:1826)
		at org.apache.tomcat.util.net.SocketProcessorBase.run(SocketProcessorBase.java:52)
		at org.apache.tomcat.util.threads.ThreadPoolExecutor.runWorker(ThreadPoolExecutor.java:1189)
		at org.apache.tomcat.util.threads.ThreadPoolExecutor$Worker.run(ThreadPoolExecutor.java:658)
		at org.apache.tomcat.util.threads.TaskThread$WrappingRunnable.run(TaskThread.java:63)
		at java.lang.Thread.run(Thread.java:748)
08-Apr-2026 23:06:38.813 SEVERE [http-nio-8080-exec-91] org.apache.catalina.startup.ContextConfig.processAnnotationsJar Unable to process Jar entry [org/apache/pdfbox/pdmodel/graphics/state/PDSoftMask.class] from Jar [file:/D:/github/other/production-management-system/build/web/WEB-INF/lib/pdfbox-2.0.24.jar] for annotations
	java.util.zip.ZipException: error reading zip file
		at java.util.zip.ZipFile.read(Native Method)
		at java.util.zip.ZipFile.access$1400(ZipFile.java:60)
		at java.util.zip.ZipFile$ZipFileInputStream.read(ZipFile.java:734)
		at java.util.zip.ZipFile$ZipFileInflaterInputStream.fill(ZipFile.java:434)
		at java.util.zip.InflaterInputStream.read(InflaterInputStream.java:158)
		at java.io.BufferedInputStream.fill(BufferedInputStream.java:246)
		at java.io.BufferedInputStream.read(BufferedInputStream.java:265)
		at java.io.DataInputStream.readInt(DataInputStream.java:387)
		at org.apache.tomcat.util.bcel.classfile.ClassParser.readID(ClassParser.java:208)
		at org.apache.tomcat.util.bcel.classfile.ClassParser.parse(ClassParser.java:74)
		at org.apache.catalina.startup.ContextConfig.processAnnotationsStream(ContextConfig.java:2243)
		at org.apache.catalina.startup.ContextConfig.processAnnotationsJar(ContextConfig.java:2201)
		at org.apache.catalina.startup.ContextConfig.processAnnotationsUrl(ContextConfig.java:2174)
		at org.apache.catalina.startup.ContextConfig.scanWebXmlFragment(ContextConfig.java:2083)
		at org.apache.catalina.startup.ContextConfig.processAnnotations(ContextConfig.java:2063)
		at org.apache.catalina.startup.ContextConfig.processClasses(ContextConfig.java:1370)
		at org.apache.catalina.startup.ContextConfig.webConfig(ContextConfig.java:1271)
		at org.apache.catalina.startup.ContextConfig.configureStart(ContextConfig.java:972)
		at org.apache.catalina.startup.ContextConfig.lifecycleEvent(ContextConfig.java:290)
		at org.apache.catalina.util.LifecycleBase.fireLifecycleEvent(LifecycleBase.java:109)
		at org.apache.catalina.core.StandardContext.startInternal(StandardContext.java:4407)
		at org.apache.catalina.util.LifecycleBase.start(LifecycleBase.java:164)
		at org.apache.catalina.core.StandardContext.reload(StandardContext.java:3266)
		at org.apache.catalina.manager.ManagerServlet.reload(ManagerServlet.java:1033)
		at org.apache.catalina.manager.ManagerServlet.doGet(ManagerServlet.java:316)
		at javax.servlet.http.HttpServlet.service(HttpServlet.java:529)
		at javax.servlet.http.HttpServlet.service(HttpServlet.java:623)
		at org.apache.catalina.core.ApplicationFilterChain.internalDoFilter(ApplicationFilterChain.java:199)
		at org.apache.catalina.core.ApplicationFilterChain.doFilter(ApplicationFilterChain.java:144)
		at org.apache.tomcat.websocket.server.WsFilter.doFilter(WsFilter.java:51)
		at org.apache.catalina.core.ApplicationFilterChain.internalDoFilter(ApplicationFilterChain.java:168)
		at org.apache.catalina.core.ApplicationFilterChain.doFilter(ApplicationFilterChain.java:144)
		at org.apache.catalina.filters.HttpHeaderSecurityFilter.doFilter(HttpHeaderSecurityFilter.java:129)
		at org.apache.catalina.core.ApplicationFilterChain.internalDoFilter(ApplicationFilterChain.java:168)
		at org.apache.catalina.core.ApplicationFilterChain.doFilter(ApplicationFilterChain.java:144)
		at org.apache.catalina.core.StandardWrapperValve.invoke(StandardWrapperValve.java:168)
		at org.apache.catalina.core.StandardContextValve.invoke(StandardContextValve.java:90)
		at org.apache.catalina.authenticator.AuthenticatorBase.invoke(AuthenticatorBase.java:597)
		at org.apache.catalina.valves.RequestFilterValve.process(RequestFilterValve.java:354)
		at org.apache.catalina.valves.RemoteAddrValve.invoke(RemoteAddrValve.java:54)
		at org.apache.catalina.core.StandardHostValve.invoke(StandardHostValve.java:130)
		at org.apache.catalina.valves.ErrorReportValve.invoke(ErrorReportValve.java:93)
		at org.apache.catalina.valves.AbstractAccessLogValve.invoke(AbstractAccessLogValve.java:656)
		at org.apache.catalina.core.StandardEngineValve.invoke(StandardEngineValve.java:74)
		at org.apache.catalina.connector.CoyoteAdapter.service(CoyoteAdapter.java:346)
		at org.apache.coyote.http11.Http11Processor.service(Http11Processor.java:397)
		at org.apache.coyote.AbstractProcessorLight.process(AbstractProcessorLight.java:63)
		at org.apache.coyote.AbstractProtocol$ConnectionHandler.process(AbstractProtocol.java:935)
		at org.apache.tomcat.util.net.NioEndpoint$SocketProcessor.doRun(NioEndpoint.java:1826)
		at org.apache.tomcat.util.net.SocketProcessorBase.run(SocketProcessorBase.java:52)
		at org.apache.tomcat.util.threads.ThreadPoolExecutor.runWorker(ThreadPoolExecutor.java:1189)
		at org.apache.tomcat.util.threads.ThreadPoolExecutor$Worker.run(ThreadPoolExecutor.java:658)
		at org.apache.tomcat.util.threads.TaskThread$WrappingRunnable.run(TaskThread.java:63)
		at java.lang.Thread.run(Thread.java:748)
08-Apr-2026 23:06:38.891 SEVERE [http-nio-8080-exec-91] org.apache.catalina.startup.ContextConfig.processAnnotationsJar Unable to process Jar entry [org/apache/pdfbox/pdmodel/graphics/state/PDTextState.class] from Jar [file:/D:/github/other/production-management-system/build/web/WEB-INF/lib/pdfbox-2.0.24.jar] for annotations
	java.util.zip.ZipException: error reading zip file
		at java.util.zip.ZipFile.read(Native Method)
		at java.util.zip.ZipFile.access$1400(ZipFile.java:60)
		at java.util.zip.ZipFile$ZipFileInputStream.read(ZipFile.java:734)
		at java.util.zip.ZipFile$ZipFileInflaterInputStream.fill(ZipFile.java:434)
		at java.util.zip.InflaterInputStream.read(InflaterInputStream.java:158)
		at java.io.BufferedInputStream.fill(BufferedInputStream.java:246)
		at java.io.BufferedInputStream.read(BufferedInputStream.java:265)
		at java.io.DataInputStream.readInt(DataInputStream.java:387)
		at org.apache.tomcat.util.bcel.classfile.ClassParser.readID(ClassParser.java:208)
		at org.apache.tomcat.util.bcel.classfile.ClassParser.parse(ClassParser.java:74)
		at org.apache.catalina.startup.ContextConfig.processAnnotationsStream(ContextConfig.java:2243)
		at org.apache.catalina.startup.ContextConfig.processAnnotationsJar(ContextConfig.java:2201)
		at org.apache.catalina.startup.ContextConfig.processAnnotationsUrl(ContextConfig.java:2174)
		at org.apache.catalina.startup.ContextConfig.scanWebXmlFragment(ContextConfig.java:2083)
		at org.apache.catalina.startup.ContextConfig.processAnnotations(ContextConfig.java:2063)
		at org.apache.catalina.startup.ContextConfig.processClasses(ContextConfig.java:1370)
		at org.apache.catalina.startup.ContextConfig.webConfig(ContextConfig.java:1271)
		at org.apache.catalina.startup.ContextConfig.configureStart(ContextConfig.java:972)
		at org.apache.catalina.startup.ContextConfig.lifecycleEvent(ContextConfig.java:290)
		at org.apache.catalina.util.LifecycleBase.fireLifecycleEvent(LifecycleBase.java:109)
		at org.apache.catalina.core.StandardContext.startInternal(StandardContext.java:4407)
		at org.apache.catalina.util.LifecycleBase.start(LifecycleBase.java:164)
		at org.apache.catalina.core.StandardContext.reload(StandardContext.java:3266)
		at org.apache.catalina.manager.ManagerServlet.reload(ManagerServlet.java:1033)
		at org.apache.catalina.manager.ManagerServlet.doGet(ManagerServlet.java:316)
		at javax.servlet.http.HttpServlet.service(HttpServlet.java:529)
		at javax.servlet.http.HttpServlet.service(HttpServlet.java:623)
		at org.apache.catalina.core.ApplicationFilterChain.internalDoFilter(ApplicationFilterChain.java:199)
		at org.apache.catalina.core.ApplicationFilterChain.doFilter(ApplicationFilterChain.java:144)
		at org.apache.tomcat.websocket.server.WsFilter.doFilter(WsFilter.java:51)
		at org.apache.catalina.core.ApplicationFilterChain.internalDoFilter(ApplicationFilterChain.java:168)
		at org.apache.catalina.core.ApplicationFilterChain.doFilter(ApplicationFilterChain.java:144)
		at org.apache.catalina.filters.HttpHeaderSecurityFilter.doFilter(HttpHeaderSecurityFilter.java:129)
		at org.apache.catalina.core.ApplicationFilterChain.internalDoFilter(ApplicationFilterChain.java:168)
		at org.apache.catalina.core.ApplicationFilterChain.doFilter(ApplicationFilterChain.java:144)
		at org.apache.catalina.core.StandardWrapperValve.invoke(StandardWrapperValve.java:168)
		at org.apache.catalina.core.StandardContextValve.invoke(StandardContextValve.java:90)
		at org.apache.catalina.authenticator.AuthenticatorBase.invoke(AuthenticatorBase.java:597)
		at org.apache.catalina.valves.RequestFilterValve.process(RequestFilterValve.java:354)
		at org.apache.catalina.valves.RemoteAddrValve.invoke(RemoteAddrValve.java:54)
		at org.apache.catalina.core.StandardHostValve.invoke(StandardHostValve.java:130)
		at org.apache.catalina.valves.ErrorReportValve.invoke(ErrorReportValve.java:93)
		at org.apache.catalina.valves.AbstractAccessLogValve.invoke(AbstractAccessLogValve.java:656)
		at org.apache.catalina.core.StandardEngineValve.invoke(StandardEngineValve.java:74)
		at org.apache.catalina.connector.CoyoteAdapter.service(CoyoteAdapter.java:346)
		at org.apache.coyote.http11.Http11Processor.service(Http11Processor.java:397)
		at org.apache.coyote.AbstractProcessorLight.process(AbstractProcessorLight.java:63)
		at org.apache.coyote.AbstractProtocol$ConnectionHandler.process(AbstractProtocol.java:935)
		at org.apache.tomcat.util.net.NioEndpoint$SocketProcessor.doRun(NioEndpoint.java:1826)
		at org.apache.tomcat.util.net.SocketProcessorBase.run(SocketProcessorBase.java:52)
		at org.apache.tomcat.util.threads.ThreadPoolExecutor.runWorker(ThreadPoolExecutor.java:1189)
		at org.apache.tomcat.util.threads.ThreadPoolExecutor$Worker.run(ThreadPoolExecutor.java:658)
		at org.apache.tomcat.util.threads.TaskThread$WrappingRunnable.run(TaskThread.java:63)
		at java.lang.Thread.run(Thread.java:748)
08-Apr-2026 23:06:38.953 SEVERE [http-nio-8080-exec-91] org.apache.catalina.startup.ContextConfig.processAnnotationsJar Unable to process Jar entry [org/apache/pdfbox/pdmodel/graphics/state/RenderingIntent.class] from Jar [file:/D:/github/other/production-management-system/build/web/WEB-INF/lib/pdfbox-2.0.24.jar] for annotations
	java.util.zip.ZipException: error reading zip file
		at java.util.zip.ZipFile.read(Native Method)
		at java.util.zip.ZipFile.access$1400(ZipFile.java:60)
		at java.util.zip.ZipFile$ZipFileInputStream.read(ZipFile.java:734)
		at java.util.zip.ZipFile$ZipFileInflaterInputStream.fill(ZipFile.java:434)
		at java.util.zip.InflaterInputStream.read(InflaterInputStream.java:158)
		at java.io.BufferedInputStream.fill(BufferedInputStream.java:246)
		at java.io.BufferedInputStream.read(BufferedInputStream.java:265)
		at java.io.DataInputStream.readInt(DataInputStream.java:387)
		at org.apache.tomcat.util.bcel.classfile.ClassParser.readID(ClassParser.java:208)
		at org.apache.tomcat.util.bcel.classfile.ClassParser.parse(ClassParser.java:74)
		at org.apache.catalina.startup.ContextConfig.processAnnotationsStream(ContextConfig.java:2243)
		at org.apache.catalina.startup.ContextConfig.processAnnotationsJar(ContextConfig.java:2201)
		at org.apache.catalina.startup.ContextConfig.processAnnotationsUrl(ContextConfig.java:2174)
		at org.apache.catalina.startup.ContextConfig.scanWebXmlFragment(ContextConfig.java:2083)
		at org.apache.catalina.startup.ContextConfig.processAnnotations(ContextConfig.java:2063)
		at org.apache.catalina.startup.ContextConfig.processClasses(ContextConfig.java:1370)
		at org.apache.catalina.startup.ContextConfig.webConfig(ContextConfig.java:1271)
		at org.apache.catalina.startup.ContextConfig.configureStart(ContextConfig.java:972)
		at org.apache.catalina.startup.ContextConfig.lifecycleEvent(ContextConfig.java:290)
		at org.apache.catalina.util.LifecycleBase.fireLifecycleEvent(LifecycleBase.java:109)
		at org.apache.catalina.core.StandardContext.startInternal(StandardContext.java:4407)
		at org.apache.catalina.util.LifecycleBase.start(LifecycleBase.java:164)
		at org.apache.catalina.core.StandardContext.reload(StandardContext.java:3266)
		at org.apache.catalina.manager.ManagerServlet.reload(ManagerServlet.java:1033)
		at org.apache.catalina.manager.ManagerServlet.doGet(ManagerServlet.java:316)
		at javax.servlet.http.HttpServlet.service(HttpServlet.java:529)
		at javax.servlet.http.HttpServlet.service(HttpServlet.java:623)
		at org.apache.catalina.core.ApplicationFilterChain.internalDoFilter(ApplicationFilterChain.java:199)
		at org.apache.catalina.core.ApplicationFilterChain.doFilter(ApplicationFilterChain.java:144)
		at org.apache.tomcat.websocket.server.WsFilter.doFilter(WsFilter.java:51)
		at org.apache.catalina.core.ApplicationFilterChain.internalDoFilter(ApplicationFilterChain.java:168)
		at org.apache.catalina.core.ApplicationFilterChain.doFilter(ApplicationFilterChain.java:144)
		at org.apache.catalina.filters.HttpHeaderSecurityFilter.doFilter(HttpHeaderSecurityFilter.java:129)
		at org.apache.catalina.core.ApplicationFilterChain.internalDoFilter(ApplicationFilterChain.java:168)
		at org.apache.catalina.core.ApplicationFilterChain.doFilter(ApplicationFilterChain.java:144)
		at org.apache.catalina.core.StandardWrapperValve.invoke(StandardWrapperValve.java:168)
		at org.apache.catalina.core.StandardContextValve.invoke(StandardContextValve.java:90)
		at org.apache.catalina.authenticator.AuthenticatorBase.invoke(AuthenticatorBase.java:597)
		at org.apache.catalina.valves.RequestFilterValve.process(RequestFilterValve.java:354)
		at org.apache.catalina.valves.RemoteAddrValve.invoke(RemoteAddrValve.java:54)
		at org.apache.catalina.core.StandardHostValve.invoke(StandardHostValve.java:130)
		at org.apache.catalina.valves.ErrorReportValve.invoke(ErrorReportValve.java:93)
		at org.apache.catalina.valves.AbstractAccessLogValve.invoke(AbstractAccessLogValve.java:656)
		at org.apache.catalina.core.StandardEngineValve.invoke(StandardEngineValve.java:74)
		at org.apache.catalina.connector.CoyoteAdapter.service(CoyoteAdapter.java:346)
		at org.apache.coyote.http11.Http11Processor.service(Http11Processor.java:397)
		at org.apache.coyote.AbstractProcessorLight.process(AbstractProcessorLight.java:63)
		at org.apache.coyote.AbstractProtocol$ConnectionHandler.process(AbstractProtocol.java:935)
		at org.apache.tomcat.util.net.NioEndpoint$SocketProcessor.doRun(NioEndpoint.java:1826)
		at org.apache.tomcat.util.net.SocketProcessorBase.run(SocketProcessorBase.java:52)
		at org.apache.tomcat.util.threads.ThreadPoolExecutor.runWorker(ThreadPoolExecutor.java:1189)
		at org.apache.tomcat.util.threads.ThreadPoolExecutor$Worker.run(ThreadPoolExecutor.java:658)
		at org.apache.tomcat.util.threads.TaskThread$WrappingRunnable.run(TaskThread.java:63)
		at java.lang.Thread.run(Thread.java:748)
08-Apr-2026 23:06:39.031 SEVERE [http-nio-8080-exec-91] org.apache.catalina.startup.ContextConfig.processAnnotationsJar Unable to process Jar entry [org/apache/pdfbox/pdmodel/graphics/state/RenderingMode.class] from Jar [file:/D:/github/other/production-management-system/build/web/WEB-INF/lib/pdfbox-2.0.24.jar] for annotations
	java.util.zip.ZipException: error reading zip file
		at java.util.zip.ZipFile.read(Native Method)
		at java.util.zip.ZipFile.access$1400(ZipFile.java:60)
		at java.util.zip.ZipFile$ZipFileInputStream.read(ZipFile.java:734)
		at java.util.zip.ZipFile$ZipFileInflaterInputStream.fill(ZipFile.java:434)
		at java.util.zip.InflaterInputStream.read(InflaterInputStream.java:158)
		at java.io.BufferedInputStream.fill(BufferedInputStream.java:246)
		at java.io.BufferedInputStream.read(BufferedInputStream.java:265)
		at java.io.DataInputStream.readInt(DataInputStream.java:387)
		at org.apache.tomcat.util.bcel.classfile.ClassParser.readID(ClassParser.java:208)
		at org.apache.tomcat.util.bcel.classfile.ClassParser.parse(ClassParser.java:74)
		at org.apache.catalina.startup.ContextConfig.processAnnotationsStream(ContextConfig.java:2243)
		at org.apache.catalina.startup.ContextConfig.processAnnotationsJar(ContextConfig.java:2201)
		at org.apache.catalina.startup.ContextConfig.processAnnotationsUrl(ContextConfig.java:2174)
		at org.apache.catalina.startup.ContextConfig.scanWebXmlFragment(ContextConfig.java:2083)
		at org.apache.catalina.startup.ContextConfig.processAnnotations(ContextConfig.java:2063)
		at org.apache.catalina.startup.ContextConfig.processClasses(ContextConfig.java:1370)
		at org.apache.catalina.startup.ContextConfig.webConfig(ContextConfig.java:1271)
		at org.apache.catalina.startup.ContextConfig.configureStart(ContextConfig.java:972)
		at org.apache.catalina.startup.ContextConfig.lifecycleEvent(ContextConfig.java:290)
		at org.apache.catalina.util.LifecycleBase.fireLifecycleEvent(LifecycleBase.java:109)
		at org.apache.catalina.core.StandardContext.startInternal(StandardContext.java:4407)
		at org.apache.catalina.util.LifecycleBase.start(LifecycleBase.java:164)
		at org.apache.catalina.core.StandardContext.reload(StandardContext.java:3266)
		at org.apache.catalina.manager.ManagerServlet.reload(ManagerServlet.java:1033)
		at org.apache.catalina.manager.ManagerServlet.doGet(ManagerServlet.java:316)
		at javax.servlet.http.HttpServlet.service(HttpServlet.java:529)
		at javax.servlet.http.HttpServlet.service(HttpServlet.java:623)
		at org.apache.catalina.core.ApplicationFilterChain.internalDoFilter(ApplicationFilterChain.java:199)
		at org.apache.catalina.core.ApplicationFilterChain.doFilter(ApplicationFilterChain.java:144)
		at org.apache.tomcat.websocket.server.WsFilter.doFilter(WsFilter.java:51)
		at org.apache.catalina.core.ApplicationFilterChain.internalDoFilter(ApplicationFilterChain.java:168)
		at org.apache.catalina.core.ApplicationFilterChain.doFilter(ApplicationFilterChain.java:144)
		at org.apache.catalina.filters.HttpHeaderSecurityFilter.doFilter(HttpHeaderSecurityFilter.java:129)
		at org.apache.catalina.core.ApplicationFilterChain.internalDoFilter(ApplicationFilterChain.java:168)
		at org.apache.catalina.core.ApplicationFilterChain.doFilter(ApplicationFilterChain.java:144)
		at org.apache.catalina.core.StandardWrapperValve.invoke(StandardWrapperValve.java:168)
		at org.apache.catalina.core.StandardContextValve.invoke(StandardContextValve.java:90)
		at org.apache.catalina.authenticator.AuthenticatorBase.invoke(AuthenticatorBase.java:597)
		at org.apache.catalina.valves.RequestFilterValve.process(RequestFilterValve.java:354)
		at org.apache.catalina.valves.RemoteAddrValve.invoke(RemoteAddrValve.java:54)
		at org.apache.catalina.core.StandardHostValve.invoke(StandardHostValve.java:130)
		at org.apache.catalina.valves.ErrorReportValve.invoke(ErrorReportValve.java:93)
		at org.apache.catalina.valves.AbstractAccessLogValve.invoke(AbstractAccessLogValve.java:656)
		at org.apache.catalina.core.StandardEngineValve.invoke(StandardEngineValve.java:74)
		at org.apache.catalina.connector.CoyoteAdapter.service(CoyoteAdapter.java:346)
		at org.apache.coyote.http11.Http11Processor.service(Http11Processor.java:397)
		at org.apache.coyote.AbstractProcessorLight.process(AbstractProcessorLight.java:63)
		at org.apache.coyote.AbstractProtocol$ConnectionHandler.process(AbstractProtocol.java:935)
		at org.apache.tomcat.util.net.NioEndpoint$SocketProcessor.doRun(NioEndpoint.java:1826)
		at org.apache.tomcat.util.net.SocketProcessorBase.run(SocketProcessorBase.java:52)
		at org.apache.tomcat.util.threads.ThreadPoolExecutor.runWorker(ThreadPoolExecutor.java:1189)
		at org.apache.tomcat.util.threads.ThreadPoolExecutor$Worker.run(ThreadPoolExecutor.java:658)
		at org.apache.tomcat.util.threads.TaskThread$WrappingRunnable.run(TaskThread.java:63)
		at java.lang.Thread.run(Thread.java:748)
08-Apr-2026 23:06:39.112 SEVERE [http-nio-8080-exec-91] org.apache.catalina.startup.ContextConfig.processAnnotationsJar Unable to process Jar entry [org/apache/pdfbox/pdmodel/interactive/action/OpenMode.class] from Jar [file:/D:/github/other/production-management-system/build/web/WEB-INF/lib/pdfbox-2.0.24.jar] for annotations
	java.util.zip.ZipException: error reading zip file
		at java.util.zip.ZipFile.read(Native Method)
		at java.util.zip.ZipFile.access$1400(ZipFile.java:60)
		at java.util.zip.ZipFile$ZipFileInputStream.read(ZipFile.java:734)
		at java.util.zip.ZipFile$ZipFileInflaterInputStream.fill(ZipFile.java:434)
		at java.util.zip.InflaterInputStream.read(InflaterInputStream.java:158)
		at java.io.BufferedInputStream.fill(BufferedInputStream.java:246)
		at java.io.BufferedInputStream.read(BufferedInputStream.java:265)
		at java.io.DataInputStream.readInt(DataInputStream.java:387)
		at org.apache.tomcat.util.bcel.classfile.ClassParser.readID(ClassParser.java:208)
		at org.apache.tomcat.util.bcel.classfile.ClassParser.parse(ClassParser.java:74)
		at org.apache.catalina.startup.ContextConfig.processAnnotationsStream(ContextConfig.java:2243)
		at org.apache.catalina.startup.ContextConfig.processAnnotationsJar(ContextConfig.java:2201)
		at org.apache.catalina.startup.ContextConfig.processAnnotationsUrl(ContextConfig.java:2174)
		at org.apache.catalina.startup.ContextConfig.scanWebXmlFragment(ContextConfig.java:2083)
		at org.apache.catalina.startup.ContextConfig.processAnnotations(ContextConfig.java:2063)
		at org.apache.catalina.startup.ContextConfig.processClasses(ContextConfig.java:1370)
		at org.apache.catalina.startup.ContextConfig.webConfig(ContextConfig.java:1271)
		at org.apache.catalina.startup.ContextConfig.configureStart(ContextConfig.java:972)
		at org.apache.catalina.startup.ContextConfig.lifecycleEvent(ContextConfig.java:290)
		at org.apache.catalina.util.LifecycleBase.fireLifecycleEvent(LifecycleBase.java:109)
		at org.apache.catalina.core.StandardContext.startInternal(StandardContext.java:4407)
		at org.apache.catalina.util.LifecycleBase.start(LifecycleBase.java:164)
		at org.apache.catalina.core.StandardContext.reload(StandardContext.java:3266)
		at org.apache.catalina.manager.ManagerServlet.reload(ManagerServlet.java:1033)
		at org.apache.catalina.manager.ManagerServlet.doGet(ManagerServlet.java:316)
		at javax.servlet.http.HttpServlet.service(HttpServlet.java:529)
		at javax.servlet.http.HttpServlet.service(HttpServlet.java:623)
		at org.apache.catalina.core.ApplicationFilterChain.internalDoFilter(ApplicationFilterChain.java:199)
		at org.apache.catalina.core.ApplicationFilterChain.doFilter(ApplicationFilterChain.java:144)
		at org.apache.tomcat.websocket.server.WsFilter.doFilter(WsFilter.java:51)
		at org.apache.catalina.core.ApplicationFilterChain.internalDoFilter(ApplicationFilterChain.java:168)
		at org.apache.catalina.core.ApplicationFilterChain.doFilter(ApplicationFilterChain.java:144)
		at org.apache.catalina.filters.HttpHeaderSecurityFilter.doFilter(HttpHeaderSecurityFilter.java:129)
		at org.apache.catalina.core.ApplicationFilterChain.internalDoFilter(ApplicationFilterChain.java:168)
		at org.apache.catalina.core.ApplicationFilterChain.doFilter(ApplicationFilterChain.java:144)
		at org.apache.catalina.core.StandardWrapperValve.invoke(StandardWrapperValve.java:168)
		at org.apache.catalina.core.StandardContextValve.invoke(StandardContextValve.java:90)
		at org.apache.catalina.authenticator.AuthenticatorBase.invoke(AuthenticatorBase.java:597)
		at org.apache.catalina.valves.RequestFilterValve.process(RequestFilterValve.java:354)
		at org.apache.catalina.valves.RemoteAddrValve.invoke(RemoteAddrValve.java:54)
		at org.apache.catalina.core.StandardHostValve.invoke(StandardHostValve.java:130)
		at org.apache.catalina.valves.ErrorReportValve.invoke(ErrorReportValve.java:93)
		at org.apache.catalina.valves.AbstractAccessLogValve.invoke(AbstractAccessLogValve.java:656)
		at org.apache.catalina.core.StandardEngineValve.invoke(StandardEngineValve.java:74)
		at org.apache.catalina.connector.CoyoteAdapter.service(CoyoteAdapter.java:346)
		at org.apache.coyote.http11.Http11Processor.service(Http11Processor.java:397)
		at org.apache.coyote.AbstractProcessorLight.process(AbstractProcessorLight.java:63)
		at org.apache.coyote.AbstractProtocol$ConnectionHandler.process(AbstractProtocol.java:935)
		at org.apache.tomcat.util.net.NioEndpoint$SocketProcessor.doRun(NioEndpoint.java:1826)
		at org.apache.tomcat.util.net.SocketProcessorBase.run(SocketProcessorBase.java:52)
		at org.apache.tomcat.util.threads.ThreadPoolExecutor.runWorker(ThreadPoolExecutor.java:1189)
		at org.apache.tomcat.util.threads.ThreadPoolExecutor$Worker.run(ThreadPoolExecutor.java:658)
		at org.apache.tomcat.util.threads.TaskThread$WrappingRunnable.run(TaskThread.java:63)
		at java.lang.Thread.run(Thread.java:748)
08-Apr-2026 23:06:39.187 SEVERE [http-nio-8080-exec-91] org.apache.catalina.startup.ContextConfig.processAnnotationsJar Unable to process Jar entry [org/apache/pdfbox/pdmodel/interactive/action/PDAction.class] from Jar [file:/D:/github/other/production-management-system/build/web/WEB-INF/lib/pdfbox-2.0.24.jar] for annotations
	java.util.zip.ZipException: error reading zip file
		at java.util.zip.ZipFile.read(Native Method)
		at java.util.zip.ZipFile.access$1400(ZipFile.java:60)
		at java.util.zip.ZipFile$ZipFileInputStream.read(ZipFile.java:734)
		at java.util.zip.ZipFile$ZipFileInflaterInputStream.fill(ZipFile.java:434)
		at java.util.zip.InflaterInputStream.read(InflaterInputStream.java:158)
		at java.io.BufferedInputStream.fill(BufferedInputStream.java:246)
		at java.io.BufferedInputStream.read(BufferedInputStream.java:265)
		at java.io.DataInputStream.readInt(DataInputStream.java:387)
		at org.apache.tomcat.util.bcel.classfile.ClassParser.readID(ClassParser.java:208)
		at org.apache.tomcat.util.bcel.classfile.ClassParser.parse(ClassParser.java:74)
		at org.apache.catalina.startup.ContextConfig.processAnnotationsStream(ContextConfig.java:2243)
		at org.apache.catalina.startup.ContextConfig.processAnnotationsJar(ContextConfig.java:2201)
		at org.apache.catalina.startup.ContextConfig.processAnnotationsUrl(ContextConfig.java:2174)
		at org.apache.catalina.startup.ContextConfig.scanWebXmlFragment(ContextConfig.java:2083)
		at org.apache.catalina.startup.ContextConfig.processAnnotations(ContextConfig.java:2063)
		at org.apache.catalina.startup.ContextConfig.processClasses(ContextConfig.java:1370)
		at org.apache.catalina.startup.ContextConfig.webConfig(ContextConfig.java:1271)
		at org.apache.catalina.startup.ContextConfig.configureStart(ContextConfig.java:972)
		at org.apache.catalina.startup.ContextConfig.lifecycleEvent(ContextConfig.java:290)
		at org.apache.catalina.util.LifecycleBase.fireLifecycleEvent(LifecycleBase.java:109)
		at org.apache.catalina.core.StandardContext.startInternal(StandardContext.java:4407)
		at org.apache.catalina.util.LifecycleBase.start(LifecycleBase.java:164)
		at org.apache.catalina.core.StandardContext.reload(StandardContext.java:3266)
		at org.apache.catalina.manager.ManagerServlet.reload(ManagerServlet.java:1033)
		at org.apache.catalina.manager.ManagerServlet.doGet(ManagerServlet.java:316)
		at javax.servlet.http.HttpServlet.service(HttpServlet.java:529)
		at javax.servlet.http.HttpServlet.service(HttpServlet.java:623)
		at org.apache.catalina.core.ApplicationFilterChain.internalDoFilter(ApplicationFilterChain.java:199)
		at org.apache.catalina.core.ApplicationFilterChain.doFilter(ApplicationFilterChain.java:144)
		at org.apache.tomcat.websocket.server.WsFilter.doFilter(WsFilter.java:51)
		at org.apache.catalina.core.ApplicationFilterChain.internalDoFilter(ApplicationFilterChain.java:168)
		at org.apache.catalina.core.ApplicationFilterChain.doFilter(ApplicationFilterChain.java:144)
		at org.apache.catalina.filters.HttpHeaderSecurityFilter.doFilter(HttpHeaderSecurityFilter.java:129)
		at org.apache.catalina.core.ApplicationFilterChain.internalDoFilter(ApplicationFilterChain.java:168)
		at org.apache.catalina.core.ApplicationFilterChain.doFilter(ApplicationFilterChain.java:144)
		at org.apache.catalina.core.StandardWrapperValve.invoke(StandardWrapperValve.java:168)
		at org.apache.catalina.core.StandardContextValve.invoke(StandardContextValve.java:90)
		at org.apache.catalina.authenticator.AuthenticatorBase.invoke(AuthenticatorBase.java:597)
		at org.apache.catalina.valves.RequestFilterValve.process(RequestFilterValve.java:354)
		at org.apache.catalina.valves.RemoteAddrValve.invoke(RemoteAddrValve.java:54)
		at org.apache.catalina.core.StandardHostValve.invoke(StandardHostValve.java:130)
		at org.apache.catalina.valves.ErrorReportValve.invoke(ErrorReportValve.java:93)
		at org.apache.catalina.valves.AbstractAccessLogValve.invoke(AbstractAccessLogValve.java:656)
		at org.apache.catalina.core.StandardEngineValve.invoke(StandardEngineValve.java:74)
		at org.apache.catalina.connector.CoyoteAdapter.service(CoyoteAdapter.java:346)
		at org.apache.coyote.http11.Http11Processor.service(Http11Processor.java:397)
		at org.apache.coyote.AbstractProcessorLight.process(AbstractProcessorLight.java:63)
		at org.apache.coyote.AbstractProtocol$ConnectionHandler.process(AbstractProtocol.java:935)
		at org.apache.tomcat.util.net.NioEndpoint$SocketProcessor.doRun(NioEndpoint.java:1826)
		at org.apache.tomcat.util.net.SocketProcessorBase.run(SocketProcessorBase.java:52)
		at org.apache.tomcat.util.threads.ThreadPoolExecutor.runWorker(ThreadPoolExecutor.java:1189)
		at org.apache.tomcat.util.threads.ThreadPoolExecutor$Worker.run(ThreadPoolExecutor.java:658)
		at org.apache.tomcat.util.threads.TaskThread$WrappingRunnable.run(TaskThread.java:63)
		at java.lang.Thread.run(Thread.java:748)
08-Apr-2026 23:06:39.250 SEVERE [http-nio-8080-exec-91] org.apache.catalina.startup.ContextConfig.processAnnotationsJar Unable to process Jar entry [org/apache/pdfbox/pdmodel/interactive/action/PDActionEmbeddedGoTo$1.class] from Jar [file:/D:/github/other/production-management-system/build/web/WEB-INF/lib/pdfbox-2.0.24.jar] for annotations
	java.util.zip.ZipException: error reading zip file
		at java.util.zip.ZipFile.read(Native Method)
		at java.util.zip.ZipFile.access$1400(ZipFile.java:60)
		at java.util.zip.ZipFile$ZipFileInputStream.read(ZipFile.java:734)
		at java.util.zip.ZipFile$ZipFileInflaterInputStream.fill(ZipFile.java:434)
		at java.util.zip.InflaterInputStream.read(InflaterInputStream.java:158)
		at java.io.BufferedInputStream.fill(BufferedInputStream.java:246)
		at java.io.BufferedInputStream.read(BufferedInputStream.java:265)
		at java.io.DataInputStream.readInt(DataInputStream.java:387)
		at org.apache.tomcat.util.bcel.classfile.ClassParser.readID(ClassParser.java:208)
		at org.apache.tomcat.util.bcel.classfile.ClassParser.parse(ClassParser.java:74)
		at org.apache.catalina.startup.ContextConfig.processAnnotationsStream(ContextConfig.java:2243)
		at org.apache.catalina.startup.ContextConfig.processAnnotationsJar(ContextConfig.java:2201)
		at org.apache.catalina.startup.ContextConfig.processAnnotationsUrl(ContextConfig.java:2174)
		at org.apache.catalina.startup.ContextConfig.scanWebXmlFragment(ContextConfig.java:2083)
		at org.apache.catalina.startup.ContextConfig.processAnnotations(ContextConfig.java:2063)
		at org.apache.catalina.startup.ContextConfig.processClasses(ContextConfig.java:1370)
		at org.apache.catalina.startup.ContextConfig.webConfig(ContextConfig.java:1271)
		at org.apache.catalina.startup.ContextConfig.configureStart(ContextConfig.java:972)
		at org.apache.catalina.startup.ContextConfig.lifecycleEvent(ContextConfig.java:290)
		at org.apache.catalina.util.LifecycleBase.fireLifecycleEvent(LifecycleBase.java:109)
		at org.apache.catalina.core.StandardContext.startInternal(StandardContext.java:4407)
		at org.apache.catalina.util.LifecycleBase.start(LifecycleBase.java:164)
		at org.apache.catalina.core.StandardContext.reload(StandardContext.java:3266)
		at org.apache.catalina.manager.ManagerServlet.reload(ManagerServlet.java:1033)
		at org.apache.catalina.manager.ManagerServlet.doGet(ManagerServlet.java:316)
		at javax.servlet.http.HttpServlet.service(HttpServlet.java:529)
		at javax.servlet.http.HttpServlet.service(HttpServlet.java:623)
		at org.apache.catalina.core.ApplicationFilterChain.internalDoFilter(ApplicationFilterChain.java:199)
		at org.apache.catalina.core.ApplicationFilterChain.doFilter(ApplicationFilterChain.java:144)
		at org.apache.tomcat.websocket.server.WsFilter.doFilter(WsFilter.java:51)
		at org.apache.catalina.core.ApplicationFilterChain.internalDoFilter(ApplicationFilterChain.java:168)
		at org.apache.catalina.core.ApplicationFilterChain.doFilter(ApplicationFilterChain.java:144)
		at org.apache.catalina.filters.HttpHeaderSecurityFilter.doFilter(HttpHeaderSecurityFilter.java:129)
		at org.apache.catalina.core.ApplicationFilterChain.internalDoFilter(ApplicationFilterChain.java:168)
		at org.apache.catalina.core.ApplicationFilterChain.doFilter(ApplicationFilterChain.java:144)
		at org.apache.catalina.core.StandardWrapperValve.invoke(StandardWrapperValve.java:168)
		at org.apache.catalina.core.StandardContextValve.invoke(StandardContextValve.java:90)
		at org.apache.catalina.authenticator.AuthenticatorBase.invoke(AuthenticatorBase.java:597)
		at org.apache.catalina.valves.RequestFilterValve.process(RequestFilterValve.java:354)
		at org.apache.catalina.valves.RemoteAddrValve.invoke(RemoteAddrValve.java:54)
		at org.apache.catalina.core.StandardHostValve.invoke(StandardHostValve.java:130)
		at org.apache.catalina.valves.ErrorReportValve.invoke(ErrorReportValve.java:93)
		at org.apache.catalina.valves.AbstractAccessLogValve.invoke(AbstractAccessLogValve.java:656)
		at org.apache.catalina.core.StandardEngineValve.invoke(StandardEngineValve.java:74)
		at org.apache.catalina.connector.CoyoteAdapter.service(CoyoteAdapter.java:346)
		at org.apache.coyote.http11.Http11Processor.service(Http11Processor.java:397)
		at org.apache.coyote.AbstractProcessorLight.process(AbstractProcessorLight.java:63)
		at org.apache.coyote.AbstractProtocol$ConnectionHandler.process(AbstractProtocol.java:935)
		at org.apache.tomcat.util.net.NioEndpoint$SocketProcessor.doRun(NioEndpoint.java:1826)
		at org.apache.tomcat.util.net.SocketProcessorBase.run(SocketProcessorBase.java:52)
		at org.apache.tomcat.util.threads.ThreadPoolExecutor.runWorker(ThreadPoolExecutor.java:1189)
		at org.apache.tomcat.util.threads.ThreadPoolExecutor$Worker.run(ThreadPoolExecutor.java:658)
		at org.apache.tomcat.util.threads.TaskThread$WrappingRunnable.run(TaskThread.java:63)
		at java.lang.Thread.run(Thread.java:748)
08-Apr-2026 23:06:43.454 INFO [Catalina-utility-2] org.apache.catalina.startup.HostConfig.reload Reloading context [/production-management-system]
08-Apr-2026 23:06:44.310 INFO [Catalina-utility-2] org.apache.jasper.servlet.TldScanner.scanJars At least one JAR was scanned for TLDs yet contained no TLDs. Enable debug logging for this logger for a complete list of JARs that were scanned but no TLDs were found in them. Skipping unneeded JARs during scanning can improve startup time and JSP compilation time.
08-Apr-2026 23:15:45.607 INFO [Catalina-utility-2] org.apache.catalina.startup.HostConfig.reload Reloading context [/production-management-system]
08-Apr-2026 23:15:45.607 INFO [Catalina-utility-2] org.apache.catalina.core.StandardContext.reload Reloading Context with name [/production-management-system] has started
08-Apr-2026 23:15:45.612 WARNING [Catalina-utility-2] org.apache.catalina.loader.WebappClassLoaderBase.clearReferencesJdbc The web application [production-management-system] registered the JDBC driver [com.microsoft.sqlserver.jdbc.SQLServerDriver] but failed to unregister it when the web application was stopped. To prevent a memory leak, the JDBC Driver has been forcibly unregistered.
08-Apr-2026 23:15:45.612 SEVERE [Catalina-utility-2] org.apache.catalina.loader.WebappClassLoaderBase.checkThreadLocalMapForLeaks The web application [production-management-system] created a ThreadLocal with key of type [com.microsoft.sqlserver.jdbc.ActivityCorrelator$1] (value [com.microsoft.sqlserver.jdbc.ActivityCorrelator$1@73402f66]) and a value of type [com.microsoft.sqlserver.jdbc.ActivityId] (value [99ca77e1-21ef-477d-ab2a-120638abc474-8]) but failed to remove it when the web application was stopped. Threads are going to be renewed over time to try and avoid a probable memory leak.
08-Apr-2026 23:15:46.001 INFO [Catalina-utility-2] org.apache.jasper.servlet.TldScanner.scanJars At least one JAR was scanned for TLDs yet contained no TLDs. Enable debug logging for this logger for a complete list of JARs that were scanned but no TLDs were found in them. Skipping unneeded JARs during scanning can improve startup time and JSP compilation time.
08-Apr-2026 23:15:46.434 INFO [Catalina-utility-2] org.apache.catalina.core.StandardContext.reload Reloading Context with name [/production-management-system] is completed
08-Apr-2026 23:16:22.090 INFO [main] org.apache.catalina.core.StandardServer.await A valid shutdown command was received via the shutdown port. Stopping the Server instance.
08-Apr-2026 23:16:22.091 INFO [main] org.apache.coyote.AbstractProtocol.pause Pausing ProtocolHandler ["http-nio-8080"]
08-Apr-2026 23:16:23.083 INFO [main] org.apache.catalina.core.StandardService.stopInternal Stopping service [Catalina]
08-Apr-2026 23:16:23.096 WARNING [main] org.apache.catalina.loader.WebappClassLoaderBase.clearReferencesJdbc The web application [production-management-system] registered the JDBC driver [com.microsoft.sqlserver.jdbc.SQLServerDriver] but failed to unregister it when the web application was stopped. To prevent a memory leak, the JDBC Driver has been forcibly unregistered.
08-Apr-2026 23:16:23.096 SEVERE [main] org.apache.catalina.loader.WebappClassLoaderBase.checkThreadLocalMapForLeaks The web application [production-management-system] created a ThreadLocal with key of type [com.microsoft.sqlserver.jdbc.ActivityCorrelator$1] (value [com.microsoft.sqlserver.jdbc.ActivityCorrelator$1@cdb2d95]) and a value of type [com.microsoft.sqlserver.jdbc.ActivityId] (value [5bb22fe9-211d-47d7-af7f-ba2987a4fba7-8]) but failed to remove it when the web application was stopped. Threads are going to be renewed over time to try and avoid a probable memory leak.
08-Apr-2026 23:16:23.113 INFO [main] org.apache.coyote.AbstractProtocol.stop Stopping ProtocolHandler ["http-nio-8080"]
08-Apr-2026 23:16:23.122 INFO [main] org.apache.coyote.AbstractProtocol.destroy Destroying ProtocolHandler ["http-nio-8080"]
08-Apr-2026 23:16:45.399 INFO [main] org.apache.catalina.startup.VersionLoggerListener.log Server version name:   Apache Tomcat/9.0.108
08-Apr-2026 23:16:45.406 INFO [main] org.apache.catalina.startup.VersionLoggerListener.log Server built:          Jul 31 2025 18:19:48 UTC
08-Apr-2026 23:16:45.407 INFO [main] org.apache.catalina.startup.VersionLoggerListener.log Server version number: 9.0.108.0
08-Apr-2026 23:16:45.407 INFO [main] org.apache.catalina.startup.VersionLoggerListener.log OS Name:               Windows 10
08-Apr-2026 23:16:45.407 INFO [main] org.apache.catalina.startup.VersionLoggerListener.log OS Version:            10.0
08-Apr-2026 23:16:45.408 INFO [main] org.apache.catalina.startup.VersionLoggerListener.log Architecture:          amd64
08-Apr-2026 23:16:45.408 INFO [main] org.apache.catalina.startup.VersionLoggerListener.log Java Home:             C:\Program Files\Java\jdk1.8.0_172\jre
08-Apr-2026 23:16:45.408 INFO [main] org.apache.catalina.startup.VersionLoggerListener.log JVM Version:           1.8.0_172-b11
08-Apr-2026 23:16:45.408 INFO [main] org.apache.catalina.startup.VersionLoggerListener.log JVM Vendor:            Oracle Corporation
08-Apr-2026 23:16:45.408 INFO [main] org.apache.catalina.startup.VersionLoggerListener.log CATALINA_BASE:         D:\tools\apache-tomcat-9.0.108
08-Apr-2026 23:16:45.408 INFO [main] org.apache.catalina.startup.VersionLoggerListener.log CATALINA_HOME:         D:\tools\apache-tomcat-9.0.108
08-Apr-2026 23:16:45.412 INFO [main] org.apache.catalina.startup.VersionLoggerListener.log Command line argument: -Djava.util.logging.config.file=D:\tools\apache-tomcat-9.0.108\conf\logging.properties
08-Apr-2026 23:16:45.412 INFO [main] org.apache.catalina.startup.VersionLoggerListener.log Command line argument: -Djava.util.logging.manager=org.apache.juli.ClassLoaderLogManager
08-Apr-2026 23:16:45.412 INFO [main] org.apache.catalina.startup.VersionLoggerListener.log Command line argument: -Dhttp.nonProxyHosts=localhost|127.0.0.1|DESKTOP-UFCNPBB
08-Apr-2026 23:16:45.412 INFO [main] org.apache.catalina.startup.VersionLoggerListener.log Command line argument: -Djdk.tls.ephemeralDHKeySize=2048
08-Apr-2026 23:16:45.412 INFO [main] org.apache.catalina.startup.VersionLoggerListener.log Command line argument: -Djava.protocol.handler.pkgs=org.apache.catalina.webresources
08-Apr-2026 23:16:45.412 INFO [main] org.apache.catalina.startup.VersionLoggerListener.log Command line argument: -Dsun.io.useCanonCaches=false
08-Apr-2026 23:16:45.413 INFO [main] org.apache.catalina.startup.VersionLoggerListener.log Command line argument: -Dignore.endorsed.dirs=
08-Apr-2026 23:16:45.413 INFO [main] org.apache.catalina.startup.VersionLoggerListener.log Command line argument: -Dcatalina.base=D:\tools\apache-tomcat-9.0.108
08-Apr-2026 23:16:45.413 INFO [main] org.apache.catalina.startup.VersionLoggerListener.log Command line argument: -Dcatalina.home=D:\tools\apache-tomcat-9.0.108
08-Apr-2026 23:16:45.413 INFO [main] org.apache.catalina.startup.VersionLoggerListener.log Command line argument: -Djava.io.tmpdir=D:\tools\apache-tomcat-9.0.108\temp
08-Apr-2026 23:16:45.419 INFO [main] org.apache.catalina.core.AprLifecycleListener.lifecycleEvent Loaded Apache Tomcat Native library [1.3.1] using APR version [1.7.4].
08-Apr-2026 23:16:45.419 INFO [main] org.apache.catalina.core.AprLifecycleListener.lifecycleEvent APR capabilities: IPv6 [true], sendfile [true], accept filters [false], random [true], UDS [true].
08-Apr-2026 23:16:45.420 INFO [main] org.apache.catalina.core.AprLifecycleListener.lifecycleEvent APR/OpenSSL configuration: useAprConnector [false], useOpenSSL [true]
08-Apr-2026 23:16:45.439 INFO [main] org.apache.catalina.core.AprLifecycleListener.initializeSSL OpenSSL successfully initialized [OpenSSL 3.0.14 4 Jun 2024]
08-Apr-2026 23:16:46.184 INFO [main] org.apache.coyote.AbstractProtocol.init Initializing ProtocolHandler ["http-nio-8080"]
08-Apr-2026 23:16:46.227 INFO [main] org.apache.catalina.startup.Catalina.load Server initialization in [1419] milliseconds
08-Apr-2026 23:16:46.310 INFO [main] org.apache.catalina.core.StandardService.startInternal Starting service [Catalina]
08-Apr-2026 23:16:46.310 INFO [main] org.apache.catalina.core.StandardEngine.startInternal Starting Servlet engine: [Apache Tomcat/9.0.108]
08-Apr-2026 23:16:46.334 INFO [main] org.apache.catalina.startup.HostConfig.deployDescriptor Deploying deployment descriptor [D:\tools\apache-tomcat-9.0.108\conf\Catalina\localhost\production-management-system.xml]
08-Apr-2026 23:16:46.392 WARNING [main] org.apache.catalina.startup.HostConfig.deployDescriptor The path attribute with value [/production-management-system] in deployment descriptor [D:\tools\apache-tomcat-9.0.108\conf\Catalina\localhost\production-management-system.xml] has been ignored
08-Apr-2026 23:16:47.787 INFO [main] org.apache.jasper.servlet.TldScanner.scanJars At least one JAR was scanned for TLDs yet contained no TLDs. Enable debug logging for this logger for a complete list of JARs that were scanned but no TLDs were found in them. Skipping unneeded JARs during scanning can improve startup time and JSP compilation time.
08-Apr-2026 23:16:49.544 INFO [main] org.apache.catalina.startup.HostConfig.deployDescriptor Deployment of deployment descriptor [D:\tools\apache-tomcat-9.0.108\conf\Catalina\localhost\production-management-system.xml] has finished in [3,210] ms
08-Apr-2026 23:16:49.545 INFO [main] org.apache.catalina.startup.HostConfig.deployDirectory Deploying web application directory [D:\tools\apache-tomcat-9.0.108\webapps\docs]
08-Apr-2026 23:16:49.575 INFO [main] org.apache.catalina.startup.HostConfig.deployDirectory Deployment of web application directory [D:\tools\apache-tomcat-9.0.108\webapps\docs] has finished in [31] ms
08-Apr-2026 23:16:49.575 INFO [main] org.apache.catalina.startup.HostConfig.deployDirectory Deploying web application directory [D:\tools\apache-tomcat-9.0.108\webapps\examples]
08-Apr-2026 23:16:49.965 INFO [main] org.apache.catalina.startup.HostConfig.deployDirectory Deployment of web application directory [D:\tools\apache-tomcat-9.0.108\webapps\examples] has finished in [389] ms
08-Apr-2026 23:16:49.965 INFO [main] org.apache.catalina.startup.HostConfig.deployDirectory Deploying web application directory [D:\tools\apache-tomcat-9.0.108\webapps\host-manager]
08-Apr-2026 23:16:50.003 INFO [main] org.apache.catalina.startup.HostConfig.deployDirectory Deployment of web application directory [D:\tools\apache-tomcat-9.0.108\webapps\host-manager] has finished in [38] ms
08-Apr-2026 23:16:50.003 INFO [main] org.apache.catalina.startup.HostConfig.deployDirectory Deploying web application directory [D:\tools\apache-tomcat-9.0.108\webapps\manager]
08-Apr-2026 23:16:50.037 INFO [main] org.apache.catalina.startup.HostConfig.deployDirectory Deployment of web application directory [D:\tools\apache-tomcat-9.0.108\webapps\manager] has finished in [34] ms
08-Apr-2026 23:16:50.038 INFO [main] org.apache.catalina.startup.HostConfig.deployDirectory Deploying web application directory [D:\tools\apache-tomcat-9.0.108\webapps\ROOT]
08-Apr-2026 23:16:50.061 INFO [main] org.apache.catalina.startup.HostConfig.deployDirectory Deployment of web application directory [D:\tools\apache-tomcat-9.0.108\webapps\ROOT] has finished in [24] ms
08-Apr-2026 23:16:50.066 INFO [main] org.apache.coyote.AbstractProtocol.start Starting ProtocolHandler ["http-nio-8080"]
08-Apr-2026 23:16:50.085 INFO [main] org.apache.catalina.startup.Catalina.start Server startup in [3857] milliseconds
08-Apr-2026 23:16:50.207 WARNING [http-nio-8080-exec-1] org.apache.catalina.loader.WebappClassLoaderBase.clearReferencesJdbc The web application [production-management-system] registered the JDBC driver [com.microsoft.sqlserver.jdbc.SQLServerDriver] but failed to unregister it when the web application was stopped. To prevent a memory leak, the JDBC Driver has been forcibly unregistered.
08-Apr-2026 23:16:50.208 SEVERE [http-nio-8080-exec-1] org.apache.catalina.loader.WebappClassLoaderBase.checkThreadLocalMapForLeaks The web application [production-management-system] created a ThreadLocal with key of type [com.microsoft.sqlserver.jdbc.ActivityCorrelator$1] (value [com.microsoft.sqlserver.jdbc.ActivityCorrelator$1@31857ad]) and a value of type [com.microsoft.sqlserver.jdbc.ActivityId] (value [5cb34e84-cd7f-4c3b-9e68-2454bb7f2398-8]) but failed to remove it when the web application was stopped. Threads are going to be renewed over time to try and avoid a probable memory leak.
08-Apr-2026 23:16:50.722 INFO [http-nio-8080-exec-1] org.apache.catalina.startup.HostConfig.undeploy Undeploying context [/production-management-system]
08-Apr-2026 23:16:50.745 INFO [http-nio-8080-exec-3] org.apache.catalina.startup.HostConfig.deployDescriptor Deploying deployment descriptor [D:\tools\apache-tomcat-9.0.108\conf\Catalina\localhost\production-management-system.xml]
08-Apr-2026 23:16:50.746 WARNING [http-nio-8080-exec-3] org.apache.catalina.startup.HostConfig.deployDescriptor The path attribute with value [/production-management-system] in deployment descriptor [D:\tools\apache-tomcat-9.0.108\conf\Catalina\localhost\production-management-system.xml] has been ignored
08-Apr-2026 23:16:51.230 INFO [http-nio-8080-exec-3] org.apache.jasper.servlet.TldScanner.scanJars At least one JAR was scanned for TLDs yet contained no TLDs. Enable debug logging for this logger for a complete list of JARs that were scanned but no TLDs were found in them. Skipping unneeded JARs during scanning can improve startup time and JSP compilation time.
08-Apr-2026 23:16:51.714 INFO [http-nio-8080-exec-3] org.apache.catalina.startup.HostConfig.deployDescriptor Deployment of deployment descriptor [D:\tools\apache-tomcat-9.0.108\conf\Catalina\localhost\production-management-system.xml] has finished in [969] ms
08-Apr-2026 23:16:51.747 WARNING [http-nio-8080-exec-10] org.apache.catalina.loader.WebappClassLoaderBase.clearReferencesJdbc The web application [production-management-system] registered the JDBC driver [com.microsoft.sqlserver.jdbc.SQLServerDriver] but failed to unregister it when the web application was stopped. To prevent a memory leak, the JDBC Driver has been forcibly unregistered.
08-Apr-2026 23:16:51.748 SEVERE [http-nio-8080-exec-10] org.apache.catalina.loader.WebappClassLoaderBase.checkThreadLocalMapForLeaks The web application [production-management-system] created a ThreadLocal with key of type [com.microsoft.sqlserver.jdbc.ActivityCorrelator$1] (value [com.microsoft.sqlserver.jdbc.ActivityCorrelator$1@1d566403]) and a value of type [com.microsoft.sqlserver.jdbc.ActivityId] (value [164d5dea-9187-4c21-bd9b-a79f07dfae05-8]) but failed to remove it when the web application was stopped. Threads are going to be renewed over time to try and avoid a probable memory leak.
08-Apr-2026 23:16:52.261 INFO [http-nio-8080-exec-10] org.apache.catalina.startup.HostConfig.undeploy Undeploying context [/production-management-system]
08-Apr-2026 23:16:52.275 INFO [http-nio-8080-exec-1] org.apache.catalina.startup.HostConfig.deployDescriptor Deploying deployment descriptor [D:\tools\apache-tomcat-9.0.108\conf\Catalina\localhost\production-management-system.xml]
08-Apr-2026 23:16:52.276 WARNING [http-nio-8080-exec-1] org.apache.catalina.startup.HostConfig.deployDescriptor The path attribute with value [/production-management-system] in deployment descriptor [D:\tools\apache-tomcat-9.0.108\conf\Catalina\localhost\production-management-system.xml] has been ignored
08-Apr-2026 23:16:52.876 INFO [http-nio-8080-exec-1] org.apache.jasper.servlet.TldScanner.scanJars At least one JAR was scanned for TLDs yet contained no TLDs. Enable debug logging for this logger for a complete list of JARs that were scanned but no TLDs were found in them. Skipping unneeded JARs during scanning can improve startup time and JSP compilation time.
08-Apr-2026 23:16:53.398 INFO [http-nio-8080-exec-1] org.apache.catalina.startup.HostConfig.deployDescriptor Deployment of deployment descriptor [D:\tools\apache-tomcat-9.0.108\conf\Catalina\localhost\production-management-system.xml] has finished in [1,121] ms
08-Apr-2026 23:16:53.401 INFO [http-nio-8080-exec-2] org.apache.catalina.util.LifecycleBase.start The start() method was called on component [StandardEngine[Catalina].StandardHost[localhost].StandardContext[/production-management-system]] after start() had already been called. The second call will be ignored.
08-Apr-2026 23:17:00.478 WARNING [http-nio-8080-exec-14] org.apache.catalina.loader.WebappClassLoaderBase.clearReferencesJdbc The web application [production-management-system] registered the JDBC driver [com.microsoft.sqlserver.jdbc.SQLServerDriver] but failed to unregister it when the web application was stopped. To prevent a memory leak, the JDBC Driver has been forcibly unregistered.
08-Apr-2026 23:17:00.985 INFO [http-nio-8080-exec-14] org.apache.catalina.startup.HostConfig.undeploy Undeploying context [/production-management-system]
08-Apr-2026 23:17:09.456 INFO [http-nio-8080-exec-10] org.apache.catalina.startup.HostConfig.deployDescriptor Deploying deployment descriptor [D:\tools\apache-tomcat-9.0.108\conf\Catalina\localhost\production-management-system.xml]
08-Apr-2026 23:17:09.457 WARNING [http-nio-8080-exec-10] org.apache.catalina.startup.HostConfig.deployDescriptor The path attribute with value [/production-management-system] in deployment descriptor [D:\tools\apache-tomcat-9.0.108\conf\Catalina\localhost\production-management-system.xml] has been ignored
08-Apr-2026 23:17:09.975 INFO [http-nio-8080-exec-10] org.apache.jasper.servlet.TldScanner.scanJars At least one JAR was scanned for TLDs yet contained no TLDs. Enable debug logging for this logger for a complete list of JARs that were scanned but no TLDs were found in them. Skipping unneeded JARs during scanning can improve startup time and JSP compilation time.
08-Apr-2026 23:17:10.481 INFO [http-nio-8080-exec-10] org.apache.catalina.startup.HostConfig.deployDescriptor Deployment of deployment descriptor [D:\tools\apache-tomcat-9.0.108\conf\Catalina\localhost\production-management-system.xml] has finished in [1,026] ms
08-Apr-2026 23:17:10.487 INFO [http-nio-8080-exec-2] org.apache.catalina.util.LifecycleBase.start The start() method was called on component [StandardEngine[Catalina].StandardHost[localhost].StandardContext[/production-management-system]] after start() had already been called. The second call will be ignored.
08-Apr-2026 23:17:53.808 INFO [http-nio-8080-exec-19] org.apache.catalina.core.StandardContext.reload Reloading Context with name [/production-management-system] has started
08-Apr-2026 23:17:53.838 WARNING [http-nio-8080-exec-19] org.apache.catalina.loader.WebappClassLoaderBase.clearReferencesJdbc The web application [production-management-system] registered the JDBC driver [com.microsoft.sqlserver.jdbc.SQLServerDriver] but failed to unregister it when the web application was stopped. To prevent a memory leak, the JDBC Driver has been forcibly unregistered.
08-Apr-2026 23:17:54.193 SEVERE [http-nio-8080-exec-19] org.apache.catalina.core.StandardContext.reload Exception starting Context with name [/production-management-system]
	org.apache.catalina.LifecycleException: Failed to start component [StandardEngine[Catalina].StandardHost[localhost].StandardContext[/production-management-system]]
		at org.apache.catalina.util.LifecycleBase.handleSubClassException(LifecycleBase.java:406)
		at org.apache.catalina.util.LifecycleBase.start(LifecycleBase.java:179)
		at org.apache.catalina.core.StandardContext.reload(StandardContext.java:3266)
		at org.apache.catalina.manager.ManagerServlet.reload(ManagerServlet.java:1033)
		at org.apache.catalina.manager.ManagerServlet.doGet(ManagerServlet.java:316)
		at javax.servlet.http.HttpServlet.service(HttpServlet.java:529)
		at javax.servlet.http.HttpServlet.service(HttpServlet.java:623)
		at org.apache.catalina.core.ApplicationFilterChain.internalDoFilter(ApplicationFilterChain.java:199)
		at org.apache.catalina.core.ApplicationFilterChain.doFilter(ApplicationFilterChain.java:144)
		at org.apache.tomcat.websocket.server.WsFilter.doFilter(WsFilter.java:51)
		at org.apache.catalina.core.ApplicationFilterChain.internalDoFilter(ApplicationFilterChain.java:168)
		at org.apache.catalina.core.ApplicationFilterChain.doFilter(ApplicationFilterChain.java:144)
		at org.apache.catalina.filters.HttpHeaderSecurityFilter.doFilter(HttpHeaderSecurityFilter.java:129)
		at org.apache.catalina.core.ApplicationFilterChain.internalDoFilter(ApplicationFilterChain.java:168)
		at org.apache.catalina.core.ApplicationFilterChain.doFilter(ApplicationFilterChain.java:144)
		at org.apache.catalina.core.StandardWrapperValve.invoke(StandardWrapperValve.java:168)
		at org.apache.catalina.core.StandardContextValve.invoke(StandardContextValve.java:90)
		at org.apache.catalina.authenticator.AuthenticatorBase.invoke(AuthenticatorBase.java:597)
		at org.apache.catalina.valves.RequestFilterValve.process(RequestFilterValve.java:354)
		at org.apache.catalina.valves.RemoteAddrValve.invoke(RemoteAddrValve.java:54)
		at org.apache.catalina.core.StandardHostValve.invoke(StandardHostValve.java:130)
		at org.apache.catalina.valves.ErrorReportValve.invoke(ErrorReportValve.java:93)
		at org.apache.catalina.valves.AbstractAccessLogValve.invoke(AbstractAccessLogValve.java:656)
		at org.apache.catalina.core.StandardEngineValve.invoke(StandardEngineValve.java:74)
		at org.apache.catalina.connector.CoyoteAdapter.service(CoyoteAdapter.java:346)
		at org.apache.coyote.http11.Http11Processor.service(Http11Processor.java:397)
		at org.apache.coyote.AbstractProcessorLight.process(AbstractProcessorLight.java:63)
		at org.apache.coyote.AbstractProtocol$ConnectionHandler.process(AbstractProtocol.java:935)
		at org.apache.tomcat.util.net.NioEndpoint$SocketProcessor.doRun(NioEndpoint.java:1826)
		at org.apache.tomcat.util.net.SocketProcessorBase.run(SocketProcessorBase.java:52)
		at org.apache.tomcat.util.threads.ThreadPoolExecutor.runWorker(ThreadPoolExecutor.java:1189)
		at org.apache.tomcat.util.threads.ThreadPoolExecutor$Worker.run(ThreadPoolExecutor.java:658)
		at org.apache.tomcat.util.threads.TaskThread$WrappingRunnable.run(TaskThread.java:63)
		at java.lang.Thread.run(Thread.java:748)
	Caused by: java.lang.UnsupportedClassVersionError: pms/model/DefectReasonDTO has been compiled by a more recent version of the Java Runtime (class file version 61.0), this version of the Java Runtime only recognizes class file versions up to 52.0 (unable to load class [pms.model.DefectReasonDTO])
		at org.apache.catalina.loader.WebappClassLoaderBase.findClassInternal(WebappClassLoaderBase.java:2350)
		at org.apache.catalina.loader.WebappClassLoaderBase.findClassInternal(WebappClassLoaderBase.java:2216)
		at org.apache.catalina.loader.WebappClassLoaderBase.findClass(WebappClassLoaderBase.java:824)
		at org.apache.catalina.loader.WebappClassLoaderBase.loadClass(WebappClassLoaderBase.java:1315)
		at org.apache.catalina.loader.WebappClassLoaderBase.loadClass(WebappClassLoaderBase.java:1163)
		at java.lang.Class.getDeclaredMethods0(Native Method)
		at java.lang.Class.privateGetDeclaredMethods(Class.java:2701)
		at java.lang.Class.getDeclaredMethods(Class.java:1975)
		at org.apache.catalina.util.Introspection.getDeclaredMethods(Introspection.java:108)
		at org.apache.catalina.startup.WebAnnotationSet.loadMethodsAnnotation(WebAnnotationSet.java:213)
		at org.apache.catalina.startup.WebAnnotationSet.loadApplicationServletAnnotations(WebAnnotationSet.java:137)
		at org.apache.catalina.startup.WebAnnotationSet.loadApplicationAnnotations(WebAnnotationSet.java:68)
		at org.apache.catalina.startup.ContextConfig.applicationAnnotationsConfig(ContextConfig.java:319)
		at org.apache.catalina.startup.ContextConfig.configureStart(ContextConfig.java:975)
		at org.apache.catalina.startup.ContextConfig.lifecycleEvent(ContextConfig.java:290)
		at org.apache.catalina.util.LifecycleBase.fireLifecycleEvent(LifecycleBase.java:109)
		at org.apache.catalina.core.StandardContext.startInternal(StandardContext.java:4407)
		at org.apache.catalina.util.LifecycleBase.start(LifecycleBase.java:164)
		... 32 more
08-Apr-2026 23:17:54.196 INFO [http-nio-8080-exec-19] org.apache.catalina.core.StandardContext.reload Reloading Context with name [/production-management-system] is completed
08-Apr-2026 23:18:17.521 INFO [http-nio-8080-exec-18] org.apache.catalina.startup.HostConfig.undeploy Undeploying context [/production-management-system]
08-Apr-2026 23:18:17.581 INFO [http-nio-8080-exec-23] org.apache.catalina.startup.HostConfig.deployDescriptor Deploying deployment descriptor [D:\tools\apache-tomcat-9.0.108\conf\Catalina\localhost\production-management-system.xml]
08-Apr-2026 23:18:17.583 WARNING [http-nio-8080-exec-23] org.apache.catalina.startup.HostConfig.deployDescriptor The path attribute with value [/production-management-system] in deployment descriptor [D:\tools\apache-tomcat-9.0.108\conf\Catalina\localhost\production-management-system.xml] has been ignored
08-Apr-2026 23:18:18.081 INFO [http-nio-8080-exec-23] org.apache.jasper.servlet.TldScanner.scanJars At least one JAR was scanned for TLDs yet contained no TLDs. Enable debug logging for this logger for a complete list of JARs that were scanned but no TLDs were found in them. Skipping unneeded JARs during scanning can improve startup time and JSP compilation time.
08-Apr-2026 23:18:18.431 INFO [http-nio-8080-exec-23] org.apache.catalina.startup.HostConfig.deployDescriptor Deployment of deployment descriptor [D:\tools\apache-tomcat-9.0.108\conf\Catalina\localhost\production-management-system.xml] has finished in [850] ms
08-Apr-2026 23:18:18.435 INFO [http-nio-8080-exec-25] org.apache.catalina.util.LifecycleBase.start The start() method was called on component [StandardEngine[Catalina].StandardHost[localhost].StandardContext[/production-management-system]] after start() had already been called. The second call will be ignored.
08-Apr-2026 23:19:21.768 WARNING [http-nio-8080-exec-37] org.apache.catalina.loader.WebappClassLoaderBase.clearReferencesJdbc The web application [production-management-system] registered the JDBC driver [com.microsoft.sqlserver.jdbc.SQLServerDriver] but failed to unregister it when the web application was stopped. To prevent a memory leak, the JDBC Driver has been forcibly unregistered.
08-Apr-2026 23:19:21.769 SEVERE [http-nio-8080-exec-37] org.apache.catalina.loader.WebappClassLoaderBase.checkThreadLocalMapForLeaks The web application [production-management-system] created a ThreadLocal with key of type [com.microsoft.sqlserver.jdbc.ActivityCorrelator$1] (value [com.microsoft.sqlserver.jdbc.ActivityCorrelator$1@6cbbbb8c]) and a value of type [com.microsoft.sqlserver.jdbc.ActivityId] (value [50acec1a-9fca-4d63-9fa9-21951a5acaca-3]) but failed to remove it when the web application was stopped. Threads are going to be renewed over time to try and avoid a probable memory leak.
08-Apr-2026 23:19:22.279 INFO [http-nio-8080-exec-37] org.apache.catalina.startup.HostConfig.undeploy Undeploying context [/production-management-system]
08-Apr-2026 23:19:22.315 INFO [http-nio-8080-exec-35] org.apache.catalina.startup.HostConfig.deployDescriptor Deploying deployment descriptor [D:\tools\apache-tomcat-9.0.108\conf\Catalina\localhost\production-management-system.xml]
08-Apr-2026 23:19:22.317 WARNING [http-nio-8080-exec-35] org.apache.catalina.startup.HostConfig.deployDescriptor The path attribute with value [/production-management-system] in deployment descriptor [D:\tools\apache-tomcat-9.0.108\conf\Catalina\localhost\production-management-system.xml] has been ignored
08-Apr-2026 23:19:23.172 INFO [http-nio-8080-exec-35] org.apache.jasper.servlet.TldScanner.scanJars At least one JAR was scanned for TLDs yet contained no TLDs. Enable debug logging for this logger for a complete list of JARs that were scanned but no TLDs were found in them. Skipping unneeded JARs during scanning can improve startup time and JSP compilation time.
08-Apr-2026 23:19:24.258 INFO [http-nio-8080-exec-35] org.apache.catalina.startup.HostConfig.deployDescriptor Deployment of deployment descriptor [D:\tools\apache-tomcat-9.0.108\conf\Catalina\localhost\production-management-system.xml] has finished in [1,942] ms
08-Apr-2026 23:19:24.290 INFO [http-nio-8080-exec-30] org.apache.catalina.util.LifecycleBase.start The start() method was called on component [StandardEngine[Catalina].StandardHost[localhost].StandardContext[/production-management-system]] after start() had already been called. The second call will be ignored.
08-Apr-2026 23:19:24.671 WARNING [http-nio-8080-exec-34] org.apache.catalina.loader.WebappClassLoaderBase.clearReferencesJdbc The web application [production-management-system] registered the JDBC driver [com.microsoft.sqlserver.jdbc.SQLServerDriver] but failed to unregister it when the web application was stopped. To prevent a memory leak, the JDBC Driver has been forcibly unregistered.
08-Apr-2026 23:19:25.699 INFO [http-nio-8080-exec-28] org.apache.jasper.servlet.TldScanner.scanJars At least one JAR was scanned for TLDs yet contained no TLDs. Enable debug logging for this logger for a complete list of JARs that were scanned but no TLDs were found in them. Skipping unneeded JARs during scanning can improve startup time and JSP compilation time.
08-Apr-2026 23:19:25.715 SEVERE [http-nio-8080-exec-28] org.apache.catalina.core.StandardContext.startInternal One or more listeners failed to start. Full details will be found in the appropriate container log file
08-Apr-2026 23:19:25.716 SEVERE [http-nio-8080-exec-28] org.apache.catalina.core.StandardContext.startInternal Context [/production-management-system] startup failed due to previous errors
08-Apr-2026 23:19:26.082 INFO [http-nio-8080-exec-30] org.apache.catalina.util.LifecycleBase.stop The stop() method was called on component [StandardEngine[Catalina].StandardHost[localhost].StandardContext[/production-management-system]] after stop() had already been called. The second call will be ignored.
08-Apr-2026 23:19:26.584 INFO [http-nio-8080-exec-30] org.apache.catalina.startup.HostConfig.undeploy Undeploying context [/production-management-system]
08-Apr-2026 23:19:26.599 INFO [http-nio-8080-exec-39] org.apache.catalina.startup.HostConfig.deployDescriptor Deploying deployment descriptor [D:\tools\apache-tomcat-9.0.108\conf\Catalina\localhost\production-management-system.xml]
08-Apr-2026 23:19:26.603 WARNING [http-nio-8080-exec-39] org.apache.catalina.startup.HostConfig.deployDescriptor The path attribute with value [/production-management-system] in deployment descriptor [D:\tools\apache-tomcat-9.0.108\conf\Catalina\localhost\production-management-system.xml] has been ignored
08-Apr-2026 23:19:27.746 INFO [http-nio-8080-exec-39] org.apache.jasper.servlet.TldScanner.scanJars At least one JAR was scanned for TLDs yet contained no TLDs. Enable debug logging for this logger for a complete list of JARs that were scanned but no TLDs were found in them. Skipping unneeded JARs during scanning can improve startup time and JSP compilation time.
08-Apr-2026 23:19:28.470 INFO [http-nio-8080-exec-39] org.apache.catalina.startup.HostConfig.deployDescriptor Deployment of deployment descriptor [D:\tools\apache-tomcat-9.0.108\conf\Catalina\localhost\production-management-system.xml] has finished in [1,871] ms
08-Apr-2026 23:19:28.476 INFO [http-nio-8080-exec-29] org.apache.catalina.util.LifecycleBase.start The start() method was called on component [StandardEngine[Catalina].StandardHost[localhost].StandardContext[/production-management-system]] after start() had already been called. The second call will be ignored.
08-Apr-2026 23:19:30.840 INFO [http-nio-8080-exec-38] org.apache.catalina.core.StandardContext.reload Reloading Context with name [/production-management-system] has started
08-Apr-2026 23:19:30.847 WARNING [http-nio-8080-exec-38] org.apache.catalina.loader.WebappClassLoaderBase.clearReferencesJdbc The web application [production-management-system] registered the JDBC driver [com.microsoft.sqlserver.jdbc.SQLServerDriver] but failed to unregister it when the web application was stopped. To prevent a memory leak, the JDBC Driver has been forcibly unregistered.
08-Apr-2026 23:19:30.847 SEVERE [http-nio-8080-exec-38] org.apache.catalina.loader.WebappClassLoaderBase.checkThreadLocalMapForLeaks The web application [production-management-system] created a ThreadLocal with key of type [com.microsoft.sqlserver.jdbc.ActivityCorrelator$1] (value [com.microsoft.sqlserver.jdbc.ActivityCorrelator$1@358963f1]) and a value of type [com.microsoft.sqlserver.jdbc.ActivityId] (value [ae299b18-0dca-4ff4-8322-cdb5e4bc6251-8]) but failed to remove it when the web application was stopped. Threads are going to be renewed over time to try and avoid a probable memory leak.
08-Apr-2026 23:19:31.499 SEVERE [http-nio-8080-exec-38] org.apache.catalina.core.StandardContext.reload Exception starting Context with name [/production-management-system]
	org.apache.catalina.LifecycleException: Failed to start component [StandardEngine[Catalina].StandardHost[localhost].StandardContext[/production-management-system]]
		at org.apache.catalina.util.LifecycleBase.handleSubClassException(LifecycleBase.java:406)
		at org.apache.catalina.util.LifecycleBase.start(LifecycleBase.java:179)
		at org.apache.catalina.core.StandardContext.reload(StandardContext.java:3266)
		at org.apache.catalina.manager.ManagerServlet.reload(ManagerServlet.java:1033)
		at org.apache.catalina.manager.ManagerServlet.doGet(ManagerServlet.java:316)
		at javax.servlet.http.HttpServlet.service(HttpServlet.java:529)
		at javax.servlet.http.HttpServlet.service(HttpServlet.java:623)
		at org.apache.catalina.core.ApplicationFilterChain.internalDoFilter(ApplicationFilterChain.java:199)
		at org.apache.catalina.core.ApplicationFilterChain.doFilter(ApplicationFilterChain.java:144)
		at org.apache.tomcat.websocket.server.WsFilter.doFilter(WsFilter.java:51)
		at org.apache.catalina.core.ApplicationFilterChain.internalDoFilter(ApplicationFilterChain.java:168)
		at org.apache.catalina.core.ApplicationFilterChain.doFilter(ApplicationFilterChain.java:144)
		at org.apache.catalina.filters.HttpHeaderSecurityFilter.doFilter(HttpHeaderSecurityFilter.java:129)
		at org.apache.catalina.core.ApplicationFilterChain.internalDoFilter(ApplicationFilterChain.java:168)
		at org.apache.catalina.core.ApplicationFilterChain.doFilter(ApplicationFilterChain.java:144)
		at org.apache.catalina.core.StandardWrapperValve.invoke(StandardWrapperValve.java:168)
		at org.apache.catalina.core.StandardContextValve.invoke(StandardContextValve.java:90)
		at org.apache.catalina.authenticator.AuthenticatorBase.invoke(AuthenticatorBase.java:597)
		at org.apache.catalina.valves.RequestFilterValve.process(RequestFilterValve.java:354)
		at org.apache.catalina.valves.RemoteAddrValve.invoke(RemoteAddrValve.java:54)
		at org.apache.catalina.core.StandardHostValve.invoke(StandardHostValve.java:130)
		at org.apache.catalina.valves.ErrorReportValve.invoke(ErrorReportValve.java:93)
		at org.apache.catalina.valves.AbstractAccessLogValve.invoke(AbstractAccessLogValve.java:656)
		at org.apache.catalina.core.StandardEngineValve.invoke(StandardEngineValve.java:74)
		at org.apache.catalina.connector.CoyoteAdapter.service(CoyoteAdapter.java:346)
		at org.apache.coyote.http11.Http11Processor.service(Http11Processor.java:397)
		at org.apache.coyote.AbstractProcessorLight.process(AbstractProcessorLight.java:63)
		at org.apache.coyote.AbstractProtocol$ConnectionHandler.process(AbstractProtocol.java:935)
		at org.apache.tomcat.util.net.NioEndpoint$SocketProcessor.doRun(NioEndpoint.java:1826)
		at org.apache.tomcat.util.net.SocketProcessorBase.run(SocketProcessorBase.java:52)
		at org.apache.tomcat.util.threads.ThreadPoolExecutor.runWorker(ThreadPoolExecutor.java:1189)
		at org.apache.tomcat.util.threads.ThreadPoolExecutor$Worker.run(ThreadPoolExecutor.java:658)
		at org.apache.tomcat.util.threads.TaskThread$WrappingRunnable.run(TaskThread.java:63)
		at java.lang.Thread.run(Thread.java:748)
	Caused by: java.lang.UnsupportedClassVersionError: pms/model/DefectReasonDTO has been compiled by a more recent version of the Java Runtime (class file version 61.0), this version of the Java Runtime only recognizes class file versions up to 52.0 (unable to load class [pms.model.DefectReasonDTO])
		at org.apache.catalina.loader.WebappClassLoaderBase.findClassInternal(WebappClassLoaderBase.java:2350)
		at org.apache.catalina.loader.WebappClassLoaderBase.findClassInternal(WebappClassLoaderBase.java:2216)
		at org.apache.catalina.loader.WebappClassLoaderBase.findClass(WebappClassLoaderBase.java:824)
		at org.apache.catalina.loader.WebappClassLoaderBase.loadClass(WebappClassLoaderBase.java:1315)
		at org.apache.catalina.loader.WebappClassLoaderBase.loadClass(WebappClassLoaderBase.java:1163)
		at java.lang.Class.getDeclaredMethods0(Native Method)
		at java.lang.Class.privateGetDeclaredMethods(Class.java:2701)
		at java.lang.Class.getDeclaredMethods(Class.java:1975)
		at org.apache.catalina.util.Introspection.getDeclaredMethods(Introspection.java:108)
		at org.apache.catalina.startup.WebAnnotationSet.loadMethodsAnnotation(WebAnnotationSet.java:213)
		at org.apache.catalina.startup.WebAnnotationSet.loadApplicationServletAnnotations(WebAnnotationSet.java:137)
		at org.apache.catalina.startup.WebAnnotationSet.loadApplicationAnnotations(WebAnnotationSet.java:68)
		at org.apache.catalina.startup.ContextConfig.applicationAnnotationsConfig(ContextConfig.java:319)
		at org.apache.catalina.startup.ContextConfig.configureStart(ContextConfig.java:975)
		at org.apache.catalina.startup.ContextConfig.lifecycleEvent(ContextConfig.java:290)
		at org.apache.catalina.util.LifecycleBase.fireLifecycleEvent(LifecycleBase.java:109)
		at org.apache.catalina.core.StandardContext.startInternal(StandardContext.java:4407)
		at org.apache.catalina.util.LifecycleBase.start(LifecycleBase.java:164)
		... 32 more
08-Apr-2026 23:19:31.500 INFO [http-nio-8080-exec-38] org.apache.catalina.core.StandardContext.reload Reloading Context with name [/production-management-system] is completed
08-Apr-2026 23:19:36.430 INFO [http-nio-8080-exec-31] org.apache.catalina.startup.HostConfig.undeploy Undeploying context [/production-management-system]
08-Apr-2026 23:19:36.441 INFO [http-nio-8080-exec-29] org.apache.catalina.startup.HostConfig.deployDescriptor Deploying deployment descriptor [D:\tools\apache-tomcat-9.0.108\conf\Catalina\localhost\production-management-system.xml]
08-Apr-2026 23:19:36.443 WARNING [http-nio-8080-exec-29] org.apache.catalina.startup.HostConfig.deployDescriptor The path attribute with value [/production-management-system] in deployment descriptor [D:\tools\apache-tomcat-9.0.108\conf\Catalina\localhost\production-management-system.xml] has been ignored
08-Apr-2026 23:19:36.885 INFO [http-nio-8080-exec-29] org.apache.jasper.servlet.TldScanner.scanJars At least one JAR was scanned for TLDs yet contained no TLDs. Enable debug logging for this logger for a complete list of JARs that were scanned but no TLDs were found in them. Skipping unneeded JARs during scanning can improve startup time and JSP compilation time.
08-Apr-2026 23:19:37.163 INFO [http-nio-8080-exec-29] org.apache.catalina.startup.HostConfig.deployDescriptor Deployment of deployment descriptor [D:\tools\apache-tomcat-9.0.108\conf\Catalina\localhost\production-management-system.xml] has finished in [722] ms
08-Apr-2026 23:19:37.166 INFO [http-nio-8080-exec-42] org.apache.catalina.util.LifecycleBase.start The start() method was called on component [StandardEngine[Catalina].StandardHost[localhost].StandardContext[/production-management-system]] after start() had already been called. The second call will be ignored.
