22-Mar-2026 03:23:56.156 INFO [main] org.apache.catalina.startup.VersionLoggerListener.log Server version name:   Apache Tomcat/9.0.108
22-Mar-2026 03:23:56.160 INFO [main] org.apache.catalina.startup.VersionLoggerListener.log Server built:          Jul 31 2025 18:19:48 UTC
22-Mar-2026 03:23:56.160 INFO [main] org.apache.catalina.startup.VersionLoggerListener.log Server version number: 9.0.108.0
22-Mar-2026 03:23:56.160 INFO [main] org.apache.catalina.startup.VersionLoggerListener.log OS Name:               Windows 10
22-Mar-2026 03:23:56.160 INFO [main] org.apache.catalina.startup.VersionLoggerListener.log OS Version:            10.0
22-Mar-2026 03:23:56.160 INFO [main] org.apache.catalina.startup.VersionLoggerListener.log Architecture:          amd64
22-Mar-2026 03:23:56.160 INFO [main] org.apache.catalina.startup.VersionLoggerListener.log Java Home:             C:\Program Files\Java\jdk1.8.0_172\jre
22-Mar-2026 03:23:56.160 INFO [main] org.apache.catalina.startup.VersionLoggerListener.log JVM Version:           1.8.0_172-b11
22-Mar-2026 03:23:56.161 INFO [main] org.apache.catalina.startup.VersionLoggerListener.log JVM Vendor:            Oracle Corporation
22-Mar-2026 03:23:56.161 INFO [main] org.apache.catalina.startup.VersionLoggerListener.log CATALINA_BASE:         D:\tools\apache-tomcat-9.0.108
22-Mar-2026 03:23:56.161 INFO [main] org.apache.catalina.startup.VersionLoggerListener.log CATALINA_HOME:         D:\tools\apache-tomcat-9.0.108
22-Mar-2026 03:23:56.162 INFO [main] org.apache.catalina.startup.VersionLoggerListener.log Command line argument: -Djava.util.logging.config.file=D:\tools\apache-tomcat-9.0.108\conf\logging.properties
22-Mar-2026 03:23:56.162 INFO [main] org.apache.catalina.startup.VersionLoggerListener.log Command line argument: -Djava.util.logging.manager=org.apache.juli.ClassLoaderLogManager
22-Mar-2026 03:23:56.162 INFO [main] org.apache.catalina.startup.VersionLoggerListener.log Command line argument: -Dhttp.nonProxyHosts=localhost|127.0.0.1|DESKTOP-UFCNPBB
22-Mar-2026 03:23:56.162 INFO [main] org.apache.catalina.startup.VersionLoggerListener.log Command line argument: -Djdk.tls.ephemeralDHKeySize=2048
22-Mar-2026 03:23:56.163 INFO [main] org.apache.catalina.startup.VersionLoggerListener.log Command line argument: -Djava.protocol.handler.pkgs=org.apache.catalina.webresources
22-Mar-2026 03:23:56.163 INFO [main] org.apache.catalina.startup.VersionLoggerListener.log Command line argument: -Dsun.io.useCanonCaches=false
22-Mar-2026 03:23:56.163 INFO [main] org.apache.catalina.startup.VersionLoggerListener.log Command line argument: -Dignore.endorsed.dirs=
22-Mar-2026 03:23:56.163 INFO [main] org.apache.catalina.startup.VersionLoggerListener.log Command line argument: -Dcatalina.base=D:\tools\apache-tomcat-9.0.108
22-Mar-2026 03:23:56.163 INFO [main] org.apache.catalina.startup.VersionLoggerListener.log Command line argument: -Dcatalina.home=D:\tools\apache-tomcat-9.0.108
22-Mar-2026 03:23:56.163 INFO [main] org.apache.catalina.startup.VersionLoggerListener.log Command line argument: -Djava.io.tmpdir=D:\tools\apache-tomcat-9.0.108\temp
22-Mar-2026 03:23:56.340 INFO [main] org.apache.catalina.core.AprLifecycleListener.lifecycleEvent Loaded Apache Tomcat Native library [1.3.1] using APR version [1.7.4].
22-Mar-2026 03:23:56.340 INFO [main] org.apache.catalina.core.AprLifecycleListener.lifecycleEvent APR capabilities: IPv6 [true], sendfile [true], accept filters [false], random [true], UDS [true].
22-Mar-2026 03:23:56.341 INFO [main] org.apache.catalina.core.AprLifecycleListener.lifecycleEvent APR/OpenSSL configuration: useAprConnector [false], useOpenSSL [true]
22-Mar-2026 03:23:56.376 INFO [main] org.apache.catalina.core.AprLifecycleListener.initializeSSL OpenSSL successfully initialized [OpenSSL 3.0.14 4 Jun 2024]
22-Mar-2026 03:23:56.764 INFO [main] org.apache.coyote.AbstractProtocol.init Initializing ProtocolHandler ["http-nio-8080"]
22-Mar-2026 03:23:56.796 INFO [main] org.apache.catalina.startup.Catalina.load Server initialization in [862] milliseconds
22-Mar-2026 03:23:56.839 INFO [main] org.apache.catalina.core.StandardService.startInternal Starting service [Catalina]
22-Mar-2026 03:23:56.839 INFO [main] org.apache.catalina.core.StandardEngine.startInternal Starting Servlet engine: [Apache Tomcat/9.0.108]
22-Mar-2026 03:23:56.850 INFO [main] org.apache.catalina.startup.HostConfig.deployDescriptor Deploying deployment descriptor [D:\tools\apache-tomcat-9.0.108\conf\Catalina\localhost\production-management-system.xml]
22-Mar-2026 03:23:56.872 WARNING [main] org.apache.catalina.startup.HostConfig.deployDescriptor The path attribute with value [/production-management-system] in deployment descriptor [D:\tools\apache-tomcat-9.0.108\conf\Catalina\localhost\production-management-system.xml] has been ignored
22-Mar-2026 03:23:57.863 INFO [main] org.apache.jasper.servlet.TldScanner.scanJars At least one JAR was scanned for TLDs yet contained no TLDs. Enable debug logging for this logger for a complete list of JARs that were scanned but no TLDs were found in them. Skipping unneeded JARs during scanning can improve startup time and JSP compilation time.
22-Mar-2026 03:23:58.549 WARNING [main] org.apache.catalina.util.SessionIdGeneratorBase.createSecureRandom Creation of SecureRandom instance for session ID generation using [SHA1PRNG] took [619] milliseconds.
22-Mar-2026 03:23:58.571 INFO [main] org.apache.catalina.startup.HostConfig.deployDescriptor Deployment of deployment descriptor [D:\tools\apache-tomcat-9.0.108\conf\Catalina\localhost\production-management-system.xml] has finished in [1,721] ms
22-Mar-2026 03:23:58.572 INFO [main] org.apache.catalina.startup.HostConfig.deployDirectory Deploying web application directory [D:\tools\apache-tomcat-9.0.108\webapps\docs]
22-Mar-2026 03:23:58.605 INFO [main] org.apache.catalina.startup.HostConfig.deployDirectory Deployment of web application directory [D:\tools\apache-tomcat-9.0.108\webapps\docs] has finished in [33] ms
22-Mar-2026 03:23:58.605 INFO [main] org.apache.catalina.startup.HostConfig.deployDirectory Deploying web application directory [D:\tools\apache-tomcat-9.0.108\webapps\examples]
22-Mar-2026 03:23:59.834 INFO [main] org.apache.catalina.startup.HostConfig.deployDirectory Deployment of web application directory [D:\tools\apache-tomcat-9.0.108\webapps\examples] has finished in [1,229] ms
22-Mar-2026 03:23:59.834 INFO [main] org.apache.catalina.startup.HostConfig.deployDirectory Deploying web application directory [D:\tools\apache-tomcat-9.0.108\webapps\host-manager]
22-Mar-2026 03:23:59.861 INFO [main] org.apache.catalina.startup.HostConfig.deployDirectory Deployment of web application directory [D:\tools\apache-tomcat-9.0.108\webapps\host-manager] has finished in [27] ms
22-Mar-2026 03:23:59.861 INFO [main] org.apache.catalina.startup.HostConfig.deployDirectory Deploying web application directory [D:\tools\apache-tomcat-9.0.108\webapps\manager]
22-Mar-2026 03:23:59.893 INFO [main] org.apache.catalina.startup.HostConfig.deployDirectory Deployment of web application directory [D:\tools\apache-tomcat-9.0.108\webapps\manager] has finished in [32] ms
22-Mar-2026 03:23:59.893 INFO [main] org.apache.catalina.startup.HostConfig.deployDirectory Deploying web application directory [D:\tools\apache-tomcat-9.0.108\webapps\ROOT]
22-Mar-2026 03:23:59.909 INFO [main] org.apache.catalina.startup.HostConfig.deployDirectory Deployment of web application directory [D:\tools\apache-tomcat-9.0.108\webapps\ROOT] has finished in [16] ms
22-Mar-2026 03:23:59.926 INFO [main] org.apache.coyote.AbstractProtocol.start Starting ProtocolHandler ["http-nio-8080"]
22-Mar-2026 03:23:59.954 INFO [main] org.apache.catalina.startup.Catalina.start Server startup in [3158] milliseconds
22-Mar-2026 03:24:30.709 INFO [http-nio-8080-exec-1] org.apache.catalina.startup.HostConfig.undeploy Undeploying context [/production-management-system]
22-Mar-2026 03:24:30.766 INFO [http-nio-8080-exec-2] org.apache.catalina.startup.HostConfig.deployDescriptor Deploying deployment descriptor [D:\tools\apache-tomcat-9.0.108\conf\Catalina\localhost\production-management-system.xml]
22-Mar-2026 03:24:30.767 WARNING [http-nio-8080-exec-2] org.apache.catalina.startup.HostConfig.deployDescriptor The path attribute with value [/production-management-system] in deployment descriptor [D:\tools\apache-tomcat-9.0.108\conf\Catalina\localhost\production-management-system.xml] has been ignored
22-Mar-2026 03:24:31.220 INFO [http-nio-8080-exec-2] org.apache.jasper.servlet.TldScanner.scanJars At least one JAR was scanned for TLDs yet contained no TLDs. Enable debug logging for this logger for a complete list of JARs that were scanned but no TLDs were found in them. Skipping unneeded JARs during scanning can improve startup time and JSP compilation time.
22-Mar-2026 03:24:33.001 INFO [http-nio-8080-exec-2] org.apache.catalina.startup.HostConfig.deployDescriptor Deployment of deployment descriptor [D:\tools\apache-tomcat-9.0.108\conf\Catalina\localhost\production-management-system.xml] has finished in [2,235] ms
22-Mar-2026 03:24:33.007 INFO [http-nio-8080-exec-6] org.apache.catalina.util.LifecycleBase.start The start() method was called on component [StandardEngine[Catalina].StandardHost[localhost].StandardContext[/production-management-system]] after start() had already been called. The second call will be ignored.
22-Mar-2026 03:25:40.542 INFO [Catalina-utility-2] org.apache.catalina.startup.HostConfig.undeploy Undeploying context [/production-management-system]
22-Mar-2026 03:25:40.566 WARNING [Catalina-utility-2] org.apache.catalina.loader.WebappClassLoaderBase.clearReferencesJdbc The web application [production-management-system] registered the JDBC driver [com.microsoft.sqlserver.jdbc.SQLServerDriver] but failed to unregister it when the web application was stopped. To prevent a memory leak, the JDBC Driver has been forcibly unregistered.
22-Mar-2026 03:25:40.566 SEVERE [Catalina-utility-2] org.apache.catalina.loader.WebappClassLoaderBase.checkThreadLocalMapForLeaks The web application [production-management-system] created a ThreadLocal with key of type [com.microsoft.sqlserver.jdbc.ActivityCorrelator$1] (value [com.microsoft.sqlserver.jdbc.ActivityCorrelator$1@2d968398]) and a value of type [com.microsoft.sqlserver.jdbc.ActivityId] (value [c4ba863b-6a5f-4684-827c-73b674d9a038-21]) but failed to remove it when the web application was stopped. Threads are going to be renewed over time to try and avoid a probable memory leak.
22-Mar-2026 03:25:40.567 SEVERE [Catalina-utility-2] org.apache.catalina.loader.WebappClassLoaderBase.checkThreadLocalMapForLeaks The web application [production-management-system] created a ThreadLocal with key of type [com.microsoft.sqlserver.jdbc.ActivityCorrelator$1] (value [com.microsoft.sqlserver.jdbc.ActivityCorrelator$1@2d968398]) and a value of type [com.microsoft.sqlserver.jdbc.ActivityId] (value [6b451cbf-9644-4105-ac16-f9aab6c586ef-1]) but failed to remove it when the web application was stopped. Threads are going to be renewed over time to try and avoid a probable memory leak.
22-Mar-2026 03:25:40.578 INFO [Catalina-utility-2] org.apache.catalina.startup.HostConfig.deployDescriptor Deploying deployment descriptor [D:\tools\apache-tomcat-9.0.108\conf\Catalina\localhost\production-management-system.xml]
22-Mar-2026 03:25:40.579 WARNING [Catalina-utility-2] org.apache.catalina.startup.HostConfig.deployDescriptor The path attribute with value [/production-management-system] in deployment descriptor [D:\tools\apache-tomcat-9.0.108\conf\Catalina\localhost\production-management-system.xml] has been ignored
22-Mar-2026 03:25:40.584 SEVERE [Catalina-utility-2] org.apache.catalina.startup.HostConfig.deployDescriptor Error deploying deployment descriptor [D:\tools\apache-tomcat-9.0.108\conf\Catalina\localhost\production-management-system.xml]
	java.lang.IllegalStateException: Error starting child
		at org.apache.catalina.core.ContainerBase.addChildInternal(ContainerBase.java:602)
		at org.apache.catalina.core.ContainerBase.addChild(ContainerBase.java:571)
		at org.apache.catalina.core.StandardHost.addChild(StandardHost.java:603)
		at org.apache.catalina.startup.HostConfig.deployDescriptor(HostConfig.java:680)
		at org.apache.catalina.startup.HostConfig$DeployDescriptor.run(HostConfig.java:1839)
		at java.util.concurrent.Executors$RunnableAdapter.call(Executors.java:511)
		at java.util.concurrent.FutureTask.run(FutureTask.java:266)
		at org.apache.tomcat.util.threads.InlineExecutorService.execute(InlineExecutorService.java:76)
		at java.util.concurrent.AbstractExecutorService.submit(AbstractExecutorService.java:112)
		at org.apache.catalina.startup.HostConfig.deployDescriptors(HostConfig.java:575)
		at org.apache.catalina.startup.HostConfig.deployApps(HostConfig.java:466)
		at org.apache.catalina.startup.HostConfig.check(HostConfig.java:1628)
		at org.apache.catalina.startup.HostConfig.lifecycleEvent(HostConfig.java:308)
		at org.apache.catalina.util.LifecycleBase.fireLifecycleEvent(LifecycleBase.java:109)
		at org.apache.catalina.core.ContainerBase.backgroundProcess(ContainerBase.java:973)
		at org.apache.catalina.core.ContainerBase$ContainerBackgroundProcessor.processChildren(ContainerBase.java:1172)
		at org.apache.catalina.core.ContainerBase$ContainerBackgroundProcessor.processChildren(ContainerBase.java:1176)
		at org.apache.catalina.core.ContainerBase$ContainerBackgroundProcessor.run(ContainerBase.java:1154)
		at java.util.concurrent.Executors$RunnableAdapter.call(Executors.java:511)
		at java.util.concurrent.FutureTask.runAndReset(FutureTask.java:308)
		at java.util.concurrent.ScheduledThreadPoolExecutor$ScheduledFutureTask.access$301(ScheduledThreadPoolExecutor.java:180)
		at java.util.concurrent.ScheduledThreadPoolExecutor$ScheduledFutureTask.run(ScheduledThreadPoolExecutor.java:294)
		at java.util.concurrent.ThreadPoolExecutor.runWorker(ThreadPoolExecutor.java:1149)
		at java.util.concurrent.ThreadPoolExecutor$Worker.run(ThreadPoolExecutor.java:624)
		at org.apache.tomcat.util.threads.TaskThread$WrappingRunnable.run(TaskThread.java:63)
		at java.lang.Thread.run(Thread.java:748)
	Caused by: org.apache.catalina.LifecycleException: Failed to start component [org.apache.catalina.webresources.StandardRoot@39fc3b85]
		at org.apache.catalina.util.LifecycleBase.handleSubClassException(LifecycleBase.java:406)
		at org.apache.catalina.util.LifecycleBase.start(LifecycleBase.java:179)
		at org.apache.catalina.core.StandardContext.resourcesStart(StandardContext.java:4172)
		at org.apache.catalina.core.StandardContext.startInternal(StandardContext.java:4294)
		at org.apache.catalina.util.LifecycleBase.start(LifecycleBase.java:164)
		at org.apache.catalina.core.ContainerBase.addChildInternal(ContainerBase.java:599)
		... 25 more
	Caused by: java.lang.IllegalArgumentException: The main resource set specified [C:\Users\se193234_TranGiaBao\Downloads\production-management-system-Phuoc-Fix\build\web] is not a directory or war file, or is not readable (it does not exist or permissions to access it are missing)
		at org.apache.catalina.webresources.StandardRoot.createMainResourceSet(StandardRoot.java:758)
		at org.apache.catalina.webresources.StandardRoot.startInternal(StandardRoot.java:715)
		at org.apache.catalina.util.LifecycleBase.start(LifecycleBase.java:164)
		... 29 more
22-Mar-2026 03:25:40.730 INFO [Catalina-utility-2] org.apache.catalina.startup.HostConfig.deployDescriptor Deployment of deployment descriptor [D:\tools\apache-tomcat-9.0.108\conf\Catalina\localhost\production-management-system.xml] has finished in [152] ms
22-Mar-2026 03:26:19.529 INFO [http-nio-8080-exec-16] org.apache.catalina.startup.HostConfig.undeploy Undeploying context [/production-management-system]
22-Mar-2026 03:26:19.543 INFO [http-nio-8080-exec-17] org.apache.catalina.startup.HostConfig.deployDescriptor Deploying deployment descriptor [D:\tools\apache-tomcat-9.0.108\conf\Catalina\localhost\production-management-system.xml]
22-Mar-2026 03:26:19.544 WARNING [http-nio-8080-exec-17] org.apache.catalina.startup.HostConfig.deployDescriptor The path attribute with value [/production-management-system] in deployment descriptor [D:\tools\apache-tomcat-9.0.108\conf\Catalina\localhost\production-management-system.xml] has been ignored
22-Mar-2026 03:26:19.924 INFO [http-nio-8080-exec-17] org.apache.jasper.servlet.TldScanner.scanJars At least one JAR was scanned for TLDs yet contained no TLDs. Enable debug logging for this logger for a complete list of JARs that were scanned but no TLDs were found in them. Skipping unneeded JARs during scanning can improve startup time and JSP compilation time.
22-Mar-2026 03:26:20.601 INFO [http-nio-8080-exec-17] org.apache.catalina.startup.HostConfig.deployDescriptor Deployment of deployment descriptor [D:\tools\apache-tomcat-9.0.108\conf\Catalina\localhost\production-management-system.xml] has finished in [1,058] ms
22-Mar-2026 03:26:20.606 INFO [http-nio-8080-exec-13] org.apache.catalina.util.LifecycleBase.start The start() method was called on component [StandardEngine[Catalina].StandardHost[localhost].StandardContext[/production-management-system]] after start() had already been called. The second call will be ignored.
22-Mar-2026 03:32:01.445 WARNING [http-nio-8080-exec-29] org.apache.catalina.loader.WebappClassLoaderBase.clearReferencesJdbc The web application [production-management-system] registered the JDBC driver [com.microsoft.sqlserver.jdbc.SQLServerDriver] but failed to unregister it when the web application was stopped. To prevent a memory leak, the JDBC Driver has been forcibly unregistered.
22-Mar-2026 03:32:01.445 SEVERE [http-nio-8080-exec-29] org.apache.catalina.loader.WebappClassLoaderBase.checkThreadLocalMapForLeaks The web application [production-management-system] created a ThreadLocal with key of type [com.microsoft.sqlserver.jdbc.ActivityCorrelator$1] (value [com.microsoft.sqlserver.jdbc.ActivityCorrelator$1@4e0a8717]) and a value of type [com.microsoft.sqlserver.jdbc.ActivityId] (value [1faaae07-b434-4d45-a4b7-fc79c1af44fb-7]) but failed to remove it when the web application was stopped. Threads are going to be renewed over time to try and avoid a probable memory leak.
22-Mar-2026 03:32:01.445 SEVERE [http-nio-8080-exec-29] org.apache.catalina.loader.WebappClassLoaderBase.checkThreadLocalMapForLeaks The web application [production-management-system] created a ThreadLocal with key of type [com.microsoft.sqlserver.jdbc.ActivityCorrelator$1] (value [com.microsoft.sqlserver.jdbc.ActivityCorrelator$1@4e0a8717]) and a value of type [com.microsoft.sqlserver.jdbc.ActivityId] (value [c3605312-3a34-438e-993d-0a04517c28ea-42]) but failed to remove it when the web application was stopped. Threads are going to be renewed over time to try and avoid a probable memory leak.
22-Mar-2026 03:32:01.445 SEVERE [http-nio-8080-exec-29] org.apache.catalina.loader.WebappClassLoaderBase.checkThreadLocalMapForLeaks The web application [production-management-system] created a ThreadLocal with key of type [com.microsoft.sqlserver.jdbc.ActivityCorrelator$1] (value [com.microsoft.sqlserver.jdbc.ActivityCorrelator$1@4e0a8717]) and a value of type [com.microsoft.sqlserver.jdbc.ActivityId] (value [fc029b6f-a21c-4d8a-b078-6234943c9254-20]) but failed to remove it when the web application was stopped. Threads are going to be renewed over time to try and avoid a probable memory leak.
22-Mar-2026 03:32:01.445 SEVERE [http-nio-8080-exec-29] org.apache.catalina.loader.WebappClassLoaderBase.checkThreadLocalMapForLeaks The web application [production-management-system] created a ThreadLocal with key of type [com.microsoft.sqlserver.jdbc.ActivityCorrelator$1] (value [com.microsoft.sqlserver.jdbc.ActivityCorrelator$1@4e0a8717]) and a value of type [com.microsoft.sqlserver.jdbc.ActivityId] (value [19f34ebb-be46-469a-9211-2e7d8a2c9d31-38]) but failed to remove it when the web application was stopped. Threads are going to be renewed over time to try and avoid a probable memory leak.
22-Mar-2026 03:32:01.446 SEVERE [http-nio-8080-exec-29] org.apache.catalina.loader.WebappClassLoaderBase.checkThreadLocalMapForLeaks The web application [production-management-system] created a ThreadLocal with key of type [com.microsoft.sqlserver.jdbc.ActivityCorrelator$1] (value [com.microsoft.sqlserver.jdbc.ActivityCorrelator$1@4e0a8717]) and a value of type [com.microsoft.sqlserver.jdbc.ActivityId] (value [549ffe04-312c-445d-8d31-a26499e040df-4]) but failed to remove it when the web application was stopped. Threads are going to be renewed over time to try and avoid a probable memory leak.
22-Mar-2026 03:32:01.446 SEVERE [http-nio-8080-exec-29] org.apache.catalina.loader.WebappClassLoaderBase.checkThreadLocalMapForLeaks The web application [production-management-system] created a ThreadLocal with key of type [com.microsoft.sqlserver.jdbc.ActivityCorrelator$1] (value [com.microsoft.sqlserver.jdbc.ActivityCorrelator$1@4e0a8717]) and a value of type [com.microsoft.sqlserver.jdbc.ActivityId] (value [d2285e08-6d3a-40f2-8051-113715c47613-2]) but failed to remove it when the web application was stopped. Threads are going to be renewed over time to try and avoid a probable memory leak.
22-Mar-2026 03:32:01.446 SEVERE [http-nio-8080-exec-29] org.apache.catalina.loader.WebappClassLoaderBase.checkThreadLocalMapForLeaks The web application [production-management-system] created a ThreadLocal with key of type [com.microsoft.sqlserver.jdbc.ActivityCorrelator$1] (value [com.microsoft.sqlserver.jdbc.ActivityCorrelator$1@4e0a8717]) and a value of type [com.microsoft.sqlserver.jdbc.ActivityId] (value [282f2901-6382-4941-9a8e-a43bfe123134-2]) but failed to remove it when the web application was stopped. Threads are going to be renewed over time to try and avoid a probable memory leak.
22-Mar-2026 03:32:01.785 SEVERE [http-nio-8080-exec-29] org.apache.catalina.loader.WebappClassLoaderBase.checkThreadLocalMapForLeaks The web application [production-management-system] created a ThreadLocal with key of type [com.microsoft.sqlserver.jdbc.ActivityCorrelator$1] (value [com.microsoft.sqlserver.jdbc.ActivityCorrelator$1@4e0a8717]) and a value of type [com.microsoft.sqlserver.jdbc.ActivityId] (value [02ad08ca-ab13-40c5-baaa-1055326a77b2-20]) but failed to remove it when the web application was stopped. Threads are going to be renewed over time to try and avoid a probable memory leak.
22-Mar-2026 03:32:02.288 INFO [http-nio-8080-exec-29] org.apache.catalina.startup.HostConfig.undeploy Undeploying context [/production-management-system]
22-Mar-2026 03:32:42.714 INFO [http-nio-8080-exec-25] org.apache.catalina.startup.HostConfig.deployDescriptor Deploying deployment descriptor [D:\tools\apache-tomcat-9.0.108\conf\Catalina\localhost\production-management-system.xml]
22-Mar-2026 03:32:42.716 WARNING [http-nio-8080-exec-25] org.apache.catalina.startup.HostConfig.deployDescriptor The path attribute with value [/production-management-system] in deployment descriptor [D:\tools\apache-tomcat-9.0.108\conf\Catalina\localhost\production-management-system.xml] has been ignored
22-Mar-2026 03:32:43.354 INFO [http-nio-8080-exec-25] org.apache.jasper.servlet.TldScanner.scanJars At least one JAR was scanned for TLDs yet contained no TLDs. Enable debug logging for this logger for a complete list of JARs that were scanned but no TLDs were found in them. Skipping unneeded JARs during scanning can improve startup time and JSP compilation time.
22-Mar-2026 03:32:44.434 INFO [http-nio-8080-exec-25] org.apache.catalina.startup.HostConfig.deployDescriptor Deployment of deployment descriptor [D:\tools\apache-tomcat-9.0.108\conf\Catalina\localhost\production-management-system.xml] has finished in [1,720] ms
22-Mar-2026 03:32:44.440 INFO [http-nio-8080-exec-31] org.apache.catalina.util.LifecycleBase.start The start() method was called on component [StandardEngine[Catalina].StandardHost[localhost].StandardContext[/production-management-system]] after start() had already been called. The second call will be ignored.
22-Mar-2026 03:33:45.241 WARNING [http-nio-8080-exec-40] org.apache.catalina.loader.WebappClassLoaderBase.clearReferencesJdbc The web application [production-management-system] registered the JDBC driver [com.microsoft.sqlserver.jdbc.SQLServerDriver] but failed to unregister it when the web application was stopped. To prevent a memory leak, the JDBC Driver has been forcibly unregistered.
22-Mar-2026 03:33:45.241 SEVERE [http-nio-8080-exec-40] org.apache.catalina.loader.WebappClassLoaderBase.checkThreadLocalMapForLeaks The web application [production-management-system] created a ThreadLocal with key of type [com.microsoft.sqlserver.jdbc.ActivityCorrelator$1] (value [com.microsoft.sqlserver.jdbc.ActivityCorrelator$1@e734e79]) and a value of type [com.microsoft.sqlserver.jdbc.ActivityId] (value [af50c60e-5ba1-4757-a32f-5cb3943dafe2-21]) but failed to remove it when the web application was stopped. Threads are going to be renewed over time to try and avoid a probable memory leak.
22-Mar-2026 03:33:45.241 SEVERE [http-nio-8080-exec-40] org.apache.catalina.loader.WebappClassLoaderBase.checkThreadLocalMapForLeaks The web application [production-management-system] created a ThreadLocal with key of type [com.microsoft.sqlserver.jdbc.ActivityCorrelator$1] (value [com.microsoft.sqlserver.jdbc.ActivityCorrelator$1@e734e79]) and a value of type [com.microsoft.sqlserver.jdbc.ActivityId] (value [b123c25c-a2d6-42c0-a76d-eedf43998453-21]) but failed to remove it when the web application was stopped. Threads are going to be renewed over time to try and avoid a probable memory leak.
22-Mar-2026 03:33:45.241 SEVERE [http-nio-8080-exec-40] org.apache.catalina.loader.WebappClassLoaderBase.checkThreadLocalMapForLeaks The web application [production-management-system] created a ThreadLocal with key of type [com.microsoft.sqlserver.jdbc.ActivityCorrelator$1] (value [com.microsoft.sqlserver.jdbc.ActivityCorrelator$1@e734e79]) and a value of type [com.microsoft.sqlserver.jdbc.ActivityId] (value [963ed94b-7958-4782-9225-fd8b232af020-19]) but failed to remove it when the web application was stopped. Threads are going to be renewed over time to try and avoid a probable memory leak.
22-Mar-2026 03:33:45.744 INFO [http-nio-8080-exec-40] org.apache.catalina.startup.HostConfig.undeploy Undeploying context [/production-management-system]
22-Mar-2026 03:33:45.757 INFO [http-nio-8080-exec-33] org.apache.catalina.startup.HostConfig.deployDescriptor Deploying deployment descriptor [D:\tools\apache-tomcat-9.0.108\conf\Catalina\localhost\production-management-system.xml]
22-Mar-2026 03:33:45.758 WARNING [http-nio-8080-exec-33] org.apache.catalina.startup.HostConfig.deployDescriptor The path attribute with value [/production-management-system] in deployment descriptor [D:\tools\apache-tomcat-9.0.108\conf\Catalina\localhost\production-management-system.xml] has been ignored
22-Mar-2026 03:33:46.128 INFO [http-nio-8080-exec-33] org.apache.jasper.servlet.TldScanner.scanJars At least one JAR was scanned for TLDs yet contained no TLDs. Enable debug logging for this logger for a complete list of JARs that were scanned but no TLDs were found in them. Skipping unneeded JARs during scanning can improve startup time and JSP compilation time.
22-Mar-2026 03:33:47.122 INFO [http-nio-8080-exec-33] org.apache.catalina.startup.HostConfig.deployDescriptor Deployment of deployment descriptor [D:\tools\apache-tomcat-9.0.108\conf\Catalina\localhost\production-management-system.xml] has finished in [1,366] ms
22-Mar-2026 03:33:47.128 INFO [http-nio-8080-exec-32] org.apache.catalina.util.LifecycleBase.start The start() method was called on component [StandardEngine[Catalina].StandardHost[localhost].StandardContext[/production-management-system]] after start() had already been called. The second call will be ignored.
22-Mar-2026 03:45:19.352 WARNING [http-nio-8080-exec-43] org.apache.catalina.loader.WebappClassLoaderBase.clearReferencesJdbc The web application [production-management-system] registered the JDBC driver [com.microsoft.sqlserver.jdbc.SQLServerDriver] but failed to unregister it when the web application was stopped. To prevent a memory leak, the JDBC Driver has been forcibly unregistered.
22-Mar-2026 03:45:19.353 SEVERE [http-nio-8080-exec-43] org.apache.catalina.loader.WebappClassLoaderBase.checkThreadLocalMapForLeaks The web application [production-management-system] created a ThreadLocal with key of type [com.microsoft.sqlserver.jdbc.ActivityCorrelator$1] (value [com.microsoft.sqlserver.jdbc.ActivityCorrelator$1@c7fdd84]) and a value of type [com.microsoft.sqlserver.jdbc.ActivityId] (value [eb96747a-437c-4ed7-ba96-ba7964432af5-27]) but failed to remove it when the web application was stopped. Threads are going to be renewed over time to try and avoid a probable memory leak.
22-Mar-2026 03:45:19.353 SEVERE [http-nio-8080-exec-43] org.apache.catalina.loader.WebappClassLoaderBase.checkThreadLocalMapForLeaks The web application [production-management-system] created a ThreadLocal with key of type [com.microsoft.sqlserver.jdbc.ActivityCorrelator$1] (value [com.microsoft.sqlserver.jdbc.ActivityCorrelator$1@c7fdd84]) and a value of type [com.microsoft.sqlserver.jdbc.ActivityId] (value [35685a34-234c-4e40-a501-e5f5a1045a6f-28]) but failed to remove it when the web application was stopped. Threads are going to be renewed over time to try and avoid a probable memory leak.
22-Mar-2026 03:45:19.353 SEVERE [http-nio-8080-exec-43] org.apache.catalina.loader.WebappClassLoaderBase.checkThreadLocalMapForLeaks The web application [production-management-system] created a ThreadLocal with key of type [com.microsoft.sqlserver.jdbc.ActivityCorrelator$1] (value [com.microsoft.sqlserver.jdbc.ActivityCorrelator$1@c7fdd84]) and a value of type [com.microsoft.sqlserver.jdbc.ActivityId] (value [87f74e66-afe5-466f-90e1-d380f5c0b1a8-29]) but failed to remove it when the web application was stopped. Threads are going to be renewed over time to try and avoid a probable memory leak.
22-Mar-2026 03:45:19.353 SEVERE [http-nio-8080-exec-43] org.apache.catalina.loader.WebappClassLoaderBase.checkThreadLocalMapForLeaks The web application [production-management-system] created a ThreadLocal with key of type [com.microsoft.sqlserver.jdbc.ActivityCorrelator$1] (value [com.microsoft.sqlserver.jdbc.ActivityCorrelator$1@c7fdd84]) and a value of type [com.microsoft.sqlserver.jdbc.ActivityId] (value [de3df0f4-3a06-491e-bd24-a725807c9be8-28]) but failed to remove it when the web application was stopped. Threads are going to be renewed over time to try and avoid a probable memory leak.
22-Mar-2026 03:45:19.354 SEVERE [http-nio-8080-exec-43] org.apache.catalina.loader.WebappClassLoaderBase.checkThreadLocalMapForLeaks The web application [production-management-system] created a ThreadLocal with key of type [com.microsoft.sqlserver.jdbc.ActivityCorrelator$1] (value [com.microsoft.sqlserver.jdbc.ActivityCorrelator$1@c7fdd84]) and a value of type [com.microsoft.sqlserver.jdbc.ActivityId] (value [c6bfed46-0ec1-4507-a51c-ad07cdacfe3b-27]) but failed to remove it when the web application was stopped. Threads are going to be renewed over time to try and avoid a probable memory leak.
22-Mar-2026 03:45:19.354 SEVERE [http-nio-8080-exec-43] org.apache.catalina.loader.WebappClassLoaderBase.checkThreadLocalMapForLeaks The web application [production-management-system] created a ThreadLocal with key of type [com.microsoft.sqlserver.jdbc.ActivityCorrelator$1] (value [com.microsoft.sqlserver.jdbc.ActivityCorrelator$1@c7fdd84]) and a value of type [com.microsoft.sqlserver.jdbc.ActivityId] (value [a0487139-31b2-4b18-8d4e-7e52f244abc4-28]) but failed to remove it when the web application was stopped. Threads are going to be renewed over time to try and avoid a probable memory leak.
22-Mar-2026 03:45:19.354 SEVERE [http-nio-8080-exec-43] org.apache.catalina.loader.WebappClassLoaderBase.checkThreadLocalMapForLeaks The web application [production-management-system] created a ThreadLocal with key of type [com.microsoft.sqlserver.jdbc.ActivityCorrelator$1] (value [com.microsoft.sqlserver.jdbc.ActivityCorrelator$1@c7fdd84]) and a value of type [com.microsoft.sqlserver.jdbc.ActivityId] (value [8338847c-88ce-4728-a963-c7290f970d0c-4]) but failed to remove it when the web application was stopped. Threads are going to be renewed over time to try and avoid a probable memory leak.
22-Mar-2026 03:45:19.504 SEVERE [http-nio-8080-exec-43] org.apache.catalina.loader.WebappClassLoaderBase.checkThreadLocalMapForLeaks The web application [production-management-system] created a ThreadLocal with key of type [com.microsoft.sqlserver.jdbc.ActivityCorrelator$1] (value [com.microsoft.sqlserver.jdbc.ActivityCorrelator$1@c7fdd84]) and a value of type [com.microsoft.sqlserver.jdbc.ActivityId] (value [5936bcc8-161f-4112-b4ee-80db0db25135-14]) but failed to remove it when the web application was stopped. Threads are going to be renewed over time to try and avoid a probable memory leak.
22-Mar-2026 03:45:19.504 SEVERE [http-nio-8080-exec-43] org.apache.catalina.loader.WebappClassLoaderBase.checkThreadLocalMapForLeaks The web application [production-management-system] created a ThreadLocal with key of type [com.microsoft.sqlserver.jdbc.ActivityCorrelator$1] (value [com.microsoft.sqlserver.jdbc.ActivityCorrelator$1@c7fdd84]) and a value of type [com.microsoft.sqlserver.jdbc.ActivityId] (value [a52739e0-d1dc-4424-9b25-500916fd0a8a-32]) but failed to remove it when the web application was stopped. Threads are going to be renewed over time to try and avoid a probable memory leak.
22-Mar-2026 03:45:19.504 SEVERE [http-nio-8080-exec-43] org.apache.catalina.loader.WebappClassLoaderBase.checkThreadLocalMapForLeaks The web application [production-management-system] created a ThreadLocal with key of type [com.microsoft.sqlserver.jdbc.ActivityCorrelator$1] (value [com.microsoft.sqlserver.jdbc.ActivityCorrelator$1@c7fdd84]) and a value of type [com.microsoft.sqlserver.jdbc.ActivityId] (value [30d44ad8-e67c-4555-83bf-74c498f8bd13-24]) but failed to remove it when the web application was stopped. Threads are going to be renewed over time to try and avoid a probable memory leak.
22-Mar-2026 03:45:20.006 INFO [http-nio-8080-exec-43] org.apache.catalina.startup.HostConfig.undeploy Undeploying context [/production-management-system]
22-Mar-2026 03:45:20.032 INFO [http-nio-8080-exec-45] org.apache.catalina.startup.HostConfig.deployDescriptor Deploying deployment descriptor [D:\tools\apache-tomcat-9.0.108\conf\Catalina\localhost\production-management-system.xml]
22-Mar-2026 03:45:20.034 WARNING [http-nio-8080-exec-45] org.apache.catalina.startup.HostConfig.deployDescriptor The path attribute with value [/production-management-system] in deployment descriptor [D:\tools\apache-tomcat-9.0.108\conf\Catalina\localhost\production-management-system.xml] has been ignored
22-Mar-2026 03:45:20.566 INFO [http-nio-8080-exec-45] org.apache.jasper.servlet.TldScanner.scanJars At least one JAR was scanned for TLDs yet contained no TLDs. Enable debug logging for this logger for a complete list of JARs that were scanned but no TLDs were found in them. Skipping unneeded JARs during scanning can improve startup time and JSP compilation time.
22-Mar-2026 03:45:21.405 INFO [http-nio-8080-exec-45] org.apache.catalina.startup.HostConfig.deployDescriptor Deployment of deployment descriptor [D:\tools\apache-tomcat-9.0.108\conf\Catalina\localhost\production-management-system.xml] has finished in [1,373] ms
22-Mar-2026 03:45:21.411 INFO [http-nio-8080-exec-44] org.apache.catalina.util.LifecycleBase.start The start() method was called on component [StandardEngine[Catalina].StandardHost[localhost].StandardContext[/production-management-system]] after start() had already been called. The second call will be ignored.
22-Mar-2026 05:28:02.500 INFO [main] org.apache.catalina.startup.VersionLoggerListener.log Server version name:   Apache Tomcat/9.0.108
22-Mar-2026 05:28:02.500 INFO [main] org.apache.catalina.startup.VersionLoggerListener.log Server built:          Jul 31 2025 18:19:48 UTC
22-Mar-2026 05:28:02.500 INFO [main] org.apache.catalina.startup.VersionLoggerListener.log Server version number: 9.0.108.0
22-Mar-2026 05:28:02.500 INFO [main] org.apache.catalina.startup.VersionLoggerListener.log OS Name:               Windows 10
22-Mar-2026 05:28:02.500 INFO [main] org.apache.catalina.startup.VersionLoggerListener.log OS Version:            10.0
22-Mar-2026 05:28:02.500 INFO [main] org.apache.catalina.startup.VersionLoggerListener.log Architecture:          amd64
22-Mar-2026 05:28:02.500 INFO [main] org.apache.catalina.startup.VersionLoggerListener.log Java Home:             C:\Program Files\Java\jdk1.8.0_172\jre
22-Mar-2026 05:28:02.500 INFO [main] org.apache.catalina.startup.VersionLoggerListener.log JVM Version:           1.8.0_172-b11
22-Mar-2026 05:28:02.500 INFO [main] org.apache.catalina.startup.VersionLoggerListener.log JVM Vendor:            Oracle Corporation
22-Mar-2026 05:28:02.500 INFO [main] org.apache.catalina.startup.VersionLoggerListener.log CATALINA_BASE:         D:\tools\apache-tomcat-9.0.108
22-Mar-2026 05:28:02.500 INFO [main] org.apache.catalina.startup.VersionLoggerListener.log CATALINA_HOME:         D:\tools\apache-tomcat-9.0.108
22-Mar-2026 05:28:02.500 INFO [main] org.apache.catalina.startup.VersionLoggerListener.log Command line argument: -Djava.util.logging.config.file=D:\tools\apache-tomcat-9.0.108\conf\logging.properties
22-Mar-2026 05:28:02.500 INFO [main] org.apache.catalina.startup.VersionLoggerListener.log Command line argument: -Djava.util.logging.manager=org.apache.juli.ClassLoaderLogManager
22-Mar-2026 05:28:02.512 INFO [main] org.apache.catalina.startup.VersionLoggerListener.log Command line argument: -Dhttp.nonProxyHosts=localhost|127.0.0.1|DESKTOP-UFCNPBB
22-Mar-2026 05:28:02.512 INFO [main] org.apache.catalina.startup.VersionLoggerListener.log Command line argument: -Djdk.tls.ephemeralDHKeySize=2048
22-Mar-2026 05:28:02.512 INFO [main] org.apache.catalina.startup.VersionLoggerListener.log Command line argument: -Djava.protocol.handler.pkgs=org.apache.catalina.webresources
22-Mar-2026 05:28:02.512 INFO [main] org.apache.catalina.startup.VersionLoggerListener.log Command line argument: -Dsun.io.useCanonCaches=false
22-Mar-2026 05:28:02.512 INFO [main] org.apache.catalina.startup.VersionLoggerListener.log Command line argument: -Dignore.endorsed.dirs=
22-Mar-2026 05:28:02.512 INFO [main] org.apache.catalina.startup.VersionLoggerListener.log Command line argument: -Dcatalina.base=D:\tools\apache-tomcat-9.0.108
22-Mar-2026 05:28:02.512 INFO [main] org.apache.catalina.startup.VersionLoggerListener.log Command line argument: -Dcatalina.home=D:\tools\apache-tomcat-9.0.108
22-Mar-2026 05:28:02.512 INFO [main] org.apache.catalina.startup.VersionLoggerListener.log Command line argument: -Djava.io.tmpdir=D:\tools\apache-tomcat-9.0.108\temp
22-Mar-2026 05:28:02.927 INFO [main] org.apache.catalina.core.AprLifecycleListener.lifecycleEvent Loaded Apache Tomcat Native library [1.3.1] using APR version [1.7.4].
22-Mar-2026 05:28:02.927 INFO [main] org.apache.catalina.core.AprLifecycleListener.lifecycleEvent APR capabilities: IPv6 [true], sendfile [true], accept filters [false], random [true], UDS [true].
22-Mar-2026 05:28:02.927 INFO [main] org.apache.catalina.core.AprLifecycleListener.lifecycleEvent APR/OpenSSL configuration: useAprConnector [false], useOpenSSL [true]
22-Mar-2026 05:28:02.975 INFO [main] org.apache.catalina.core.AprLifecycleListener.initializeSSL OpenSSL successfully initialized [OpenSSL 3.0.14 4 Jun 2024]
22-Mar-2026 05:28:03.928 INFO [main] org.apache.coyote.AbstractProtocol.init Initializing ProtocolHandler ["http-nio-8080"]
22-Mar-2026 05:28:03.961 INFO [main] org.apache.catalina.startup.Catalina.load Server initialization in [1894] milliseconds
22-Mar-2026 05:28:03.992 INFO [main] org.apache.catalina.core.StandardService.startInternal Starting service [Catalina]
22-Mar-2026 05:28:03.992 INFO [main] org.apache.catalina.core.StandardEngine.startInternal Starting Servlet engine: [Apache Tomcat/9.0.108]
22-Mar-2026 05:28:04.004 INFO [main] org.apache.catalina.startup.HostConfig.deployDescriptor Deploying deployment descriptor [D:\tools\apache-tomcat-9.0.108\conf\Catalina\localhost\production-management-system.xml]
22-Mar-2026 05:28:04.021 WARNING [main] org.apache.catalina.startup.HostConfig.deployDescriptor The path attribute with value [/production-management-system] in deployment descriptor [D:\tools\apache-tomcat-9.0.108\conf\Catalina\localhost\production-management-system.xml] has been ignored
22-Mar-2026 05:28:05.344 INFO [main] org.apache.jasper.servlet.TldScanner.scanJars At least one JAR was scanned for TLDs yet contained no TLDs. Enable debug logging for this logger for a complete list of JARs that were scanned but no TLDs were found in them. Skipping unneeded JARs during scanning can improve startup time and JSP compilation time.
22-Mar-2026 05:28:08.117 INFO [main] org.apache.catalina.startup.HostConfig.deployDescriptor Deployment of deployment descriptor [D:\tools\apache-tomcat-9.0.108\conf\Catalina\localhost\production-management-system.xml] has finished in [4,114] ms
22-Mar-2026 05:28:08.117 INFO [main] org.apache.catalina.startup.HostConfig.deployDirectory Deploying web application directory [D:\tools\apache-tomcat-9.0.108\webapps\docs]
22-Mar-2026 05:28:08.147 INFO [main] org.apache.catalina.startup.HostConfig.deployDirectory Deployment of web application directory [D:\tools\apache-tomcat-9.0.108\webapps\docs] has finished in [30] ms
22-Mar-2026 05:28:08.147 INFO [main] org.apache.catalina.startup.HostConfig.deployDirectory Deploying web application directory [D:\tools\apache-tomcat-9.0.108\webapps\examples]
22-Mar-2026 05:28:09.388 INFO [main] org.apache.catalina.startup.HostConfig.deployDirectory Deployment of web application directory [D:\tools\apache-tomcat-9.0.108\webapps\examples] has finished in [1,241] ms
22-Mar-2026 05:28:09.388 INFO [main] org.apache.catalina.startup.HostConfig.deployDirectory Deploying web application directory [D:\tools\apache-tomcat-9.0.108\webapps\host-manager]
22-Mar-2026 05:28:09.421 INFO [main] org.apache.catalina.startup.HostConfig.deployDirectory Deployment of web application directory [D:\tools\apache-tomcat-9.0.108\webapps\host-manager] has finished in [30] ms
22-Mar-2026 05:28:09.421 INFO [main] org.apache.catalina.startup.HostConfig.deployDirectory Deploying web application directory [D:\tools\apache-tomcat-9.0.108\webapps\manager]
22-Mar-2026 05:28:09.449 INFO [main] org.apache.catalina.startup.HostConfig.deployDirectory Deployment of web application directory [D:\tools\apache-tomcat-9.0.108\webapps\manager] has finished in [28] ms
22-Mar-2026 05:28:09.449 INFO [main] org.apache.catalina.startup.HostConfig.deployDirectory Deploying web application directory [D:\tools\apache-tomcat-9.0.108\webapps\ROOT]
22-Mar-2026 05:28:09.482 INFO [main] org.apache.catalina.startup.HostConfig.deployDirectory Deployment of web application directory [D:\tools\apache-tomcat-9.0.108\webapps\ROOT] has finished in [33] ms
22-Mar-2026 05:28:09.489 INFO [main] org.apache.coyote.AbstractProtocol.start Starting ProtocolHandler ["http-nio-8080"]
22-Mar-2026 05:28:09.527 INFO [main] org.apache.catalina.startup.Catalina.start Server startup in [5568] milliseconds
22-Mar-2026 05:28:14.394 INFO [http-nio-8080-exec-1] org.apache.catalina.startup.HostConfig.deployDescriptor Deploying deployment descriptor [D:\tools\apache-tomcat-9.0.108\conf\Catalina\localhost\PE_PRJ301.xml]
22-Mar-2026 05:28:14.410 WARNING [http-nio-8080-exec-1] org.apache.catalina.startup.HostConfig.deployDescriptor The path attribute with value [/PE_PRJ301] in deployment descriptor [D:\tools\apache-tomcat-9.0.108\conf\Catalina\localhost\PE_PRJ301.xml] has been ignored
22-Mar-2026 05:28:15.653 INFO [http-nio-8080-exec-1] org.apache.jasper.servlet.TldScanner.scanJars At least one JAR was scanned for TLDs yet contained no TLDs. Enable debug logging for this logger for a complete list of JARs that were scanned but no TLDs were found in them. Skipping unneeded JARs during scanning can improve startup time and JSP compilation time.
22-Mar-2026 05:28:15.666 INFO [http-nio-8080-exec-1] org.apache.catalina.startup.HostConfig.deployDescriptor Deployment of deployment descriptor [D:\tools\apache-tomcat-9.0.108\conf\Catalina\localhost\PE_PRJ301.xml] has finished in [1,272] ms
22-Mar-2026 05:28:15.672 INFO [http-nio-8080-exec-2] org.apache.catalina.util.LifecycleBase.start The start() method was called on component [StandardEngine[Catalina].StandardHost[localhost].StandardContext[/PE_PRJ301]] after start() had already been called. The second call will be ignored.
22-Mar-2026 05:28:58.736 INFO [http-nio-8080-exec-10] org.apache.catalina.core.StandardContext.reload Reloading Context with name [/PE_PRJ301] has started
22-Mar-2026 05:28:59.814 INFO [http-nio-8080-exec-10] org.apache.jasper.servlet.TldScanner.scanJars At least one JAR was scanned for TLDs yet contained no TLDs. Enable debug logging for this logger for a complete list of JARs that were scanned but no TLDs were found in them. Skipping unneeded JARs during scanning can improve startup time and JSP compilation time.
22-Mar-2026 05:28:59.839 INFO [http-nio-8080-exec-10] org.apache.catalina.core.StandardContext.reload Reloading Context with name [/PE_PRJ301] is completed
22-Mar-2026 05:28:59.840 INFO [http-nio-8080-exec-5] org.apache.catalina.core.StandardContext.reload Reloading Context with name [/PE_PRJ301] has started
22-Mar-2026 05:29:00.787 INFO [http-nio-8080-exec-5] org.apache.jasper.servlet.TldScanner.scanJars At least one JAR was scanned for TLDs yet contained no TLDs. Enable debug logging for this logger for a complete list of JARs that were scanned but no TLDs were found in them. Skipping unneeded JARs during scanning can improve startup time and JSP compilation time.
22-Mar-2026 05:29:00.808 INFO [http-nio-8080-exec-5] org.apache.catalina.core.StandardContext.reload Reloading Context with name [/PE_PRJ301] is completed
22-Mar-2026 05:32:48.140 INFO [http-nio-8080-exec-17] org.apache.catalina.core.StandardContext.reload Reloading Context with name [/PE_PRJ301] has started
22-Mar-2026 05:32:48.145 WARNING [http-nio-8080-exec-17] org.apache.catalina.loader.WebappClassLoaderBase.clearReferencesJdbc The web application [PE_PRJ301] registered the JDBC driver [com.microsoft.sqlserver.jdbc.SQLServerDriver] but failed to unregister it when the web application was stopped. To prevent a memory leak, the JDBC Driver has been forcibly unregistered.
22-Mar-2026 05:32:48.145 SEVERE [http-nio-8080-exec-17] org.apache.catalina.loader.WebappClassLoaderBase.checkThreadLocalMapForLeaks The web application [PE_PRJ301] created a ThreadLocal with key of type [com.microsoft.sqlserver.jdbc.ActivityCorrelator$1] (value [com.microsoft.sqlserver.jdbc.ActivityCorrelator$1@629c5462]) and a value of type [com.microsoft.sqlserver.jdbc.ActivityId] (value [01802595-7e04-43cd-9cde-6d73775b2b65-0]) but failed to remove it when the web application was stopped. Threads are going to be renewed over time to try and avoid a probable memory leak.
22-Mar-2026 05:32:48.145 SEVERE [http-nio-8080-exec-17] org.apache.catalina.loader.WebappClassLoaderBase.checkThreadLocalMapForLeaks The web application [PE_PRJ301] created a ThreadLocal with key of type [com.microsoft.sqlserver.jdbc.ActivityCorrelator$1] (value [com.microsoft.sqlserver.jdbc.ActivityCorrelator$1@629c5462]) and a value of type [com.microsoft.sqlserver.jdbc.ActivityId] (value [e195e76d-d415-476f-8ec5-149f7a55b4e4-0]) but failed to remove it when the web application was stopped. Threads are going to be renewed over time to try and avoid a probable memory leak.
22-Mar-2026 05:32:48.145 SEVERE [http-nio-8080-exec-17] org.apache.catalina.loader.WebappClassLoaderBase.checkThreadLocalMapForLeaks The web application [PE_PRJ301] created a ThreadLocal with key of type [com.microsoft.sqlserver.jdbc.ActivityCorrelator$1] (value [com.microsoft.sqlserver.jdbc.ActivityCorrelator$1@629c5462]) and a value of type [com.microsoft.sqlserver.jdbc.ActivityId] (value [63eb28f7-3678-4b72-8c21-fd1aa9cd3b83-0]) but failed to remove it when the web application was stopped. Threads are going to be renewed over time to try and avoid a probable memory leak.
22-Mar-2026 05:32:48.145 SEVERE [http-nio-8080-exec-17] org.apache.catalina.loader.WebappClassLoaderBase.checkThreadLocalMapForLeaks The web application [PE_PRJ301] created a ThreadLocal with key of type [com.microsoft.sqlserver.jdbc.ActivityCorrelator$1] (value [com.microsoft.sqlserver.jdbc.ActivityCorrelator$1@629c5462]) and a value of type [com.microsoft.sqlserver.jdbc.ActivityId] (value [70302339-898e-4c94-8238-e8a362db5301-0]) but failed to remove it when the web application was stopped. Threads are going to be renewed over time to try and avoid a probable memory leak.
22-Mar-2026 05:32:49.229 INFO [http-nio-8080-exec-17] org.apache.jasper.servlet.TldScanner.scanJars At least one JAR was scanned for TLDs yet contained no TLDs. Enable debug logging for this logger for a complete list of JARs that were scanned but no TLDs were found in them. Skipping unneeded JARs during scanning can improve startup time and JSP compilation time.
22-Mar-2026 05:32:49.244 INFO [http-nio-8080-exec-17] org.apache.catalina.core.StandardContext.reload Reloading Context with name [/PE_PRJ301] is completed
22-Mar-2026 05:32:49.244 INFO [http-nio-8080-exec-19] org.apache.catalina.core.StandardContext.reload Reloading Context with name [/PE_PRJ301] has started
22-Mar-2026 05:32:50.107 INFO [http-nio-8080-exec-19] org.apache.jasper.servlet.TldScanner.scanJars At least one JAR was scanned for TLDs yet contained no TLDs. Enable debug logging for this logger for a complete list of JARs that were scanned but no TLDs were found in them. Skipping unneeded JARs during scanning can improve startup time and JSP compilation time.
22-Mar-2026 05:32:50.116 INFO [http-nio-8080-exec-19] org.apache.catalina.core.StandardContext.reload Reloading Context with name [/PE_PRJ301] is completed
22-Mar-2026 05:39:31.030 INFO [http-nio-8080-exec-30] org.apache.catalina.core.StandardContext.reload Reloading Context with name [/PE_PRJ301] has started
22-Mar-2026 05:39:31.030 WARNING [http-nio-8080-exec-30] org.apache.catalina.loader.WebappClassLoaderBase.clearReferencesJdbc The web application [PE_PRJ301] registered the JDBC driver [com.microsoft.sqlserver.jdbc.SQLServerDriver] but failed to unregister it when the web application was stopped. To prevent a memory leak, the JDBC Driver has been forcibly unregistered.
22-Mar-2026 05:39:31.030 SEVERE [http-nio-8080-exec-30] org.apache.catalina.loader.WebappClassLoaderBase.checkThreadLocalMapForLeaks The web application [PE_PRJ301] created a ThreadLocal with key of type [com.microsoft.sqlserver.jdbc.ActivityCorrelator$1] (value [com.microsoft.sqlserver.jdbc.ActivityCorrelator$1@5b38f7a6]) and a value of type [com.microsoft.sqlserver.jdbc.ActivityId] (value [8a08e8fc-4443-400e-aeaf-c0d02b4ef865-0]) but failed to remove it when the web application was stopped. Threads are going to be renewed over time to try and avoid a probable memory leak.
22-Mar-2026 05:39:31.030 SEVERE [http-nio-8080-exec-30] org.apache.catalina.loader.WebappClassLoaderBase.checkThreadLocalMapForLeaks The web application [PE_PRJ301] created a ThreadLocal with key of type [com.microsoft.sqlserver.jdbc.ActivityCorrelator$1] (value [com.microsoft.sqlserver.jdbc.ActivityCorrelator$1@5b38f7a6]) and a value of type [com.microsoft.sqlserver.jdbc.ActivityId] (value [50664ec3-3350-4172-bff5-6949d305839d-0]) but failed to remove it when the web application was stopped. Threads are going to be renewed over time to try and avoid a probable memory leak.
22-Mar-2026 05:39:31.030 SEVERE [http-nio-8080-exec-30] org.apache.catalina.loader.WebappClassLoaderBase.checkThreadLocalMapForLeaks The web application [PE_PRJ301] created a ThreadLocal with key of type [com.microsoft.sqlserver.jdbc.ActivityCorrelator$1] (value [com.microsoft.sqlserver.jdbc.ActivityCorrelator$1@5b38f7a6]) and a value of type [com.microsoft.sqlserver.jdbc.ActivityId] (value [868c413b-c5da-4102-9e48-4e8b397ac6da-0]) but failed to remove it when the web application was stopped. Threads are going to be renewed over time to try and avoid a probable memory leak.
22-Mar-2026 05:39:31.030 SEVERE [http-nio-8080-exec-30] org.apache.catalina.loader.WebappClassLoaderBase.checkThreadLocalMapForLeaks The web application [PE_PRJ301] created a ThreadLocal with key of type [com.microsoft.sqlserver.jdbc.ActivityCorrelator$1] (value [com.microsoft.sqlserver.jdbc.ActivityCorrelator$1@5b38f7a6]) and a value of type [com.microsoft.sqlserver.jdbc.ActivityId] (value [e32ae8a4-8b82-4fb9-abeb-ea5702c47b81-0]) but failed to remove it when the web application was stopped. Threads are going to be renewed over time to try and avoid a probable memory leak.
22-Mar-2026 05:39:31.991 INFO [http-nio-8080-exec-30] org.apache.jasper.servlet.TldScanner.scanJars At least one JAR was scanned for TLDs yet contained no TLDs. Enable debug logging for this logger for a complete list of JARs that were scanned but no TLDs were found in them. Skipping unneeded JARs during scanning can improve startup time and JSP compilation time.
22-Mar-2026 05:39:32.011 INFO [http-nio-8080-exec-30] org.apache.catalina.core.StandardContext.reload Reloading Context with name [/PE_PRJ301] is completed
22-Mar-2026 05:39:32.345 INFO [http-nio-8080-exec-25] org.apache.catalina.core.StandardContext.reload Reloading Context with name [/PE_PRJ301] has started
22-Mar-2026 05:39:33.202 INFO [http-nio-8080-exec-25] org.apache.jasper.servlet.TldScanner.scanJars At least one JAR was scanned for TLDs yet contained no TLDs. Enable debug logging for this logger for a complete list of JARs that were scanned but no TLDs were found in them. Skipping unneeded JARs during scanning can improve startup time and JSP compilation time.
22-Mar-2026 05:39:33.202 INFO [http-nio-8080-exec-25] org.apache.catalina.core.StandardContext.reload Reloading Context with name [/PE_PRJ301] is completed
22-Mar-2026 05:39:40.626 INFO [http-nio-8080-exec-23] org.apache.catalina.core.StandardContext.reload Reloading Context with name [/PE_PRJ301] has started
22-Mar-2026 05:39:41.566 INFO [http-nio-8080-exec-23] org.apache.jasper.servlet.TldScanner.scanJars At least one JAR was scanned for TLDs yet contained no TLDs. Enable debug logging for this logger for a complete list of JARs that were scanned but no TLDs were found in them. Skipping unneeded JARs during scanning can improve startup time and JSP compilation time.
22-Mar-2026 05:39:41.582 INFO [http-nio-8080-exec-23] org.apache.catalina.core.StandardContext.reload Reloading Context with name [/PE_PRJ301] is completed
22-Mar-2026 05:43:07.834 INFO [http-nio-8080-exec-31] org.apache.catalina.startup.HostConfig.undeploy Undeploying context [/PE_PRJ301]
22-Mar-2026 05:44:54.977 INFO [main] org.apache.catalina.core.StandardServer.await A valid shutdown command was received via the shutdown port. Stopping the Server instance.
22-Mar-2026 05:44:54.979 INFO [main] org.apache.coyote.AbstractProtocol.pause Pausing ProtocolHandler ["http-nio-8080"]
22-Mar-2026 05:44:55.853 INFO [main] org.apache.catalina.core.StandardService.stopInternal Stopping service [Catalina]
22-Mar-2026 05:44:55.863 WARNING [main] org.apache.catalina.loader.WebappClassLoaderBase.clearReferencesJdbc The web application [production-management-system] registered the JDBC driver [com.microsoft.sqlserver.jdbc.SQLServerDriver] but failed to unregister it when the web application was stopped. To prevent a memory leak, the JDBC Driver has been forcibly unregistered.
22-Mar-2026 05:44:55.865 SEVERE [main] org.apache.catalina.loader.WebappClassLoaderBase.checkThreadLocalMapForLeaks The web application [production-management-system] created a ThreadLocal with key of type [com.microsoft.sqlserver.jdbc.ActivityCorrelator$1] (value [com.microsoft.sqlserver.jdbc.ActivityCorrelator$1@3d526ad9]) and a value of type [com.microsoft.sqlserver.jdbc.ActivityId] (value [1c56a645-c513-4bf4-bfb3-81726f47ccfb-8]) but failed to remove it when the web application was stopped. Threads are going to be renewed over time to try and avoid a probable memory leak.
22-Mar-2026 05:44:55.871 INFO [main] org.apache.coyote.AbstractProtocol.stop Stopping ProtocolHandler ["http-nio-8080"]
22-Mar-2026 05:44:55.885 INFO [main] org.apache.coyote.AbstractProtocol.destroy Destroying ProtocolHandler ["http-nio-8080"]
22-Mar-2026 05:47:15.938 INFO [main] org.apache.catalina.startup.VersionLoggerListener.log Server version name:   Apache Tomcat/9.0.108
22-Mar-2026 05:47:15.944 INFO [main] org.apache.catalina.startup.VersionLoggerListener.log Server built:          Jul 31 2025 18:19:48 UTC
22-Mar-2026 05:47:15.944 INFO [main] org.apache.catalina.startup.VersionLoggerListener.log Server version number: 9.0.108.0
22-Mar-2026 05:47:15.944 INFO [main] org.apache.catalina.startup.VersionLoggerListener.log OS Name:               Windows 10
22-Mar-2026 05:47:15.944 INFO [main] org.apache.catalina.startup.VersionLoggerListener.log OS Version:            10.0
22-Mar-2026 05:47:15.944 INFO [main] org.apache.catalina.startup.VersionLoggerListener.log Architecture:          amd64
22-Mar-2026 05:47:15.944 INFO [main] org.apache.catalina.startup.VersionLoggerListener.log Java Home:             C:\Program Files\Java\jdk1.8.0_172\jre
22-Mar-2026 05:47:15.944 INFO [main] org.apache.catalina.startup.VersionLoggerListener.log JVM Version:           1.8.0_172-b11
22-Mar-2026 05:47:15.944 INFO [main] org.apache.catalina.startup.VersionLoggerListener.log JVM Vendor:            Oracle Corporation
22-Mar-2026 05:47:15.944 INFO [main] org.apache.catalina.startup.VersionLoggerListener.log CATALINA_BASE:         D:\tools\apache-tomcat-9.0.108
22-Mar-2026 05:47:15.944 INFO [main] org.apache.catalina.startup.VersionLoggerListener.log CATALINA_HOME:         D:\tools\apache-tomcat-9.0.108
22-Mar-2026 05:47:15.944 INFO [main] org.apache.catalina.startup.VersionLoggerListener.log Command line argument: -Djava.util.logging.config.file=D:\tools\apache-tomcat-9.0.108\conf\logging.properties
22-Mar-2026 05:47:15.944 INFO [main] org.apache.catalina.startup.VersionLoggerListener.log Command line argument: -Djava.util.logging.manager=org.apache.juli.ClassLoaderLogManager
22-Mar-2026 05:47:15.944 INFO [main] org.apache.catalina.startup.VersionLoggerListener.log Command line argument: -Dhttp.nonProxyHosts=localhost|127.0.0.1|DESKTOP-UFCNPBB
22-Mar-2026 05:47:15.944 INFO [main] org.apache.catalina.startup.VersionLoggerListener.log Command line argument: -Djdk.tls.ephemeralDHKeySize=2048
22-Mar-2026 05:47:15.944 INFO [main] org.apache.catalina.startup.VersionLoggerListener.log Command line argument: -Djava.protocol.handler.pkgs=org.apache.catalina.webresources
22-Mar-2026 05:47:15.944 INFO [main] org.apache.catalina.startup.VersionLoggerListener.log Command line argument: -Dsun.io.useCanonCaches=false
22-Mar-2026 05:47:15.944 INFO [main] org.apache.catalina.startup.VersionLoggerListener.log Command line argument: -Dignore.endorsed.dirs=
22-Mar-2026 05:47:15.944 INFO [main] org.apache.catalina.startup.VersionLoggerListener.log Command line argument: -Dcatalina.base=D:\tools\apache-tomcat-9.0.108
22-Mar-2026 05:47:15.944 INFO [main] org.apache.catalina.startup.VersionLoggerListener.log Command line argument: -Dcatalina.home=D:\tools\apache-tomcat-9.0.108
22-Mar-2026 05:47:15.944 INFO [main] org.apache.catalina.startup.VersionLoggerListener.log Command line argument: -Djava.io.tmpdir=D:\tools\apache-tomcat-9.0.108\temp
22-Mar-2026 05:47:15.954 INFO [main] org.apache.catalina.core.AprLifecycleListener.lifecycleEvent Loaded Apache Tomcat Native library [1.3.1] using APR version [1.7.4].
22-Mar-2026 05:47:15.954 INFO [main] org.apache.catalina.core.AprLifecycleListener.lifecycleEvent APR capabilities: IPv6 [true], sendfile [true], accept filters [false], random [true], UDS [true].
22-Mar-2026 05:47:15.954 INFO [main] org.apache.catalina.core.AprLifecycleListener.lifecycleEvent APR/OpenSSL configuration: useAprConnector [false], useOpenSSL [true]
22-Mar-2026 05:47:15.959 INFO [main] org.apache.catalina.core.AprLifecycleListener.initializeSSL OpenSSL successfully initialized [OpenSSL 3.0.14 4 Jun 2024]
22-Mar-2026 05:47:16.551 INFO [main] org.apache.coyote.AbstractProtocol.init Initializing ProtocolHandler ["http-nio-8080"]
22-Mar-2026 05:47:16.571 INFO [main] org.apache.catalina.startup.Catalina.load Server initialization in [975] milliseconds
22-Mar-2026 05:47:16.599 INFO [main] org.apache.catalina.core.StandardService.startInternal Starting service [Catalina]
22-Mar-2026 05:47:16.599 INFO [main] org.apache.catalina.core.StandardEngine.startInternal Starting Servlet engine: [Apache Tomcat/9.0.108]
22-Mar-2026 05:47:16.602 INFO [main] org.apache.catalina.startup.HostConfig.deployDescriptor Deploying deployment descriptor [D:\tools\apache-tomcat-9.0.108\conf\Catalina\localhost\production-management-system.xml]
22-Mar-2026 05:47:16.620 WARNING [main] org.apache.catalina.startup.HostConfig.deployDescriptor The path attribute with value [/production-management-system] in deployment descriptor [D:\tools\apache-tomcat-9.0.108\conf\Catalina\localhost\production-management-system.xml] has been ignored
22-Mar-2026 05:47:17.538 INFO [main] org.apache.jasper.servlet.TldScanner.scanJars At least one JAR was scanned for TLDs yet contained no TLDs. Enable debug logging for this logger for a complete list of JARs that were scanned but no TLDs were found in them. Skipping unneeded JARs during scanning can improve startup time and JSP compilation time.
22-Mar-2026 05:47:21.470 INFO [main] org.apache.catalina.startup.HostConfig.deployDescriptor Deployment of deployment descriptor [D:\tools\apache-tomcat-9.0.108\conf\Catalina\localhost\production-management-system.xml] has finished in [4,868] ms
22-Mar-2026 05:47:21.470 INFO [main] org.apache.catalina.startup.HostConfig.deployDirectory Deploying web application directory [D:\tools\apache-tomcat-9.0.108\webapps\docs]
22-Mar-2026 05:47:21.531 INFO [main] org.apache.catalina.startup.HostConfig.deployDirectory Deployment of web application directory [D:\tools\apache-tomcat-9.0.108\webapps\docs] has finished in [61] ms
22-Mar-2026 05:47:21.532 INFO [main] org.apache.catalina.startup.HostConfig.deployDirectory Deploying web application directory [D:\tools\apache-tomcat-9.0.108\webapps\examples]
22-Mar-2026 05:47:22.152 INFO [main] org.apache.catalina.startup.HostConfig.deployDirectory Deployment of web application directory [D:\tools\apache-tomcat-9.0.108\webapps\examples] has finished in [621] ms
22-Mar-2026 05:47:22.152 INFO [main] org.apache.catalina.startup.HostConfig.deployDirectory Deploying web application directory [D:\tools\apache-tomcat-9.0.108\webapps\host-manager]
22-Mar-2026 05:47:22.200 INFO [main] org.apache.catalina.startup.HostConfig.deployDirectory Deployment of web application directory [D:\tools\apache-tomcat-9.0.108\webapps\host-manager] has finished in [48] ms
22-Mar-2026 05:47:22.200 INFO [main] org.apache.catalina.startup.HostConfig.deployDirectory Deploying web application directory [D:\tools\apache-tomcat-9.0.108\webapps\manager]
22-Mar-2026 05:47:22.257 INFO [main] org.apache.catalina.startup.HostConfig.deployDirectory Deployment of web application directory [D:\tools\apache-tomcat-9.0.108\webapps\manager] has finished in [57] ms
22-Mar-2026 05:47:22.257 INFO [main] org.apache.catalina.startup.HostConfig.deployDirectory Deploying web application directory [D:\tools\apache-tomcat-9.0.108\webapps\ROOT]
22-Mar-2026 05:47:22.303 INFO [main] org.apache.catalina.startup.HostConfig.deployDirectory Deployment of web application directory [D:\tools\apache-tomcat-9.0.108\webapps\ROOT] has finished in [46] ms
22-Mar-2026 05:47:22.313 INFO [main] org.apache.coyote.AbstractProtocol.start Starting ProtocolHandler ["http-nio-8080"]
22-Mar-2026 05:47:22.347 INFO [main] org.apache.catalina.startup.Catalina.start Server startup in [5773] milliseconds
22-Mar-2026 05:47:24.540 INFO [http-nio-8080-exec-1] org.apache.catalina.startup.HostConfig.deployDescriptor Deploying deployment descriptor [D:\tools\apache-tomcat-9.0.108\conf\Catalina\localhost\PE_PRJ301.xml]
22-Mar-2026 05:47:24.541 WARNING [http-nio-8080-exec-1] org.apache.catalina.startup.HostConfig.deployDescriptor The path attribute with value [/PE_PRJ301] in deployment descriptor [D:\tools\apache-tomcat-9.0.108\conf\Catalina\localhost\PE_PRJ301.xml] has been ignored
22-Mar-2026 05:47:25.528 INFO [http-nio-8080-exec-1] org.apache.jasper.servlet.TldScanner.scanJars At least one JAR was scanned for TLDs yet contained no TLDs. Enable debug logging for this logger for a complete list of JARs that were scanned but no TLDs were found in them. Skipping unneeded JARs during scanning can improve startup time and JSP compilation time.
22-Mar-2026 05:47:25.551 INFO [http-nio-8080-exec-1] org.apache.catalina.startup.HostConfig.deployDescriptor Deployment of deployment descriptor [D:\tools\apache-tomcat-9.0.108\conf\Catalina\localhost\PE_PRJ301.xml] has finished in [1,012] ms
22-Mar-2026 05:47:25.556 INFO [http-nio-8080-exec-2] org.apache.catalina.util.LifecycleBase.start The start() method was called on component [StandardEngine[Catalina].StandardHost[localhost].StandardContext[/PE_PRJ301]] after start() had already been called. The second call will be ignored.
22-Mar-2026 05:50:00.820 INFO [http-nio-8080-exec-7] org.apache.catalina.core.StandardContext.reload Reloading Context with name [/PE_PRJ301] has started
22-Mar-2026 05:50:00.861 WARNING [http-nio-8080-exec-7] org.apache.catalina.loader.WebappClassLoaderBase.clearReferencesJdbc The web application [PE_PRJ301] registered the JDBC driver [com.microsoft.sqlserver.jdbc.SQLServerDriver] but failed to unregister it when the web application was stopped. To prevent a memory leak, the JDBC Driver has been forcibly unregistered.
22-Mar-2026 05:50:00.865 SEVERE [http-nio-8080-exec-7] org.apache.catalina.loader.WebappClassLoaderBase.checkThreadLocalMapForLeaks The web application [PE_PRJ301] created a ThreadLocal with key of type [com.microsoft.sqlserver.jdbc.ActivityCorrelator$1] (value [com.microsoft.sqlserver.jdbc.ActivityCorrelator$1@4b986459]) and a value of type [com.microsoft.sqlserver.jdbc.ActivityId] (value [f6bab42a-06dd-48c0-b688-c0ec7d2166cd-2]) but failed to remove it when the web application was stopped. Threads are going to be renewed over time to try and avoid a probable memory leak.
22-Mar-2026 05:50:01.820 INFO [main] org.apache.catalina.core.StandardServer.await A valid shutdown command was received via the shutdown port. Stopping the Server instance.
22-Mar-2026 05:50:01.822 INFO [main] org.apache.coyote.AbstractProtocol.pause Pausing ProtocolHandler ["http-nio-8080"]
22-Mar-2026 05:50:01.953 INFO [http-nio-8080-exec-7] org.apache.jasper.servlet.TldScanner.scanJars At least one JAR was scanned for TLDs yet contained no TLDs. Enable debug logging for this logger for a complete list of JARs that were scanned but no TLDs were found in them. Skipping unneeded JARs during scanning can improve startup time and JSP compilation time.
22-Mar-2026 05:50:01.984 INFO [http-nio-8080-exec-7] org.apache.catalina.core.StandardContext.reload Reloading Context with name [/PE_PRJ301] is completed
22-Mar-2026 05:50:02.428 INFO [main] org.apache.catalina.core.StandardService.stopInternal Stopping service [Catalina]
22-Mar-2026 05:50:02.438 WARNING [main] org.apache.catalina.loader.WebappClassLoaderBase.clearReferencesJdbc The web application [production-management-system] registered the JDBC driver [com.microsoft.sqlserver.jdbc.SQLServerDriver] but failed to unregister it when the web application was stopped. To prevent a memory leak, the JDBC Driver has been forcibly unregistered.
22-Mar-2026 05:50:02.438 SEVERE [main] org.apache.catalina.loader.WebappClassLoaderBase.checkThreadLocalMapForLeaks The web application [production-management-system] created a ThreadLocal with key of type [com.microsoft.sqlserver.jdbc.ActivityCorrelator$1] (value [com.microsoft.sqlserver.jdbc.ActivityCorrelator$1@3d526ad9]) and a value of type [com.microsoft.sqlserver.jdbc.ActivityId] (value [654a543d-ab01-44de-b7be-6a64b3f297a3-8]) but failed to remove it when the web application was stopped. Threads are going to be renewed over time to try and avoid a probable memory leak.
22-Mar-2026 05:50:02.449 INFO [main] org.apache.coyote.AbstractProtocol.stop Stopping ProtocolHandler ["http-nio-8080"]
22-Mar-2026 05:50:02.465 INFO [main] org.apache.coyote.AbstractProtocol.destroy Destroying ProtocolHandler ["http-nio-8080"]
22-Mar-2026 05:50:06.405 INFO [main] org.apache.catalina.startup.VersionLoggerListener.log Server version name:   Apache Tomcat/9.0.108
22-Mar-2026 05:50:06.409 INFO [main] org.apache.catalina.startup.VersionLoggerListener.log Server built:          Jul 31 2025 18:19:48 UTC
22-Mar-2026 05:50:06.409 INFO [main] org.apache.catalina.startup.VersionLoggerListener.log Server version number: 9.0.108.0
22-Mar-2026 05:50:06.409 INFO [main] org.apache.catalina.startup.VersionLoggerListener.log OS Name:               Windows 10
22-Mar-2026 05:50:06.409 INFO [main] org.apache.catalina.startup.VersionLoggerListener.log OS Version:            10.0
22-Mar-2026 05:50:06.409 INFO [main] org.apache.catalina.startup.VersionLoggerListener.log Architecture:          amd64
22-Mar-2026 05:50:06.409 INFO [main] org.apache.catalina.startup.VersionLoggerListener.log Java Home:             C:\Program Files\Java\jdk1.8.0_172\jre
22-Mar-2026 05:50:06.409 INFO [main] org.apache.catalina.startup.VersionLoggerListener.log JVM Version:           1.8.0_172-b11
22-Mar-2026 05:50:06.409 INFO [main] org.apache.catalina.startup.VersionLoggerListener.log JVM Vendor:            Oracle Corporation
22-Mar-2026 05:50:06.409 INFO [main] org.apache.catalina.startup.VersionLoggerListener.log CATALINA_BASE:         D:\tools\apache-tomcat-9.0.108
22-Mar-2026 05:50:06.409 INFO [main] org.apache.catalina.startup.VersionLoggerListener.log CATALINA_HOME:         D:\tools\apache-tomcat-9.0.108
22-Mar-2026 05:50:06.409 INFO [main] org.apache.catalina.startup.VersionLoggerListener.log Command line argument: -Djava.util.logging.config.file=D:\tools\apache-tomcat-9.0.108\conf\logging.properties
22-Mar-2026 05:50:06.409 INFO [main] org.apache.catalina.startup.VersionLoggerListener.log Command line argument: -Djava.util.logging.manager=org.apache.juli.ClassLoaderLogManager
22-Mar-2026 05:50:06.409 INFO [main] org.apache.catalina.startup.VersionLoggerListener.log Command line argument: -Dhttp.nonProxyHosts=localhost|127.0.0.1|DESKTOP-UFCNPBB
22-Mar-2026 05:50:06.409 INFO [main] org.apache.catalina.startup.VersionLoggerListener.log Command line argument: -Djdk.tls.ephemeralDHKeySize=2048
22-Mar-2026 05:50:06.409 INFO [main] org.apache.catalina.startup.VersionLoggerListener.log Command line argument: -Djava.protocol.handler.pkgs=org.apache.catalina.webresources
22-Mar-2026 05:50:06.409 INFO [main] org.apache.catalina.startup.VersionLoggerListener.log Command line argument: -Dsun.io.useCanonCaches=false
22-Mar-2026 05:50:06.409 INFO [main] org.apache.catalina.startup.VersionLoggerListener.log Command line argument: -agentlib:jdwp=transport=dt_shmem,address=tomcat_shared_memory_id,server=y,suspend=n
22-Mar-2026 05:50:06.409 INFO [main] org.apache.catalina.startup.VersionLoggerListener.log Command line argument: -Dignore.endorsed.dirs=
22-Mar-2026 05:50:06.409 INFO [main] org.apache.catalina.startup.VersionLoggerListener.log Command line argument: -Dcatalina.base=D:\tools\apache-tomcat-9.0.108
22-Mar-2026 05:50:06.409 INFO [main] org.apache.catalina.startup.VersionLoggerListener.log Command line argument: -Dcatalina.home=D:\tools\apache-tomcat-9.0.108
22-Mar-2026 05:50:06.409 INFO [main] org.apache.catalina.startup.VersionLoggerListener.log Command line argument: -Djava.io.tmpdir=D:\tools\apache-tomcat-9.0.108\temp
22-Mar-2026 05:50:06.409 INFO [main] org.apache.catalina.core.AprLifecycleListener.lifecycleEvent Loaded Apache Tomcat Native library [1.3.1] using APR version [1.7.4].
22-Mar-2026 05:50:06.409 INFO [main] org.apache.catalina.core.AprLifecycleListener.lifecycleEvent APR capabilities: IPv6 [true], sendfile [true], accept filters [false], random [true], UDS [true].
22-Mar-2026 05:50:06.409 INFO [main] org.apache.catalina.core.AprLifecycleListener.lifecycleEvent APR/OpenSSL configuration: useAprConnector [false], useOpenSSL [true]
22-Mar-2026 05:50:06.426 INFO [main] org.apache.catalina.core.AprLifecycleListener.initializeSSL OpenSSL successfully initialized [OpenSSL 3.0.14 4 Jun 2024]
22-Mar-2026 05:50:06.866 INFO [main] org.apache.coyote.AbstractProtocol.init Initializing ProtocolHandler ["http-nio-8080"]
22-Mar-2026 05:50:06.879 INFO [main] org.apache.catalina.startup.Catalina.load Server initialization in [724] milliseconds
22-Mar-2026 05:50:06.927 INFO [main] org.apache.catalina.core.StandardService.startInternal Starting service [Catalina]
22-Mar-2026 05:50:06.927 INFO [main] org.apache.catalina.core.StandardEngine.startInternal Starting Servlet engine: [Apache Tomcat/9.0.108]
22-Mar-2026 05:50:06.927 INFO [main] org.apache.catalina.startup.HostConfig.deployDescriptor Deploying deployment descriptor [D:\tools\apache-tomcat-9.0.108\conf\Catalina\localhost\PE_PRJ301.xml]
22-Mar-2026 05:50:06.958 WARNING [main] org.apache.catalina.startup.HostConfig.deployDescriptor The path attribute with value [/PE_PRJ301] in deployment descriptor [D:\tools\apache-tomcat-9.0.108\conf\Catalina\localhost\PE_PRJ301.xml] has been ignored
22-Mar-2026 05:50:08.455 INFO [main] org.apache.jasper.servlet.TldScanner.scanJars At least one JAR was scanned for TLDs yet contained no TLDs. Enable debug logging for this logger for a complete list of JARs that were scanned but no TLDs were found in them. Skipping unneeded JARs during scanning can improve startup time and JSP compilation time.
22-Mar-2026 05:50:09.038 WARNING [main] org.apache.catalina.util.SessionIdGeneratorBase.createSecureRandom Creation of SecureRandom instance for session ID generation using [SHA1PRNG] took [529] milliseconds.
22-Mar-2026 05:50:09.065 INFO [main] org.apache.catalina.startup.HostConfig.deployDescriptor Deployment of deployment descriptor [D:\tools\apache-tomcat-9.0.108\conf\Catalina\localhost\PE_PRJ301.xml] has finished in [2,138] ms
22-Mar-2026 05:50:09.065 INFO [main] org.apache.catalina.startup.HostConfig.deployDescriptor Deploying deployment descriptor [D:\tools\apache-tomcat-9.0.108\conf\Catalina\localhost\production-management-system.xml]
22-Mar-2026 05:50:09.065 WARNING [main] org.apache.catalina.startup.HostConfig.deployDescriptor The path attribute with value [/production-management-system] in deployment descriptor [D:\tools\apache-tomcat-9.0.108\conf\Catalina\localhost\production-management-system.xml] has been ignored
22-Mar-2026 05:50:09.571 INFO [main] org.apache.jasper.servlet.TldScanner.scanJars At least one JAR was scanned for TLDs yet contained no TLDs. Enable debug logging for this logger for a complete list of JARs that were scanned but no TLDs were found in them. Skipping unneeded JARs during scanning can improve startup time and JSP compilation time.
22-Mar-2026 05:50:12.055 INFO [main] org.apache.catalina.startup.HostConfig.deployDescriptor Deployment of deployment descriptor [D:\tools\apache-tomcat-9.0.108\conf\Catalina\localhost\production-management-system.xml] has finished in [2,989] ms
22-Mar-2026 05:50:12.058 INFO [main] org.apache.catalina.startup.HostConfig.deployDirectory Deploying web application directory [D:\tools\apache-tomcat-9.0.108\webapps\docs]
22-Mar-2026 05:50:12.133 INFO [main] org.apache.catalina.startup.HostConfig.deployDirectory Deployment of web application directory [D:\tools\apache-tomcat-9.0.108\webapps\docs] has finished in [75] ms
22-Mar-2026 05:50:12.133 INFO [main] org.apache.catalina.startup.HostConfig.deployDirectory Deploying web application directory [D:\tools\apache-tomcat-9.0.108\webapps\examples]
22-Mar-2026 05:50:12.552 INFO [main] org.apache.catalina.startup.HostConfig.deployDirectory Deployment of web application directory [D:\tools\apache-tomcat-9.0.108\webapps\examples] has finished in [419] ms
22-Mar-2026 05:50:12.552 INFO [main] org.apache.catalina.startup.HostConfig.deployDirectory Deploying web application directory [D:\tools\apache-tomcat-9.0.108\webapps\host-manager]
22-Mar-2026 05:50:12.577 INFO [main] org.apache.catalina.startup.HostConfig.deployDirectory Deployment of web application directory [D:\tools\apache-tomcat-9.0.108\webapps\host-manager] has finished in [25] ms
22-Mar-2026 05:50:12.580 INFO [main] org.apache.catalina.startup.HostConfig.deployDirectory Deploying web application directory [D:\tools\apache-tomcat-9.0.108\webapps\manager]
22-Mar-2026 05:50:12.598 INFO [main] org.apache.catalina.startup.HostConfig.deployDirectory Deployment of web application directory [D:\tools\apache-tomcat-9.0.108\webapps\manager] has finished in [18] ms
22-Mar-2026 05:50:12.598 INFO [main] org.apache.catalina.startup.HostConfig.deployDirectory Deploying web application directory [D:\tools\apache-tomcat-9.0.108\webapps\ROOT]
22-Mar-2026 05:50:12.619 INFO [main] org.apache.catalina.startup.HostConfig.deployDirectory Deployment of web application directory [D:\tools\apache-tomcat-9.0.108\webapps\ROOT] has finished in [21] ms
22-Mar-2026 05:50:12.624 INFO [main] org.apache.coyote.AbstractProtocol.start Starting ProtocolHandler ["http-nio-8080"]
22-Mar-2026 05:50:12.629 INFO [main] org.apache.catalina.startup.Catalina.start Server startup in [5746] milliseconds
22-Mar-2026 05:50:14.893 INFO [http-nio-8080-exec-2] org.apache.catalina.startup.HostConfig.undeploy Undeploying context [/PE_PRJ301]
22-Mar-2026 05:50:14.947 INFO [http-nio-8080-exec-9] org.apache.catalina.startup.HostConfig.deployDescriptor Deploying deployment descriptor [D:\tools\apache-tomcat-9.0.108\conf\Catalina\localhost\PE_PRJ301.xml]
22-Mar-2026 05:50:14.950 WARNING [http-nio-8080-exec-9] org.apache.catalina.startup.HostConfig.deployDescriptor The path attribute with value [/PE_PRJ301] in deployment descriptor [D:\tools\apache-tomcat-9.0.108\conf\Catalina\localhost\PE_PRJ301.xml] has been ignored
22-Mar-2026 05:50:15.958 INFO [http-nio-8080-exec-9] org.apache.jasper.servlet.TldScanner.scanJars At least one JAR was scanned for TLDs yet contained no TLDs. Enable debug logging for this logger for a complete list of JARs that were scanned but no TLDs were found in them. Skipping unneeded JARs during scanning can improve startup time and JSP compilation time.
22-Mar-2026 05:50:15.980 INFO [http-nio-8080-exec-9] org.apache.catalina.startup.HostConfig.deployDescriptor Deployment of deployment descriptor [D:\tools\apache-tomcat-9.0.108\conf\Catalina\localhost\PE_PRJ301.xml] has finished in [1,033] ms
22-Mar-2026 05:50:15.987 INFO [http-nio-8080-exec-4] org.apache.catalina.util.LifecycleBase.start The start() method was called on component [StandardEngine[Catalina].StandardHost[localhost].StandardContext[/PE_PRJ301]] after start() had already been called. The second call will be ignored.
22-Mar-2026 05:58:32.078 INFO [http-nio-8080-exec-19] org.apache.catalina.core.StandardWrapper.unload Waiting for [1] instance(s) to be deallocated for Servlet [SearchController]
22-Mar-2026 05:58:33.199 INFO [http-nio-8080-exec-19] org.apache.catalina.core.StandardWrapper.unload Waiting for [1] instance(s) to be deallocated for Servlet [SearchController]
22-Mar-2026 05:58:34.320 INFO [http-nio-8080-exec-19] org.apache.catalina.core.StandardWrapper.unload Waiting for [1] instance(s) to be deallocated for Servlet [SearchController]
22-Mar-2026 05:58:34.478 WARNING [http-nio-8080-exec-19] org.apache.catalina.loader.WebappClassLoaderBase.clearReferencesThreads The web application [PE_PRJ301] appears to have started a thread named [Catalina-utility-2] but has failed to stop it. This is very likely to create a memory leak. Stack trace of thread:
 org.apache.catalina.core.StandardContext.backgroundProcess(StandardContext.java:4849)
 org.apache.catalina.core.ContainerBase$ContainerBackgroundProcessor.processChildren(ContainerBase.java:1172)
 org.apache.catalina.core.ContainerBase$ContainerBackgroundProcessor.processChildren(ContainerBase.java:1176)
 org.apache.catalina.core.ContainerBase$ContainerBackgroundProcessor.processChildren(ContainerBase.java:1176)
 org.apache.catalina.core.ContainerBase$ContainerBackgroundProcessor.run(ContainerBase.java:1154)
 java.util.concurrent.Executors$RunnableAdapter.call(Executors.java:511)
 java.util.concurrent.FutureTask.runAndReset(FutureTask.java:308)
 java.util.concurrent.ScheduledThreadPoolExecutor$ScheduledFutureTask.access$301(ScheduledThreadPoolExecutor.java:180)
 java.util.concurrent.ScheduledThreadPoolExecutor$ScheduledFutureTask.run(ScheduledThreadPoolExecutor.java:294)
 java.util.concurrent.ThreadPoolExecutor.runWorker(ThreadPoolExecutor.java:1149)
 java.util.concurrent.ThreadPoolExecutor$Worker.run(ThreadPoolExecutor.java:624)
 org.apache.tomcat.util.threads.TaskThread$WrappingRunnable.run(TaskThread.java:63)
 java.lang.Thread.run(Thread.java:748)
22-Mar-2026 05:58:34.478 WARNING [http-nio-8080-exec-19] org.apache.catalina.loader.WebappClassLoaderBase.clearReferencesThreads The thread [http-nio-8080-exec-6] of web application [PE_PRJ301] is still processing a request that has yet to finish. This is very likely to create a memory leak. You can control the time allowed for requests to finish by using the unloadDelay attribute of the standard Context implementation. Stack trace of request processing thread:[
 pe.controllers.SearchController.processRequest(SearchController.java:37)
 pe.controllers.SearchController.doGet(SearchController.java:70)
 javax.servlet.http.HttpServlet.service(HttpServlet.java:529)
 javax.servlet.http.HttpServlet.service(HttpServlet.java:623)
 org.apache.catalina.core.ApplicationFilterChain.internalDoFilter(ApplicationFilterChain.java:199)
 org.apache.catalina.core.ApplicationFilterChain.doFilter(ApplicationFilterChain.java:144)
 org.apache.tomcat.websocket.server.WsFilter.doFilter(WsFilter.java:51)
 org.apache.catalina.core.ApplicationFilterChain.internalDoFilter(ApplicationFilterChain.java:168)
 org.apache.catalina.core.ApplicationFilterChain.doFilter(ApplicationFilterChain.java:144)
 org.apache.catalina.core.StandardWrapperValve.invoke(StandardWrapperValve.java:168)
 org.apache.catalina.core.StandardContextValve.invoke(StandardContextValve.java:90)
 org.apache.catalina.authenticator.AuthenticatorBase.invoke(AuthenticatorBase.java:482)
 org.apache.catalina.core.StandardHostValve.invoke(StandardHostValve.java:130)
 org.apache.catalina.valves.ErrorReportValve.invoke(ErrorReportValve.java:93)
 org.apache.catalina.valves.AbstractAccessLogValve.invoke(AbstractAccessLogValve.java:656)
 org.apache.catalina.core.StandardEngineValve.invoke(StandardEngineValve.java:74)
 org.apache.catalina.connector.CoyoteAdapter.service(CoyoteAdapter.java:346)
 org.apache.coyote.http11.Http11Processor.service(Http11Processor.java:397)
 org.apache.coyote.AbstractProcessorLight.process(AbstractProcessorLight.java:63)
 org.apache.coyote.AbstractProtocol$ConnectionHandler.process(AbstractProtocol.java:935)
 org.apache.tomcat.util.net.NioEndpoint$SocketProcessor.doRun(NioEndpoint.java:1826)
 org.apache.tomcat.util.net.SocketProcessorBase.run(SocketProcessorBase.java:52)
 org.apache.tomcat.util.threads.ThreadPoolExecutor.runWorker(ThreadPoolExecutor.java:1189)
 org.apache.tomcat.util.threads.ThreadPoolExecutor$Worker.run(ThreadPoolExecutor.java:658)
 org.apache.tomcat.util.threads.TaskThread$WrappingRunnable.run(TaskThread.java:63)
 java.lang.Thread.run(Thread.java:748)]
22-Mar-2026 05:58:34.987 INFO [http-nio-8080-exec-19] org.apache.catalina.startup.HostConfig.undeploy Undeploying context [/PE_PRJ301]
22-Mar-2026 05:58:53.562 INFO [http-nio-8080-exec-6] org.apache.catalina.loader.WebappClassLoaderBase.checkStateForResourceLoading Illegal access: this web application instance has been stopped already. Could not load [javax.servlet.RequestDispatcher]. The following stack trace is thrown for debugging purposes as well as to attempt to terminate the thread which caused the illegal access.
	java.lang.IllegalStateException: Illegal access: this web application instance has been stopped already. Could not load [javax.servlet.RequestDispatcher]. The following stack trace is thrown for debugging purposes as well as to attempt to terminate the thread which caused the illegal access.
		at org.apache.catalina.loader.WebappClassLoaderBase.checkStateForResourceLoading(WebappClassLoaderBase.java:1374)
		at org.apache.catalina.loader.WebappClassLoaderBase.checkStateForClassLoading(WebappClassLoaderBase.java:1362)
		at org.apache.catalina.loader.WebappClassLoaderBase.loadClass(WebappClassLoaderBase.java:1196)
		at org.apache.catalina.loader.WebappClassLoaderBase.loadClass(WebappClassLoaderBase.java:1163)
		at pe.controllers.SearchController.processRequest(SearchController.java:55)
		at pe.controllers.SearchController.doGet(SearchController.java:70)
		at javax.servlet.http.HttpServlet.service(HttpServlet.java:529)
		at javax.servlet.http.HttpServlet.service(HttpServlet.java:623)
		at org.apache.catalina.core.ApplicationFilterChain.internalDoFilter(ApplicationFilterChain.java:199)
		at org.apache.catalina.core.ApplicationFilterChain.doFilter(ApplicationFilterChain.java:144)
		at org.apache.tomcat.websocket.server.WsFilter.doFilter(WsFilter.java:51)
		at org.apache.catalina.core.ApplicationFilterChain.internalDoFilter(ApplicationFilterChain.java:168)
		at org.apache.catalina.core.ApplicationFilterChain.doFilter(ApplicationFilterChain.java:144)
		at org.apache.catalina.core.StandardWrapperValve.invoke(StandardWrapperValve.java:168)
		at org.apache.catalina.core.StandardContextValve.invoke(StandardContextValve.java:90)
		at org.apache.catalina.authenticator.AuthenticatorBase.invoke(AuthenticatorBase.java:482)
		at org.apache.catalina.core.StandardHostValve.invoke(StandardHostValve.java:130)
		at org.apache.catalina.valves.ErrorReportValve.invoke(ErrorReportValve.java:93)
		at org.apache.catalina.valves.AbstractAccessLogValve.invoke(AbstractAccessLogValve.java:656)
		at org.apache.catalina.core.StandardEngineValve.invoke(StandardEngineValve.java:74)
		at org.apache.catalina.connector.CoyoteAdapter.service(CoyoteAdapter.java:346)
		at org.apache.coyote.http11.Http11Processor.service(Http11Processor.java:397)
		at org.apache.coyote.AbstractProcessorLight.process(AbstractProcessorLight.java:63)
		at org.apache.coyote.AbstractProtocol$ConnectionHandler.process(AbstractProtocol.java:935)
		at org.apache.tomcat.util.net.NioEndpoint$SocketProcessor.doRun(NioEndpoint.java:1826)
		at org.apache.tomcat.util.net.SocketProcessorBase.run(SocketProcessorBase.java:52)
		at org.apache.tomcat.util.threads.ThreadPoolExecutor.runWorker(ThreadPoolExecutor.java:1189)
		at org.apache.tomcat.util.threads.ThreadPoolExecutor$Worker.run(ThreadPoolExecutor.java:658)
		at org.apache.tomcat.util.threads.TaskThread$WrappingRunnable.run(TaskThread.java:63)
		at java.lang.Thread.run(Thread.java:748)
22-Mar-2026 05:58:54.265 INFO [main] org.apache.catalina.core.StandardServer.await A valid shutdown command was received via the shutdown port. Stopping the Server instance.
22-Mar-2026 05:58:54.265 INFO [main] org.apache.coyote.AbstractProtocol.pause Pausing ProtocolHandler ["http-nio-8080"]
22-Mar-2026 05:58:55.379 INFO [main] org.apache.catalina.core.StandardService.stopInternal Stopping service [Catalina]
22-Mar-2026 05:58:55.391 WARNING [main] org.apache.catalina.loader.WebappClassLoaderBase.clearReferencesJdbc The web application [production-management-system] registered the JDBC driver [com.microsoft.sqlserver.jdbc.SQLServerDriver] but failed to unregister it when the web application was stopped. To prevent a memory leak, the JDBC Driver has been forcibly unregistered.
22-Mar-2026 05:58:55.396 SEVERE [main] org.apache.catalina.loader.WebappClassLoaderBase.checkThreadLocalMapForLeaks The web application [production-management-system] created a ThreadLocal with key of type [com.microsoft.sqlserver.jdbc.ActivityCorrelator$1] (value [com.microsoft.sqlserver.jdbc.ActivityCorrelator$1@87220f1]) and a value of type [com.microsoft.sqlserver.jdbc.ActivityId] (value [7c17602c-a321-4806-8657-95e84a81f13c-8]) but failed to remove it when the web application was stopped. Threads are going to be renewed over time to try and avoid a probable memory leak.
22-Mar-2026 05:58:55.404 INFO [main] org.apache.coyote.AbstractProtocol.stop Stopping ProtocolHandler ["http-nio-8080"]
22-Mar-2026 05:58:55.406 INFO [main] org.apache.coyote.AbstractProtocol.destroy Destroying ProtocolHandler ["http-nio-8080"]
22-Mar-2026 05:59:29.926 INFO [main] org.apache.catalina.startup.VersionLoggerListener.log Server version name:   Apache Tomcat/9.0.108
22-Mar-2026 05:59:29.926 INFO [main] org.apache.catalina.startup.VersionLoggerListener.log Server built:          Jul 31 2025 18:19:48 UTC
22-Mar-2026 05:59:29.926 INFO [main] org.apache.catalina.startup.VersionLoggerListener.log Server version number: 9.0.108.0
22-Mar-2026 05:59:29.926 INFO [main] org.apache.catalina.startup.VersionLoggerListener.log OS Name:               Windows 10
22-Mar-2026 05:59:29.926 INFO [main] org.apache.catalina.startup.VersionLoggerListener.log OS Version:            10.0
22-Mar-2026 05:59:29.926 INFO [main] org.apache.catalina.startup.VersionLoggerListener.log Architecture:          amd64
22-Mar-2026 05:59:29.926 INFO [main] org.apache.catalina.startup.VersionLoggerListener.log Java Home:             C:\Program Files\Java\jdk1.8.0_172\jre
22-Mar-2026 05:59:29.926 INFO [main] org.apache.catalina.startup.VersionLoggerListener.log JVM Version:           1.8.0_172-b11
22-Mar-2026 05:59:29.926 INFO [main] org.apache.catalina.startup.VersionLoggerListener.log JVM Vendor:            Oracle Corporation
22-Mar-2026 05:59:29.926 INFO [main] org.apache.catalina.startup.VersionLoggerListener.log CATALINA_BASE:         D:\tools\apache-tomcat-9.0.108
22-Mar-2026 05:59:29.926 INFO [main] org.apache.catalina.startup.VersionLoggerListener.log CATALINA_HOME:         D:\tools\apache-tomcat-9.0.108
22-Mar-2026 05:59:29.926 INFO [main] org.apache.catalina.startup.VersionLoggerListener.log Command line argument: -Djava.util.logging.config.file=D:\tools\apache-tomcat-9.0.108\conf\logging.properties
22-Mar-2026 05:59:29.926 INFO [main] org.apache.catalina.startup.VersionLoggerListener.log Command line argument: -Djava.util.logging.manager=org.apache.juli.ClassLoaderLogManager
22-Mar-2026 05:59:29.926 INFO [main] org.apache.catalina.startup.VersionLoggerListener.log Command line argument: -Dhttp.nonProxyHosts=localhost|127.0.0.1|DESKTOP-UFCNPBB
22-Mar-2026 05:59:29.926 INFO [main] org.apache.catalina.startup.VersionLoggerListener.log Command line argument: -Djdk.tls.ephemeralDHKeySize=2048
22-Mar-2026 05:59:29.926 INFO [main] org.apache.catalina.startup.VersionLoggerListener.log Command line argument: -Djava.protocol.handler.pkgs=org.apache.catalina.webresources
22-Mar-2026 05:59:29.926 INFO [main] org.apache.catalina.startup.VersionLoggerListener.log Command line argument: -Dsun.io.useCanonCaches=false
22-Mar-2026 05:59:29.926 INFO [main] org.apache.catalina.startup.VersionLoggerListener.log Command line argument: -Dignore.endorsed.dirs=
22-Mar-2026 05:59:29.926 INFO [main] org.apache.catalina.startup.VersionLoggerListener.log Command line argument: -Dcatalina.base=D:\tools\apache-tomcat-9.0.108
22-Mar-2026 05:59:29.926 INFO [main] org.apache.catalina.startup.VersionLoggerListener.log Command line argument: -Dcatalina.home=D:\tools\apache-tomcat-9.0.108
22-Mar-2026 05:59:29.926 INFO [main] org.apache.catalina.startup.VersionLoggerListener.log Command line argument: -Djava.io.tmpdir=D:\tools\apache-tomcat-9.0.108\temp
22-Mar-2026 05:59:29.942 INFO [main] org.apache.catalina.core.AprLifecycleListener.lifecycleEvent Loaded Apache Tomcat Native library [1.3.1] using APR version [1.7.4].
22-Mar-2026 05:59:29.942 INFO [main] org.apache.catalina.core.AprLifecycleListener.lifecycleEvent APR capabilities: IPv6 [true], sendfile [true], accept filters [false], random [true], UDS [true].
22-Mar-2026 05:59:29.942 INFO [main] org.apache.catalina.core.AprLifecycleListener.lifecycleEvent APR/OpenSSL configuration: useAprConnector [false], useOpenSSL [true]
22-Mar-2026 05:59:29.947 INFO [main] org.apache.catalina.core.AprLifecycleListener.initializeSSL OpenSSL successfully initialized [OpenSSL 3.0.14 4 Jun 2024]
22-Mar-2026 05:59:30.147 INFO [main] org.apache.coyote.AbstractProtocol.init Initializing ProtocolHandler ["http-nio-8080"]
22-Mar-2026 05:59:30.170 INFO [main] org.apache.catalina.startup.Catalina.load Server initialization in [376] milliseconds
22-Mar-2026 05:59:30.179 INFO [main] org.apache.catalina.core.StandardService.startInternal Starting service [Catalina]
22-Mar-2026 05:59:30.179 INFO [main] org.apache.catalina.core.StandardEngine.startInternal Starting Servlet engine: [Apache Tomcat/9.0.108]
22-Mar-2026 05:59:30.195 INFO [main] org.apache.catalina.startup.HostConfig.deployDescriptor Deploying deployment descriptor [D:\tools\apache-tomcat-9.0.108\conf\Catalina\localhost\production-management-system.xml]
22-Mar-2026 05:59:30.211 WARNING [main] org.apache.catalina.startup.HostConfig.deployDescriptor The path attribute with value [/production-management-system] in deployment descriptor [D:\tools\apache-tomcat-9.0.108\conf\Catalina\localhost\production-management-system.xml] has been ignored
22-Mar-2026 05:59:30.767 INFO [main] org.apache.jasper.servlet.TldScanner.scanJars At least one JAR was scanned for TLDs yet contained no TLDs. Enable debug logging for this logger for a complete list of JARs that were scanned but no TLDs were found in them. Skipping unneeded JARs during scanning can improve startup time and JSP compilation time.
22-Mar-2026 05:59:32.337 INFO [main] org.apache.catalina.startup.HostConfig.deployDescriptor Deployment of deployment descriptor [D:\tools\apache-tomcat-9.0.108\conf\Catalina\localhost\production-management-system.xml] has finished in [2,142] ms
22-Mar-2026 05:59:32.337 INFO [main] org.apache.catalina.startup.HostConfig.deployDirectory Deploying web application directory [D:\tools\apache-tomcat-9.0.108\webapps\docs]
22-Mar-2026 05:59:32.358 INFO [main] org.apache.catalina.startup.HostConfig.deployDirectory Deployment of web application directory [D:\tools\apache-tomcat-9.0.108\webapps\docs] has finished in [21] ms
22-Mar-2026 05:59:32.358 INFO [main] org.apache.catalina.startup.HostConfig.deployDirectory Deploying web application directory [D:\tools\apache-tomcat-9.0.108\webapps\examples]
22-Mar-2026 05:59:32.549 INFO [main] org.apache.catalina.startup.HostConfig.deployDirectory Deployment of web application directory [D:\tools\apache-tomcat-9.0.108\webapps\examples] has finished in [191] ms
22-Mar-2026 05:59:32.549 INFO [main] org.apache.catalina.startup.HostConfig.deployDirectory Deploying web application directory [D:\tools\apache-tomcat-9.0.108\webapps\host-manager]
22-Mar-2026 05:59:32.576 INFO [main] org.apache.catalina.startup.HostConfig.deployDirectory Deployment of web application directory [D:\tools\apache-tomcat-9.0.108\webapps\host-manager] has finished in [27] ms
22-Mar-2026 05:59:32.578 INFO [main] org.apache.catalina.startup.HostConfig.deployDirectory Deploying web application directory [D:\tools\apache-tomcat-9.0.108\webapps\manager]
22-Mar-2026 05:59:32.584 INFO [main] org.apache.catalina.startup.HostConfig.deployDirectory Deployment of web application directory [D:\tools\apache-tomcat-9.0.108\webapps\manager] has finished in [8] ms
22-Mar-2026 05:59:32.584 INFO [main] org.apache.catalina.startup.HostConfig.deployDirectory Deploying web application directory [D:\tools\apache-tomcat-9.0.108\webapps\ROOT]
22-Mar-2026 05:59:32.606 INFO [main] org.apache.catalina.startup.HostConfig.deployDirectory Deployment of web application directory [D:\tools\apache-tomcat-9.0.108\webapps\ROOT] has finished in [22] ms
22-Mar-2026 05:59:32.608 INFO [main] org.apache.coyote.AbstractProtocol.start Starting ProtocolHandler ["http-nio-8080"]
22-Mar-2026 05:59:32.613 INFO [main] org.apache.catalina.startup.Catalina.start Server startup in [2451] milliseconds
22-Mar-2026 05:59:40.595 INFO [http-nio-8080-exec-10] org.apache.catalina.startup.HostConfig.deployDescriptor Deploying deployment descriptor [D:\tools\apache-tomcat-9.0.108\conf\Catalina\localhost\PE_PRJ301.xml]
22-Mar-2026 05:59:40.611 WARNING [http-nio-8080-exec-10] org.apache.catalina.startup.HostConfig.deployDescriptor The path attribute with value [/PE_PRJ301] in deployment descriptor [D:\tools\apache-tomcat-9.0.108\conf\Catalina\localhost\PE_PRJ301.xml] has been ignored
22-Mar-2026 05:59:41.274 INFO [http-nio-8080-exec-10] org.apache.jasper.servlet.TldScanner.scanJars At least one JAR was scanned for TLDs yet contained no TLDs. Enable debug logging for this logger for a complete list of JARs that were scanned but no TLDs were found in them. Skipping unneeded JARs during scanning can improve startup time and JSP compilation time.
22-Mar-2026 05:59:41.306 INFO [http-nio-8080-exec-10] org.apache.catalina.startup.HostConfig.deployDescriptor Deployment of deployment descriptor [D:\tools\apache-tomcat-9.0.108\conf\Catalina\localhost\PE_PRJ301.xml] has finished in [711] ms
22-Mar-2026 05:59:41.311 INFO [http-nio-8080-exec-4] org.apache.catalina.util.LifecycleBase.start The start() method was called on component [StandardEngine[Catalina].StandardHost[localhost].StandardContext[/PE_PRJ301]] after start() had already been called. The second call will be ignored.
22-Mar-2026 06:03:25.308 INFO [http-nio-8080-exec-10] org.apache.catalina.core.StandardContext.reload Reloading Context with name [/PE_PRJ301] has started
22-Mar-2026 06:03:25.308 WARNING [http-nio-8080-exec-10] org.apache.catalina.loader.WebappClassLoaderBase.clearReferencesJdbc The web application [PE_PRJ301] registered the JDBC driver [com.microsoft.sqlserver.jdbc.SQLServerDriver] but failed to unregister it when the web application was stopped. To prevent a memory leak, the JDBC Driver has been forcibly unregistered.
22-Mar-2026 06:03:25.308 SEVERE [http-nio-8080-exec-10] org.apache.catalina.loader.WebappClassLoaderBase.checkThreadLocalMapForLeaks The web application [PE_PRJ301] created a ThreadLocal with key of type [com.microsoft.sqlserver.jdbc.ActivityCorrelator$1] (value [com.microsoft.sqlserver.jdbc.ActivityCorrelator$1@5e798399]) and a value of type [com.microsoft.sqlserver.jdbc.ActivityId] (value [f5ebc331-ce46-40e8-b753-60ccb6812136-2]) but failed to remove it when the web application was stopped. Threads are going to be renewed over time to try and avoid a probable memory leak.
22-Mar-2026 06:03:25.921 INFO [http-nio-8080-exec-10] org.apache.jasper.servlet.TldScanner.scanJars At least one JAR was scanned for TLDs yet contained no TLDs. Enable debug logging for this logger for a complete list of JARs that were scanned but no TLDs were found in them. Skipping unneeded JARs during scanning can improve startup time and JSP compilation time.
22-Mar-2026 06:03:25.943 INFO [http-nio-8080-exec-10] org.apache.catalina.core.StandardContext.reload Reloading Context with name [/PE_PRJ301] is completed
22-Mar-2026 06:03:34.458 INFO [http-nio-8080-exec-11] org.apache.catalina.core.StandardContext.reload Reloading Context with name [/PE_PRJ301] has started
22-Mar-2026 06:03:35.155 INFO [http-nio-8080-exec-11] org.apache.jasper.servlet.TldScanner.scanJars At least one JAR was scanned for TLDs yet contained no TLDs. Enable debug logging for this logger for a complete list of JARs that were scanned but no TLDs were found in them. Skipping unneeded JARs during scanning can improve startup time and JSP compilation time.
22-Mar-2026 06:03:35.166 INFO [http-nio-8080-exec-11] org.apache.catalina.core.StandardContext.reload Reloading Context with name [/PE_PRJ301] is completed
22-Mar-2026 06:03:35.171 INFO [http-nio-8080-exec-7] org.apache.catalina.core.StandardContext.reload Reloading Context with name [/PE_PRJ301] has started
22-Mar-2026 06:03:35.790 INFO [http-nio-8080-exec-7] org.apache.jasper.servlet.TldScanner.scanJars At least one JAR was scanned for TLDs yet contained no TLDs. Enable debug logging for this logger for a complete list of JARs that were scanned but no TLDs were found in them. Skipping unneeded JARs during scanning can improve startup time and JSP compilation time.
22-Mar-2026 06:03:35.806 INFO [http-nio-8080-exec-7] org.apache.catalina.core.StandardContext.reload Reloading Context with name [/PE_PRJ301] is completed
22-Mar-2026 06:05:05.815 INFO [http-nio-8080-exec-17] org.apache.catalina.core.StandardContext.reload Reloading Context with name [/PE_PRJ301] has started
22-Mar-2026 06:05:05.820 WARNING [http-nio-8080-exec-17] org.apache.catalina.loader.WebappClassLoaderBase.clearReferencesJdbc The web application [PE_PRJ301] registered the JDBC driver [com.microsoft.sqlserver.jdbc.SQLServerDriver] but failed to unregister it when the web application was stopped. To prevent a memory leak, the JDBC Driver has been forcibly unregistered.
22-Mar-2026 06:05:06.452 INFO [http-nio-8080-exec-17] org.apache.jasper.servlet.TldScanner.scanJars At least one JAR was scanned for TLDs yet contained no TLDs. Enable debug logging for this logger for a complete list of JARs that were scanned but no TLDs were found in them. Skipping unneeded JARs during scanning can improve startup time and JSP compilation time.
22-Mar-2026 06:05:06.468 INFO [http-nio-8080-exec-17] org.apache.catalina.core.StandardContext.reload Reloading Context with name [/PE_PRJ301] is completed
22-Mar-2026 06:05:06.468 INFO [http-nio-8080-exec-14] org.apache.catalina.core.StandardContext.reload Reloading Context with name [/PE_PRJ301] has started
22-Mar-2026 06:05:07.119 INFO [http-nio-8080-exec-14] org.apache.jasper.servlet.TldScanner.scanJars At least one JAR was scanned for TLDs yet contained no TLDs. Enable debug logging for this logger for a complete list of JARs that were scanned but no TLDs were found in them. Skipping unneeded JARs during scanning can improve startup time and JSP compilation time.
22-Mar-2026 06:05:07.123 INFO [http-nio-8080-exec-14] org.apache.catalina.core.StandardContext.reload Reloading Context with name [/PE_PRJ301] is completed
22-Mar-2026 06:09:18.915 INFO [http-nio-8080-exec-26] org.apache.catalina.core.StandardContext.reload Reloading Context with name [/PE_PRJ301] has started
22-Mar-2026 06:09:18.915 WARNING [http-nio-8080-exec-26] org.apache.catalina.loader.WebappClassLoaderBase.clearReferencesJdbc The web application [PE_PRJ301] registered the JDBC driver [com.microsoft.sqlserver.jdbc.SQLServerDriver] but failed to unregister it when the web application was stopped. To prevent a memory leak, the JDBC Driver has been forcibly unregistered.
22-Mar-2026 06:09:19.554 INFO [http-nio-8080-exec-26] org.apache.jasper.servlet.TldScanner.scanJars At least one JAR was scanned for TLDs yet contained no TLDs. Enable debug logging for this logger for a complete list of JARs that were scanned but no TLDs were found in them. Skipping unneeded JARs during scanning can improve startup time and JSP compilation time.
22-Mar-2026 06:09:19.568 INFO [http-nio-8080-exec-26] org.apache.catalina.core.StandardContext.reload Reloading Context with name [/PE_PRJ301] is completed
22-Mar-2026 06:09:19.574 INFO [http-nio-8080-exec-25] org.apache.catalina.core.StandardContext.reload Reloading Context with name [/PE_PRJ301] has started
22-Mar-2026 06:09:20.193 INFO [http-nio-8080-exec-25] org.apache.jasper.servlet.TldScanner.scanJars At least one JAR was scanned for TLDs yet contained no TLDs. Enable debug logging for this logger for a complete list of JARs that were scanned but no TLDs were found in them. Skipping unneeded JARs during scanning can improve startup time and JSP compilation time.
22-Mar-2026 06:09:20.211 INFO [http-nio-8080-exec-25] org.apache.catalina.core.StandardContext.reload Reloading Context with name [/PE_PRJ301] is completed
22-Mar-2026 06:16:02.981 INFO [http-nio-8080-exec-38] org.apache.catalina.core.StandardContext.reload Reloading Context with name [/PE_PRJ301] has started
22-Mar-2026 06:16:02.989 WARNING [http-nio-8080-exec-38] org.apache.catalina.loader.WebappClassLoaderBase.clearReferencesJdbc The web application [PE_PRJ301] registered the JDBC driver [com.microsoft.sqlserver.jdbc.SQLServerDriver] but failed to unregister it when the web application was stopped. To prevent a memory leak, the JDBC Driver has been forcibly unregistered.
22-Mar-2026 06:16:03.570 INFO [http-nio-8080-exec-38] org.apache.jasper.servlet.TldScanner.scanJars At least one JAR was scanned for TLDs yet contained no TLDs. Enable debug logging for this logger for a complete list of JARs that were scanned but no TLDs were found in them. Skipping unneeded JARs during scanning can improve startup time and JSP compilation time.
22-Mar-2026 06:16:03.586 INFO [http-nio-8080-exec-38] org.apache.catalina.core.StandardContext.reload Reloading Context with name [/PE_PRJ301] is completed
22-Mar-2026 06:17:16.283 INFO [http-nio-8080-exec-40] org.apache.catalina.core.StandardContext.reload Reloading Context with name [/PE_PRJ301] has started
22-Mar-2026 06:17:16.951 INFO [http-nio-8080-exec-40] org.apache.jasper.servlet.TldScanner.scanJars At least one JAR was scanned for TLDs yet contained no TLDs. Enable debug logging for this logger for a complete list of JARs that were scanned but no TLDs were found in them. Skipping unneeded JARs during scanning can improve startup time and JSP compilation time.
22-Mar-2026 06:17:16.964 INFO [http-nio-8080-exec-40] org.apache.catalina.core.StandardContext.reload Reloading Context with name [/PE_PRJ301] is completed
22-Mar-2026 06:18:00.855 INFO [http-nio-8080-exec-39] org.apache.catalina.core.StandardContext.reload Reloading Context with name [/PE_PRJ301] has started
22-Mar-2026 06:18:01.505 INFO [http-nio-8080-exec-39] org.apache.jasper.servlet.TldScanner.scanJars At least one JAR was scanned for TLDs yet contained no TLDs. Enable debug logging for this logger for a complete list of JARs that were scanned but no TLDs were found in them. Skipping unneeded JARs during scanning can improve startup time and JSP compilation time.
22-Mar-2026 06:18:01.522 INFO [http-nio-8080-exec-39] org.apache.catalina.core.StandardContext.reload Reloading Context with name [/PE_PRJ301] is completed
22-Mar-2026 06:18:01.840 INFO [http-nio-8080-exec-46] org.apache.catalina.core.StandardContext.reload Reloading Context with name [/PE_PRJ301] has started
22-Mar-2026 06:18:02.482 INFO [http-nio-8080-exec-46] org.apache.jasper.servlet.TldScanner.scanJars At least one JAR was scanned for TLDs yet contained no TLDs. Enable debug logging for this logger for a complete list of JARs that were scanned but no TLDs were found in them. Skipping unneeded JARs during scanning can improve startup time and JSP compilation time.
22-Mar-2026 06:18:02.487 INFO [http-nio-8080-exec-46] org.apache.catalina.core.StandardContext.reload Reloading Context with name [/PE_PRJ301] is completed
22-Mar-2026 06:18:42.947 INFO [http-nio-8080-exec-48] org.apache.catalina.core.StandardContext.reload Reloading Context with name [/PE_PRJ301] has started
22-Mar-2026 06:18:43.552 INFO [http-nio-8080-exec-48] org.apache.jasper.servlet.TldScanner.scanJars At least one JAR was scanned for TLDs yet contained no TLDs. Enable debug logging for this logger for a complete list of JARs that were scanned but no TLDs were found in them. Skipping unneeded JARs during scanning can improve startup time and JSP compilation time.
22-Mar-2026 06:18:43.552 INFO [http-nio-8080-exec-48] org.apache.catalina.core.StandardContext.reload Reloading Context with name [/PE_PRJ301] is completed
22-Mar-2026 06:19:11.137 INFO [http-nio-8080-exec-41] org.apache.catalina.core.StandardContext.reload Reloading Context with name [/PE_PRJ301] has started
22-Mar-2026 06:19:11.793 INFO [http-nio-8080-exec-41] org.apache.jasper.servlet.TldScanner.scanJars At least one JAR was scanned for TLDs yet contained no TLDs. Enable debug logging for this logger for a complete list of JARs that were scanned but no TLDs were found in them. Skipping unneeded JARs during scanning can improve startup time and JSP compilation time.
22-Mar-2026 06:19:11.793 INFO [http-nio-8080-exec-41] org.apache.catalina.core.StandardContext.reload Reloading Context with name [/PE_PRJ301] is completed
22-Mar-2026 06:19:12.127 INFO [http-nio-8080-exec-37] org.apache.catalina.core.StandardContext.reload Reloading Context with name [/PE_PRJ301] has started
22-Mar-2026 06:19:12.730 INFO [http-nio-8080-exec-37] org.apache.jasper.servlet.TldScanner.scanJars At least one JAR was scanned for TLDs yet contained no TLDs. Enable debug logging for this logger for a complete list of JARs that were scanned but no TLDs were found in them. Skipping unneeded JARs during scanning can improve startup time and JSP compilation time.
22-Mar-2026 06:19:12.730 INFO [http-nio-8080-exec-37] org.apache.catalina.core.StandardContext.reload Reloading Context with name [/PE_PRJ301] is completed
22-Mar-2026 06:19:56.149 INFO [http-nio-8080-exec-41] org.apache.catalina.core.StandardContext.reload Reloading Context with name [/PE_PRJ301] has started
22-Mar-2026 06:19:56.800 INFO [http-nio-8080-exec-41] org.apache.jasper.servlet.TldScanner.scanJars At least one JAR was scanned for TLDs yet contained no TLDs. Enable debug logging for this logger for a complete list of JARs that were scanned but no TLDs were found in them. Skipping unneeded JARs during scanning can improve startup time and JSP compilation time.
22-Mar-2026 06:19:56.813 INFO [http-nio-8080-exec-41] org.apache.catalina.core.StandardContext.reload Reloading Context with name [/PE_PRJ301] is completed
22-Mar-2026 06:19:59.148 INFO [http-nio-8080-exec-36] org.apache.catalina.core.StandardContext.reload Reloading Context with name [/PE_PRJ301] has started
22-Mar-2026 06:19:59.784 INFO [http-nio-8080-exec-36] org.apache.jasper.servlet.TldScanner.scanJars At least one JAR was scanned for TLDs yet contained no TLDs. Enable debug logging for this logger for a complete list of JARs that were scanned but no TLDs were found in them. Skipping unneeded JARs during scanning can improve startup time and JSP compilation time.
22-Mar-2026 06:19:59.797 INFO [http-nio-8080-exec-36] org.apache.catalina.core.StandardContext.reload Reloading Context with name [/PE_PRJ301] is completed
22-Mar-2026 06:20:54.126 INFO [http-nio-8080-exec-59] org.apache.catalina.core.StandardContext.reload Reloading Context with name [/PE_PRJ301] has started
22-Mar-2026 06:20:54.820 INFO [http-nio-8080-exec-59] org.apache.jasper.servlet.TldScanner.scanJars At least one JAR was scanned for TLDs yet contained no TLDs. Enable debug logging for this logger for a complete list of JARs that were scanned but no TLDs were found in them. Skipping unneeded JARs during scanning can improve startup time and JSP compilation time.
22-Mar-2026 06:20:54.832 INFO [http-nio-8080-exec-59] org.apache.catalina.core.StandardContext.reload Reloading Context with name [/PE_PRJ301] is completed
22-Mar-2026 06:20:55.168 INFO [http-nio-8080-exec-60] org.apache.catalina.core.StandardContext.reload Reloading Context with name [/PE_PRJ301] has started
22-Mar-2026 06:20:55.787 INFO [http-nio-8080-exec-60] org.apache.jasper.servlet.TldScanner.scanJars At least one JAR was scanned for TLDs yet contained no TLDs. Enable debug logging for this logger for a complete list of JARs that were scanned but no TLDs were found in them. Skipping unneeded JARs during scanning can improve startup time and JSP compilation time.
22-Mar-2026 06:20:55.797 INFO [http-nio-8080-exec-60] org.apache.catalina.core.StandardContext.reload Reloading Context with name [/PE_PRJ301] is completed
22-Mar-2026 06:21:03.750 INFO [http-nio-8080-exec-57] org.apache.catalina.core.StandardContext.reload Reloading Context with name [/PE_PRJ301] has started
22-Mar-2026 06:21:04.336 INFO [http-nio-8080-exec-57] org.apache.jasper.servlet.TldScanner.scanJars At least one JAR was scanned for TLDs yet contained no TLDs. Enable debug logging for this logger for a complete list of JARs that were scanned but no TLDs were found in them. Skipping unneeded JARs during scanning can improve startup time and JSP compilation time.
22-Mar-2026 06:21:04.345 INFO [http-nio-8080-exec-57] org.apache.catalina.core.StandardContext.reload Reloading Context with name [/PE_PRJ301] is completed
22-Mar-2026 06:21:31.515 INFO [http-nio-8080-exec-61] org.apache.catalina.core.StandardContext.reload Reloading Context with name [/PE_PRJ301] has started
22-Mar-2026 06:21:32.162 INFO [http-nio-8080-exec-61] org.apache.jasper.servlet.TldScanner.scanJars At least one JAR was scanned for TLDs yet contained no TLDs. Enable debug logging for this logger for a complete list of JARs that were scanned but no TLDs were found in them. Skipping unneeded JARs during scanning can improve startup time and JSP compilation time.
22-Mar-2026 06:21:32.178 INFO [http-nio-8080-exec-61] org.apache.catalina.core.StandardContext.reload Reloading Context with name [/PE_PRJ301] is completed
22-Mar-2026 06:21:32.178 INFO [http-nio-8080-exec-36] org.apache.catalina.core.StandardContext.reload Reloading Context with name [/PE_PRJ301] has started
22-Mar-2026 06:21:32.771 INFO [http-nio-8080-exec-36] org.apache.jasper.servlet.TldScanner.scanJars At least one JAR was scanned for TLDs yet contained no TLDs. Enable debug logging for this logger for a complete list of JARs that were scanned but no TLDs were found in them. Skipping unneeded JARs during scanning can improve startup time and JSP compilation time.
22-Mar-2026 06:21:32.771 INFO [http-nio-8080-exec-36] org.apache.catalina.core.StandardContext.reload Reloading Context with name [/PE_PRJ301] is completed
22-Mar-2026 06:42:37.022 INFO [http-nio-8080-exec-66] org.apache.catalina.core.StandardContext.reload Reloading Context with name [/PE_PRJ301] has started
22-Mar-2026 06:42:37.028 WARNING [http-nio-8080-exec-66] org.apache.catalina.loader.WebappClassLoaderBase.clearReferencesJdbc The web application [PE_PRJ301] registered the JDBC driver [com.microsoft.sqlserver.jdbc.SQLServerDriver] but failed to unregister it when the web application was stopped. To prevent a memory leak, the JDBC Driver has been forcibly unregistered.
22-Mar-2026 06:42:37.029 SEVERE [http-nio-8080-exec-66] org.apache.catalina.loader.WebappClassLoaderBase.checkThreadLocalMapForLeaks The web application [PE_PRJ301] created a ThreadLocal with key of type [com.microsoft.sqlserver.jdbc.ActivityCorrelator$1] (value [com.microsoft.sqlserver.jdbc.ActivityCorrelator$1@702097fb]) and a value of type [com.microsoft.sqlserver.jdbc.ActivityId] (value [a3fa6b3d-e4ee-4d8d-8a00-28252fe895da-0]) but failed to remove it when the web application was stopped. Threads are going to be renewed over time to try and avoid a probable memory leak.
22-Mar-2026 06:42:37.029 SEVERE [http-nio-8080-exec-66] org.apache.catalina.loader.WebappClassLoaderBase.checkThreadLocalMapForLeaks The web application [PE_PRJ301] created a ThreadLocal with key of type [com.microsoft.sqlserver.jdbc.ActivityCorrelator$1] (value [com.microsoft.sqlserver.jdbc.ActivityCorrelator$1@702097fb]) and a value of type [com.microsoft.sqlserver.jdbc.ActivityId] (value [8a6e8031-5162-40ba-a35c-fcaca7d2d62a-0]) but failed to remove it when the web application was stopped. Threads are going to be renewed over time to try and avoid a probable memory leak.
22-Mar-2026 06:42:37.029 SEVERE [http-nio-8080-exec-66] org.apache.catalina.loader.WebappClassLoaderBase.checkThreadLocalMapForLeaks The web application [PE_PRJ301] created a ThreadLocal with key of type [com.microsoft.sqlserver.jdbc.ActivityCorrelator$1] (value [com.microsoft.sqlserver.jdbc.ActivityCorrelator$1@702097fb]) and a value of type [com.microsoft.sqlserver.jdbc.ActivityId] (value [c22be9af-db75-41e8-ad7d-5e7a4ffa7e5f-0]) but failed to remove it when the web application was stopped. Threads are going to be renewed over time to try and avoid a probable memory leak.
22-Mar-2026 06:42:37.029 SEVERE [http-nio-8080-exec-66] org.apache.catalina.loader.WebappClassLoaderBase.checkThreadLocalMapForLeaks The web application [PE_PRJ301] created a ThreadLocal with key of type [com.microsoft.sqlserver.jdbc.ActivityCorrelator$1] (value [com.microsoft.sqlserver.jdbc.ActivityCorrelator$1@702097fb]) and a value of type [com.microsoft.sqlserver.jdbc.ActivityId] (value [08cafbee-bd4a-4fc4-866e-f283b0eb1529-0]) but failed to remove it when the web application was stopped. Threads are going to be renewed over time to try and avoid a probable memory leak.
22-Mar-2026 06:42:37.961 INFO [http-nio-8080-exec-66] org.apache.jasper.servlet.TldScanner.scanJars At least one JAR was scanned for TLDs yet contained no TLDs. Enable debug logging for this logger for a complete list of JARs that were scanned but no TLDs were found in them. Skipping unneeded JARs during scanning can improve startup time and JSP compilation time.
22-Mar-2026 06:42:37.994 INFO [http-nio-8080-exec-66] org.apache.catalina.core.StandardContext.reload Reloading Context with name [/PE_PRJ301] is completed
22-Mar-2026 06:42:45.537 INFO [http-nio-8080-exec-71] org.apache.catalina.core.StandardContext.reload Reloading Context with name [/PE_PRJ301] has started
22-Mar-2026 06:42:46.535 INFO [http-nio-8080-exec-71] org.apache.jasper.servlet.TldScanner.scanJars At least one JAR was scanned for TLDs yet contained no TLDs. Enable debug logging for this logger for a complete list of JARs that were scanned but no TLDs were found in them. Skipping unneeded JARs during scanning can improve startup time and JSP compilation time.
22-Mar-2026 06:42:46.535 INFO [http-nio-8080-exec-71] org.apache.catalina.core.StandardContext.reload Reloading Context with name [/PE_PRJ301] is completed
22-Mar-2026 06:42:54.327 INFO [http-nio-8080-exec-74] org.apache.catalina.core.StandardContext.reload Reloading Context with name [/PE_PRJ301] has started
22-Mar-2026 06:42:55.334 INFO [http-nio-8080-exec-74] org.apache.jasper.servlet.TldScanner.scanJars At least one JAR was scanned for TLDs yet contained no TLDs. Enable debug logging for this logger for a complete list of JARs that were scanned but no TLDs were found in them. Skipping unneeded JARs during scanning can improve startup time and JSP compilation time.
22-Mar-2026 06:42:55.351 INFO [http-nio-8080-exec-74] org.apache.catalina.core.StandardContext.reload Reloading Context with name [/PE_PRJ301] is completed
22-Mar-2026 06:42:55.678 INFO [http-nio-8080-exec-69] org.apache.catalina.core.StandardContext.reload Reloading Context with name [/PE_PRJ301] has started
22-Mar-2026 06:42:56.741 INFO [http-nio-8080-exec-69] org.apache.jasper.servlet.TldScanner.scanJars At least one JAR was scanned for TLDs yet contained no TLDs. Enable debug logging for this logger for a complete list of JARs that were scanned but no TLDs were found in them. Skipping unneeded JARs during scanning can improve startup time and JSP compilation time.
22-Mar-2026 06:42:56.744 INFO [http-nio-8080-exec-69] org.apache.catalina.core.StandardContext.reload Reloading Context with name [/PE_PRJ301] is completed
22-Mar-2026 06:43:02.234 INFO [http-nio-8080-exec-79] org.apache.catalina.core.StandardContext.reload Reloading Context with name [/PE_PRJ301] has started
22-Mar-2026 06:43:03.116 INFO [http-nio-8080-exec-79] org.apache.jasper.servlet.TldScanner.scanJars At least one JAR was scanned for TLDs yet contained no TLDs. Enable debug logging for this logger for a complete list of JARs that were scanned but no TLDs were found in them. Skipping unneeded JARs during scanning can improve startup time and JSP compilation time.
22-Mar-2026 06:43:03.124 INFO [http-nio-8080-exec-79] org.apache.catalina.core.StandardContext.reload Reloading Context with name [/PE_PRJ301] is completed
22-Mar-2026 06:43:03.460 INFO [http-nio-8080-exec-77] org.apache.catalina.core.StandardContext.reload Reloading Context with name [/PE_PRJ301] has started
22-Mar-2026 06:43:04.636 INFO [http-nio-8080-exec-77] org.apache.jasper.servlet.TldScanner.scanJars At least one JAR was scanned for TLDs yet contained no TLDs. Enable debug logging for this logger for a complete list of JARs that were scanned but no TLDs were found in them. Skipping unneeded JARs during scanning can improve startup time and JSP compilation time.
22-Mar-2026 06:43:04.655 INFO [http-nio-8080-exec-77] org.apache.catalina.core.StandardContext.reload Reloading Context with name [/PE_PRJ301] is completed
22-Mar-2026 06:43:06.748 INFO [http-nio-8080-exec-65] org.apache.catalina.core.StandardContext.reload Reloading Context with name [/PE_PRJ301] has started
22-Mar-2026 06:43:06.800 WARNING [http-nio-8080-exec-65] org.apache.catalina.loader.WebappClassLoaderBase.clearReferencesThreads The web application [PE_PRJ301] appears to have started a thread named [Catalina-utility-1] but has failed to stop it. This is very likely to create a memory leak. Stack trace of thread:
 org.apache.catalina.core.StandardContext.backgroundProcess(StandardContext.java:4849)
 org.apache.catalina.core.ContainerBase$ContainerBackgroundProcessor.processChildren(ContainerBase.java:1172)
 org.apache.catalina.core.ContainerBase$ContainerBackgroundProcessor.processChildren(ContainerBase.java:1176)
 org.apache.catalina.core.ContainerBase$ContainerBackgroundProcessor.processChildren(ContainerBase.java:1176)
 org.apache.catalina.core.ContainerBase$ContainerBackgroundProcessor.run(ContainerBase.java:1154)
 java.util.concurrent.Executors$RunnableAdapter.call(Executors.java:511)
 java.util.concurrent.FutureTask.runAndReset(FutureTask.java:308)
 java.util.concurrent.ScheduledThreadPoolExecutor$ScheduledFutureTask.access$301(ScheduledThreadPoolExecutor.java:180)
 java.util.concurrent.ScheduledThreadPoolExecutor$ScheduledFutureTask.run(ScheduledThreadPoolExecutor.java:294)
 java.util.concurrent.ThreadPoolExecutor.runWorker(ThreadPoolExecutor.java:1149)
 java.util.concurrent.ThreadPoolExecutor$Worker.run(ThreadPoolExecutor.java:624)
 org.apache.tomcat.util.threads.TaskThread$WrappingRunnable.run(TaskThread.java:63)
 java.lang.Thread.run(Thread.java:748)
22-Mar-2026 06:43:07.725 INFO [http-nio-8080-exec-65] org.apache.jasper.servlet.TldScanner.scanJars At least one JAR was scanned for TLDs yet contained no TLDs. Enable debug logging for this logger for a complete list of JARs that were scanned but no TLDs were found in them. Skipping unneeded JARs during scanning can improve startup time and JSP compilation time.
22-Mar-2026 06:43:07.739 INFO [http-nio-8080-exec-65] org.apache.catalina.core.StandardContext.reload Reloading Context with name [/PE_PRJ301] is completed
22-Mar-2026 06:43:08.120 INFO [http-nio-8080-exec-75] org.apache.catalina.core.StandardContext.reload Reloading Context with name [/PE_PRJ301] has started
22-Mar-2026 06:43:09.185 INFO [http-nio-8080-exec-75] org.apache.jasper.servlet.TldScanner.scanJars At least one JAR was scanned for TLDs yet contained no TLDs. Enable debug logging for this logger for a complete list of JARs that were scanned but no TLDs were found in them. Skipping unneeded JARs during scanning can improve startup time and JSP compilation time.
22-Mar-2026 06:43:09.201 INFO [http-nio-8080-exec-75] org.apache.catalina.core.StandardContext.reload Reloading Context with name [/PE_PRJ301] is completed
22-Mar-2026 07:59:37.355 INFO [main] org.apache.catalina.startup.VersionLoggerListener.log Server version name:   Apache Tomcat/9.0.108
22-Mar-2026 07:59:37.361 INFO [main] org.apache.catalina.startup.VersionLoggerListener.log Server built:          Jul 31 2025 18:19:48 UTC
22-Mar-2026 07:59:37.361 INFO [main] org.apache.catalina.startup.VersionLoggerListener.log Server version number: 9.0.108.0
22-Mar-2026 07:59:37.361 INFO [main] org.apache.catalina.startup.VersionLoggerListener.log OS Name:               Windows 10
22-Mar-2026 07:59:37.361 INFO [main] org.apache.catalina.startup.VersionLoggerListener.log OS Version:            10.0
22-Mar-2026 07:59:37.361 INFO [main] org.apache.catalina.startup.VersionLoggerListener.log Architecture:          amd64
22-Mar-2026 07:59:37.362 INFO [main] org.apache.catalina.startup.VersionLoggerListener.log Java Home:             C:\Program Files\Java\jdk1.8.0_172\jre
22-Mar-2026 07:59:37.362 INFO [main] org.apache.catalina.startup.VersionLoggerListener.log JVM Version:           1.8.0_172-b11
22-Mar-2026 07:59:37.362 INFO [main] org.apache.catalina.startup.VersionLoggerListener.log JVM Vendor:            Oracle Corporation
22-Mar-2026 07:59:37.362 INFO [main] org.apache.catalina.startup.VersionLoggerListener.log CATALINA_BASE:         D:\tools\apache-tomcat-9.0.108
22-Mar-2026 07:59:37.362 INFO [main] org.apache.catalina.startup.VersionLoggerListener.log CATALINA_HOME:         D:\tools\apache-tomcat-9.0.108
22-Mar-2026 07:59:37.365 INFO [main] org.apache.catalina.startup.VersionLoggerListener.log Command line argument: -Djava.util.logging.config.file=D:\tools\apache-tomcat-9.0.108\conf\logging.properties
22-Mar-2026 07:59:37.365 INFO [main] org.apache.catalina.startup.VersionLoggerListener.log Command line argument: -Djava.util.logging.manager=org.apache.juli.ClassLoaderLogManager
22-Mar-2026 07:59:37.365 INFO [main] org.apache.catalina.startup.VersionLoggerListener.log Command line argument: -Dhttp.nonProxyHosts=localhost|127.0.0.1|DESKTOP-UFCNPBB
22-Mar-2026 07:59:37.365 INFO [main] org.apache.catalina.startup.VersionLoggerListener.log Command line argument: -Djdk.tls.ephemeralDHKeySize=2048
22-Mar-2026 07:59:37.365 INFO [main] org.apache.catalina.startup.VersionLoggerListener.log Command line argument: -Djava.protocol.handler.pkgs=org.apache.catalina.webresources
22-Mar-2026 07:59:37.366 INFO [main] org.apache.catalina.startup.VersionLoggerListener.log Command line argument: -Dsun.io.useCanonCaches=false
22-Mar-2026 07:59:37.366 INFO [main] org.apache.catalina.startup.VersionLoggerListener.log Command line argument: -Dignore.endorsed.dirs=
22-Mar-2026 07:59:37.366 INFO [main] org.apache.catalina.startup.VersionLoggerListener.log Command line argument: -Dcatalina.base=D:\tools\apache-tomcat-9.0.108
22-Mar-2026 07:59:37.366 INFO [main] org.apache.catalina.startup.VersionLoggerListener.log Command line argument: -Dcatalina.home=D:\tools\apache-tomcat-9.0.108
22-Mar-2026 07:59:37.366 INFO [main] org.apache.catalina.startup.VersionLoggerListener.log Command line argument: -Djava.io.tmpdir=D:\tools\apache-tomcat-9.0.108\temp
22-Mar-2026 07:59:37.725 INFO [main] org.apache.catalina.core.AprLifecycleListener.lifecycleEvent Loaded Apache Tomcat Native library [1.3.1] using APR version [1.7.4].
22-Mar-2026 07:59:37.725 INFO [main] org.apache.catalina.core.AprLifecycleListener.lifecycleEvent APR capabilities: IPv6 [true], sendfile [true], accept filters [false], random [true], UDS [true].
22-Mar-2026 07:59:37.725 INFO [main] org.apache.catalina.core.AprLifecycleListener.lifecycleEvent APR/OpenSSL configuration: useAprConnector [false], useOpenSSL [true]
22-Mar-2026 07:59:37.732 INFO [main] org.apache.catalina.core.AprLifecycleListener.initializeSSL OpenSSL successfully initialized [OpenSSL 3.0.14 4 Jun 2024]
22-Mar-2026 07:59:38.241 INFO [main] org.apache.coyote.AbstractProtocol.init Initializing ProtocolHandler ["http-nio-8080"]
22-Mar-2026 07:59:38.281 INFO [main] org.apache.catalina.startup.Catalina.load Server initialization in [1337] milliseconds
22-Mar-2026 07:59:38.339 INFO [main] org.apache.catalina.core.StandardService.startInternal Starting service [Catalina]
22-Mar-2026 07:59:38.339 INFO [main] org.apache.catalina.core.StandardEngine.startInternal Starting Servlet engine: [Apache Tomcat/9.0.108]
22-Mar-2026 07:59:38.351 INFO [main] org.apache.catalina.startup.HostConfig.deployDescriptor Deploying deployment descriptor [D:\tools\apache-tomcat-9.0.108\conf\Catalina\localhost\PE_PRJ301.xml]
22-Mar-2026 07:59:38.369 WARNING [main] org.apache.catalina.startup.HostConfig.deployDescriptor The path attribute with value [/PE_PRJ301] in deployment descriptor [D:\tools\apache-tomcat-9.0.108\conf\Catalina\localhost\PE_PRJ301.xml] has been ignored
22-Mar-2026 07:59:38.425 SEVERE [main] org.apache.catalina.startup.HostConfig.deployDescriptor Error deploying deployment descriptor [D:\tools\apache-tomcat-9.0.108\conf\Catalina\localhost\PE_PRJ301.xml]
	java.lang.IllegalStateException: Error starting child
		at org.apache.catalina.core.ContainerBase.addChildInternal(ContainerBase.java:602)
		at org.apache.catalina.core.ContainerBase.addChild(ContainerBase.java:571)
		at org.apache.catalina.core.StandardHost.addChild(StandardHost.java:603)
		at org.apache.catalina.startup.HostConfig.deployDescriptor(HostConfig.java:680)
		at org.apache.catalina.startup.HostConfig$DeployDescriptor.run(HostConfig.java:1839)
		at java.util.concurrent.Executors$RunnableAdapter.call(Executors.java:511)
		at java.util.concurrent.FutureTask.run(FutureTask.java:266)
		at org.apache.tomcat.util.threads.InlineExecutorService.execute(InlineExecutorService.java:76)
		at java.util.concurrent.AbstractExecutorService.submit(AbstractExecutorService.java:112)
		at org.apache.catalina.startup.HostConfig.deployDescriptors(HostConfig.java:575)
		at org.apache.catalina.startup.HostConfig.deployApps(HostConfig.java:466)
		at org.apache.catalina.startup.HostConfig.start(HostConfig.java:1579)
		at org.apache.catalina.startup.HostConfig.lifecycleEvent(HostConfig.java:312)
		at org.apache.catalina.util.LifecycleBase.fireLifecycleEvent(LifecycleBase.java:109)
		at org.apache.catalina.util.LifecycleBase.setStateInternal(LifecycleBase.java:389)
		at org.apache.catalina.util.LifecycleBase.setState(LifecycleBase.java:336)
		at org.apache.catalina.core.ContainerBase.startInternal(ContainerBase.java:776)
		at org.apache.catalina.core.StandardHost.startInternal(StandardHost.java:721)
		at org.apache.catalina.util.LifecycleBase.start(LifecycleBase.java:164)
		at org.apache.catalina.core.ContainerBase$StartChild.call(ContainerBase.java:1203)
		at org.apache.catalina.core.ContainerBase$StartChild.call(ContainerBase.java:1193)
		at java.util.concurrent.FutureTask.run(FutureTask.java:266)
		at org.apache.tomcat.util.threads.InlineExecutorService.execute(InlineExecutorService.java:76)
		at java.util.concurrent.AbstractExecutorService.submit(AbstractExecutorService.java:134)
		at org.apache.catalina.core.ContainerBase.startInternal(ContainerBase.java:749)
		at org.apache.catalina.core.StandardEngine.startInternal(StandardEngine.java:211)
		at org.apache.catalina.util.LifecycleBase.start(LifecycleBase.java:164)
		at org.apache.catalina.core.StandardService.startInternal(StandardService.java:412)
		at org.apache.catalina.util.LifecycleBase.start(LifecycleBase.java:164)
		at org.apache.catalina.core.StandardServer.startInternal(StandardServer.java:874)
		at org.apache.catalina.util.LifecycleBase.start(LifecycleBase.java:164)
		at org.apache.catalina.startup.Catalina.start(Catalina.java:739)
		at sun.reflect.NativeMethodAccessorImpl.invoke0(Native Method)
		at sun.reflect.NativeMethodAccessorImpl.invoke(NativeMethodAccessorImpl.java:62)
		at sun.reflect.DelegatingMethodAccessorImpl.invoke(DelegatingMethodAccessorImpl.java:43)
		at java.lang.reflect.Method.invoke(Method.java:498)
		at org.apache.catalina.startup.Bootstrap.start(Bootstrap.java:345)
		at org.apache.catalina.startup.Bootstrap.main(Bootstrap.java:476)
	Caused by: org.apache.catalina.LifecycleException: Failed to start component [org.apache.catalina.webresources.StandardRoot@42607a4f]
		at org.apache.catalina.util.LifecycleBase.handleSubClassException(LifecycleBase.java:406)
		at org.apache.catalina.util.LifecycleBase.start(LifecycleBase.java:179)
		at org.apache.catalina.core.StandardContext.resourcesStart(StandardContext.java:4172)
		at org.apache.catalina.core.StandardContext.startInternal(StandardContext.java:4294)
		at org.apache.catalina.util.LifecycleBase.start(LifecycleBase.java:164)
		at org.apache.catalina.core.ContainerBase.addChildInternal(ContainerBase.java:599)
		... 37 more
	Caused by: java.lang.IllegalArgumentException: The main resource set specified [D:\github\Pratice-PE-PRJ\Pratice-PE-PRJ\2.HCM-SP25\PE_PRJ301\build\web] is not a directory or war file, or is not readable (it does not exist or permissions to access it are missing)
		at org.apache.catalina.webresources.StandardRoot.createMainResourceSet(StandardRoot.java:758)
		at org.apache.catalina.webresources.StandardRoot.startInternal(StandardRoot.java:715)
		at org.apache.catalina.util.LifecycleBase.start(LifecycleBase.java:164)
		... 41 more
22-Mar-2026 07:59:38.438 INFO [main] org.apache.catalina.startup.HostConfig.deployDescriptor Deployment of deployment descriptor [D:\tools\apache-tomcat-9.0.108\conf\Catalina\localhost\PE_PRJ301.xml] has finished in [86] ms
22-Mar-2026 07:59:38.438 INFO [main] org.apache.catalina.startup.HostConfig.deployDescriptor Deploying deployment descriptor [D:\tools\apache-tomcat-9.0.108\conf\Catalina\localhost\production-management-system.xml]
22-Mar-2026 07:59:38.441 WARNING [main] org.apache.catalina.startup.HostConfig.deployDescriptor The path attribute with value [/production-management-system] in deployment descriptor [D:\tools\apache-tomcat-9.0.108\conf\Catalina\localhost\production-management-system.xml] has been ignored
22-Mar-2026 07:59:39.890 INFO [main] org.apache.jasper.servlet.TldScanner.scanJars At least one JAR was scanned for TLDs yet contained no TLDs. Enable debug logging for this logger for a complete list of JARs that were scanned but no TLDs were found in them. Skipping unneeded JARs during scanning can improve startup time and JSP compilation time.
22-Mar-2026 07:59:43.381 INFO [main] org.apache.catalina.startup.HostConfig.deployDescriptor Deployment of deployment descriptor [D:\tools\apache-tomcat-9.0.108\conf\Catalina\localhost\production-management-system.xml] has finished in [4,942] ms
22-Mar-2026 07:59:43.381 INFO [main] org.apache.catalina.startup.HostConfig.deployDirectory Deploying web application directory [D:\tools\apache-tomcat-9.0.108\webapps\docs]
22-Mar-2026 07:59:43.411 INFO [main] org.apache.catalina.startup.HostConfig.deployDirectory Deployment of web application directory [D:\tools\apache-tomcat-9.0.108\webapps\docs] has finished in [30] ms
22-Mar-2026 07:59:43.411 INFO [main] org.apache.catalina.startup.HostConfig.deployDirectory Deploying web application directory [D:\tools\apache-tomcat-9.0.108\webapps\examples]
22-Mar-2026 07:59:44.416 INFO [main] org.apache.catalina.startup.HostConfig.deployDirectory Deployment of web application directory [D:\tools\apache-tomcat-9.0.108\webapps\examples] has finished in [1,005] ms
22-Mar-2026 07:59:44.417 INFO [main] org.apache.catalina.startup.HostConfig.deployDirectory Deploying web application directory [D:\tools\apache-tomcat-9.0.108\webapps\host-manager]
22-Mar-2026 07:59:44.445 INFO [main] org.apache.catalina.startup.HostConfig.deployDirectory Deployment of web application directory [D:\tools\apache-tomcat-9.0.108\webapps\host-manager] has finished in [27] ms
22-Mar-2026 07:59:44.445 INFO [main] org.apache.catalina.startup.HostConfig.deployDirectory Deploying web application directory [D:\tools\apache-tomcat-9.0.108\webapps\manager]
22-Mar-2026 07:59:44.470 INFO [main] org.apache.catalina.startup.HostConfig.deployDirectory Deployment of web application directory [D:\tools\apache-tomcat-9.0.108\webapps\manager] has finished in [25] ms
22-Mar-2026 07:59:44.470 INFO [main] org.apache.catalina.startup.HostConfig.deployDirectory Deploying web application directory [D:\tools\apache-tomcat-9.0.108\webapps\ROOT]
22-Mar-2026 07:59:44.486 INFO [main] org.apache.catalina.startup.HostConfig.deployDirectory Deployment of web application directory [D:\tools\apache-tomcat-9.0.108\webapps\ROOT] has finished in [16] ms
22-Mar-2026 07:59:44.490 INFO [main] org.apache.coyote.AbstractProtocol.start Starting ProtocolHandler ["http-nio-8080"]
22-Mar-2026 07:59:44.515 INFO [main] org.apache.catalina.startup.Catalina.start Server startup in [6233] milliseconds
22-Mar-2026 07:59:47.480 INFO [http-nio-8080-exec-1] org.apache.catalina.startup.HostConfig.deployDescriptor Deploying deployment descriptor [D:\tools\apache-tomcat-9.0.108\conf\Catalina\localhost\ex-06.xml]
22-Mar-2026 07:59:47.483 WARNING [http-nio-8080-exec-1] org.apache.catalina.startup.HostConfig.deployDescriptor The path attribute with value [/ex-06] in deployment descriptor [D:\tools\apache-tomcat-9.0.108\conf\Catalina\localhost\ex-06.xml] has been ignored
22-Mar-2026 07:59:48.865 INFO [http-nio-8080-exec-1] org.apache.jasper.servlet.TldScanner.scanJars At least one JAR was scanned for TLDs yet contained no TLDs. Enable debug logging for this logger for a complete list of JARs that were scanned but no TLDs were found in them. Skipping unneeded JARs during scanning can improve startup time and JSP compilation time.
22-Mar-2026 07:59:48.885 INFO [http-nio-8080-exec-1] org.apache.catalina.startup.HostConfig.deployDescriptor Deployment of deployment descriptor [D:\tools\apache-tomcat-9.0.108\conf\Catalina\localhost\ex-06.xml] has finished in [1,405] ms
22-Mar-2026 07:59:48.889 INFO [http-nio-8080-exec-3] org.apache.catalina.util.LifecycleBase.start The start() method was called on component [StandardEngine[Catalina].StandardHost[localhost].StandardContext[/ex-06]] after start() had already been called. The second call will be ignored.
22-Mar-2026 08:21:57.078 INFO [http-nio-8080-exec-10] org.apache.catalina.startup.HostConfig.undeploy Undeploying context [/ex-06]
22-Mar-2026 08:22:05.013 INFO [http-nio-8080-exec-8] org.apache.catalina.startup.HostConfig.deployDescriptor Deploying deployment descriptor [D:\tools\apache-tomcat-9.0.108\conf\Catalina\localhost\ex-06.xml]
22-Mar-2026 08:22:05.014 WARNING [http-nio-8080-exec-8] org.apache.catalina.startup.HostConfig.deployDescriptor The path attribute with value [/ex-06] in deployment descriptor [D:\tools\apache-tomcat-9.0.108\conf\Catalina\localhost\ex-06.xml] has been ignored
22-Mar-2026 08:22:06.093 INFO [http-nio-8080-exec-8] org.apache.jasper.servlet.TldScanner.scanJars At least one JAR was scanned for TLDs yet contained no TLDs. Enable debug logging for this logger for a complete list of JARs that were scanned but no TLDs were found in them. Skipping unneeded JARs during scanning can improve startup time and JSP compilation time.
22-Mar-2026 08:22:06.117 INFO [http-nio-8080-exec-8] org.apache.catalina.startup.HostConfig.deployDescriptor Deployment of deployment descriptor [D:\tools\apache-tomcat-9.0.108\conf\Catalina\localhost\ex-06.xml] has finished in [1,104] ms
22-Mar-2026 08:22:06.122 INFO [http-nio-8080-exec-7] org.apache.catalina.util.LifecycleBase.start The start() method was called on component [StandardEngine[Catalina].StandardHost[localhost].StandardContext[/ex-06]] after start() had already been called. The second call will be ignored.
22-Mar-2026 08:23:31.308 WARNING [http-nio-8080-exec-11] org.apache.catalina.loader.WebappClassLoaderBase.clearReferencesJdbc The web application [ex-06] registered the JDBC driver [com.microsoft.sqlserver.jdbc.SQLServerDriver] but failed to unregister it when the web application was stopped. To prevent a memory leak, the JDBC Driver has been forcibly unregistered.
22-Mar-2026 08:23:31.309 SEVERE [http-nio-8080-exec-11] org.apache.catalina.loader.WebappClassLoaderBase.checkThreadLocalMapForLeaks The web application [ex-06] created a ThreadLocal with key of type [com.microsoft.sqlserver.jdbc.ActivityCorrelator$1] (value [com.microsoft.sqlserver.jdbc.ActivityCorrelator$1@777f2a8b]) and a value of type [com.microsoft.sqlserver.jdbc.ActivityId] (value [aa65577f-b830-4abf-9f2e-5909943833a1-2]) but failed to remove it when the web application was stopped. Threads are going to be renewed over time to try and avoid a probable memory leak.
22-Mar-2026 08:23:31.309 SEVERE [http-nio-8080-exec-11] org.apache.catalina.loader.WebappClassLoaderBase.checkThreadLocalMapForLeaks The web application [ex-06] created a ThreadLocal with key of type [com.microsoft.sqlserver.jdbc.ActivityCorrelator$1] (value [com.microsoft.sqlserver.jdbc.ActivityCorrelator$1@777f2a8b]) and a value of type [com.microsoft.sqlserver.jdbc.ActivityId] (value [975bec3e-57d8-48f3-87fd-3171d75e374e-0]) but failed to remove it when the web application was stopped. Threads are going to be renewed over time to try and avoid a probable memory leak.
22-Mar-2026 08:23:31.310 SEVERE [http-nio-8080-exec-11] org.apache.catalina.loader.WebappClassLoaderBase.checkThreadLocalMapForLeaks The web application [ex-06] created a ThreadLocal with key of type [com.microsoft.sqlserver.jdbc.ActivityCorrelator$1] (value [com.microsoft.sqlserver.jdbc.ActivityCorrelator$1@777f2a8b]) and a value of type [com.microsoft.sqlserver.jdbc.ActivityId] (value [45ab4cde-c3b6-4a58-bd52-f3e61928c00a-0]) but failed to remove it when the web application was stopped. Threads are going to be renewed over time to try and avoid a probable memory leak.
22-Mar-2026 08:23:31.826 INFO [http-nio-8080-exec-11] org.apache.catalina.startup.HostConfig.undeploy Undeploying context [/ex-06]
22-Mar-2026 08:25:10.840 INFO [http-nio-8080-exec-15] org.apache.catalina.startup.HostConfig.deployDescriptor Deploying deployment descriptor [D:\tools\apache-tomcat-9.0.108\conf\Catalina\localhost\ex-06.xml]
22-Mar-2026 08:25:10.841 WARNING [http-nio-8080-exec-15] org.apache.catalina.startup.HostConfig.deployDescriptor The path attribute with value [/ex-06] in deployment descriptor [D:\tools\apache-tomcat-9.0.108\conf\Catalina\localhost\ex-06.xml] has been ignored
22-Mar-2026 08:25:12.109 INFO [http-nio-8080-exec-15] org.apache.jasper.servlet.TldScanner.scanJars At least one JAR was scanned for TLDs yet contained no TLDs. Enable debug logging for this logger for a complete list of JARs that were scanned but no TLDs were found in them. Skipping unneeded JARs during scanning can improve startup time and JSP compilation time.
22-Mar-2026 08:25:12.132 INFO [http-nio-8080-exec-15] org.apache.catalina.startup.HostConfig.deployDescriptor Deployment of deployment descriptor [D:\tools\apache-tomcat-9.0.108\conf\Catalina\localhost\ex-06.xml] has finished in [1,292] ms
22-Mar-2026 08:25:12.138 INFO [http-nio-8080-exec-19] org.apache.catalina.util.LifecycleBase.start The start() method was called on component [StandardEngine[Catalina].StandardHost[localhost].StandardContext[/ex-06]] after start() had already been called. The second call will be ignored.
22-Mar-2026 08:25:55.972 WARNING [http-nio-8080-exec-24] org.apache.catalina.loader.WebappClassLoaderBase.clearReferencesJdbc The web application [ex-06] registered the JDBC driver [com.microsoft.sqlserver.jdbc.SQLServerDriver] but failed to unregister it when the web application was stopped. To prevent a memory leak, the JDBC Driver has been forcibly unregistered.
22-Mar-2026 08:25:55.972 SEVERE [http-nio-8080-exec-24] org.apache.catalina.loader.WebappClassLoaderBase.checkThreadLocalMapForLeaks The web application [ex-06] created a ThreadLocal with key of type [com.microsoft.sqlserver.jdbc.ActivityCorrelator$1] (value [com.microsoft.sqlserver.jdbc.ActivityCorrelator$1@680369f2]) and a value of type [com.microsoft.sqlserver.jdbc.ActivityId] (value [293fd50e-9061-4bda-869f-53f53d76622f-2]) but failed to remove it when the web application was stopped. Threads are going to be renewed over time to try and avoid a probable memory leak.
22-Mar-2026 08:25:56.480 INFO [http-nio-8080-exec-24] org.apache.catalina.startup.HostConfig.undeploy Undeploying context [/ex-06]
22-Mar-2026 09:31:10.123 INFO [http-nio-8080-exec-36] org.apache.catalina.startup.HostConfig.deployDescriptor Deploying deployment descriptor [D:\tools\apache-tomcat-9.0.108\conf\Catalina\localhost\PE_Prj301.xml]
22-Mar-2026 09:31:10.124 WARNING [http-nio-8080-exec-36] org.apache.catalina.startup.HostConfig.deployDescriptor The path attribute with value [/PE_Prj301] in deployment descriptor [D:\tools\apache-tomcat-9.0.108\conf\Catalina\localhost\PE_Prj301.xml] has been ignored
22-Mar-2026 09:31:10.857 INFO [http-nio-8080-exec-36] org.apache.jasper.servlet.TldScanner.scanJars At least one JAR was scanned for TLDs yet contained no TLDs. Enable debug logging for this logger for a complete list of JARs that were scanned but no TLDs were found in them. Skipping unneeded JARs during scanning can improve startup time and JSP compilation time.
22-Mar-2026 09:31:10.865 INFO [http-nio-8080-exec-36] org.apache.catalina.startup.HostConfig.deployDescriptor Deployment of deployment descriptor [D:\tools\apache-tomcat-9.0.108\conf\Catalina\localhost\PE_Prj301.xml] has finished in [742] ms
22-Mar-2026 09:31:10.869 INFO [http-nio-8080-exec-37] org.apache.catalina.util.LifecycleBase.start The start() method was called on component [StandardEngine[Catalina].StandardHost[localhost].StandardContext[/PE_Prj301]] after start() had already been called. The second call will be ignored.
22-Mar-2026 09:31:17.247 INFO [Catalina-utility-1] org.apache.catalina.startup.HostConfig.undeploy Undeploying context [/PE_PRJ301]
22-Mar-2026 09:31:31.448 SEVERE [http-nio-8080-exec-37] org.apache.catalina.session.StandardManager.stopInternal Exception unloading sessions to persistent storage
	java.io.FileNotFoundException: D:\tools\apache-tomcat-9.0.108\work\Catalina\localhost\PE_Prj301\SESSIONS.ser (The system cannot find the path specified)
		at java.io.FileOutputStream.open0(Native Method)
		at java.io.FileOutputStream.open(FileOutputStream.java:270)
		at java.io.FileOutputStream.<init>(FileOutputStream.java:213)
		at java.io.FileOutputStream.<init>(FileOutputStream.java:101)
		at org.apache.catalina.session.StandardManager.doUnload(StandardManager.java:292)
		at org.apache.catalina.session.StandardManager.unload(StandardManager.java:258)
		at org.apache.catalina.session.StandardManager.stopInternal(StandardManager.java:373)
		at org.apache.catalina.util.LifecycleBase.stop(LifecycleBase.java:235)
		at org.apache.catalina.core.StandardContext.stopInternal(StandardContext.java:4723)
		at org.apache.catalina.util.LifecycleBase.stop(LifecycleBase.java:235)
		at org.apache.catalina.manager.ManagerServlet.stop(ManagerServlet.java:1354)
		at org.apache.catalina.manager.ManagerServlet.doGet(ManagerServlet.java:330)
		at javax.servlet.http.HttpServlet.service(HttpServlet.java:529)
		at javax.servlet.http.HttpServlet.service(HttpServlet.java:623)
		at org.apache.catalina.core.ApplicationFilterChain.internalDoFilter(ApplicationFilterChain.java:199)
		at org.apache.catalina.core.ApplicationFilterChain.doFilter(ApplicationFilterChain.java:144)
		at org.apache.tomcat.websocket.server.WsFilter.doFilter(WsFilter.java:51)
		at org.apache.catalina.core.ApplicationFilterChain.internalDoFilter(ApplicationFilterChain.java:168)
		at org.apache.catalina.core.ApplicationFilterChain.doFilter(ApplicationFilterChain.java:144)
		at org.apache.catalina.filters.HttpHeaderSecurityFilter.doFilter(HttpHeaderSecurityFilter.java:129)
		at org.apache.catalina.core.ApplicationFilterChain.internalDoFilter(ApplicationFilterChain.java:168)
		at org.apache.catalina.core.ApplicationFilterChain.doFilter(ApplicationFilterChain.java:144)
		at org.apache.catalina.core.StandardWrapperValve.invoke(StandardWrapperValve.java:168)
		at org.apache.catalina.core.StandardContextValve.invoke(StandardContextValve.java:90)
		at org.apache.catalina.authenticator.AuthenticatorBase.invoke(AuthenticatorBase.java:597)
		at org.apache.catalina.valves.RequestFilterValve.process(RequestFilterValve.java:354)
		at org.apache.catalina.valves.RemoteAddrValve.invoke(RemoteAddrValve.java:54)
		at org.apache.catalina.core.StandardHostValve.invoke(StandardHostValve.java:130)
		at org.apache.catalina.valves.ErrorReportValve.invoke(ErrorReportValve.java:93)
		at org.apache.catalina.valves.AbstractAccessLogValve.invoke(AbstractAccessLogValve.java:656)
		at org.apache.catalina.core.StandardEngineValve.invoke(StandardEngineValve.java:74)
		at org.apache.catalina.connector.CoyoteAdapter.service(CoyoteAdapter.java:346)
		at org.apache.coyote.http11.Http11Processor.service(Http11Processor.java:397)
		at org.apache.coyote.AbstractProcessorLight.process(AbstractProcessorLight.java:63)
		at org.apache.coyote.AbstractProtocol$ConnectionHandler.process(AbstractProtocol.java:935)
		at org.apache.tomcat.util.net.NioEndpoint$SocketProcessor.doRun(NioEndpoint.java:1826)
		at org.apache.tomcat.util.net.SocketProcessorBase.run(SocketProcessorBase.java:52)
		at org.apache.tomcat.util.threads.ThreadPoolExecutor.runWorker(ThreadPoolExecutor.java:1189)
		at org.apache.tomcat.util.threads.ThreadPoolExecutor$Worker.run(ThreadPoolExecutor.java:658)
		at org.apache.tomcat.util.threads.TaskThread$WrappingRunnable.run(TaskThread.java:63)
		at java.lang.Thread.run(Thread.java:748)
22-Mar-2026 09:31:32.100 INFO [http-nio-8080-exec-28] org.apache.jasper.servlet.TldScanner.scanJars At least one JAR was scanned for TLDs yet contained no TLDs. Enable debug logging for this logger for a complete list of JARs that were scanned but no TLDs were found in them. Skipping unneeded JARs during scanning can improve startup time and JSP compilation time.
22-Mar-2026 09:31:32.736 INFO [http-nio-8080-exec-35] org.apache.jasper.servlet.TldScanner.scanJars At least one JAR was scanned for TLDs yet contained no TLDs. Enable debug logging for this logger for a complete list of JARs that were scanned but no TLDs were found in them. Skipping unneeded JARs during scanning can improve startup time and JSP compilation time.
22-Mar-2026 09:31:36.696 INFO [http-nio-8080-exec-40] org.apache.catalina.startup.HostConfig.undeploy Undeploying context [/PE_Prj301]
22-Mar-2026 09:31:39.471 INFO [http-nio-8080-exec-39] org.apache.catalina.startup.HostConfig.deployDescriptor Deploying deployment descriptor [D:\tools\apache-tomcat-9.0.108\conf\Catalina\localhost\PE_Prj301.xml]
22-Mar-2026 09:31:39.472 WARNING [http-nio-8080-exec-39] org.apache.catalina.startup.HostConfig.deployDescriptor The path attribute with value [/PE_Prj301] in deployment descriptor [D:\tools\apache-tomcat-9.0.108\conf\Catalina\localhost\PE_Prj301.xml] has been ignored
22-Mar-2026 09:31:40.109 INFO [http-nio-8080-exec-39] org.apache.jasper.servlet.TldScanner.scanJars At least one JAR was scanned for TLDs yet contained no TLDs. Enable debug logging for this logger for a complete list of JARs that were scanned but no TLDs were found in them. Skipping unneeded JARs during scanning can improve startup time and JSP compilation time.
22-Mar-2026 09:31:40.117 INFO [http-nio-8080-exec-39] org.apache.catalina.startup.HostConfig.deployDescriptor Deployment of deployment descriptor [D:\tools\apache-tomcat-9.0.108\conf\Catalina\localhost\PE_Prj301.xml] has finished in [646] ms
22-Mar-2026 09:31:40.120 INFO [http-nio-8080-exec-40] org.apache.catalina.util.LifecycleBase.start The start() method was called on component [StandardEngine[Catalina].StandardHost[localhost].StandardContext[/PE_Prj301]] after start() had already been called. The second call will be ignored.
22-Mar-2026 09:32:05.000 INFO [http-nio-8080-exec-40] org.apache.jasper.servlet.TldScanner.scanJars At least one JAR was scanned for TLDs yet contained no TLDs. Enable debug logging for this logger for a complete list of JARs that were scanned but no TLDs were found in them. Skipping unneeded JARs during scanning can improve startup time and JSP compilation time.
22-Mar-2026 09:32:05.677 INFO [http-nio-8080-exec-29] org.apache.jasper.servlet.TldScanner.scanJars At least one JAR was scanned for TLDs yet contained no TLDs. Enable debug logging for this logger for a complete list of JARs that were scanned but no TLDs were found in them. Skipping unneeded JARs during scanning can improve startup time and JSP compilation time.
22-Mar-2026 09:32:07.343 INFO [Catalina-utility-1] org.apache.catalina.startup.HostConfig.reload Reloading context [/PE_Prj301]
22-Mar-2026 09:32:07.343 INFO [Catalina-utility-1] org.apache.catalina.core.StandardContext.reload Reloading Context with name [/PE_Prj301] has started
22-Mar-2026 09:32:08.006 INFO [Catalina-utility-1] org.apache.jasper.servlet.TldScanner.scanJars At least one JAR was scanned for TLDs yet contained no TLDs. Enable debug logging for this logger for a complete list of JARs that were scanned but no TLDs were found in them. Skipping unneeded JARs during scanning can improve startup time and JSP compilation time.
22-Mar-2026 09:32:08.023 INFO [Catalina-utility-1] org.apache.catalina.core.StandardContext.reload Reloading Context with name [/PE_Prj301] is completed
22-Mar-2026 09:33:40.728 INFO [http-nio-8080-exec-55] org.apache.catalina.core.StandardContext.reload Reloading Context with name [/PE_Prj301] has started
22-Mar-2026 09:33:40.731 WARNING [http-nio-8080-exec-55] org.apache.catalina.loader.WebappClassLoaderBase.clearReferencesJdbc The web application [PE_Prj301] registered the JDBC driver [com.microsoft.sqlserver.jdbc.SQLServerDriver] but failed to unregister it when the web application was stopped. To prevent a memory leak, the JDBC Driver has been forcibly unregistered.
22-Mar-2026 09:33:40.732 SEVERE [http-nio-8080-exec-55] org.apache.catalina.loader.WebappClassLoaderBase.checkThreadLocalMapForLeaks The web application [PE_Prj301] created a ThreadLocal with key of type [com.microsoft.sqlserver.jdbc.ActivityCorrelator$1] (value [com.microsoft.sqlserver.jdbc.ActivityCorrelator$1@3f1cf8bf]) and a value of type [com.microsoft.sqlserver.jdbc.ActivityId] (value [c6946510-86e0-4c1c-a2d2-9f00b33022d9-0]) but failed to remove it when the web application was stopped. Threads are going to be renewed over time to try and avoid a probable memory leak.
22-Mar-2026 09:33:40.732 SEVERE [http-nio-8080-exec-55] org.apache.catalina.loader.WebappClassLoaderBase.checkThreadLocalMapForLeaks The web application [PE_Prj301] created a ThreadLocal with key of type [com.microsoft.sqlserver.jdbc.ActivityCorrelator$1] (value [com.microsoft.sqlserver.jdbc.ActivityCorrelator$1@3f1cf8bf]) and a value of type [com.microsoft.sqlserver.jdbc.ActivityId] (value [ef193d53-191e-40ca-a750-df0dff3824bc-0]) but failed to remove it when the web application was stopped. Threads are going to be renewed over time to try and avoid a probable memory leak.
22-Mar-2026 09:33:41.341 INFO [http-nio-8080-exec-55] org.apache.jasper.servlet.TldScanner.scanJars At least one JAR was scanned for TLDs yet contained no TLDs. Enable debug logging for this logger for a complete list of JARs that were scanned but no TLDs were found in them. Skipping unneeded JARs during scanning can improve startup time and JSP compilation time.
22-Mar-2026 09:33:41.380 INFO [http-nio-8080-exec-55] org.apache.catalina.core.StandardContext.reload Reloading Context with name [/PE_Prj301] is completed
22-Mar-2026 09:33:41.384 INFO [http-nio-8080-exec-43] org.apache.catalina.core.StandardContext.reload Reloading Context with name [/PE_Prj301] has started
22-Mar-2026 09:33:42.013 INFO [http-nio-8080-exec-43] org.apache.jasper.servlet.TldScanner.scanJars At least one JAR was scanned for TLDs yet contained no TLDs. Enable debug logging for this logger for a complete list of JARs that were scanned but no TLDs were found in them. Skipping unneeded JARs during scanning can improve startup time and JSP compilation time.
22-Mar-2026 09:33:42.021 INFO [http-nio-8080-exec-43] org.apache.catalina.core.StandardContext.reload Reloading Context with name [/PE_Prj301] is completed
22-Mar-2026 09:35:19.583 INFO [http-nio-8080-exec-58] org.apache.catalina.core.StandardContext.reload Reloading Context with name [/PE_Prj301] has started
22-Mar-2026 09:35:19.587 WARNING [http-nio-8080-exec-58] org.apache.catalina.loader.WebappClassLoaderBase.clearReferencesJdbc The web application [PE_Prj301] registered the JDBC driver [com.microsoft.sqlserver.jdbc.SQLServerDriver] but failed to unregister it when the web application was stopped. To prevent a memory leak, the JDBC Driver has been forcibly unregistered.
22-Mar-2026 09:35:20.200 INFO [http-nio-8080-exec-58] org.apache.jasper.servlet.TldScanner.scanJars At least one JAR was scanned for TLDs yet contained no TLDs. Enable debug logging for this logger for a complete list of JARs that were scanned but no TLDs were found in them. Skipping unneeded JARs during scanning can improve startup time and JSP compilation time.
22-Mar-2026 09:35:20.212 INFO [http-nio-8080-exec-58] org.apache.catalina.core.StandardContext.reload Reloading Context with name [/PE_Prj301] is completed
22-Mar-2026 09:35:20.533 INFO [http-nio-8080-exec-60] org.apache.catalina.core.StandardContext.reload Reloading Context with name [/PE_Prj301] has started
22-Mar-2026 09:35:21.142 INFO [http-nio-8080-exec-60] org.apache.jasper.servlet.TldScanner.scanJars At least one JAR was scanned for TLDs yet contained no TLDs. Enable debug logging for this logger for a complete list of JARs that were scanned but no TLDs were found in them. Skipping unneeded JARs during scanning can improve startup time and JSP compilation time.
22-Mar-2026 09:35:21.150 INFO [http-nio-8080-exec-60] org.apache.catalina.core.StandardContext.reload Reloading Context with name [/PE_Prj301] is completed
22-Mar-2026 09:36:28.278 INFO [http-nio-8080-exec-61] org.apache.catalina.startup.HostConfig.undeploy Undeploying context [/PE_Prj301]
22-Mar-2026 09:36:29.878 INFO [http-nio-8080-exec-61] org.apache.catalina.startup.HostConfig.deployDescriptor Deploying deployment descriptor [D:\tools\apache-tomcat-9.0.108\conf\Catalina\localhost\PE_Prj301.xml]
22-Mar-2026 09:36:29.879 WARNING [http-nio-8080-exec-61] org.apache.catalina.startup.HostConfig.deployDescriptor The path attribute with value [/PE_Prj301] in deployment descriptor [D:\tools\apache-tomcat-9.0.108\conf\Catalina\localhost\PE_Prj301.xml] has been ignored
22-Mar-2026 09:36:30.501 INFO [http-nio-8080-exec-61] org.apache.jasper.servlet.TldScanner.scanJars At least one JAR was scanned for TLDs yet contained no TLDs. Enable debug logging for this logger for a complete list of JARs that were scanned but no TLDs were found in them. Skipping unneeded JARs during scanning can improve startup time and JSP compilation time.
22-Mar-2026 09:36:30.509 INFO [http-nio-8080-exec-61] org.apache.catalina.startup.HostConfig.deployDescriptor Deployment of deployment descriptor [D:\tools\apache-tomcat-9.0.108\conf\Catalina\localhost\PE_Prj301.xml] has finished in [631] ms
22-Mar-2026 09:36:30.513 INFO [http-nio-8080-exec-64] org.apache.catalina.util.LifecycleBase.start The start() method was called on component [StandardEngine[Catalina].StandardHost[localhost].StandardContext[/PE_Prj301]] after start() had already been called. The second call will be ignored.
22-Mar-2026 09:37:00.807 WARNING [http-nio-8080-exec-70] org.apache.catalina.loader.WebappClassLoaderBase.clearReferencesJdbc The web application [PE_Prj301] registered the JDBC driver [com.microsoft.sqlserver.jdbc.SQLServerDriver] but failed to unregister it when the web application was stopped. To prevent a memory leak, the JDBC Driver has been forcibly unregistered.
22-Mar-2026 09:37:01.314 INFO [http-nio-8080-exec-70] org.apache.catalina.startup.HostConfig.undeploy Undeploying context [/PE_Prj301]
22-Mar-2026 09:37:01.323 INFO [http-nio-8080-exec-71] org.apache.catalina.startup.HostConfig.deployDescriptor Deploying deployment descriptor [D:\tools\apache-tomcat-9.0.108\conf\Catalina\localhost\PE_Prj301.xml]
22-Mar-2026 09:37:01.323 WARNING [http-nio-8080-exec-71] org.apache.catalina.startup.HostConfig.deployDescriptor The path attribute with value [/PE_Prj301] in deployment descriptor [D:\tools\apache-tomcat-9.0.108\conf\Catalina\localhost\PE_Prj301.xml] has been ignored
22-Mar-2026 09:37:02.080 INFO [http-nio-8080-exec-71] org.apache.jasper.servlet.TldScanner.scanJars At least one JAR was scanned for TLDs yet contained no TLDs. Enable debug logging for this logger for a complete list of JARs that were scanned but no TLDs were found in them. Skipping unneeded JARs during scanning can improve startup time and JSP compilation time.
22-Mar-2026 09:37:02.087 INFO [http-nio-8080-exec-71] org.apache.catalina.startup.HostConfig.deployDescriptor Deployment of deployment descriptor [D:\tools\apache-tomcat-9.0.108\conf\Catalina\localhost\PE_Prj301.xml] has finished in [764] ms
22-Mar-2026 09:37:02.089 INFO [http-nio-8080-exec-64] org.apache.catalina.util.LifecycleBase.start The start() method was called on component [StandardEngine[Catalina].StandardHost[localhost].StandardContext[/PE_Prj301]] after start() had already been called. The second call will be ignored.
22-Mar-2026 09:37:11.844 INFO [http-nio-8080-exec-74] org.apache.catalina.startup.HostConfig.undeploy Undeploying context [/PE_Prj301]
22-Mar-2026 09:37:13.703 INFO [http-nio-8080-exec-67] org.apache.catalina.startup.HostConfig.deployDescriptor Deploying deployment descriptor [D:\tools\apache-tomcat-9.0.108\conf\Catalina\localhost\PE_Prj301.xml]
22-Mar-2026 09:37:13.703 WARNING [http-nio-8080-exec-67] org.apache.catalina.startup.HostConfig.deployDescriptor The path attribute with value [/PE_Prj301] in deployment descriptor [D:\tools\apache-tomcat-9.0.108\conf\Catalina\localhost\PE_Prj301.xml] has been ignored
22-Mar-2026 09:37:14.342 INFO [http-nio-8080-exec-67] org.apache.jasper.servlet.TldScanner.scanJars At least one JAR was scanned for TLDs yet contained no TLDs. Enable debug logging for this logger for a complete list of JARs that were scanned but no TLDs were found in them. Skipping unneeded JARs during scanning can improve startup time and JSP compilation time.
22-Mar-2026 09:37:14.348 INFO [http-nio-8080-exec-67] org.apache.catalina.startup.HostConfig.deployDescriptor Deployment of deployment descriptor [D:\tools\apache-tomcat-9.0.108\conf\Catalina\localhost\PE_Prj301.xml] has finished in [645] ms
22-Mar-2026 09:37:14.351 INFO [http-nio-8080-exec-74] org.apache.catalina.util.LifecycleBase.start The start() method was called on component [StandardEngine[Catalina].StandardHost[localhost].StandardContext[/PE_Prj301]] after start() had already been called. The second call will be ignored.
22-Mar-2026 09:37:36.717 WARNING [http-nio-8080-exec-79] org.apache.catalina.loader.WebappClassLoaderBase.clearReferencesJdbc The web application [PE_Prj301] registered the JDBC driver [com.microsoft.sqlserver.jdbc.SQLServerDriver] but failed to unregister it when the web application was stopped. To prevent a memory leak, the JDBC Driver has been forcibly unregistered.
22-Mar-2026 09:37:36.719 SEVERE [http-nio-8080-exec-79] org.apache.catalina.loader.WebappClassLoaderBase.checkThreadLocalMapForLeaks The web application [PE_Prj301] created a ThreadLocal with key of type [com.microsoft.sqlserver.jdbc.ActivityCorrelator$1] (value [com.microsoft.sqlserver.jdbc.ActivityCorrelator$1@bf854ef]) and a value of type [com.microsoft.sqlserver.jdbc.ActivityId] (value [356f29dd-45ba-4f21-9a2e-a61472f2a419-2]) but failed to remove it when the web application was stopped. Threads are going to be renewed over time to try and avoid a probable memory leak.
22-Mar-2026 09:37:37.225 INFO [http-nio-8080-exec-79] org.apache.catalina.startup.HostConfig.undeploy Undeploying context [/PE_Prj301]
22-Mar-2026 09:38:54.615 INFO [http-nio-8080-exec-82] org.apache.catalina.startup.HostConfig.deployDescriptor Deploying deployment descriptor [D:\tools\apache-tomcat-9.0.108\conf\Catalina\localhost\PE_Prj301.xml]
22-Mar-2026 09:38:54.616 WARNING [http-nio-8080-exec-82] org.apache.catalina.startup.HostConfig.deployDescriptor The path attribute with value [/PE_Prj301] in deployment descriptor [D:\tools\apache-tomcat-9.0.108\conf\Catalina\localhost\PE_Prj301.xml] has been ignored
22-Mar-2026 09:38:55.221 INFO [http-nio-8080-exec-82] org.apache.jasper.servlet.TldScanner.scanJars At least one JAR was scanned for TLDs yet contained no TLDs. Enable debug logging for this logger for a complete list of JARs that were scanned but no TLDs were found in them. Skipping unneeded JARs during scanning can improve startup time and JSP compilation time.
22-Mar-2026 09:38:55.230 INFO [http-nio-8080-exec-82] org.apache.catalina.startup.HostConfig.deployDescriptor Deployment of deployment descriptor [D:\tools\apache-tomcat-9.0.108\conf\Catalina\localhost\PE_Prj301.xml] has finished in [615] ms
22-Mar-2026 09:38:55.232 INFO [http-nio-8080-exec-79] org.apache.catalina.util.LifecycleBase.start The start() method was called on component [StandardEngine[Catalina].StandardHost[localhost].StandardContext[/PE_Prj301]] after start() had already been called. The second call will be ignored.
22-Mar-2026 09:39:59.884 INFO [http-nio-8080-exec-84] org.apache.catalina.core.StandardContext.reload Reloading Context with name [/PE_Prj301] has started
22-Mar-2026 09:39:59.890 WARNING [http-nio-8080-exec-84] org.apache.catalina.loader.WebappClassLoaderBase.clearReferencesJdbc The web application [PE_Prj301] registered the JDBC driver [com.microsoft.sqlserver.jdbc.SQLServerDriver] but failed to unregister it when the web application was stopped. To prevent a memory leak, the JDBC Driver has been forcibly unregistered.
22-Mar-2026 09:40:00.504 INFO [http-nio-8080-exec-84] org.apache.jasper.servlet.TldScanner.scanJars At least one JAR was scanned for TLDs yet contained no TLDs. Enable debug logging for this logger for a complete list of JARs that were scanned but no TLDs were found in them. Skipping unneeded JARs during scanning can improve startup time and JSP compilation time.
22-Mar-2026 09:40:00.518 INFO [http-nio-8080-exec-84] org.apache.catalina.core.StandardContext.reload Reloading Context with name [/PE_Prj301] is completed
22-Mar-2026 09:40:00.522 INFO [http-nio-8080-exec-88] org.apache.catalina.core.StandardContext.reload Reloading Context with name [/PE_Prj301] has started
22-Mar-2026 09:40:01.145 INFO [http-nio-8080-exec-88] org.apache.jasper.servlet.TldScanner.scanJars At least one JAR was scanned for TLDs yet contained no TLDs. Enable debug logging for this logger for a complete list of JARs that were scanned but no TLDs were found in them. Skipping unneeded JARs during scanning can improve startup time and JSP compilation time.
22-Mar-2026 09:40:01.155 INFO [http-nio-8080-exec-88] org.apache.catalina.core.StandardContext.reload Reloading Context with name [/PE_Prj301] is completed
22-Mar-2026 09:40:07.952 WARNING [http-nio-8080-exec-93] org.apache.catalina.loader.WebappClassLoaderBase.clearReferencesJdbc The web application [PE_Prj301] registered the JDBC driver [com.microsoft.sqlserver.jdbc.SQLServerDriver] but failed to unregister it when the web application was stopped. To prevent a memory leak, the JDBC Driver has been forcibly unregistered.
22-Mar-2026 09:40:08.456 INFO [http-nio-8080-exec-93] org.apache.catalina.startup.HostConfig.undeploy Undeploying context [/PE_Prj301]
22-Mar-2026 09:40:10.325 INFO [http-nio-8080-exec-87] org.apache.catalina.startup.HostConfig.deployDescriptor Deploying deployment descriptor [D:\tools\apache-tomcat-9.0.108\conf\Catalina\localhost\PE_Prj301.xml]
22-Mar-2026 09:40:10.326 WARNING [http-nio-8080-exec-87] org.apache.catalina.startup.HostConfig.deployDescriptor The path attribute with value [/PE_Prj301] in deployment descriptor [D:\tools\apache-tomcat-9.0.108\conf\Catalina\localhost\PE_Prj301.xml] has been ignored
22-Mar-2026 09:40:10.925 INFO [http-nio-8080-exec-87] org.apache.jasper.servlet.TldScanner.scanJars At least one JAR was scanned for TLDs yet contained no TLDs. Enable debug logging for this logger for a complete list of JARs that were scanned but no TLDs were found in them. Skipping unneeded JARs during scanning can improve startup time and JSP compilation time.
22-Mar-2026 09:40:10.932 INFO [http-nio-8080-exec-87] org.apache.catalina.startup.HostConfig.deployDescriptor Deployment of deployment descriptor [D:\tools\apache-tomcat-9.0.108\conf\Catalina\localhost\PE_Prj301.xml] has finished in [607] ms
22-Mar-2026 09:40:10.935 INFO [http-nio-8080-exec-93] org.apache.catalina.util.LifecycleBase.start The start() method was called on component [StandardEngine[Catalina].StandardHost[localhost].StandardContext[/PE_Prj301]] after start() had already been called. The second call will be ignored.
22-Mar-2026 09:41:07.179 WARNING [http-nio-8080-exec-97] org.apache.catalina.loader.WebappClassLoaderBase.clearReferencesJdbc The web application [PE_Prj301] registered the JDBC driver [com.microsoft.sqlserver.jdbc.SQLServerDriver] but failed to unregister it when the web application was stopped. To prevent a memory leak, the JDBC Driver has been forcibly unregistered.
22-Mar-2026 09:41:07.695 INFO [http-nio-8080-exec-97] org.apache.catalina.startup.HostConfig.undeploy Undeploying context [/PE_Prj301]
22-Mar-2026 09:41:22.739 INFO [http-nio-8080-exec-97] org.apache.catalina.startup.HostConfig.deployDescriptor Deploying deployment descriptor [D:\tools\apache-tomcat-9.0.108\conf\Catalina\localhost\PE_Prj301.xml]
22-Mar-2026 09:41:22.740 WARNING [http-nio-8080-exec-97] org.apache.catalina.startup.HostConfig.deployDescriptor The path attribute with value [/PE_Prj301] in deployment descriptor [D:\tools\apache-tomcat-9.0.108\conf\Catalina\localhost\PE_Prj301.xml] has been ignored
22-Mar-2026 09:41:23.313 INFO [http-nio-8080-exec-97] org.apache.jasper.servlet.TldScanner.scanJars At least one JAR was scanned for TLDs yet contained no TLDs. Enable debug logging for this logger for a complete list of JARs that were scanned but no TLDs were found in them. Skipping unneeded JARs during scanning can improve startup time and JSP compilation time.
22-Mar-2026 09:41:23.321 INFO [http-nio-8080-exec-97] org.apache.catalina.startup.HostConfig.deployDescriptor Deployment of deployment descriptor [D:\tools\apache-tomcat-9.0.108\conf\Catalina\localhost\PE_Prj301.xml] has finished in [582] ms
22-Mar-2026 09:41:23.323 INFO [http-nio-8080-exec-94] org.apache.catalina.util.LifecycleBase.start The start() method was called on component [StandardEngine[Catalina].StandardHost[localhost].StandardContext[/PE_Prj301]] after start() had already been called. The second call will be ignored.
22-Mar-2026 09:42:02.456 WARNING [http-nio-8080-exec-106] org.apache.catalina.loader.WebappClassLoaderBase.clearReferencesJdbc The web application [PE_Prj301] registered the JDBC driver [com.microsoft.sqlserver.jdbc.SQLServerDriver] but failed to unregister it when the web application was stopped. To prevent a memory leak, the JDBC Driver has been forcibly unregistered.
22-Mar-2026 09:42:02.961 INFO [http-nio-8080-exec-106] org.apache.catalina.startup.HostConfig.undeploy Undeploying context [/PE_Prj301]
22-Mar-2026 09:42:03.003 INFO [http-nio-8080-exec-107] org.apache.catalina.startup.HostConfig.deployDescriptor Deploying deployment descriptor [D:\tools\apache-tomcat-9.0.108\conf\Catalina\localhost\PE_Prj301.xml]
22-Mar-2026 09:42:03.003 WARNING [http-nio-8080-exec-107] org.apache.catalina.startup.HostConfig.deployDescriptor The path attribute with value [/PE_Prj301] in deployment descriptor [D:\tools\apache-tomcat-9.0.108\conf\Catalina\localhost\PE_Prj301.xml] has been ignored
22-Mar-2026 09:42:03.020 INFO [http-nio-8080-exec-107] org.apache.catalina.startup.HostConfig.deployDescriptor Deployment of deployment descriptor [D:\tools\apache-tomcat-9.0.108\conf\Catalina\localhost\PE_Prj301.xml] has finished in [17] ms
22-Mar-2026 09:42:03.022 INFO [http-nio-8080-exec-99] org.apache.catalina.util.LifecycleBase.start The start() method was called on component [StandardEngine[Catalina].StandardHost[localhost].StandardContext[/PE_Prj301]] after start() had already been called. The second call will be ignored.
22-Mar-2026 09:42:05.169 INFO [http-nio-8080-exec-102] org.apache.catalina.startup.HostConfig.undeploy Undeploying context [/PE_Prj301]
22-Mar-2026 09:42:05.175 INFO [http-nio-8080-exec-100] org.apache.catalina.startup.HostConfig.deployDescriptor Deploying deployment descriptor [D:\tools\apache-tomcat-9.0.108\conf\Catalina\localhost\PE_Prj301.xml]
22-Mar-2026 09:42:05.176 WARNING [http-nio-8080-exec-100] org.apache.catalina.startup.HostConfig.deployDescriptor The path attribute with value [/PE_Prj301] in deployment descriptor [D:\tools\apache-tomcat-9.0.108\conf\Catalina\localhost\PE_Prj301.xml] has been ignored
22-Mar-2026 09:42:05.741 INFO [http-nio-8080-exec-100] org.apache.jasper.servlet.TldScanner.scanJars At least one JAR was scanned for TLDs yet contained no TLDs. Enable debug logging for this logger for a complete list of JARs that were scanned but no TLDs were found in them. Skipping unneeded JARs during scanning can improve startup time and JSP compilation time.
22-Mar-2026 09:42:05.749 INFO [http-nio-8080-exec-100] org.apache.catalina.startup.HostConfig.deployDescriptor Deployment of deployment descriptor [D:\tools\apache-tomcat-9.0.108\conf\Catalina\localhost\PE_Prj301.xml] has finished in [574] ms
22-Mar-2026 09:43:22.509 INFO [http-nio-8080-exec-109] org.apache.catalina.core.StandardContext.reload Reloading Context with name [/PE_Prj301] has started
22-Mar-2026 09:43:22.513 WARNING [http-nio-8080-exec-109] org.apache.catalina.loader.WebappClassLoaderBase.clearReferencesJdbc The web application [PE_Prj301] registered the JDBC driver [com.microsoft.sqlserver.jdbc.SQLServerDriver] but failed to unregister it when the web application was stopped. To prevent a memory leak, the JDBC Driver has been forcibly unregistered.
22-Mar-2026 09:43:23.108 INFO [http-nio-8080-exec-109] org.apache.jasper.servlet.TldScanner.scanJars At least one JAR was scanned for TLDs yet contained no TLDs. Enable debug logging for this logger for a complete list of JARs that were scanned but no TLDs were found in them. Skipping unneeded JARs during scanning can improve startup time and JSP compilation time.
22-Mar-2026 09:43:23.122 INFO [http-nio-8080-exec-109] org.apache.catalina.core.StandardContext.reload Reloading Context with name [/PE_Prj301] is completed
22-Mar-2026 09:43:23.126 INFO [http-nio-8080-exec-114] org.apache.catalina.core.StandardContext.reload Reloading Context with name [/PE_Prj301] has started
22-Mar-2026 09:43:23.730 INFO [http-nio-8080-exec-114] org.apache.jasper.servlet.TldScanner.scanJars At least one JAR was scanned for TLDs yet contained no TLDs. Enable debug logging for this logger for a complete list of JARs that were scanned but no TLDs were found in them. Skipping unneeded JARs during scanning can improve startup time and JSP compilation time.
22-Mar-2026 09:43:23.738 INFO [http-nio-8080-exec-114] org.apache.catalina.core.StandardContext.reload Reloading Context with name [/PE_Prj301] is completed
22-Mar-2026 09:43:36.662 INFO [main] org.apache.catalina.core.StandardServer.await A valid shutdown command was received via the shutdown port. Stopping the Server instance.
22-Mar-2026 09:43:36.662 INFO [main] org.apache.coyote.AbstractProtocol.pause Pausing ProtocolHandler ["http-nio-8080"]
22-Mar-2026 09:43:37.130 INFO [main] org.apache.catalina.core.StandardService.stopInternal Stopping service [Catalina]
22-Mar-2026 09:43:37.135 WARNING [main] org.apache.catalina.loader.WebappClassLoaderBase.clearReferencesJdbc The web application [production-management-system] registered the JDBC driver [com.microsoft.sqlserver.jdbc.SQLServerDriver] but failed to unregister it when the web application was stopped. To prevent a memory leak, the JDBC Driver has been forcibly unregistered.
22-Mar-2026 09:43:37.135 SEVERE [main] org.apache.catalina.loader.WebappClassLoaderBase.checkThreadLocalMapForLeaks The web application [production-management-system] created a ThreadLocal with key of type [com.microsoft.sqlserver.jdbc.ActivityCorrelator$1] (value [com.microsoft.sqlserver.jdbc.ActivityCorrelator$1@77b325b3]) and a value of type [com.microsoft.sqlserver.jdbc.ActivityId] (value [afb214e1-c774-489a-8414-89842f11d81f-8]) but failed to remove it when the web application was stopped. Threads are going to be renewed over time to try and avoid a probable memory leak.
22-Mar-2026 09:43:37.142 WARNING [main] org.apache.catalina.loader.WebappClassLoaderBase.clearReferencesJdbc The web application [PE_Prj301] registered the JDBC driver [com.microsoft.sqlserver.jdbc.SQLServerDriver] but failed to unregister it when the web application was stopped. To prevent a memory leak, the JDBC Driver has been forcibly unregistered.
22-Mar-2026 09:43:37.145 INFO [main] org.apache.coyote.AbstractProtocol.stop Stopping ProtocolHandler ["http-nio-8080"]
22-Mar-2026 09:43:37.168 INFO [main] org.apache.coyote.AbstractProtocol.destroy Destroying ProtocolHandler ["http-nio-8080"]
22-Mar-2026 09:44:05.303 INFO [main] org.apache.catalina.startup.VersionLoggerListener.log Server version name:   Apache Tomcat/9.0.108
22-Mar-2026 09:44:05.305 INFO [main] org.apache.catalina.startup.VersionLoggerListener.log Server built:          Jul 31 2025 18:19:48 UTC
22-Mar-2026 09:44:05.305 INFO [main] org.apache.catalina.startup.VersionLoggerListener.log Server version number: 9.0.108.0
22-Mar-2026 09:44:05.305 INFO [main] org.apache.catalina.startup.VersionLoggerListener.log OS Name:               Windows 10
22-Mar-2026 09:44:05.305 INFO [main] org.apache.catalina.startup.VersionLoggerListener.log OS Version:            10.0
22-Mar-2026 09:44:05.305 INFO [main] org.apache.catalina.startup.VersionLoggerListener.log Architecture:          amd64
22-Mar-2026 09:44:05.305 INFO [main] org.apache.catalina.startup.VersionLoggerListener.log Java Home:             C:\Program Files\Java\jdk1.8.0_172\jre
22-Mar-2026 09:44:05.305 INFO [main] org.apache.catalina.startup.VersionLoggerListener.log JVM Version:           1.8.0_172-b11
22-Mar-2026 09:44:05.305 INFO [main] org.apache.catalina.startup.VersionLoggerListener.log JVM Vendor:            Oracle Corporation
22-Mar-2026 09:44:05.305 INFO [main] org.apache.catalina.startup.VersionLoggerListener.log CATALINA_BASE:         D:\tools\apache-tomcat-9.0.108
22-Mar-2026 09:44:05.306 INFO [main] org.apache.catalina.startup.VersionLoggerListener.log CATALINA_HOME:         D:\tools\apache-tomcat-9.0.108
22-Mar-2026 09:44:05.307 INFO [main] org.apache.catalina.startup.VersionLoggerListener.log Command line argument: -Djava.util.logging.config.file=D:\tools\apache-tomcat-9.0.108\conf\logging.properties
22-Mar-2026 09:44:05.307 INFO [main] org.apache.catalina.startup.VersionLoggerListener.log Command line argument: -Djava.util.logging.manager=org.apache.juli.ClassLoaderLogManager
22-Mar-2026 09:44:05.307 INFO [main] org.apache.catalina.startup.VersionLoggerListener.log Command line argument: -Dhttp.nonProxyHosts=localhost|127.0.0.1|DESKTOP-UFCNPBB
22-Mar-2026 09:44:05.307 INFO [main] org.apache.catalina.startup.VersionLoggerListener.log Command line argument: -Djdk.tls.ephemeralDHKeySize=2048
22-Mar-2026 09:44:05.307 INFO [main] org.apache.catalina.startup.VersionLoggerListener.log Command line argument: -Djava.protocol.handler.pkgs=org.apache.catalina.webresources
22-Mar-2026 09:44:05.307 INFO [main] org.apache.catalina.startup.VersionLoggerListener.log Command line argument: -Dsun.io.useCanonCaches=false
22-Mar-2026 09:44:05.307 INFO [main] org.apache.catalina.startup.VersionLoggerListener.log Command line argument: -Dignore.endorsed.dirs=
22-Mar-2026 09:44:05.307 INFO [main] org.apache.catalina.startup.VersionLoggerListener.log Command line argument: -Dcatalina.base=D:\tools\apache-tomcat-9.0.108
22-Mar-2026 09:44:05.307 INFO [main] org.apache.catalina.startup.VersionLoggerListener.log Command line argument: -Dcatalina.home=D:\tools\apache-tomcat-9.0.108
22-Mar-2026 09:44:05.307 INFO [main] org.apache.catalina.startup.VersionLoggerListener.log Command line argument: -Djava.io.tmpdir=D:\tools\apache-tomcat-9.0.108\temp
22-Mar-2026 09:44:05.309 INFO [main] org.apache.catalina.core.AprLifecycleListener.lifecycleEvent Loaded Apache Tomcat Native library [1.3.1] using APR version [1.7.4].
22-Mar-2026 09:44:05.309 INFO [main] org.apache.catalina.core.AprLifecycleListener.lifecycleEvent APR capabilities: IPv6 [true], sendfile [true], accept filters [false], random [true], UDS [true].
22-Mar-2026 09:44:05.309 INFO [main] org.apache.catalina.core.AprLifecycleListener.lifecycleEvent APR/OpenSSL configuration: useAprConnector [false], useOpenSSL [true]
22-Mar-2026 09:44:05.316 INFO [main] org.apache.catalina.core.AprLifecycleListener.initializeSSL OpenSSL successfully initialized [OpenSSL 3.0.14 4 Jun 2024]
22-Mar-2026 09:44:05.548 INFO [main] org.apache.coyote.AbstractProtocol.init Initializing ProtocolHandler ["http-nio-8080"]
22-Mar-2026 09:44:05.563 INFO [main] org.apache.catalina.startup.Catalina.load Server initialization in [395] milliseconds
22-Mar-2026 09:44:05.587 INFO [main] org.apache.catalina.core.StandardService.startInternal Starting service [Catalina]
22-Mar-2026 09:44:05.587 INFO [main] org.apache.catalina.core.StandardEngine.startInternal Starting Servlet engine: [Apache Tomcat/9.0.108]
22-Mar-2026 09:44:05.593 INFO [main] org.apache.catalina.startup.HostConfig.deployDescriptor Deploying deployment descriptor [D:\tools\apache-tomcat-9.0.108\conf\Catalina\localhost\PE_Prj301.xml]
22-Mar-2026 09:44:05.608 WARNING [main] org.apache.catalina.startup.HostConfig.deployDescriptor The path attribute with value [/PE_Prj301] in deployment descriptor [D:\tools\apache-tomcat-9.0.108\conf\Catalina\localhost\PE_Prj301.xml] has been ignored
22-Mar-2026 09:44:06.826 INFO [main] org.apache.jasper.servlet.TldScanner.scanJars At least one JAR was scanned for TLDs yet contained no TLDs. Enable debug logging for this logger for a complete list of JARs that were scanned but no TLDs were found in them. Skipping unneeded JARs during scanning can improve startup time and JSP compilation time.
22-Mar-2026 09:44:07.258 WARNING [main] org.apache.catalina.util.SessionIdGeneratorBase.createSecureRandom Creation of SecureRandom instance for session ID generation using [SHA1PRNG] took [392] milliseconds.
22-Mar-2026 09:44:07.285 INFO [main] org.apache.catalina.startup.HostConfig.deployDescriptor Deployment of deployment descriptor [D:\tools\apache-tomcat-9.0.108\conf\Catalina\localhost\PE_Prj301.xml] has finished in [1,692] ms
22-Mar-2026 09:44:07.286 INFO [main] org.apache.catalina.startup.HostConfig.deployDescriptor Deploying deployment descriptor [D:\tools\apache-tomcat-9.0.108\conf\Catalina\localhost\production-management-system.xml]
22-Mar-2026 09:44:07.286 WARNING [main] org.apache.catalina.startup.HostConfig.deployDescriptor The path attribute with value [/production-management-system] in deployment descriptor [D:\tools\apache-tomcat-9.0.108\conf\Catalina\localhost\production-management-system.xml] has been ignored
22-Mar-2026 09:44:07.753 INFO [main] org.apache.jasper.servlet.TldScanner.scanJars At least one JAR was scanned for TLDs yet contained no TLDs. Enable debug logging for this logger for a complete list of JARs that were scanned but no TLDs were found in them. Skipping unneeded JARs during scanning can improve startup time and JSP compilation time.
22-Mar-2026 09:44:09.094 INFO [main] org.apache.catalina.startup.HostConfig.deployDescriptor Deployment of deployment descriptor [D:\tools\apache-tomcat-9.0.108\conf\Catalina\localhost\production-management-system.xml] has finished in [1,808] ms
22-Mar-2026 09:44:09.094 INFO [main] org.apache.catalina.startup.HostConfig.deployDirectory Deploying web application directory [D:\tools\apache-tomcat-9.0.108\webapps\docs]
22-Mar-2026 09:44:09.113 INFO [main] org.apache.catalina.startup.HostConfig.deployDirectory Deployment of web application directory [D:\tools\apache-tomcat-9.0.108\webapps\docs] has finished in [18] ms
22-Mar-2026 09:44:09.113 INFO [main] org.apache.catalina.startup.HostConfig.deployDirectory Deploying web application directory [D:\tools\apache-tomcat-9.0.108\webapps\examples]
22-Mar-2026 09:44:09.331 INFO [main] org.apache.catalina.startup.HostConfig.deployDirectory Deployment of web application directory [D:\tools\apache-tomcat-9.0.108\webapps\examples] has finished in [217] ms
22-Mar-2026 09:44:09.331 INFO [main] org.apache.catalina.startup.HostConfig.deployDirectory Deploying web application directory [D:\tools\apache-tomcat-9.0.108\webapps\host-manager]
22-Mar-2026 09:44:09.349 INFO [main] org.apache.catalina.startup.HostConfig.deployDirectory Deployment of web application directory [D:\tools\apache-tomcat-9.0.108\webapps\host-manager] has finished in [18] ms
22-Mar-2026 09:44:09.349 INFO [main] org.apache.catalina.startup.HostConfig.deployDirectory Deploying web application directory [D:\tools\apache-tomcat-9.0.108\webapps\manager]
22-Mar-2026 09:44:09.366 INFO [main] org.apache.catalina.startup.HostConfig.deployDirectory Deployment of web application directory [D:\tools\apache-tomcat-9.0.108\webapps\manager] has finished in [17] ms
22-Mar-2026 09:44:09.366 INFO [main] org.apache.catalina.startup.HostConfig.deployDirectory Deploying web application directory [D:\tools\apache-tomcat-9.0.108\webapps\ROOT]
22-Mar-2026 09:44:09.379 INFO [main] org.apache.catalina.startup.HostConfig.deployDirectory Deployment of web application directory [D:\tools\apache-tomcat-9.0.108\webapps\ROOT] has finished in [13] ms
22-Mar-2026 09:44:09.381 INFO [main] org.apache.coyote.AbstractProtocol.start Starting ProtocolHandler ["http-nio-8080"]
22-Mar-2026 09:44:09.393 INFO [main] org.apache.catalina.startup.Catalina.start Server startup in [3830] milliseconds
22-Mar-2026 09:44:52.182 INFO [http-nio-8080-exec-4] org.apache.catalina.core.StandardContext.reload Reloading Context with name [/PE_Prj301] has started
22-Mar-2026 09:44:52.188 WARNING [http-nio-8080-exec-4] org.apache.catalina.loader.WebappClassLoaderBase.clearReferencesJdbc The web application [PE_Prj301] registered the JDBC driver [com.microsoft.sqlserver.jdbc.SQLServerDriver] but failed to unregister it when the web application was stopped. To prevent a memory leak, the JDBC Driver has been forcibly unregistered.
22-Mar-2026 09:44:52.190 SEVERE [http-nio-8080-exec-4] org.apache.catalina.loader.WebappClassLoaderBase.checkThreadLocalMapForLeaks The web application [PE_Prj301] created a ThreadLocal with key of type [com.microsoft.sqlserver.jdbc.ActivityCorrelator$1] (value [com.microsoft.sqlserver.jdbc.ActivityCorrelator$1@627a93ff]) and a value of type [com.microsoft.sqlserver.jdbc.ActivityId] (value [47b45963-fa2a-459f-9bc2-15360160a29b-2]) but failed to remove it when the web application was stopped. Threads are going to be renewed over time to try and avoid a probable memory leak.
22-Mar-2026 09:44:53.075 INFO [http-nio-8080-exec-4] org.apache.jasper.servlet.TldScanner.scanJars At least one JAR was scanned for TLDs yet contained no TLDs. Enable debug logging for this logger for a complete list of JARs that were scanned but no TLDs were found in them. Skipping unneeded JARs during scanning can improve startup time and JSP compilation time.
22-Mar-2026 09:44:53.098 INFO [http-nio-8080-exec-4] org.apache.catalina.core.StandardContext.reload Reloading Context with name [/PE_Prj301] is completed
22-Mar-2026 09:44:53.104 INFO [http-nio-8080-exec-1] org.apache.catalina.core.StandardContext.reload Reloading Context with name [/PE_Prj301] has started
22-Mar-2026 09:44:53.823 INFO [http-nio-8080-exec-1] org.apache.jasper.servlet.TldScanner.scanJars At least one JAR was scanned for TLDs yet contained no TLDs. Enable debug logging for this logger for a complete list of JARs that were scanned but no TLDs were found in them. Skipping unneeded JARs during scanning can improve startup time and JSP compilation time.
22-Mar-2026 09:44:53.864 INFO [http-nio-8080-exec-1] org.apache.catalina.core.StandardContext.reload Reloading Context with name [/PE_Prj301] is completed
22-Mar-2026 09:45:13.585 INFO [http-nio-8080-exec-7] org.apache.catalina.core.StandardContext.reload Reloading Context with name [/PE_Prj301] has started
22-Mar-2026 09:45:13.589 WARNING [http-nio-8080-exec-7] org.apache.catalina.loader.WebappClassLoaderBase.clearReferencesJdbc The web application [PE_Prj301] registered the JDBC driver [com.microsoft.sqlserver.jdbc.SQLServerDriver] but failed to unregister it when the web application was stopped. To prevent a memory leak, the JDBC Driver has been forcibly unregistered.
22-Mar-2026 09:45:14.269 INFO [http-nio-8080-exec-7] org.apache.jasper.servlet.TldScanner.scanJars At least one JAR was scanned for TLDs yet contained no TLDs. Enable debug logging for this logger for a complete list of JARs that were scanned but no TLDs were found in them. Skipping unneeded JARs during scanning can improve startup time and JSP compilation time.
22-Mar-2026 09:45:14.287 INFO [http-nio-8080-exec-7] org.apache.catalina.core.StandardContext.reload Reloading Context with name [/PE_Prj301] is completed
22-Mar-2026 09:45:14.292 INFO [http-nio-8080-exec-12] org.apache.catalina.core.StandardContext.reload Reloading Context with name [/PE_Prj301] has started
22-Mar-2026 09:45:15.008 INFO [http-nio-8080-exec-12] org.apache.jasper.servlet.TldScanner.scanJars At least one JAR was scanned for TLDs yet contained no TLDs. Enable debug logging for this logger for a complete list of JARs that were scanned but no TLDs were found in them. Skipping unneeded JARs during scanning can improve startup time and JSP compilation time.
22-Mar-2026 09:45:15.021 INFO [http-nio-8080-exec-12] org.apache.catalina.core.StandardContext.reload Reloading Context with name [/PE_Prj301] is completed
22-Mar-2026 09:45:52.716 INFO [http-nio-8080-exec-2] org.apache.catalina.core.StandardContext.reload Reloading Context with name [/PE_Prj301] has started
22-Mar-2026 09:45:52.721 WARNING [http-nio-8080-exec-2] org.apache.catalina.loader.WebappClassLoaderBase.clearReferencesJdbc The web application [PE_Prj301] registered the JDBC driver [com.microsoft.sqlserver.jdbc.SQLServerDriver] but failed to unregister it when the web application was stopped. To prevent a memory leak, the JDBC Driver has been forcibly unregistered.
22-Mar-2026 09:45:53.445 INFO [http-nio-8080-exec-2] org.apache.jasper.servlet.TldScanner.scanJars At least one JAR was scanned for TLDs yet contained no TLDs. Enable debug logging for this logger for a complete list of JARs that were scanned but no TLDs were found in them. Skipping unneeded JARs during scanning can improve startup time and JSP compilation time.
22-Mar-2026 09:45:53.460 INFO [http-nio-8080-exec-2] org.apache.catalina.core.StandardContext.reload Reloading Context with name [/PE_Prj301] is completed
22-Mar-2026 09:45:53.464 INFO [http-nio-8080-exec-11] org.apache.catalina.core.StandardContext.reload Reloading Context with name [/PE_Prj301] has started
22-Mar-2026 09:45:54.134 INFO [http-nio-8080-exec-11] org.apache.jasper.servlet.TldScanner.scanJars At least one JAR was scanned for TLDs yet contained no TLDs. Enable debug logging for this logger for a complete list of JARs that were scanned but no TLDs were found in them. Skipping unneeded JARs during scanning can improve startup time and JSP compilation time.
22-Mar-2026 09:45:54.144 INFO [http-nio-8080-exec-11] org.apache.catalina.core.StandardContext.reload Reloading Context with name [/PE_Prj301] is completed
22-Mar-2026 09:48:14.377 INFO [http-nio-8080-exec-25] org.apache.catalina.core.StandardContext.reload Reloading Context with name [/PE_Prj301] has started
22-Mar-2026 09:48:14.379 WARNING [http-nio-8080-exec-25] org.apache.catalina.loader.WebappClassLoaderBase.clearReferencesJdbc The web application [PE_Prj301] registered the JDBC driver [com.microsoft.sqlserver.jdbc.SQLServerDriver] but failed to unregister it when the web application was stopped. To prevent a memory leak, the JDBC Driver has been forcibly unregistered.
22-Mar-2026 09:48:15.106 INFO [http-nio-8080-exec-25] org.apache.jasper.servlet.TldScanner.scanJars At least one JAR was scanned for TLDs yet contained no TLDs. Enable debug logging for this logger for a complete list of JARs that were scanned but no TLDs were found in them. Skipping unneeded JARs during scanning can improve startup time and JSP compilation time.
22-Mar-2026 09:48:15.122 INFO [http-nio-8080-exec-25] org.apache.catalina.core.StandardContext.reload Reloading Context with name [/PE_Prj301] is completed
22-Mar-2026 09:48:15.125 INFO [http-nio-8080-exec-15] org.apache.catalina.core.StandardContext.reload Reloading Context with name [/PE_Prj301] has started
22-Mar-2026 09:48:15.774 INFO [http-nio-8080-exec-15] org.apache.jasper.servlet.TldScanner.scanJars At least one JAR was scanned for TLDs yet contained no TLDs. Enable debug logging for this logger for a complete list of JARs that were scanned but no TLDs were found in them. Skipping unneeded JARs during scanning can improve startup time and JSP compilation time.
22-Mar-2026 09:48:15.783 INFO [http-nio-8080-exec-15] org.apache.catalina.core.StandardContext.reload Reloading Context with name [/PE_Prj301] is completed
22-Mar-2026 09:48:15.787 INFO [http-nio-8080-exec-28] org.apache.catalina.core.StandardContext.reload Reloading Context with name [/PE_Prj301] has started
22-Mar-2026 09:48:16.571 INFO [http-nio-8080-exec-28] org.apache.jasper.servlet.TldScanner.scanJars At least one JAR was scanned for TLDs yet contained no TLDs. Enable debug logging for this logger for a complete list of JARs that were scanned but no TLDs were found in them. Skipping unneeded JARs during scanning can improve startup time and JSP compilation time.
22-Mar-2026 09:48:16.581 INFO [http-nio-8080-exec-28] org.apache.catalina.core.StandardContext.reload Reloading Context with name [/PE_Prj301] is completed
22-Mar-2026 09:49:20.468 INFO [http-nio-8080-exec-29] org.apache.catalina.core.StandardContext.reload Reloading Context with name [/PE_Prj301] has started
22-Mar-2026 09:49:20.471 WARNING [http-nio-8080-exec-29] org.apache.catalina.loader.WebappClassLoaderBase.clearReferencesJdbc The web application [PE_Prj301] registered the JDBC driver [com.microsoft.sqlserver.jdbc.SQLServerDriver] but failed to unregister it when the web application was stopped. To prevent a memory leak, the JDBC Driver has been forcibly unregistered.
22-Mar-2026 09:49:21.226 INFO [http-nio-8080-exec-29] org.apache.jasper.servlet.TldScanner.scanJars At least one JAR was scanned for TLDs yet contained no TLDs. Enable debug logging for this logger for a complete list of JARs that were scanned but no TLDs were found in them. Skipping unneeded JARs during scanning can improve startup time and JSP compilation time.
22-Mar-2026 09:49:21.244 INFO [http-nio-8080-exec-29] org.apache.catalina.core.StandardContext.reload Reloading Context with name [/PE_Prj301] is completed
22-Mar-2026 09:49:21.247 INFO [http-nio-8080-exec-34] org.apache.catalina.core.StandardContext.reload Reloading Context with name [/PE_Prj301] has started
22-Mar-2026 09:49:21.872 INFO [http-nio-8080-exec-34] org.apache.jasper.servlet.TldScanner.scanJars At least one JAR was scanned for TLDs yet contained no TLDs. Enable debug logging for this logger for a complete list of JARs that were scanned but no TLDs were found in them. Skipping unneeded JARs during scanning can improve startup time and JSP compilation time.
22-Mar-2026 09:49:21.882 INFO [http-nio-8080-exec-34] org.apache.catalina.core.StandardContext.reload Reloading Context with name [/PE_Prj301] is completed
22-Mar-2026 09:50:07.169 INFO [http-nio-8080-exec-34] org.apache.catalina.core.StandardContext.reload Reloading Context with name [/PE_Prj301] has started
22-Mar-2026 09:50:07.172 WARNING [http-nio-8080-exec-34] org.apache.catalina.loader.WebappClassLoaderBase.clearReferencesJdbc The web application [PE_Prj301] registered the JDBC driver [com.microsoft.sqlserver.jdbc.SQLServerDriver] but failed to unregister it when the web application was stopped. To prevent a memory leak, the JDBC Driver has been forcibly unregistered.
22-Mar-2026 09:50:07.779 INFO [http-nio-8080-exec-34] org.apache.jasper.servlet.TldScanner.scanJars At least one JAR was scanned for TLDs yet contained no TLDs. Enable debug logging for this logger for a complete list of JARs that were scanned but no TLDs were found in them. Skipping unneeded JARs during scanning can improve startup time and JSP compilation time.
22-Mar-2026 09:50:07.793 INFO [http-nio-8080-exec-34] org.apache.catalina.core.StandardContext.reload Reloading Context with name [/PE_Prj301] is completed
22-Mar-2026 09:50:07.812 INFO [http-nio-8080-exec-35] org.apache.catalina.core.StandardContext.reload Reloading Context with name [/PE_Prj301] has started
22-Mar-2026 09:50:08.419 INFO [http-nio-8080-exec-35] org.apache.jasper.servlet.TldScanner.scanJars At least one JAR was scanned for TLDs yet contained no TLDs. Enable debug logging for this logger for a complete list of JARs that were scanned but no TLDs were found in them. Skipping unneeded JARs during scanning can improve startup time and JSP compilation time.
22-Mar-2026 09:50:08.429 INFO [http-nio-8080-exec-35] org.apache.catalina.core.StandardContext.reload Reloading Context with name [/PE_Prj301] is completed
22-Mar-2026 09:52:16.864 INFO [http-nio-8080-exec-48] org.apache.catalina.core.StandardContext.reload Reloading Context with name [/PE_Prj301] has started
22-Mar-2026 09:52:16.871 WARNING [http-nio-8080-exec-48] org.apache.catalina.loader.WebappClassLoaderBase.clearReferencesJdbc The web application [PE_Prj301] registered the JDBC driver [com.microsoft.sqlserver.jdbc.SQLServerDriver] but failed to unregister it when the web application was stopped. To prevent a memory leak, the JDBC Driver has been forcibly unregistered.
22-Mar-2026 09:52:17.533 INFO [http-nio-8080-exec-48] org.apache.jasper.servlet.TldScanner.scanJars At least one JAR was scanned for TLDs yet contained no TLDs. Enable debug logging for this logger for a complete list of JARs that were scanned but no TLDs were found in them. Skipping unneeded JARs during scanning can improve startup time and JSP compilation time.
22-Mar-2026 09:52:17.549 INFO [http-nio-8080-exec-48] org.apache.catalina.core.StandardContext.reload Reloading Context with name [/PE_Prj301] is completed
22-Mar-2026 09:52:17.554 INFO [http-nio-8080-exec-51] org.apache.catalina.core.StandardContext.reload Reloading Context with name [/PE_Prj301] has started
22-Mar-2026 09:52:18.138 INFO [http-nio-8080-exec-51] org.apache.jasper.servlet.TldScanner.scanJars At least one JAR was scanned for TLDs yet contained no TLDs. Enable debug logging for this logger for a complete list of JARs that were scanned but no TLDs were found in them. Skipping unneeded JARs during scanning can improve startup time and JSP compilation time.
22-Mar-2026 09:52:18.146 INFO [http-nio-8080-exec-51] org.apache.catalina.core.StandardContext.reload Reloading Context with name [/PE_Prj301] is completed
22-Mar-2026 09:54:48.584 INFO [http-nio-8080-exec-57] org.apache.catalina.core.StandardContext.reload Reloading Context with name [/PE_Prj301] has started
22-Mar-2026 09:54:49.305 INFO [http-nio-8080-exec-57] org.apache.jasper.servlet.TldScanner.scanJars At least one JAR was scanned for TLDs yet contained no TLDs. Enable debug logging for this logger for a complete list of JARs that were scanned but no TLDs were found in them. Skipping unneeded JARs during scanning can improve startup time and JSP compilation time.
22-Mar-2026 09:54:49.317 INFO [http-nio-8080-exec-57] org.apache.catalina.core.StandardContext.reload Reloading Context with name [/PE_Prj301] is completed
22-Mar-2026 09:54:49.321 INFO [http-nio-8080-exec-58] org.apache.catalina.core.StandardContext.reload Reloading Context with name [/PE_Prj301] has started
22-Mar-2026 09:54:49.972 INFO [http-nio-8080-exec-58] org.apache.jasper.servlet.TldScanner.scanJars At least one JAR was scanned for TLDs yet contained no TLDs. Enable debug logging for this logger for a complete list of JARs that were scanned but no TLDs were found in them. Skipping unneeded JARs during scanning can improve startup time and JSP compilation time.
22-Mar-2026 09:54:49.982 INFO [http-nio-8080-exec-58] org.apache.catalina.core.StandardContext.reload Reloading Context with name [/PE_Prj301] is completed
22-Mar-2026 09:54:49.986 INFO [http-nio-8080-exec-62] org.apache.catalina.core.StandardContext.reload Reloading Context with name [/PE_Prj301] has started
22-Mar-2026 09:54:50.823 INFO [http-nio-8080-exec-62] org.apache.jasper.servlet.TldScanner.scanJars At least one JAR was scanned for TLDs yet contained no TLDs. Enable debug logging for this logger for a complete list of JARs that were scanned but no TLDs were found in them. Skipping unneeded JARs during scanning can improve startup time and JSP compilation time.
22-Mar-2026 09:54:50.837 INFO [http-nio-8080-exec-62] org.apache.catalina.core.StandardContext.reload Reloading Context with name [/PE_Prj301] is completed
22-Mar-2026 09:56:34.048 WARNING [http-nio-8080-exec-55] org.apache.catalina.loader.WebappClassLoaderBase.clearReferencesJdbc The web application [PE_Prj301] registered the JDBC driver [com.microsoft.sqlserver.jdbc.SQLServerDriver] but failed to unregister it when the web application was stopped. To prevent a memory leak, the JDBC Driver has been forcibly unregistered.
22-Mar-2026 09:56:34.590 INFO [http-nio-8080-exec-55] org.apache.catalina.startup.HostConfig.undeploy Undeploying context [/PE_Prj301]
22-Mar-2026 09:56:36.829 INFO [http-nio-8080-exec-55] org.apache.catalina.startup.HostConfig.deployDescriptor Deploying deployment descriptor [D:\tools\apache-tomcat-9.0.108\conf\Catalina\localhost\PE_Prj301.xml]
22-Mar-2026 09:56:36.830 WARNING [http-nio-8080-exec-55] org.apache.catalina.startup.HostConfig.deployDescriptor The path attribute with value [/PE_Prj301] in deployment descriptor [D:\tools\apache-tomcat-9.0.108\conf\Catalina\localhost\PE_Prj301.xml] has been ignored
22-Mar-2026 09:56:37.460 INFO [http-nio-8080-exec-55] org.apache.jasper.servlet.TldScanner.scanJars At least one JAR was scanned for TLDs yet contained no TLDs. Enable debug logging for this logger for a complete list of JARs that were scanned but no TLDs were found in them. Skipping unneeded JARs during scanning can improve startup time and JSP compilation time.
22-Mar-2026 09:56:37.469 INFO [http-nio-8080-exec-55] org.apache.catalina.startup.HostConfig.deployDescriptor Deployment of deployment descriptor [D:\tools\apache-tomcat-9.0.108\conf\Catalina\localhost\PE_Prj301.xml] has finished in [640] ms
22-Mar-2026 09:56:37.472 INFO [http-nio-8080-exec-66] org.apache.catalina.util.LifecycleBase.start The start() method was called on component [StandardEngine[Catalina].StandardHost[localhost].StandardContext[/PE_Prj301]] after start() had already been called. The second call will be ignored.
22-Mar-2026 09:57:26.009 WARNING [http-nio-8080-exec-64] org.apache.catalina.loader.WebappClassLoaderBase.clearReferencesJdbc The web application [PE_Prj301] registered the JDBC driver [com.microsoft.sqlserver.jdbc.SQLServerDriver] but failed to unregister it when the web application was stopped. To prevent a memory leak, the JDBC Driver has been forcibly unregistered.
22-Mar-2026 09:57:26.525 INFO [http-nio-8080-exec-64] org.apache.catalina.startup.HostConfig.undeploy Undeploying context [/PE_Prj301]
22-Mar-2026 09:57:26.538 INFO [http-nio-8080-exec-72] org.apache.catalina.startup.HostConfig.deployDescriptor Deploying deployment descriptor [D:\tools\apache-tomcat-9.0.108\conf\Catalina\localhost\PE_Prj301.xml]
22-Mar-2026 09:57:26.539 WARNING [http-nio-8080-exec-72] org.apache.catalina.startup.HostConfig.deployDescriptor The path attribute with value [/PE_Prj301] in deployment descriptor [D:\tools\apache-tomcat-9.0.108\conf\Catalina\localhost\PE_Prj301.xml] has been ignored
22-Mar-2026 09:57:27.125 INFO [http-nio-8080-exec-72] org.apache.jasper.servlet.TldScanner.scanJars At least one JAR was scanned for TLDs yet contained no TLDs. Enable debug logging for this logger for a complete list of JARs that were scanned but no TLDs were found in them. Skipping unneeded JARs during scanning can improve startup time and JSP compilation time.
22-Mar-2026 09:57:27.132 INFO [http-nio-8080-exec-72] org.apache.catalina.startup.HostConfig.deployDescriptor Deployment of deployment descriptor [D:\tools\apache-tomcat-9.0.108\conf\Catalina\localhost\PE_Prj301.xml] has finished in [594] ms
22-Mar-2026 09:57:27.135 INFO [http-nio-8080-exec-55] org.apache.catalina.util.LifecycleBase.start The start() method was called on component [StandardEngine[Catalina].StandardHost[localhost].StandardContext[/PE_Prj301]] after start() had already been called. The second call will be ignored.
22-Mar-2026 09:57:35.342 INFO [http-nio-8080-exec-70] org.apache.catalina.core.StandardContext.reload Reloading Context with name [/PE_Prj301] has started
22-Mar-2026 09:57:35.986 INFO [http-nio-8080-exec-70] org.apache.jasper.servlet.TldScanner.scanJars At least one JAR was scanned for TLDs yet contained no TLDs. Enable debug logging for this logger for a complete list of JARs that were scanned but no TLDs were found in them. Skipping unneeded JARs during scanning can improve startup time and JSP compilation time.
22-Mar-2026 09:57:35.993 INFO [http-nio-8080-exec-70] org.apache.catalina.core.StandardContext.reload Reloading Context with name [/PE_Prj301] is completed
22-Mar-2026 09:57:35.996 INFO [http-nio-8080-exec-76] org.apache.catalina.core.StandardContext.reload Reloading Context with name [/PE_Prj301] has started
22-Mar-2026 09:57:36.578 INFO [http-nio-8080-exec-76] org.apache.jasper.servlet.TldScanner.scanJars At least one JAR was scanned for TLDs yet contained no TLDs. Enable debug logging for this logger for a complete list of JARs that were scanned but no TLDs were found in them. Skipping unneeded JARs during scanning can improve startup time and JSP compilation time.
22-Mar-2026 09:57:36.586 INFO [http-nio-8080-exec-76] org.apache.catalina.core.StandardContext.reload Reloading Context with name [/PE_Prj301] is completed
22-Mar-2026 09:58:04.188 INFO [http-nio-8080-exec-73] org.apache.catalina.core.StandardContext.reload Reloading Context with name [/PE_Prj301] has started
22-Mar-2026 09:58:04.191 WARNING [http-nio-8080-exec-73] org.apache.catalina.loader.WebappClassLoaderBase.clearReferencesJdbc The web application [PE_Prj301] registered the JDBC driver [com.microsoft.sqlserver.jdbc.SQLServerDriver] but failed to unregister it when the web application was stopped. To prevent a memory leak, the JDBC Driver has been forcibly unregistered.
22-Mar-2026 09:58:04.806 INFO [http-nio-8080-exec-73] org.apache.jasper.servlet.TldScanner.scanJars At least one JAR was scanned for TLDs yet contained no TLDs. Enable debug logging for this logger for a complete list of JARs that were scanned but no TLDs were found in them. Skipping unneeded JARs during scanning can improve startup time and JSP compilation time.
22-Mar-2026 09:58:04.821 INFO [http-nio-8080-exec-73] org.apache.catalina.core.StandardContext.reload Reloading Context with name [/PE_Prj301] is completed
22-Mar-2026 09:58:04.826 INFO [http-nio-8080-exec-55] org.apache.catalina.core.StandardContext.reload Reloading Context with name [/PE_Prj301] has started
22-Mar-2026 09:58:05.431 INFO [http-nio-8080-exec-55] org.apache.jasper.servlet.TldScanner.scanJars At least one JAR was scanned for TLDs yet contained no TLDs. Enable debug logging for this logger for a complete list of JARs that were scanned but no TLDs were found in them. Skipping unneeded JARs during scanning can improve startup time and JSP compilation time.
22-Mar-2026 09:58:05.440 INFO [http-nio-8080-exec-55] org.apache.catalina.core.StandardContext.reload Reloading Context with name [/PE_Prj301] is completed
22-Mar-2026 09:58:19.948 INFO [http-nio-8080-exec-74] org.apache.catalina.core.StandardContext.reload Reloading Context with name [/PE_Prj301] has started
22-Mar-2026 09:58:19.951 WARNING [http-nio-8080-exec-74] org.apache.catalina.loader.WebappClassLoaderBase.clearReferencesJdbc The web application [PE_Prj301] registered the JDBC driver [com.microsoft.sqlserver.jdbc.SQLServerDriver] but failed to unregister it when the web application was stopped. To prevent a memory leak, the JDBC Driver has been forcibly unregistered.
22-Mar-2026 09:58:20.570 INFO [http-nio-8080-exec-74] org.apache.jasper.servlet.TldScanner.scanJars At least one JAR was scanned for TLDs yet contained no TLDs. Enable debug logging for this logger for a complete list of JARs that were scanned but no TLDs were found in them. Skipping unneeded JARs during scanning can improve startup time and JSP compilation time.
22-Mar-2026 09:58:20.584 INFO [http-nio-8080-exec-74] org.apache.catalina.core.StandardContext.reload Reloading Context with name [/PE_Prj301] is completed
22-Mar-2026 09:58:20.589 INFO [http-nio-8080-exec-77] org.apache.catalina.core.StandardContext.reload Reloading Context with name [/PE_Prj301] has started
22-Mar-2026 09:58:21.188 INFO [http-nio-8080-exec-77] org.apache.jasper.servlet.TldScanner.scanJars At least one JAR was scanned for TLDs yet contained no TLDs. Enable debug logging for this logger for a complete list of JARs that were scanned but no TLDs were found in them. Skipping unneeded JARs during scanning can improve startup time and JSP compilation time.
22-Mar-2026 09:58:21.196 INFO [http-nio-8080-exec-77] org.apache.catalina.core.StandardContext.reload Reloading Context with name [/PE_Prj301] is completed
22-Mar-2026 10:00:16.563 INFO [http-nio-8080-exec-87] org.apache.catalina.core.StandardContext.reload Reloading Context with name [/PE_Prj301] has started
22-Mar-2026 10:00:16.567 WARNING [http-nio-8080-exec-87] org.apache.catalina.loader.WebappClassLoaderBase.clearReferencesJdbc The web application [PE_Prj301] registered the JDBC driver [com.microsoft.sqlserver.jdbc.SQLServerDriver] but failed to unregister it when the web application was stopped. To prevent a memory leak, the JDBC Driver has been forcibly unregistered.
22-Mar-2026 10:00:17.195 INFO [http-nio-8080-exec-87] org.apache.jasper.servlet.TldScanner.scanJars At least one JAR was scanned for TLDs yet contained no TLDs. Enable debug logging for this logger for a complete list of JARs that were scanned but no TLDs were found in them. Skipping unneeded JARs during scanning can improve startup time and JSP compilation time.
22-Mar-2026 10:00:17.208 INFO [http-nio-8080-exec-87] org.apache.catalina.core.StandardContext.reload Reloading Context with name [/PE_Prj301] is completed
22-Mar-2026 10:00:17.213 INFO [http-nio-8080-exec-85] org.apache.catalina.core.StandardContext.reload Reloading Context with name [/PE_Prj301] has started
22-Mar-2026 10:00:17.897 INFO [http-nio-8080-exec-85] org.apache.jasper.servlet.TldScanner.scanJars At least one JAR was scanned for TLDs yet contained no TLDs. Enable debug logging for this logger for a complete list of JARs that were scanned but no TLDs were found in them. Skipping unneeded JARs during scanning can improve startup time and JSP compilation time.
22-Mar-2026 10:00:17.905 INFO [http-nio-8080-exec-85] org.apache.catalina.core.StandardContext.reload Reloading Context with name [/PE_Prj301] is completed
22-Mar-2026 10:00:42.516 INFO [http-nio-8080-exec-93] org.apache.catalina.core.StandardContext.reload Reloading Context with name [/PE_Prj301] has started
22-Mar-2026 10:00:43.110 INFO [http-nio-8080-exec-93] org.apache.jasper.servlet.TldScanner.scanJars At least one JAR was scanned for TLDs yet contained no TLDs. Enable debug logging for this logger for a complete list of JARs that were scanned but no TLDs were found in them. Skipping unneeded JARs during scanning can improve startup time and JSP compilation time.
22-Mar-2026 10:00:43.123 INFO [http-nio-8080-exec-93] org.apache.catalina.core.StandardContext.reload Reloading Context with name [/PE_Prj301] is completed
22-Mar-2026 10:00:43.128 INFO [http-nio-8080-exec-97] org.apache.catalina.core.StandardContext.reload Reloading Context with name [/PE_Prj301] has started
22-Mar-2026 10:00:43.744 INFO [http-nio-8080-exec-97] org.apache.jasper.servlet.TldScanner.scanJars At least one JAR was scanned for TLDs yet contained no TLDs. Enable debug logging for this logger for a complete list of JARs that were scanned but no TLDs were found in them. Skipping unneeded JARs during scanning can improve startup time and JSP compilation time.
22-Mar-2026 10:00:43.752 INFO [http-nio-8080-exec-97] org.apache.catalina.core.StandardContext.reload Reloading Context with name [/PE_Prj301] is completed
22-Mar-2026 10:02:14.677 INFO [http-nio-8080-exec-96] org.apache.catalina.core.StandardContext.reload Reloading Context with name [/PE_Prj301] has started
22-Mar-2026 10:02:14.681 WARNING [http-nio-8080-exec-96] org.apache.catalina.loader.WebappClassLoaderBase.clearReferencesJdbc The web application [PE_Prj301] registered the JDBC driver [com.microsoft.sqlserver.jdbc.SQLServerDriver] but failed to unregister it when the web application was stopped. To prevent a memory leak, the JDBC Driver has been forcibly unregistered.
22-Mar-2026 10:02:15.259 INFO [http-nio-8080-exec-96] org.apache.jasper.servlet.TldScanner.scanJars At least one JAR was scanned for TLDs yet contained no TLDs. Enable debug logging for this logger for a complete list of JARs that were scanned but no TLDs were found in them. Skipping unneeded JARs during scanning can improve startup time and JSP compilation time.
22-Mar-2026 10:02:15.272 INFO [http-nio-8080-exec-96] org.apache.catalina.core.StandardContext.reload Reloading Context with name [/PE_Prj301] is completed
22-Mar-2026 10:02:47.106 INFO [http-nio-8080-exec-92] org.apache.catalina.core.StandardContext.reload Reloading Context with name [/PE_Prj301] has started
22-Mar-2026 10:02:47.109 WARNING [http-nio-8080-exec-92] org.apache.catalina.loader.WebappClassLoaderBase.clearReferencesJdbc The web application [PE_Prj301] registered the JDBC driver [com.microsoft.sqlserver.jdbc.SQLServerDriver] but failed to unregister it when the web application was stopped. To prevent a memory leak, the JDBC Driver has been forcibly unregistered.
22-Mar-2026 10:02:47.723 INFO [http-nio-8080-exec-92] org.apache.jasper.servlet.TldScanner.scanJars At least one JAR was scanned for TLDs yet contained no TLDs. Enable debug logging for this logger for a complete list of JARs that were scanned but no TLDs were found in them. Skipping unneeded JARs during scanning can improve startup time and JSP compilation time.
22-Mar-2026 10:02:47.739 INFO [http-nio-8080-exec-92] org.apache.catalina.core.StandardContext.reload Reloading Context with name [/PE_Prj301] is completed
22-Mar-2026 10:02:47.743 INFO [http-nio-8080-exec-105] org.apache.catalina.core.StandardContext.reload Reloading Context with name [/PE_Prj301] has started
22-Mar-2026 10:02:48.335 INFO [http-nio-8080-exec-105] org.apache.jasper.servlet.TldScanner.scanJars At least one JAR was scanned for TLDs yet contained no TLDs. Enable debug logging for this logger for a complete list of JARs that were scanned but no TLDs were found in them. Skipping unneeded JARs during scanning can improve startup time and JSP compilation time.
22-Mar-2026 10:02:48.342 INFO [http-nio-8080-exec-105] org.apache.catalina.core.StandardContext.reload Reloading Context with name [/PE_Prj301] is completed
22-Mar-2026 10:03:43.996 INFO [http-nio-8080-exec-87] org.apache.catalina.core.StandardContext.reload Reloading Context with name [/PE_Prj301] has started
22-Mar-2026 10:03:44.001 WARNING [http-nio-8080-exec-87] org.apache.catalina.loader.WebappClassLoaderBase.clearReferencesJdbc The web application [PE_Prj301] registered the JDBC driver [com.microsoft.sqlserver.jdbc.SQLServerDriver] but failed to unregister it when the web application was stopped. To prevent a memory leak, the JDBC Driver has been forcibly unregistered.
22-Mar-2026 10:03:44.625 INFO [http-nio-8080-exec-87] org.apache.jasper.servlet.TldScanner.scanJars At least one JAR was scanned for TLDs yet contained no TLDs. Enable debug logging for this logger for a complete list of JARs that were scanned but no TLDs were found in them. Skipping unneeded JARs during scanning can improve startup time and JSP compilation time.
22-Mar-2026 10:03:44.640 INFO [http-nio-8080-exec-87] org.apache.catalina.core.StandardContext.reload Reloading Context with name [/PE_Prj301] is completed
22-Mar-2026 10:03:44.645 INFO [http-nio-8080-exec-106] org.apache.catalina.core.StandardContext.reload Reloading Context with name [/PE_Prj301] has started
22-Mar-2026 10:03:45.278 INFO [http-nio-8080-exec-106] org.apache.jasper.servlet.TldScanner.scanJars At least one JAR was scanned for TLDs yet contained no TLDs. Enable debug logging for this logger for a complete list of JARs that were scanned but no TLDs were found in them. Skipping unneeded JARs during scanning can improve startup time and JSP compilation time.
22-Mar-2026 10:03:45.287 INFO [http-nio-8080-exec-106] org.apache.catalina.core.StandardContext.reload Reloading Context with name [/PE_Prj301] is completed
22-Mar-2026 10:04:35.841 INFO [http-nio-8080-exec-106] org.apache.catalina.core.StandardContext.reload Reloading Context with name [/PE_Prj301] has started
22-Mar-2026 10:04:35.843 WARNING [http-nio-8080-exec-106] org.apache.catalina.loader.WebappClassLoaderBase.clearReferencesJdbc The web application [PE_Prj301] registered the JDBC driver [com.microsoft.sqlserver.jdbc.SQLServerDriver] but failed to unregister it when the web application was stopped. To prevent a memory leak, the JDBC Driver has been forcibly unregistered.
22-Mar-2026 10:04:36.430 INFO [http-nio-8080-exec-106] org.apache.jasper.servlet.TldScanner.scanJars At least one JAR was scanned for TLDs yet contained no TLDs. Enable debug logging for this logger for a complete list of JARs that were scanned but no TLDs were found in them. Skipping unneeded JARs during scanning can improve startup time and JSP compilation time.
22-Mar-2026 10:04:36.448 INFO [http-nio-8080-exec-106] org.apache.catalina.core.StandardContext.reload Reloading Context with name [/PE_Prj301] is completed
22-Mar-2026 10:04:36.452 INFO [http-nio-8080-exec-110] org.apache.catalina.core.StandardContext.reload Reloading Context with name [/PE_Prj301] has started
22-Mar-2026 10:04:37.088 INFO [http-nio-8080-exec-110] org.apache.jasper.servlet.TldScanner.scanJars At least one JAR was scanned for TLDs yet contained no TLDs. Enable debug logging for this logger for a complete list of JARs that were scanned but no TLDs were found in them. Skipping unneeded JARs during scanning can improve startup time and JSP compilation time.
22-Mar-2026 10:04:37.097 INFO [http-nio-8080-exec-110] org.apache.catalina.core.StandardContext.reload Reloading Context with name [/PE_Prj301] is completed
22-Mar-2026 10:05:06.315 INFO [http-nio-8080-exec-120] org.apache.catalina.core.StandardContext.reload Reloading Context with name [/PE_Prj301] has started
22-Mar-2026 10:05:06.320 WARNING [http-nio-8080-exec-120] org.apache.catalina.loader.WebappClassLoaderBase.clearReferencesJdbc The web application [PE_Prj301] registered the JDBC driver [com.microsoft.sqlserver.jdbc.SQLServerDriver] but failed to unregister it when the web application was stopped. To prevent a memory leak, the JDBC Driver has been forcibly unregistered.
22-Mar-2026 10:05:06.924 INFO [http-nio-8080-exec-120] org.apache.jasper.servlet.TldScanner.scanJars At least one JAR was scanned for TLDs yet contained no TLDs. Enable debug logging for this logger for a complete list of JARs that were scanned but no TLDs were found in them. Skipping unneeded JARs during scanning can improve startup time and JSP compilation time.
22-Mar-2026 10:05:06.937 INFO [http-nio-8080-exec-120] org.apache.catalina.core.StandardContext.reload Reloading Context with name [/PE_Prj301] is completed
22-Mar-2026 10:05:06.942 INFO [http-nio-8080-exec-118] org.apache.catalina.core.StandardContext.reload Reloading Context with name [/PE_Prj301] has started
22-Mar-2026 10:05:07.552 INFO [http-nio-8080-exec-118] org.apache.jasper.servlet.TldScanner.scanJars At least one JAR was scanned for TLDs yet contained no TLDs. Enable debug logging for this logger for a complete list of JARs that were scanned but no TLDs were found in them. Skipping unneeded JARs during scanning can improve startup time and JSP compilation time.
22-Mar-2026 10:05:07.560 INFO [http-nio-8080-exec-118] org.apache.catalina.core.StandardContext.reload Reloading Context with name [/PE_Prj301] is completed
22-Mar-2026 10:05:07.563 INFO [http-nio-8080-exec-112] org.apache.catalina.core.StandardContext.reload Reloading Context with name [/PE_Prj301] has started
22-Mar-2026 10:05:08.257 INFO [http-nio-8080-exec-112] org.apache.jasper.servlet.TldScanner.scanJars At least one JAR was scanned for TLDs yet contained no TLDs. Enable debug logging for this logger for a complete list of JARs that were scanned but no TLDs were found in them. Skipping unneeded JARs during scanning can improve startup time and JSP compilation time.
22-Mar-2026 10:05:08.266 INFO [http-nio-8080-exec-112] org.apache.catalina.core.StandardContext.reload Reloading Context with name [/PE_Prj301] is completed
22-Mar-2026 10:12:22.828 INFO [http-nio-8080-exec-127] org.apache.catalina.core.StandardContext.reload Reloading Context with name [/PE_Prj301] has started
22-Mar-2026 10:12:22.831 WARNING [http-nio-8080-exec-127] org.apache.catalina.loader.WebappClassLoaderBase.clearReferencesJdbc The web application [PE_Prj301] registered the JDBC driver [com.microsoft.sqlserver.jdbc.SQLServerDriver] but failed to unregister it when the web application was stopped. To prevent a memory leak, the JDBC Driver has been forcibly unregistered.
22-Mar-2026 10:12:22.831 SEVERE [http-nio-8080-exec-127] org.apache.catalina.loader.WebappClassLoaderBase.checkThreadLocalMapForLeaks The web application [PE_Prj301] created a ThreadLocal with key of type [com.microsoft.sqlserver.jdbc.ActivityCorrelator$1] (value [com.microsoft.sqlserver.jdbc.ActivityCorrelator$1@2c60f129]) and a value of type [com.microsoft.sqlserver.jdbc.ActivityId] (value [479e369f-6159-4eef-90e3-9590f83f29b0-0]) but failed to remove it when the web application was stopped. Threads are going to be renewed over time to try and avoid a probable memory leak.
22-Mar-2026 10:12:23.449 INFO [http-nio-8080-exec-127] org.apache.jasper.servlet.TldScanner.scanJars At least one JAR was scanned for TLDs yet contained no TLDs. Enable debug logging for this logger for a complete list of JARs that were scanned but no TLDs were found in them. Skipping unneeded JARs during scanning can improve startup time and JSP compilation time.
22-Mar-2026 10:12:23.462 INFO [http-nio-8080-exec-127] org.apache.catalina.core.StandardContext.reload Reloading Context with name [/PE_Prj301] is completed
22-Mar-2026 10:12:23.798 INFO [http-nio-8080-exec-128] org.apache.catalina.core.StandardContext.reload Reloading Context with name [/PE_Prj301] has started
22-Mar-2026 10:12:24.482 INFO [http-nio-8080-exec-128] org.apache.jasper.servlet.TldScanner.scanJars At least one JAR was scanned for TLDs yet contained no TLDs. Enable debug logging for this logger for a complete list of JARs that were scanned but no TLDs were found in them. Skipping unneeded JARs during scanning can improve startup time and JSP compilation time.
22-Mar-2026 10:12:24.490 INFO [http-nio-8080-exec-128] org.apache.catalina.core.StandardContext.reload Reloading Context with name [/PE_Prj301] is completed
22-Mar-2026 10:12:35.616 INFO [http-nio-8080-exec-126] org.apache.catalina.core.StandardContext.reload Reloading Context with name [/PE_Prj301] has started
22-Mar-2026 10:12:36.263 INFO [http-nio-8080-exec-126] org.apache.jasper.servlet.TldScanner.scanJars At least one JAR was scanned for TLDs yet contained no TLDs. Enable debug logging for this logger for a complete list of JARs that were scanned but no TLDs were found in them. Skipping unneeded JARs during scanning can improve startup time and JSP compilation time.
22-Mar-2026 10:12:36.270 INFO [http-nio-8080-exec-126] org.apache.catalina.core.StandardContext.reload Reloading Context with name [/PE_Prj301] is completed
22-Mar-2026 10:12:36.597 INFO [http-nio-8080-exec-136] org.apache.catalina.core.StandardContext.reload Reloading Context with name [/PE_Prj301] has started
22-Mar-2026 10:12:37.211 INFO [http-nio-8080-exec-136] org.apache.jasper.servlet.TldScanner.scanJars At least one JAR was scanned for TLDs yet contained no TLDs. Enable debug logging for this logger for a complete list of JARs that were scanned but no TLDs were found in them. Skipping unneeded JARs during scanning can improve startup time and JSP compilation time.
22-Mar-2026 10:12:37.218 INFO [http-nio-8080-exec-136] org.apache.catalina.core.StandardContext.reload Reloading Context with name [/PE_Prj301] is completed
22-Mar-2026 10:12:44.345 INFO [http-nio-8080-exec-132] org.apache.catalina.core.StandardContext.reload Reloading Context with name [/PE_Prj301] has started
22-Mar-2026 10:12:44.974 INFO [http-nio-8080-exec-132] org.apache.jasper.servlet.TldScanner.scanJars At least one JAR was scanned for TLDs yet contained no TLDs. Enable debug logging for this logger for a complete list of JARs that were scanned but no TLDs were found in them. Skipping unneeded JARs during scanning can improve startup time and JSP compilation time.
22-Mar-2026 10:12:44.983 INFO [http-nio-8080-exec-132] org.apache.catalina.core.StandardContext.reload Reloading Context with name [/PE_Prj301] is completed
22-Mar-2026 10:12:45.306 INFO [http-nio-8080-exec-138] org.apache.catalina.core.StandardContext.reload Reloading Context with name [/PE_Prj301] has started
22-Mar-2026 10:12:45.921 INFO [http-nio-8080-exec-138] org.apache.jasper.servlet.TldScanner.scanJars At least one JAR was scanned for TLDs yet contained no TLDs. Enable debug logging for this logger for a complete list of JARs that were scanned but no TLDs were found in them. Skipping unneeded JARs during scanning can improve startup time and JSP compilation time.
22-Mar-2026 10:12:45.929 INFO [http-nio-8080-exec-138] org.apache.catalina.core.StandardContext.reload Reloading Context with name [/PE_Prj301] is completed
22-Mar-2026 10:16:02.434 INFO [http-nio-8080-exec-130] org.apache.catalina.core.StandardContext.reload Reloading Context with name [/PE_Prj301] has started
22-Mar-2026 10:16:03.112 INFO [http-nio-8080-exec-130] org.apache.jasper.servlet.TldScanner.scanJars At least one JAR was scanned for TLDs yet contained no TLDs. Enable debug logging for this logger for a complete list of JARs that were scanned but no TLDs were found in them. Skipping unneeded JARs during scanning can improve startup time and JSP compilation time.
22-Mar-2026 10:16:03.120 INFO [http-nio-8080-exec-130] org.apache.catalina.core.StandardContext.reload Reloading Context with name [/PE_Prj301] is completed
22-Mar-2026 10:16:03.125 INFO [http-nio-8080-exec-145] org.apache.catalina.core.StandardContext.reload Reloading Context with name [/PE_Prj301] has started
22-Mar-2026 10:16:03.731 INFO [http-nio-8080-exec-145] org.apache.jasper.servlet.TldScanner.scanJars At least one JAR was scanned for TLDs yet contained no TLDs. Enable debug logging for this logger for a complete list of JARs that were scanned but no TLDs were found in them. Skipping unneeded JARs during scanning can improve startup time and JSP compilation time.
22-Mar-2026 10:16:03.740 INFO [http-nio-8080-exec-145] org.apache.catalina.core.StandardContext.reload Reloading Context with name [/PE_Prj301] is completed
22-Mar-2026 10:22:55.603 INFO [http-nio-8080-exec-151] org.apache.catalina.core.StandardContext.reload Reloading Context with name [/PE_Prj301] has started
22-Mar-2026 10:22:55.608 WARNING [http-nio-8080-exec-151] org.apache.catalina.loader.WebappClassLoaderBase.clearReferencesJdbc The web application [PE_Prj301] registered the JDBC driver [com.microsoft.sqlserver.jdbc.SQLServerDriver] but failed to unregister it when the web application was stopped. To prevent a memory leak, the JDBC Driver has been forcibly unregistered.
22-Mar-2026 10:22:55.609 SEVERE [http-nio-8080-exec-151] org.apache.catalina.loader.WebappClassLoaderBase.checkThreadLocalMapForLeaks The web application [PE_Prj301] created a ThreadLocal with key of type [com.microsoft.sqlserver.jdbc.ActivityCorrelator$1] (value [com.microsoft.sqlserver.jdbc.ActivityCorrelator$1@ff1dce6]) and a value of type [com.microsoft.sqlserver.jdbc.ActivityId] (value [0db0fccb-2101-4102-8d51-15c30d2e12b1-0]) but failed to remove it when the web application was stopped. Threads are going to be renewed over time to try and avoid a probable memory leak.
22-Mar-2026 10:22:55.609 SEVERE [http-nio-8080-exec-151] org.apache.catalina.loader.WebappClassLoaderBase.checkThreadLocalMapForLeaks The web application [PE_Prj301] created a ThreadLocal with key of type [com.microsoft.sqlserver.jdbc.ActivityCorrelator$1] (value [com.microsoft.sqlserver.jdbc.ActivityCorrelator$1@ff1dce6]) and a value of type [com.microsoft.sqlserver.jdbc.ActivityId] (value [5aa9bcb4-1dc6-4de1-9bff-e81ff2f6c0a3-0]) but failed to remove it when the web application was stopped. Threads are going to be renewed over time to try and avoid a probable memory leak.
22-Mar-2026 10:22:55.609 SEVERE [http-nio-8080-exec-151] org.apache.catalina.loader.WebappClassLoaderBase.checkThreadLocalMapForLeaks The web application [PE_Prj301] created a ThreadLocal with key of type [com.microsoft.sqlserver.jdbc.ActivityCorrelator$1] (value [com.microsoft.sqlserver.jdbc.ActivityCorrelator$1@ff1dce6]) and a value of type [com.microsoft.sqlserver.jdbc.ActivityId] (value [1ad5bc6b-8b40-463c-9ec3-9b081f76db72-0]) but failed to remove it when the web application was stopped. Threads are going to be renewed over time to try and avoid a probable memory leak.
22-Mar-2026 10:22:55.609 SEVERE [http-nio-8080-exec-151] org.apache.catalina.loader.WebappClassLoaderBase.checkThreadLocalMapForLeaks The web application [PE_Prj301] created a ThreadLocal with key of type [com.microsoft.sqlserver.jdbc.ActivityCorrelator$1] (value [com.microsoft.sqlserver.jdbc.ActivityCorrelator$1@ff1dce6]) and a value of type [com.microsoft.sqlserver.jdbc.ActivityId] (value [d723ddbf-7598-4752-8a2a-2eb12381c657-0]) but failed to remove it when the web application was stopped. Threads are going to be renewed over time to try and avoid a probable memory leak.
22-Mar-2026 10:22:55.609 SEVERE [http-nio-8080-exec-151] org.apache.catalina.loader.WebappClassLoaderBase.checkThreadLocalMapForLeaks The web application [PE_Prj301] created a ThreadLocal with key of type [com.microsoft.sqlserver.jdbc.ActivityCorrelator$1] (value [com.microsoft.sqlserver.jdbc.ActivityCorrelator$1@ff1dce6]) and a value of type [com.microsoft.sqlserver.jdbc.ActivityId] (value [cf95fc69-8e42-4aac-aca3-85ef89af3bef-0]) but failed to remove it when the web application was stopped. Threads are going to be renewed over time to try and avoid a probable memory leak.
22-Mar-2026 10:22:55.609 SEVERE [http-nio-8080-exec-151] org.apache.catalina.loader.WebappClassLoaderBase.checkThreadLocalMapForLeaks The web application [PE_Prj301] created a ThreadLocal with key of type [com.microsoft.sqlserver.jdbc.ActivityCorrelator$1] (value [com.microsoft.sqlserver.jdbc.ActivityCorrelator$1@ff1dce6]) and a value of type [com.microsoft.sqlserver.jdbc.ActivityId] (value [de38b5d2-1d61-4ead-864f-1615799c9043-0]) but failed to remove it when the web application was stopped. Threads are going to be renewed over time to try and avoid a probable memory leak.
22-Mar-2026 10:22:56.232 INFO [http-nio-8080-exec-151] org.apache.jasper.servlet.TldScanner.scanJars At least one JAR was scanned for TLDs yet contained no TLDs. Enable debug logging for this logger for a complete list of JARs that were scanned but no TLDs were found in them. Skipping unneeded JARs during scanning can improve startup time and JSP compilation time.
22-Mar-2026 10:22:56.247 INFO [http-nio-8080-exec-151] org.apache.catalina.core.StandardContext.reload Reloading Context with name [/PE_Prj301] is completed
22-Mar-2026 10:23:42.769 INFO [http-nio-8080-exec-150] org.apache.catalina.core.StandardContext.reload Reloading Context with name [/PE_Prj301] has started
22-Mar-2026 10:23:43.397 INFO [http-nio-8080-exec-150] org.apache.jasper.servlet.TldScanner.scanJars At least one JAR was scanned for TLDs yet contained no TLDs. Enable debug logging for this logger for a complete list of JARs that were scanned but no TLDs were found in them. Skipping unneeded JARs during scanning can improve startup time and JSP compilation time.
22-Mar-2026 10:23:43.406 INFO [http-nio-8080-exec-150] org.apache.catalina.core.StandardContext.reload Reloading Context with name [/PE_Prj301] is completed
22-Mar-2026 10:24:37.740 INFO [http-nio-8080-exec-157] org.apache.catalina.core.StandardContext.reload Reloading Context with name [/PE_Prj301] has started
22-Mar-2026 10:24:38.390 INFO [http-nio-8080-exec-157] org.apache.jasper.servlet.TldScanner.scanJars At least one JAR was scanned for TLDs yet contained no TLDs. Enable debug logging for this logger for a complete list of JARs that were scanned but no TLDs were found in them. Skipping unneeded JARs during scanning can improve startup time and JSP compilation time.
22-Mar-2026 10:24:38.400 INFO [http-nio-8080-exec-157] org.apache.catalina.core.StandardContext.reload Reloading Context with name [/PE_Prj301] is completed
22-Mar-2026 10:24:38.714 INFO [http-nio-8080-exec-150] org.apache.catalina.core.StandardContext.reload Reloading Context with name [/PE_Prj301] has started
22-Mar-2026 10:24:39.324 INFO [http-nio-8080-exec-150] org.apache.jasper.servlet.TldScanner.scanJars At least one JAR was scanned for TLDs yet contained no TLDs. Enable debug logging for this logger for a complete list of JARs that were scanned but no TLDs were found in them. Skipping unneeded JARs during scanning can improve startup time and JSP compilation time.
22-Mar-2026 10:24:39.331 INFO [http-nio-8080-exec-150] org.apache.catalina.core.StandardContext.reload Reloading Context with name [/PE_Prj301] is completed
22-Mar-2026 10:24:39.334 INFO [http-nio-8080-exec-149] org.apache.catalina.core.StandardContext.reload Reloading Context with name [/PE_Prj301] has started
22-Mar-2026 10:24:40.022 INFO [http-nio-8080-exec-149] org.apache.jasper.servlet.TldScanner.scanJars At least one JAR was scanned for TLDs yet contained no TLDs. Enable debug logging for this logger for a complete list of JARs that were scanned but no TLDs were found in them. Skipping unneeded JARs during scanning can improve startup time and JSP compilation time.
22-Mar-2026 10:24:40.031 INFO [http-nio-8080-exec-149] org.apache.catalina.core.StandardContext.reload Reloading Context with name [/PE_Prj301] is completed
22-Mar-2026 10:33:14.315 WARNING [http-nio-8080-exec-161] org.apache.catalina.loader.WebappClassLoaderBase.clearReferencesJdbc The web application [PE_Prj301] registered the JDBC driver [com.microsoft.sqlserver.jdbc.SQLServerDriver] but failed to unregister it when the web application was stopped. To prevent a memory leak, the JDBC Driver has been forcibly unregistered.
22-Mar-2026 10:33:14.315 SEVERE [http-nio-8080-exec-161] org.apache.catalina.loader.WebappClassLoaderBase.checkThreadLocalMapForLeaks The web application [PE_Prj301] created a ThreadLocal with key of type [com.microsoft.sqlserver.jdbc.ActivityCorrelator$1] (value [com.microsoft.sqlserver.jdbc.ActivityCorrelator$1@7b6dcb7b]) and a value of type [com.microsoft.sqlserver.jdbc.ActivityId] (value [0d4c7eae-787d-49a2-bb04-5976d6e5746f-0]) but failed to remove it when the web application was stopped. Threads are going to be renewed over time to try and avoid a probable memory leak.
22-Mar-2026 10:33:14.823 INFO [http-nio-8080-exec-161] org.apache.catalina.startup.HostConfig.undeploy Undeploying context [/PE_Prj301]
22-Mar-2026 10:33:21.740 INFO [main] org.apache.catalina.core.StandardServer.await A valid shutdown command was received via the shutdown port. Stopping the Server instance.
22-Mar-2026 10:33:21.740 INFO [main] org.apache.coyote.AbstractProtocol.pause Pausing ProtocolHandler ["http-nio-8080"]
22-Mar-2026 10:33:22.147 INFO [main] org.apache.catalina.core.StandardService.stopInternal Stopping service [Catalina]
22-Mar-2026 10:33:22.151 WARNING [main] org.apache.catalina.loader.WebappClassLoaderBase.clearReferencesJdbc The web application [production-management-system] registered the JDBC driver [com.microsoft.sqlserver.jdbc.SQLServerDriver] but failed to unregister it when the web application was stopped. To prevent a memory leak, the JDBC Driver has been forcibly unregistered.
22-Mar-2026 10:33:22.151 SEVERE [main] org.apache.catalina.loader.WebappClassLoaderBase.checkThreadLocalMapForLeaks The web application [production-management-system] created a ThreadLocal with key of type [com.microsoft.sqlserver.jdbc.ActivityCorrelator$1] (value [com.microsoft.sqlserver.jdbc.ActivityCorrelator$1@3d3930fe]) and a value of type [com.microsoft.sqlserver.jdbc.ActivityId] (value [bb5a9391-7b8a-4fd6-8bc6-2367ddde0a1f-8]) but failed to remove it when the web application was stopped. Threads are going to be renewed over time to try and avoid a probable memory leak.
22-Mar-2026 10:33:22.155 INFO [main] org.apache.coyote.AbstractProtocol.stop Stopping ProtocolHandler ["http-nio-8080"]
22-Mar-2026 10:33:22.160 INFO [main] org.apache.coyote.AbstractProtocol.destroy Destroying ProtocolHandler ["http-nio-8080"]
22-Mar-2026 15:38:14.572 INFO [main] org.apache.catalina.startup.VersionLoggerListener.log Server version name:   Apache Tomcat/9.0.108
22-Mar-2026 15:38:14.577 INFO [main] org.apache.catalina.startup.VersionLoggerListener.log Server built:          Jul 31 2025 18:19:48 UTC
22-Mar-2026 15:38:14.578 INFO [main] org.apache.catalina.startup.VersionLoggerListener.log Server version number: 9.0.108.0
22-Mar-2026 15:38:14.578 INFO [main] org.apache.catalina.startup.VersionLoggerListener.log OS Name:               Windows 10
22-Mar-2026 15:38:14.578 INFO [main] org.apache.catalina.startup.VersionLoggerListener.log OS Version:            10.0
22-Mar-2026 15:38:14.578 INFO [main] org.apache.catalina.startup.VersionLoggerListener.log Architecture:          amd64
22-Mar-2026 15:38:14.578 INFO [main] org.apache.catalina.startup.VersionLoggerListener.log Java Home:             C:\Program Files\Java\jdk1.8.0_172\jre
22-Mar-2026 15:38:14.579 INFO [main] org.apache.catalina.startup.VersionLoggerListener.log JVM Version:           1.8.0_172-b11
22-Mar-2026 15:38:14.579 INFO [main] org.apache.catalina.startup.VersionLoggerListener.log JVM Vendor:            Oracle Corporation
22-Mar-2026 15:38:14.579 INFO [main] org.apache.catalina.startup.VersionLoggerListener.log CATALINA_BASE:         D:\tools\apache-tomcat-9.0.108
22-Mar-2026 15:38:14.579 INFO [main] org.apache.catalina.startup.VersionLoggerListener.log CATALINA_HOME:         D:\tools\apache-tomcat-9.0.108
22-Mar-2026 15:38:14.581 INFO [main] org.apache.catalina.startup.VersionLoggerListener.log Command line argument: -Djava.util.logging.config.file=D:\tools\apache-tomcat-9.0.108\conf\logging.properties
22-Mar-2026 15:38:14.581 INFO [main] org.apache.catalina.startup.VersionLoggerListener.log Command line argument: -Djava.util.logging.manager=org.apache.juli.ClassLoaderLogManager
22-Mar-2026 15:38:14.582 INFO [main] org.apache.catalina.startup.VersionLoggerListener.log Command line argument: -Dhttp.nonProxyHosts=localhost|127.0.0.1|DESKTOP-UFCNPBB
22-Mar-2026 15:38:14.582 INFO [main] org.apache.catalina.startup.VersionLoggerListener.log Command line argument: -Djdk.tls.ephemeralDHKeySize=2048
22-Mar-2026 15:38:14.582 INFO [main] org.apache.catalina.startup.VersionLoggerListener.log Command line argument: -Djava.protocol.handler.pkgs=org.apache.catalina.webresources
22-Mar-2026 15:38:14.582 INFO [main] org.apache.catalina.startup.VersionLoggerListener.log Command line argument: -Dsun.io.useCanonCaches=false
22-Mar-2026 15:38:14.582 INFO [main] org.apache.catalina.startup.VersionLoggerListener.log Command line argument: -Dignore.endorsed.dirs=
22-Mar-2026 15:38:14.582 INFO [main] org.apache.catalina.startup.VersionLoggerListener.log Command line argument: -Dcatalina.base=D:\tools\apache-tomcat-9.0.108
22-Mar-2026 15:38:14.584 INFO [main] org.apache.catalina.startup.VersionLoggerListener.log Command line argument: -Dcatalina.home=D:\tools\apache-tomcat-9.0.108
22-Mar-2026 15:38:14.584 INFO [main] org.apache.catalina.startup.VersionLoggerListener.log Command line argument: -Djava.io.tmpdir=D:\tools\apache-tomcat-9.0.108\temp
22-Mar-2026 15:38:15.050 INFO [main] org.apache.catalina.core.AprLifecycleListener.lifecycleEvent Loaded Apache Tomcat Native library [1.3.1] using APR version [1.7.4].
22-Mar-2026 15:38:15.051 INFO [main] org.apache.catalina.core.AprLifecycleListener.lifecycleEvent APR capabilities: IPv6 [true], sendfile [true], accept filters [false], random [true], UDS [true].
22-Mar-2026 15:38:15.051 INFO [main] org.apache.catalina.core.AprLifecycleListener.lifecycleEvent APR/OpenSSL configuration: useAprConnector [false], useOpenSSL [true]
22-Mar-2026 15:38:15.096 INFO [main] org.apache.catalina.core.AprLifecycleListener.initializeSSL OpenSSL successfully initialized [OpenSSL 3.0.14 4 Jun 2024]
22-Mar-2026 15:38:15.719 INFO [main] org.apache.coyote.AbstractProtocol.init Initializing ProtocolHandler ["http-nio-8080"]
22-Mar-2026 15:38:15.760 INFO [main] org.apache.catalina.startup.Catalina.load Server initialization in [1498] milliseconds
22-Mar-2026 15:38:15.795 INFO [main] org.apache.catalina.core.StandardService.startInternal Starting service [Catalina]
22-Mar-2026 15:38:15.795 INFO [main] org.apache.catalina.core.StandardEngine.startInternal Starting Servlet engine: [Apache Tomcat/9.0.108]
22-Mar-2026 15:38:15.804 INFO [main] org.apache.catalina.startup.HostConfig.deployDescriptor Deploying deployment descriptor [D:\tools\apache-tomcat-9.0.108\conf\Catalina\localhost\production-management-system.xml]
22-Mar-2026 15:38:15.822 WARNING [main] org.apache.catalina.startup.HostConfig.deployDescriptor The path attribute with value [/production-management-system] in deployment descriptor [D:\tools\apache-tomcat-9.0.108\conf\Catalina\localhost\production-management-system.xml] has been ignored
22-Mar-2026 15:38:15.856 SEVERE [main] org.apache.catalina.startup.HostConfig.deployDescriptor Error deploying deployment descriptor [D:\tools\apache-tomcat-9.0.108\conf\Catalina\localhost\production-management-system.xml]
	java.lang.IllegalStateException: Error starting child
		at org.apache.catalina.core.ContainerBase.addChildInternal(ContainerBase.java:602)
		at org.apache.catalina.core.ContainerBase.addChild(ContainerBase.java:571)
		at org.apache.catalina.core.StandardHost.addChild(StandardHost.java:603)
		at org.apache.catalina.startup.HostConfig.deployDescriptor(HostConfig.java:680)
		at org.apache.catalina.startup.HostConfig$DeployDescriptor.run(HostConfig.java:1839)
		at java.util.concurrent.Executors$RunnableAdapter.call(Executors.java:511)
		at java.util.concurrent.FutureTask.run(FutureTask.java:266)
		at org.apache.tomcat.util.threads.InlineExecutorService.execute(InlineExecutorService.java:76)
		at java.util.concurrent.AbstractExecutorService.submit(AbstractExecutorService.java:112)
		at org.apache.catalina.startup.HostConfig.deployDescriptors(HostConfig.java:575)
		at org.apache.catalina.startup.HostConfig.deployApps(HostConfig.java:466)
		at org.apache.catalina.startup.HostConfig.start(HostConfig.java:1579)
		at org.apache.catalina.startup.HostConfig.lifecycleEvent(HostConfig.java:312)
		at org.apache.catalina.util.LifecycleBase.fireLifecycleEvent(LifecycleBase.java:109)
		at org.apache.catalina.util.LifecycleBase.setStateInternal(LifecycleBase.java:389)
		at org.apache.catalina.util.LifecycleBase.setState(LifecycleBase.java:336)
		at org.apache.catalina.core.ContainerBase.startInternal(ContainerBase.java:776)
		at org.apache.catalina.core.StandardHost.startInternal(StandardHost.java:721)
		at org.apache.catalina.util.LifecycleBase.start(LifecycleBase.java:164)
		at org.apache.catalina.core.ContainerBase$StartChild.call(ContainerBase.java:1203)
		at org.apache.catalina.core.ContainerBase$StartChild.call(ContainerBase.java:1193)
		at java.util.concurrent.FutureTask.run(FutureTask.java:266)
		at org.apache.tomcat.util.threads.InlineExecutorService.execute(InlineExecutorService.java:76)
		at java.util.concurrent.AbstractExecutorService.submit(AbstractExecutorService.java:134)
		at org.apache.catalina.core.ContainerBase.startInternal(ContainerBase.java:749)
		at org.apache.catalina.core.StandardEngine.startInternal(StandardEngine.java:211)
		at org.apache.catalina.util.LifecycleBase.start(LifecycleBase.java:164)
		at org.apache.catalina.core.StandardService.startInternal(StandardService.java:412)
		at org.apache.catalina.util.LifecycleBase.start(LifecycleBase.java:164)
		at org.apache.catalina.core.StandardServer.startInternal(StandardServer.java:874)
		at org.apache.catalina.util.LifecycleBase.start(LifecycleBase.java:164)
		at org.apache.catalina.startup.Catalina.start(Catalina.java:739)
		at sun.reflect.NativeMethodAccessorImpl.invoke0(Native Method)
		at sun.reflect.NativeMethodAccessorImpl.invoke(NativeMethodAccessorImpl.java:62)
		at sun.reflect.DelegatingMethodAccessorImpl.invoke(DelegatingMethodAccessorImpl.java:43)
		at java.lang.reflect.Method.invoke(Method.java:498)
		at org.apache.catalina.startup.Bootstrap.start(Bootstrap.java:345)
		at org.apache.catalina.startup.Bootstrap.main(Bootstrap.java:476)
	Caused by: org.apache.catalina.LifecycleException: Failed to start component [org.apache.catalina.webresources.StandardRoot@42607a4f]
		at org.apache.catalina.util.LifecycleBase.handleSubClassException(LifecycleBase.java:406)
		at org.apache.catalina.util.LifecycleBase.start(LifecycleBase.java:179)
		at org.apache.catalina.core.StandardContext.resourcesStart(StandardContext.java:4172)
		at org.apache.catalina.core.StandardContext.startInternal(StandardContext.java:4294)
		at org.apache.catalina.util.LifecycleBase.start(LifecycleBase.java:164)
		at org.apache.catalina.core.ContainerBase.addChildInternal(ContainerBase.java:599)
		... 37 more
	Caused by: java.lang.IllegalArgumentException: The main resource set specified [C:\Users\se193234_TranGiaBao\Downloads\production-management-system-Phuoc-Fix\build\web] is not a directory or war file, or is not readable (it does not exist or permissions to access it are missing)
		at org.apache.catalina.webresources.StandardRoot.createMainResourceSet(StandardRoot.java:758)
		at org.apache.catalina.webresources.StandardRoot.startInternal(StandardRoot.java:715)
		at org.apache.catalina.util.LifecycleBase.start(LifecycleBase.java:164)
		... 41 more
22-Mar-2026 15:38:15.870 INFO [main] org.apache.catalina.startup.HostConfig.deployDescriptor Deployment of deployment descriptor [D:\tools\apache-tomcat-9.0.108\conf\Catalina\localhost\production-management-system.xml] has finished in [65] ms
22-Mar-2026 15:38:15.871 INFO [main] org.apache.catalina.startup.HostConfig.deployDirectory Deploying web application directory [D:\tools\apache-tomcat-9.0.108\webapps\docs]
22-Mar-2026 15:38:17.235 WARNING [main] org.apache.catalina.util.SessionIdGeneratorBase.createSecureRandom Creation of SecureRandom instance for session ID generation using [SHA1PRNG] took [875] milliseconds.
22-Mar-2026 15:38:17.290 INFO [main] org.apache.catalina.startup.HostConfig.deployDirectory Deployment of web application directory [D:\tools\apache-tomcat-9.0.108\webapps\docs] has finished in [1,418] ms
22-Mar-2026 15:38:17.290 INFO [main] org.apache.catalina.startup.HostConfig.deployDirectory Deploying web application directory [D:\tools\apache-tomcat-9.0.108\webapps\examples]
22-Mar-2026 15:38:18.664 INFO [main] org.apache.catalina.startup.HostConfig.deployDirectory Deployment of web application directory [D:\tools\apache-tomcat-9.0.108\webapps\examples] has finished in [1,374] ms
22-Mar-2026 15:38:18.664 INFO [main] org.apache.catalina.startup.HostConfig.deployDirectory Deploying web application directory [D:\tools\apache-tomcat-9.0.108\webapps\host-manager]
22-Mar-2026 15:38:18.695 INFO [main] org.apache.catalina.startup.HostConfig.deployDirectory Deployment of web application directory [D:\tools\apache-tomcat-9.0.108\webapps\host-manager] has finished in [31] ms
22-Mar-2026 15:38:18.695 INFO [main] org.apache.catalina.startup.HostConfig.deployDirectory Deploying web application directory [D:\tools\apache-tomcat-9.0.108\webapps\manager]
22-Mar-2026 15:38:18.723 INFO [main] org.apache.catalina.startup.HostConfig.deployDirectory Deployment of web application directory [D:\tools\apache-tomcat-9.0.108\webapps\manager] has finished in [27] ms
22-Mar-2026 15:38:18.723 INFO [main] org.apache.catalina.startup.HostConfig.deployDirectory Deploying web application directory [D:\tools\apache-tomcat-9.0.108\webapps\ROOT]
22-Mar-2026 15:38:18.741 INFO [main] org.apache.catalina.startup.HostConfig.deployDirectory Deployment of web application directory [D:\tools\apache-tomcat-9.0.108\webapps\ROOT] has finished in [18] ms
22-Mar-2026 15:38:18.745 INFO [main] org.apache.coyote.AbstractProtocol.start Starting ProtocolHandler ["http-nio-8080"]
22-Mar-2026 15:38:18.769 INFO [main] org.apache.catalina.startup.Catalina.start Server startup in [3009] milliseconds
22-Mar-2026 15:38:22.369 INFO [http-nio-8080-exec-9] org.apache.catalina.startup.HostConfig.undeploy Undeploying context [/production-management-system]
22-Mar-2026 15:38:22.506 INFO [http-nio-8080-exec-10] org.apache.catalina.startup.HostConfig.deployDescriptor Deploying deployment descriptor [D:\tools\apache-tomcat-9.0.108\conf\Catalina\localhost\production-management-system.xml]
22-Mar-2026 15:38:22.509 WARNING [http-nio-8080-exec-10] org.apache.catalina.startup.HostConfig.deployDescriptor The path attribute with value [/production-management-system] in deployment descriptor [D:\tools\apache-tomcat-9.0.108\conf\Catalina\localhost\production-management-system.xml] has been ignored
22-Mar-2026 15:38:23.239 INFO [http-nio-8080-exec-10] org.apache.jasper.servlet.TldScanner.scanJars At least one JAR was scanned for TLDs yet contained no TLDs. Enable debug logging for this logger for a complete list of JARs that were scanned but no TLDs were found in them. Skipping unneeded JARs during scanning can improve startup time and JSP compilation time.
22-Mar-2026 15:38:25.571 INFO [http-nio-8080-exec-10] org.apache.catalina.startup.HostConfig.deployDescriptor Deployment of deployment descriptor [D:\tools\apache-tomcat-9.0.108\conf\Catalina\localhost\production-management-system.xml] has finished in [3,065] ms
22-Mar-2026 15:38:25.583 INFO [http-nio-8080-exec-1] org.apache.catalina.util.LifecycleBase.start The start() method was called on component [StandardEngine[Catalina].StandardHost[localhost].StandardContext[/production-management-system]] after start() had already been called. The second call will be ignored.
22-Mar-2026 16:20:11.981 INFO [http-nio-8080-exec-19] org.apache.catalina.core.StandardContext.reload Reloading Context with name [/production-management-system] has started
22-Mar-2026 16:20:11.994 WARNING [http-nio-8080-exec-19] org.apache.catalina.loader.WebappClassLoaderBase.clearReferencesJdbc The web application [production-management-system] registered the JDBC driver [com.microsoft.sqlserver.jdbc.SQLServerDriver] but failed to unregister it when the web application was stopped. To prevent a memory leak, the JDBC Driver has been forcibly unregistered.
22-Mar-2026 16:20:11.996 SEVERE [http-nio-8080-exec-19] org.apache.catalina.loader.WebappClassLoaderBase.checkThreadLocalMapForLeaks The web application [production-management-system] created a ThreadLocal with key of type [com.microsoft.sqlserver.jdbc.ActivityCorrelator$1] (value [com.microsoft.sqlserver.jdbc.ActivityCorrelator$1@2089ab40]) and a value of type [com.microsoft.sqlserver.jdbc.ActivityId] (value [314d83fc-e829-4cb7-aee1-0db4848a1624-21]) but failed to remove it when the web application was stopped. Threads are going to be renewed over time to try and avoid a probable memory leak.
22-Mar-2026 16:20:11.996 SEVERE [http-nio-8080-exec-19] org.apache.catalina.loader.WebappClassLoaderBase.checkThreadLocalMapForLeaks The web application [production-management-system] created a ThreadLocal with key of type [com.microsoft.sqlserver.jdbc.ActivityCorrelator$1] (value [com.microsoft.sqlserver.jdbc.ActivityCorrelator$1@2089ab40]) and a value of type [com.microsoft.sqlserver.jdbc.ActivityId] (value [ec40eaa3-7914-4128-b63b-0d26376d43ab-5]) but failed to remove it when the web application was stopped. Threads are going to be renewed over time to try and avoid a probable memory leak.
22-Mar-2026 16:20:11.996 SEVERE [http-nio-8080-exec-19] org.apache.catalina.loader.WebappClassLoaderBase.checkThreadLocalMapForLeaks The web application [production-management-system] created a ThreadLocal with key of type [com.microsoft.sqlserver.jdbc.ActivityCorrelator$1] (value [com.microsoft.sqlserver.jdbc.ActivityCorrelator$1@2089ab40]) and a value of type [com.microsoft.sqlserver.jdbc.ActivityId] (value [3f3d8ea7-5cb1-4e49-b1cf-76307a3207c8-3]) but failed to remove it when the web application was stopped. Threads are going to be renewed over time to try and avoid a probable memory leak.
22-Mar-2026 16:20:12.580 INFO [http-nio-8080-exec-19] org.apache.jasper.servlet.TldScanner.scanJars At least one JAR was scanned for TLDs yet contained no TLDs. Enable debug logging for this logger for a complete list of JARs that were scanned but no TLDs were found in them. Skipping unneeded JARs during scanning can improve startup time and JSP compilation time.
22-Mar-2026 16:20:13.000 INFO [http-nio-8080-exec-19] org.apache.catalina.core.StandardContext.reload Reloading Context with name [/production-management-system] is completed
22-Mar-2026 16:20:13.021 WARNING [http-nio-8080-exec-21] org.apache.catalina.loader.WebappClassLoaderBase.clearReferencesJdbc The web application [production-management-system] registered the JDBC driver [com.microsoft.sqlserver.jdbc.SQLServerDriver] but failed to unregister it when the web application was stopped. To prevent a memory leak, the JDBC Driver has been forcibly unregistered.
22-Mar-2026 16:20:13.022 SEVERE [http-nio-8080-exec-21] org.apache.catalina.loader.WebappClassLoaderBase.checkThreadLocalMapForLeaks The web application [production-management-system] created a ThreadLocal with key of type [com.microsoft.sqlserver.jdbc.ActivityCorrelator$1] (value [com.microsoft.sqlserver.jdbc.ActivityCorrelator$1@1b2bf578]) and a value of type [com.microsoft.sqlserver.jdbc.ActivityId] (value [f86da533-1a5f-4753-af02-3b9a3e0fa8c7-8]) but failed to remove it when the web application was stopped. Threads are going to be renewed over time to try and avoid a probable memory leak.
22-Mar-2026 16:20:13.537 INFO [http-nio-8080-exec-21] org.apache.catalina.startup.HostConfig.undeploy Undeploying context [/production-management-system]
22-Mar-2026 16:20:13.563 INFO [http-nio-8080-exec-11] org.apache.catalina.startup.HostConfig.deployDescriptor Deploying deployment descriptor [D:\tools\apache-tomcat-9.0.108\conf\Catalina\localhost\production-management-system.xml]
22-Mar-2026 16:20:13.564 WARNING [http-nio-8080-exec-11] org.apache.catalina.startup.HostConfig.deployDescriptor The path attribute with value [/production-management-system] in deployment descriptor [D:\tools\apache-tomcat-9.0.108\conf\Catalina\localhost\production-management-system.xml] has been ignored
22-Mar-2026 16:20:14.228 INFO [http-nio-8080-exec-11] org.apache.jasper.servlet.TldScanner.scanJars At least one JAR was scanned for TLDs yet contained no TLDs. Enable debug logging for this logger for a complete list of JARs that were scanned but no TLDs were found in them. Skipping unneeded JARs during scanning can improve startup time and JSP compilation time.
22-Mar-2026 16:20:14.587 INFO [http-nio-8080-exec-11] org.apache.catalina.startup.HostConfig.deployDescriptor Deployment of deployment descriptor [D:\tools\apache-tomcat-9.0.108\conf\Catalina\localhost\production-management-system.xml] has finished in [1,024] ms
22-Mar-2026 16:20:14.591 INFO [http-nio-8080-exec-19] org.apache.catalina.util.LifecycleBase.start The start() method was called on component [StandardEngine[Catalina].StandardHost[localhost].StandardContext[/production-management-system]] after start() had already been called. The second call will be ignored.
22-Mar-2026 16:20:29.571 WARNING [http-nio-8080-exec-19] org.apache.catalina.loader.WebappClassLoaderBase.clearReferencesJdbc The web application [production-management-system] registered the JDBC driver [com.microsoft.sqlserver.jdbc.SQLServerDriver] but failed to unregister it when the web application was stopped. To prevent a memory leak, the JDBC Driver has been forcibly unregistered.
22-Mar-2026 16:20:30.089 INFO [http-nio-8080-exec-19] org.apache.catalina.startup.HostConfig.undeploy Undeploying context [/production-management-system]
22-Mar-2026 16:20:48.189 INFO [http-nio-8080-exec-12] org.apache.catalina.startup.HostConfig.deployDescriptor Deploying deployment descriptor [D:\tools\apache-tomcat-9.0.108\conf\Catalina\localhost\production-management-system.xml]
22-Mar-2026 16:20:48.190 WARNING [http-nio-8080-exec-12] org.apache.catalina.startup.HostConfig.deployDescriptor The path attribute with value [/production-management-system] in deployment descriptor [D:\tools\apache-tomcat-9.0.108\conf\Catalina\localhost\production-management-system.xml] has been ignored
22-Mar-2026 16:20:48.712 INFO [http-nio-8080-exec-12] org.apache.jasper.servlet.TldScanner.scanJars At least one JAR was scanned for TLDs yet contained no TLDs. Enable debug logging for this logger for a complete list of JARs that were scanned but no TLDs were found in them. Skipping unneeded JARs during scanning can improve startup time and JSP compilation time.
22-Mar-2026 16:20:49.079 INFO [http-nio-8080-exec-12] org.apache.catalina.startup.HostConfig.deployDescriptor Deployment of deployment descriptor [D:\tools\apache-tomcat-9.0.108\conf\Catalina\localhost\production-management-system.xml] has finished in [890] ms
22-Mar-2026 16:20:49.084 INFO [http-nio-8080-exec-19] org.apache.catalina.util.LifecycleBase.start The start() method was called on component [StandardEngine[Catalina].StandardHost[localhost].StandardContext[/production-management-system]] after start() had already been called. The second call will be ignored.
22-Mar-2026 16:25:21.511 WARNING [http-nio-8080-exec-32] org.apache.catalina.loader.WebappClassLoaderBase.clearReferencesJdbc The web application [production-management-system] registered the JDBC driver [com.microsoft.sqlserver.jdbc.SQLServerDriver] but failed to unregister it when the web application was stopped. To prevent a memory leak, the JDBC Driver has been forcibly unregistered.
22-Mar-2026 16:25:21.511 SEVERE [http-nio-8080-exec-32] org.apache.catalina.loader.WebappClassLoaderBase.checkThreadLocalMapForLeaks The web application [production-management-system] created a ThreadLocal with key of type [com.microsoft.sqlserver.jdbc.ActivityCorrelator$1] (value [com.microsoft.sqlserver.jdbc.ActivityCorrelator$1@cc6912]) and a value of type [com.microsoft.sqlserver.jdbc.ActivityId] (value [117314b3-497d-4ee9-b7e0-38b00c399c95-3]) but failed to remove it when the web application was stopped. Threads are going to be renewed over time to try and avoid a probable memory leak.
22-Mar-2026 16:25:21.511 SEVERE [http-nio-8080-exec-32] org.apache.catalina.loader.WebappClassLoaderBase.checkThreadLocalMapForLeaks The web application [production-management-system] created a ThreadLocal with key of type [com.microsoft.sqlserver.jdbc.ActivityCorrelator$1] (value [com.microsoft.sqlserver.jdbc.ActivityCorrelator$1@cc6912]) and a value of type [com.microsoft.sqlserver.jdbc.ActivityId] (value [1ee8bff3-ec96-41c4-a30c-d383dcd777b3-7]) but failed to remove it when the web application was stopped. Threads are going to be renewed over time to try and avoid a probable memory leak.
22-Mar-2026 16:25:21.512 SEVERE [http-nio-8080-exec-32] org.apache.catalina.loader.WebappClassLoaderBase.checkThreadLocalMapForLeaks The web application [production-management-system] created a ThreadLocal with key of type [com.microsoft.sqlserver.jdbc.ActivityCorrelator$1] (value [com.microsoft.sqlserver.jdbc.ActivityCorrelator$1@cc6912]) and a value of type [com.microsoft.sqlserver.jdbc.ActivityId] (value [6e4c8d8f-9545-4171-a858-6a8ea8b89361-7]) but failed to remove it when the web application was stopped. Threads are going to be renewed over time to try and avoid a probable memory leak.
22-Mar-2026 16:25:21.512 SEVERE [http-nio-8080-exec-32] org.apache.catalina.loader.WebappClassLoaderBase.checkThreadLocalMapForLeaks The web application [production-management-system] created a ThreadLocal with key of type [com.microsoft.sqlserver.jdbc.ActivityCorrelator$1] (value [com.microsoft.sqlserver.jdbc.ActivityCorrelator$1@cc6912]) and a value of type [com.microsoft.sqlserver.jdbc.ActivityId] (value [2c39f63d-4edc-4487-b4f3-83c8839962dc-4]) but failed to remove it when the web application was stopped. Threads are going to be renewed over time to try and avoid a probable memory leak.
22-Mar-2026 16:25:21.512 SEVERE [http-nio-8080-exec-32] org.apache.catalina.loader.WebappClassLoaderBase.checkThreadLocalMapForLeaks The web application [production-management-system] created a ThreadLocal with key of type [com.microsoft.sqlserver.jdbc.ActivityCorrelator$1] (value [com.microsoft.sqlserver.jdbc.ActivityCorrelator$1@cc6912]) and a value of type [com.microsoft.sqlserver.jdbc.ActivityId] (value [f17cc857-6c5c-43d2-ad33-6ffbd0d33307-1]) but failed to remove it when the web application was stopped. Threads are going to be renewed over time to try and avoid a probable memory leak.
22-Mar-2026 16:25:21.512 SEVERE [http-nio-8080-exec-32] org.apache.catalina.loader.WebappClassLoaderBase.checkThreadLocalMapForLeaks The web application [production-management-system] created a ThreadLocal with key of type [com.microsoft.sqlserver.jdbc.ActivityCorrelator$1] (value [com.microsoft.sqlserver.jdbc.ActivityCorrelator$1@cc6912]) and a value of type [com.microsoft.sqlserver.jdbc.ActivityId] (value [3acfc871-5589-4e4f-b3de-294472c7b2d3-5]) but failed to remove it when the web application was stopped. Threads are going to be renewed over time to try and avoid a probable memory leak.
22-Mar-2026 16:25:21.512 SEVERE [http-nio-8080-exec-32] org.apache.catalina.loader.WebappClassLoaderBase.checkThreadLocalMapForLeaks The web application [production-management-system] created a ThreadLocal with key of type [com.microsoft.sqlserver.jdbc.ActivityCorrelator$1] (value [com.microsoft.sqlserver.jdbc.ActivityCorrelator$1@cc6912]) and a value of type [com.microsoft.sqlserver.jdbc.ActivityId] (value [51f6af7c-1878-4718-a1cb-7c66c8acceec-2]) but failed to remove it when the web application was stopped. Threads are going to be renewed over time to try and avoid a probable memory leak.
22-Mar-2026 16:25:22.195 INFO [http-nio-8080-exec-32] org.apache.catalina.startup.HostConfig.undeploy Undeploying context [/production-management-system]
22-Mar-2026 16:25:22.217 INFO [http-nio-8080-exec-28] org.apache.catalina.startup.HostConfig.deployDescriptor Deploying deployment descriptor [D:\tools\apache-tomcat-9.0.108\conf\Catalina\localhost\production-management-system.xml]
22-Mar-2026 16:25:22.218 WARNING [http-nio-8080-exec-28] org.apache.catalina.startup.HostConfig.deployDescriptor The path attribute with value [/production-management-system] in deployment descriptor [D:\tools\apache-tomcat-9.0.108\conf\Catalina\localhost\production-management-system.xml] has been ignored
22-Mar-2026 16:25:22.673 INFO [http-nio-8080-exec-28] org.apache.jasper.servlet.TldScanner.scanJars At least one JAR was scanned for TLDs yet contained no TLDs. Enable debug logging for this logger for a complete list of JARs that were scanned but no TLDs were found in them. Skipping unneeded JARs during scanning can improve startup time and JSP compilation time.
22-Mar-2026 16:25:23.011 INFO [http-nio-8080-exec-28] org.apache.catalina.startup.HostConfig.deployDescriptor Deployment of deployment descriptor [D:\tools\apache-tomcat-9.0.108\conf\Catalina\localhost\production-management-system.xml] has finished in [793] ms
22-Mar-2026 16:25:23.014 INFO [http-nio-8080-exec-29] org.apache.catalina.util.LifecycleBase.start The start() method was called on component [StandardEngine[Catalina].StandardHost[localhost].StandardContext[/production-management-system]] after start() had already been called. The second call will be ignored.
22-Mar-2026 16:25:53.359 WARNING [http-nio-8080-exec-37] org.apache.catalina.loader.WebappClassLoaderBase.clearReferencesJdbc The web application [production-management-system] registered the JDBC driver [com.microsoft.sqlserver.jdbc.SQLServerDriver] but failed to unregister it when the web application was stopped. To prevent a memory leak, the JDBC Driver has been forcibly unregistered.
22-Mar-2026 16:25:53.872 INFO [http-nio-8080-exec-37] org.apache.catalina.startup.HostConfig.undeploy Undeploying context [/production-management-system]
22-Mar-2026 16:25:57.155 INFO [http-nio-8080-exec-36] org.apache.catalina.startup.HostConfig.deployDescriptor Deploying deployment descriptor [D:\tools\apache-tomcat-9.0.108\conf\Catalina\localhost\production-management-system.xml]
22-Mar-2026 16:25:57.156 WARNING [http-nio-8080-exec-36] org.apache.catalina.startup.HostConfig.deployDescriptor The path attribute with value [/production-management-system] in deployment descriptor [D:\tools\apache-tomcat-9.0.108\conf\Catalina\localhost\production-management-system.xml] has been ignored
22-Mar-2026 16:25:57.642 INFO [http-nio-8080-exec-36] org.apache.jasper.servlet.TldScanner.scanJars At least one JAR was scanned for TLDs yet contained no TLDs. Enable debug logging for this logger for a complete list of JARs that were scanned but no TLDs were found in them. Skipping unneeded JARs during scanning can improve startup time and JSP compilation time.
22-Mar-2026 16:25:58.016 INFO [http-nio-8080-exec-36] org.apache.catalina.startup.HostConfig.deployDescriptor Deployment of deployment descriptor [D:\tools\apache-tomcat-9.0.108\conf\Catalina\localhost\production-management-system.xml] has finished in [862] ms
22-Mar-2026 16:25:58.020 INFO [http-nio-8080-exec-37] org.apache.catalina.util.LifecycleBase.start The start() method was called on component [StandardEngine[Catalina].StandardHost[localhost].StandardContext[/production-management-system]] after start() had already been called. The second call will be ignored.
22-Mar-2026 16:26:20.822 WARNING [http-nio-8080-exec-33] org.apache.catalina.loader.WebappClassLoaderBase.clearReferencesJdbc The web application [production-management-system] registered the JDBC driver [com.microsoft.sqlserver.jdbc.SQLServerDriver] but failed to unregister it when the web application was stopped. To prevent a memory leak, the JDBC Driver has been forcibly unregistered.
22-Mar-2026 16:26:20.822 SEVERE [http-nio-8080-exec-33] org.apache.catalina.loader.WebappClassLoaderBase.checkThreadLocalMapForLeaks The web application [production-management-system] created a ThreadLocal with key of type [com.microsoft.sqlserver.jdbc.ActivityCorrelator$1] (value [com.microsoft.sqlserver.jdbc.ActivityCorrelator$1@782b5f05]) and a value of type [com.microsoft.sqlserver.jdbc.ActivityId] (value [45b554bf-a5c8-41a1-a7c8-b9a05e51603b-8]) but failed to remove it when the web application was stopped. Threads are going to be renewed over time to try and avoid a probable memory leak.
22-Mar-2026 16:26:21.330 INFO [http-nio-8080-exec-33] org.apache.catalina.startup.HostConfig.undeploy Undeploying context [/production-management-system]
22-Mar-2026 16:26:21.342 INFO [http-nio-8080-exec-31] org.apache.catalina.startup.HostConfig.deployDescriptor Deploying deployment descriptor [D:\tools\apache-tomcat-9.0.108\conf\Catalina\localhost\production-management-system.xml]
22-Mar-2026 16:26:21.343 WARNING [http-nio-8080-exec-31] org.apache.catalina.startup.HostConfig.deployDescriptor The path attribute with value [/production-management-system] in deployment descriptor [D:\tools\apache-tomcat-9.0.108\conf\Catalina\localhost\production-management-system.xml] has been ignored
22-Mar-2026 16:26:21.795 INFO [http-nio-8080-exec-31] org.apache.jasper.servlet.TldScanner.scanJars At least one JAR was scanned for TLDs yet contained no TLDs. Enable debug logging for this logger for a complete list of JARs that were scanned but no TLDs were found in them. Skipping unneeded JARs during scanning can improve startup time and JSP compilation time.
22-Mar-2026 16:26:22.137 INFO [http-nio-8080-exec-31] org.apache.catalina.startup.HostConfig.deployDescriptor Deployment of deployment descriptor [D:\tools\apache-tomcat-9.0.108\conf\Catalina\localhost\production-management-system.xml] has finished in [795] ms
22-Mar-2026 16:26:22.141 INFO [http-nio-8080-exec-35] org.apache.catalina.util.LifecycleBase.start The start() method was called on component [StandardEngine[Catalina].StandardHost[localhost].StandardContext[/production-management-system]] after start() had already been called. The second call will be ignored.
22-Mar-2026 16:35:12.518 WARNING [http-nio-8080-exec-49] org.apache.catalina.loader.WebappClassLoaderBase.clearReferencesJdbc The web application [production-management-system] registered the JDBC driver [com.microsoft.sqlserver.jdbc.SQLServerDriver] but failed to unregister it when the web application was stopped. To prevent a memory leak, the JDBC Driver has been forcibly unregistered.
22-Mar-2026 16:35:12.519 SEVERE [http-nio-8080-exec-49] org.apache.catalina.loader.WebappClassLoaderBase.checkThreadLocalMapForLeaks The web application [production-management-system] created a ThreadLocal with key of type [com.microsoft.sqlserver.jdbc.ActivityCorrelator$1] (value [com.microsoft.sqlserver.jdbc.ActivityCorrelator$1@387d6bd4]) and a value of type [com.microsoft.sqlserver.jdbc.ActivityId] (value [5d8d2125-8e2f-43f0-96f8-5411611bc3dd-5]) but failed to remove it when the web application was stopped. Threads are going to be renewed over time to try and avoid a probable memory leak.
22-Mar-2026 16:35:12.519 SEVERE [http-nio-8080-exec-49] org.apache.catalina.loader.WebappClassLoaderBase.checkThreadLocalMapForLeaks The web application [production-management-system] created a ThreadLocal with key of type [com.microsoft.sqlserver.jdbc.ActivityCorrelator$1] (value [com.microsoft.sqlserver.jdbc.ActivityCorrelator$1@387d6bd4]) and a value of type [com.microsoft.sqlserver.jdbc.ActivityId] (value [eedf0dc7-af8a-4500-a513-a9e302109f62-2]) but failed to remove it when the web application was stopped. Threads are going to be renewed over time to try and avoid a probable memory leak.
22-Mar-2026 16:35:12.519 SEVERE [http-nio-8080-exec-49] org.apache.catalina.loader.WebappClassLoaderBase.checkThreadLocalMapForLeaks The web application [production-management-system] created a ThreadLocal with key of type [com.microsoft.sqlserver.jdbc.ActivityCorrelator$1] (value [com.microsoft.sqlserver.jdbc.ActivityCorrelator$1@387d6bd4]) and a value of type [com.microsoft.sqlserver.jdbc.ActivityId] (value [bd53fcbd-fc45-4622-97aa-7461777b95e5-2]) but failed to remove it when the web application was stopped. Threads are going to be renewed over time to try and avoid a probable memory leak.
22-Mar-2026 16:35:12.519 SEVERE [http-nio-8080-exec-49] org.apache.catalina.loader.WebappClassLoaderBase.checkThreadLocalMapForLeaks The web application [production-management-system] created a ThreadLocal with key of type [com.microsoft.sqlserver.jdbc.ActivityCorrelator$1] (value [com.microsoft.sqlserver.jdbc.ActivityCorrelator$1@387d6bd4]) and a value of type [com.microsoft.sqlserver.jdbc.ActivityId] (value [d748bd74-efa4-41ee-a234-c8e07d44fe0e-2]) but failed to remove it when the web application was stopped. Threads are going to be renewed over time to try and avoid a probable memory leak.
22-Mar-2026 16:35:12.520 SEVERE [http-nio-8080-exec-49] org.apache.catalina.loader.WebappClassLoaderBase.checkThreadLocalMapForLeaks The web application [production-management-system] created a ThreadLocal with key of type [com.microsoft.sqlserver.jdbc.ActivityCorrelator$1] (value [com.microsoft.sqlserver.jdbc.ActivityCorrelator$1@387d6bd4]) and a value of type [com.microsoft.sqlserver.jdbc.ActivityId] (value [0147d84d-fc21-4bef-9908-fc7730848ac4-2]) but failed to remove it when the web application was stopped. Threads are going to be renewed over time to try and avoid a probable memory leak.
22-Mar-2026 16:35:13.033 INFO [http-nio-8080-exec-49] org.apache.catalina.startup.HostConfig.undeploy Undeploying context [/production-management-system]
22-Mar-2026 16:35:13.093 INFO [http-nio-8080-exec-45] org.apache.catalina.startup.HostConfig.deployDescriptor Deploying deployment descriptor [D:\tools\apache-tomcat-9.0.108\conf\Catalina\localhost\production-management-system.xml]
22-Mar-2026 16:35:13.094 WARNING [http-nio-8080-exec-45] org.apache.catalina.startup.HostConfig.deployDescriptor The path attribute with value [/production-management-system] in deployment descriptor [D:\tools\apache-tomcat-9.0.108\conf\Catalina\localhost\production-management-system.xml] has been ignored
22-Mar-2026 16:35:13.701 INFO [http-nio-8080-exec-45] org.apache.jasper.servlet.TldScanner.scanJars At least one JAR was scanned for TLDs yet contained no TLDs. Enable debug logging for this logger for a complete list of JARs that were scanned but no TLDs were found in them. Skipping unneeded JARs during scanning can improve startup time and JSP compilation time.
22-Mar-2026 16:35:14.106 INFO [http-nio-8080-exec-45] org.apache.catalina.startup.HostConfig.deployDescriptor Deployment of deployment descriptor [D:\tools\apache-tomcat-9.0.108\conf\Catalina\localhost\production-management-system.xml] has finished in [1,013] ms
22-Mar-2026 16:35:14.120 WARNING [http-nio-8080-exec-47] org.apache.catalina.loader.WebappClassLoaderBase.clearReferencesJdbc The web application [production-management-system] registered the JDBC driver [com.microsoft.sqlserver.jdbc.SQLServerDriver] but failed to unregister it when the web application was stopped. To prevent a memory leak, the JDBC Driver has been forcibly unregistered.
22-Mar-2026 16:35:14.630 INFO [http-nio-8080-exec-47] org.apache.catalina.startup.HostConfig.undeploy Undeploying context [/production-management-system]
22-Mar-2026 16:35:14.658 INFO [http-nio-8080-exec-46] org.apache.catalina.startup.HostConfig.deployDescriptor Deploying deployment descriptor [D:\tools\apache-tomcat-9.0.108\conf\Catalina\localhost\production-management-system.xml]
22-Mar-2026 16:35:14.661 WARNING [http-nio-8080-exec-46] org.apache.catalina.startup.HostConfig.deployDescriptor The path attribute with value [/production-management-system] in deployment descriptor [D:\tools\apache-tomcat-9.0.108\conf\Catalina\localhost\production-management-system.xml] has been ignored
22-Mar-2026 16:35:15.750 INFO [http-nio-8080-exec-46] org.apache.jasper.servlet.TldScanner.scanJars At least one JAR was scanned for TLDs yet contained no TLDs. Enable debug logging for this logger for a complete list of JARs that were scanned but no TLDs were found in them. Skipping unneeded JARs during scanning can improve startup time and JSP compilation time.
22-Mar-2026 16:35:16.114 INFO [http-nio-8080-exec-46] org.apache.catalina.startup.HostConfig.deployDescriptor Deployment of deployment descriptor [D:\tools\apache-tomcat-9.0.108\conf\Catalina\localhost\production-management-system.xml] has finished in [1,456] ms
22-Mar-2026 16:35:16.118 INFO [http-nio-8080-exec-42] org.apache.catalina.core.StandardContext.reload Reloading Context with name [/production-management-system] has started
22-Mar-2026 16:35:16.123 WARNING [http-nio-8080-exec-42] org.apache.catalina.loader.WebappClassLoaderBase.clearReferencesJdbc The web application [production-management-system] registered the JDBC driver [com.microsoft.sqlserver.jdbc.SQLServerDriver] but failed to unregister it when the web application was stopped. To prevent a memory leak, the JDBC Driver has been forcibly unregistered.
22-Mar-2026 16:35:16.610 INFO [http-nio-8080-exec-42] org.apache.jasper.servlet.TldScanner.scanJars At least one JAR was scanned for TLDs yet contained no TLDs. Enable debug logging for this logger for a complete list of JARs that were scanned but no TLDs were found in them. Skipping unneeded JARs during scanning can improve startup time and JSP compilation time.
22-Mar-2026 16:35:17.047 INFO [http-nio-8080-exec-42] org.apache.catalina.core.StandardContext.reload Reloading Context with name [/production-management-system] is completed
22-Mar-2026 16:35:17.051 INFO [http-nio-8080-exec-44] org.apache.catalina.util.LifecycleBase.start The start() method was called on component [StandardEngine[Catalina].StandardHost[localhost].StandardContext[/production-management-system]] after start() had already been called. The second call will be ignored.
22-Mar-2026 16:44:28.057 INFO [http-nio-8080-exec-58] org.apache.catalina.core.StandardContext.reload Reloading Context with name [/production-management-system] has started
22-Mar-2026 16:44:28.063 WARNING [http-nio-8080-exec-58] org.apache.catalina.loader.WebappClassLoaderBase.clearReferencesJdbc The web application [production-management-system] registered the JDBC driver [com.microsoft.sqlserver.jdbc.SQLServerDriver] but failed to unregister it when the web application was stopped. To prevent a memory leak, the JDBC Driver has been forcibly unregistered.
22-Mar-2026 16:44:28.063 SEVERE [http-nio-8080-exec-58] org.apache.catalina.loader.WebappClassLoaderBase.checkThreadLocalMapForLeaks The web application [production-management-system] created a ThreadLocal with key of type [com.microsoft.sqlserver.jdbc.ActivityCorrelator$1] (value [com.microsoft.sqlserver.jdbc.ActivityCorrelator$1@5398cd38]) and a value of type [com.microsoft.sqlserver.jdbc.ActivityId] (value [fee423ae-e646-4e54-86ea-69c687ee8e2f-4]) but failed to remove it when the web application was stopped. Threads are going to be renewed over time to try and avoid a probable memory leak.
22-Mar-2026 16:44:28.063 SEVERE [http-nio-8080-exec-58] org.apache.catalina.loader.WebappClassLoaderBase.checkThreadLocalMapForLeaks The web application [production-management-system] created a ThreadLocal with key of type [com.microsoft.sqlserver.jdbc.ActivityCorrelator$1] (value [com.microsoft.sqlserver.jdbc.ActivityCorrelator$1@5398cd38]) and a value of type [com.microsoft.sqlserver.jdbc.ActivityId] (value [cfa2e020-8273-49fe-a22c-9ebc421b8d23-6]) but failed to remove it when the web application was stopped. Threads are going to be renewed over time to try and avoid a probable memory leak.
22-Mar-2026 16:44:28.063 SEVERE [http-nio-8080-exec-58] org.apache.catalina.loader.WebappClassLoaderBase.checkThreadLocalMapForLeaks The web application [production-management-system] created a ThreadLocal with key of type [com.microsoft.sqlserver.jdbc.ActivityCorrelator$1] (value [com.microsoft.sqlserver.jdbc.ActivityCorrelator$1@5398cd38]) and a value of type [com.microsoft.sqlserver.jdbc.ActivityId] (value [4e03ba7e-fb7e-4228-b35c-ff711552a068-4]) but failed to remove it when the web application was stopped. Threads are going to be renewed over time to try and avoid a probable memory leak.
22-Mar-2026 16:44:28.064 SEVERE [http-nio-8080-exec-58] org.apache.catalina.loader.WebappClassLoaderBase.checkThreadLocalMapForLeaks The web application [production-management-system] created a ThreadLocal with key of type [com.microsoft.sqlserver.jdbc.ActivityCorrelator$1] (value [com.microsoft.sqlserver.jdbc.ActivityCorrelator$1@5398cd38]) and a value of type [com.microsoft.sqlserver.jdbc.ActivityId] (value [76de20e5-c165-41f9-ac25-c7da20a8b6df-3]) but failed to remove it when the web application was stopped. Threads are going to be renewed over time to try and avoid a probable memory leak.
22-Mar-2026 16:44:28.064 SEVERE [http-nio-8080-exec-58] org.apache.catalina.loader.WebappClassLoaderBase.checkThreadLocalMapForLeaks The web application [production-management-system] created a ThreadLocal with key of type [com.microsoft.sqlserver.jdbc.ActivityCorrelator$1] (value [com.microsoft.sqlserver.jdbc.ActivityCorrelator$1@5398cd38]) and a value of type [com.microsoft.sqlserver.jdbc.ActivityId] (value [1d8a23c8-37b8-4d1f-9743-caebfb8edf55-2]) but failed to remove it when the web application was stopped. Threads are going to be renewed over time to try and avoid a probable memory leak.
22-Mar-2026 16:44:28.707 INFO [http-nio-8080-exec-58] org.apache.jasper.servlet.TldScanner.scanJars At least one JAR was scanned for TLDs yet contained no TLDs. Enable debug logging for this logger for a complete list of JARs that were scanned but no TLDs were found in them. Skipping unneeded JARs during scanning can improve startup time and JSP compilation time.
22-Mar-2026 16:44:29.113 INFO [http-nio-8080-exec-58] org.apache.catalina.core.StandardContext.reload Reloading Context with name [/production-management-system] is completed
22-Mar-2026 16:47:09.662 INFO [http-nio-8080-exec-62] org.apache.catalina.core.StandardContext.reload Reloading Context with name [/production-management-system] has started
22-Mar-2026 16:47:09.668 WARNING [http-nio-8080-exec-62] org.apache.catalina.loader.WebappClassLoaderBase.clearReferencesJdbc The web application [production-management-system] registered the JDBC driver [com.microsoft.sqlserver.jdbc.SQLServerDriver] but failed to unregister it when the web application was stopped. To prevent a memory leak, the JDBC Driver has been forcibly unregistered.
22-Mar-2026 16:47:10.343 INFO [http-nio-8080-exec-62] org.apache.jasper.servlet.TldScanner.scanJars At least one JAR was scanned for TLDs yet contained no TLDs. Enable debug logging for this logger for a complete list of JARs that were scanned but no TLDs were found in them. Skipping unneeded JARs during scanning can improve startup time and JSP compilation time.
22-Mar-2026 16:47:10.691 INFO [http-nio-8080-exec-62] org.apache.catalina.core.StandardContext.reload Reloading Context with name [/production-management-system] is completed
22-Mar-2026 16:47:10.702 WARNING [http-nio-8080-exec-69] org.apache.catalina.loader.WebappClassLoaderBase.clearReferencesJdbc The web application [production-management-system] registered the JDBC driver [com.microsoft.sqlserver.jdbc.SQLServerDriver] but failed to unregister it when the web application was stopped. To prevent a memory leak, the JDBC Driver has been forcibly unregistered.
22-Mar-2026 16:47:10.702 SEVERE [http-nio-8080-exec-69] org.apache.catalina.loader.WebappClassLoaderBase.checkThreadLocalMapForLeaks The web application [production-management-system] created a ThreadLocal with key of type [com.microsoft.sqlserver.jdbc.ActivityCorrelator$1] (value [com.microsoft.sqlserver.jdbc.ActivityCorrelator$1@553b3561]) and a value of type [com.microsoft.sqlserver.jdbc.ActivityId] (value [5329113e-9015-44f6-b37b-b7eeb28f420f-8]) but failed to remove it when the web application was stopped. Threads are going to be renewed over time to try and avoid a probable memory leak.
22-Mar-2026 16:47:11.207 INFO [http-nio-8080-exec-69] org.apache.catalina.startup.HostConfig.undeploy Undeploying context [/production-management-system]
22-Mar-2026 16:47:11.239 INFO [http-nio-8080-exec-70] org.apache.catalina.startup.HostConfig.deployDescriptor Deploying deployment descriptor [D:\tools\apache-tomcat-9.0.108\conf\Catalina\localhost\production-management-system.xml]
22-Mar-2026 16:47:11.242 WARNING [http-nio-8080-exec-70] org.apache.catalina.startup.HostConfig.deployDescriptor The path attribute with value [/production-management-system] in deployment descriptor [D:\tools\apache-tomcat-9.0.108\conf\Catalina\localhost\production-management-system.xml] has been ignored
22-Mar-2026 16:47:11.814 INFO [http-nio-8080-exec-70] org.apache.jasper.servlet.TldScanner.scanJars At least one JAR was scanned for TLDs yet contained no TLDs. Enable debug logging for this logger for a complete list of JARs that were scanned but no TLDs were found in them. Skipping unneeded JARs during scanning can improve startup time and JSP compilation time.
22-Mar-2026 16:47:12.175 INFO [http-nio-8080-exec-70] org.apache.catalina.startup.HostConfig.deployDescriptor Deployment of deployment descriptor [D:\tools\apache-tomcat-9.0.108\conf\Catalina\localhost\production-management-system.xml] has finished in [936] ms
22-Mar-2026 16:47:12.178 INFO [http-nio-8080-exec-71] org.apache.catalina.util.LifecycleBase.start The start() method was called on component [StandardEngine[Catalina].StandardHost[localhost].StandardContext[/production-management-system]] after start() had already been called. The second call will be ignored.
22-Mar-2026 16:56:52.218 WARNING [http-nio-8080-exec-79] org.apache.catalina.loader.WebappClassLoaderBase.clearReferencesJdbc The web application [production-management-system] registered the JDBC driver [com.microsoft.sqlserver.jdbc.SQLServerDriver] but failed to unregister it when the web application was stopped. To prevent a memory leak, the JDBC Driver has been forcibly unregistered.
22-Mar-2026 16:56:52.220 SEVERE [http-nio-8080-exec-79] org.apache.catalina.loader.WebappClassLoaderBase.checkThreadLocalMapForLeaks The web application [production-management-system] created a ThreadLocal with key of type [com.microsoft.sqlserver.jdbc.ActivityCorrelator$1] (value [com.microsoft.sqlserver.jdbc.ActivityCorrelator$1@1d6995e]) and a value of type [com.microsoft.sqlserver.jdbc.ActivityId] (value [f7cb366d-da97-4a8e-89db-92ca01d7d0c3-3]) but failed to remove it when the web application was stopped. Threads are going to be renewed over time to try and avoid a probable memory leak.
22-Mar-2026 16:56:52.220 SEVERE [http-nio-8080-exec-79] org.apache.catalina.loader.WebappClassLoaderBase.checkThreadLocalMapForLeaks The web application [production-management-system] created a ThreadLocal with key of type [com.microsoft.sqlserver.jdbc.ActivityCorrelator$1] (value [com.microsoft.sqlserver.jdbc.ActivityCorrelator$1@1d6995e]) and a value of type [com.microsoft.sqlserver.jdbc.ActivityId] (value [c1bdcb5c-66d3-4a97-a77c-9697bc5b6537-2]) but failed to remove it when the web application was stopped. Threads are going to be renewed over time to try and avoid a probable memory leak.
22-Mar-2026 16:56:52.220 SEVERE [http-nio-8080-exec-79] org.apache.catalina.loader.WebappClassLoaderBase.checkThreadLocalMapForLeaks The web application [production-management-system] created a ThreadLocal with key of type [com.microsoft.sqlserver.jdbc.ActivityCorrelator$1] (value [com.microsoft.sqlserver.jdbc.ActivityCorrelator$1@1d6995e]) and a value of type [com.microsoft.sqlserver.jdbc.ActivityId] (value [6b4fc331-3298-4f19-83da-e4519c07432b-3]) but failed to remove it when the web application was stopped. Threads are going to be renewed over time to try and avoid a probable memory leak.
22-Mar-2026 16:56:52.220 SEVERE [http-nio-8080-exec-79] org.apache.catalina.loader.WebappClassLoaderBase.checkThreadLocalMapForLeaks The web application [production-management-system] created a ThreadLocal with key of type [com.microsoft.sqlserver.jdbc.ActivityCorrelator$1] (value [com.microsoft.sqlserver.jdbc.ActivityCorrelator$1@1d6995e]) and a value of type [com.microsoft.sqlserver.jdbc.ActivityId] (value [a546a530-6248-4fd7-b06a-35ac0a68741c-2]) but failed to remove it when the web application was stopped. Threads are going to be renewed over time to try and avoid a probable memory leak.
22-Mar-2026 16:56:52.220 SEVERE [http-nio-8080-exec-79] org.apache.catalina.loader.WebappClassLoaderBase.checkThreadLocalMapForLeaks The web application [production-management-system] created a ThreadLocal with key of type [com.microsoft.sqlserver.jdbc.ActivityCorrelator$1] (value [com.microsoft.sqlserver.jdbc.ActivityCorrelator$1@1d6995e]) and a value of type [com.microsoft.sqlserver.jdbc.ActivityId] (value [d54ebf77-6496-4db6-b97a-a8c463f2870e-3]) but failed to remove it when the web application was stopped. Threads are going to be renewed over time to try and avoid a probable memory leak.
22-Mar-2026 16:56:52.221 SEVERE [http-nio-8080-exec-79] org.apache.catalina.loader.WebappClassLoaderBase.checkThreadLocalMapForLeaks The web application [production-management-system] created a ThreadLocal with key of type [com.microsoft.sqlserver.jdbc.ActivityCorrelator$1] (value [com.microsoft.sqlserver.jdbc.ActivityCorrelator$1@1d6995e]) and a value of type [com.microsoft.sqlserver.jdbc.ActivityId] (value [46e65651-46eb-4d76-8d7d-190f2249c34d-2]) but failed to remove it when the web application was stopped. Threads are going to be renewed over time to try and avoid a probable memory leak.
22-Mar-2026 16:56:52.221 SEVERE [http-nio-8080-exec-79] org.apache.catalina.loader.WebappClassLoaderBase.checkThreadLocalMapForLeaks The web application [production-management-system] created a ThreadLocal with key of type [com.microsoft.sqlserver.jdbc.ActivityCorrelator$1] (value [com.microsoft.sqlserver.jdbc.ActivityCorrelator$1@1d6995e]) and a value of type [com.microsoft.sqlserver.jdbc.ActivityId] (value [30117879-5b70-4305-88c5-cd1eb19c88ea-3]) but failed to remove it when the web application was stopped. Threads are going to be renewed over time to try and avoid a probable memory leak.
22-Mar-2026 16:56:52.775 INFO [http-nio-8080-exec-79] org.apache.catalina.startup.HostConfig.undeploy Undeploying context [/production-management-system]
22-Mar-2026 16:56:52.789 INFO [http-nio-8080-exec-77] org.apache.catalina.startup.HostConfig.deployDescriptor Deploying deployment descriptor [D:\tools\apache-tomcat-9.0.108\conf\Catalina\localhost\production-management-system.xml]
22-Mar-2026 16:56:52.791 WARNING [http-nio-8080-exec-77] org.apache.catalina.startup.HostConfig.deployDescriptor The path attribute with value [/production-management-system] in deployment descriptor [D:\tools\apache-tomcat-9.0.108\conf\Catalina\localhost\production-management-system.xml] has been ignored
22-Mar-2026 16:56:53.301 INFO [http-nio-8080-exec-77] org.apache.jasper.servlet.TldScanner.scanJars At least one JAR was scanned for TLDs yet contained no TLDs. Enable debug logging for this logger for a complete list of JARs that were scanned but no TLDs were found in them. Skipping unneeded JARs during scanning can improve startup time and JSP compilation time.
22-Mar-2026 16:56:53.698 INFO [http-nio-8080-exec-77] org.apache.catalina.startup.HostConfig.deployDescriptor Deployment of deployment descriptor [D:\tools\apache-tomcat-9.0.108\conf\Catalina\localhost\production-management-system.xml] has finished in [909] ms
22-Mar-2026 16:56:53.711 WARNING [http-nio-8080-exec-80] org.apache.catalina.loader.WebappClassLoaderBase.clearReferencesJdbc The web application [production-management-system] registered the JDBC driver [com.microsoft.sqlserver.jdbc.SQLServerDriver] but failed to unregister it when the web application was stopped. To prevent a memory leak, the JDBC Driver has been forcibly unregistered.
22-Mar-2026 16:56:53.711 SEVERE [http-nio-8080-exec-80] org.apache.catalina.loader.WebappClassLoaderBase.checkThreadLocalMapForLeaks The web application [production-management-system] created a ThreadLocal with key of type [com.microsoft.sqlserver.jdbc.ActivityCorrelator$1] (value [com.microsoft.sqlserver.jdbc.ActivityCorrelator$1@2e723a55]) and a value of type [com.microsoft.sqlserver.jdbc.ActivityId] (value [ac76a179-b1f4-4b06-b2fb-ec70e421e288-8]) but failed to remove it when the web application was stopped. Threads are going to be renewed over time to try and avoid a probable memory leak.
22-Mar-2026 16:56:54.223 INFO [http-nio-8080-exec-80] org.apache.catalina.startup.HostConfig.undeploy Undeploying context [/production-management-system]
22-Mar-2026 16:56:54.237 INFO [http-nio-8080-exec-74] org.apache.catalina.startup.HostConfig.deployDescriptor Deploying deployment descriptor [D:\tools\apache-tomcat-9.0.108\conf\Catalina\localhost\production-management-system.xml]
22-Mar-2026 16:56:54.238 WARNING [http-nio-8080-exec-74] org.apache.catalina.startup.HostConfig.deployDescriptor The path attribute with value [/production-management-system] in deployment descriptor [D:\tools\apache-tomcat-9.0.108\conf\Catalina\localhost\production-management-system.xml] has been ignored
22-Mar-2026 16:56:54.693 INFO [http-nio-8080-exec-74] org.apache.jasper.servlet.TldScanner.scanJars At least one JAR was scanned for TLDs yet contained no TLDs. Enable debug logging for this logger for a complete list of JARs that were scanned but no TLDs were found in them. Skipping unneeded JARs during scanning can improve startup time and JSP compilation time.
22-Mar-2026 16:56:55.024 INFO [http-nio-8080-exec-74] org.apache.catalina.startup.HostConfig.deployDescriptor Deployment of deployment descriptor [D:\tools\apache-tomcat-9.0.108\conf\Catalina\localhost\production-management-system.xml] has finished in [787] ms
22-Mar-2026 16:56:55.027 INFO [http-nio-8080-exec-82] org.apache.catalina.util.LifecycleBase.start The start() method was called on component [StandardEngine[Catalina].StandardHost[localhost].StandardContext[/production-management-system]] after start() had already been called. The second call will be ignored.
22-Mar-2026 17:05:32.548 INFO [http-nio-8080-exec-90] org.apache.catalina.core.StandardContext.reload Reloading Context with name [/production-management-system] has started
22-Mar-2026 17:05:32.555 WARNING [http-nio-8080-exec-90] org.apache.catalina.loader.WebappClassLoaderBase.clearReferencesJdbc The web application [production-management-system] registered the JDBC driver [com.microsoft.sqlserver.jdbc.SQLServerDriver] but failed to unregister it when the web application was stopped. To prevent a memory leak, the JDBC Driver has been forcibly unregistered.
22-Mar-2026 17:05:32.556 SEVERE [http-nio-8080-exec-90] org.apache.catalina.loader.WebappClassLoaderBase.checkThreadLocalMapForLeaks The web application [production-management-system] created a ThreadLocal with key of type [com.microsoft.sqlserver.jdbc.ActivityCorrelator$1] (value [com.microsoft.sqlserver.jdbc.ActivityCorrelator$1@6da1e0f4]) and a value of type [com.microsoft.sqlserver.jdbc.ActivityId] (value [fe687cb9-db3a-41cf-9ba7-a2b6f178c23e-15]) but failed to remove it when the web application was stopped. Threads are going to be renewed over time to try and avoid a probable memory leak.
22-Mar-2026 17:05:32.556 SEVERE [http-nio-8080-exec-90] org.apache.catalina.loader.WebappClassLoaderBase.checkThreadLocalMapForLeaks The web application [production-management-system] created a ThreadLocal with key of type [com.microsoft.sqlserver.jdbc.ActivityCorrelator$1] (value [com.microsoft.sqlserver.jdbc.ActivityCorrelator$1@6da1e0f4]) and a value of type [com.microsoft.sqlserver.jdbc.ActivityId] (value [24ba65bc-682b-49fc-bbd7-1d184a82dc69-6]) but failed to remove it when the web application was stopped. Threads are going to be renewed over time to try and avoid a probable memory leak.
22-Mar-2026 17:05:32.556 SEVERE [http-nio-8080-exec-90] org.apache.catalina.loader.WebappClassLoaderBase.checkThreadLocalMapForLeaks The web application [production-management-system] created a ThreadLocal with key of type [com.microsoft.sqlserver.jdbc.ActivityCorrelator$1] (value [com.microsoft.sqlserver.jdbc.ActivityCorrelator$1@6da1e0f4]) and a value of type [com.microsoft.sqlserver.jdbc.ActivityId] (value [894cdb89-088b-409b-a492-de6e74ac1045-6]) but failed to remove it when the web application was stopped. Threads are going to be renewed over time to try and avoid a probable memory leak.
22-Mar-2026 17:05:32.556 SEVERE [http-nio-8080-exec-90] org.apache.catalina.loader.WebappClassLoaderBase.checkThreadLocalMapForLeaks The web application [production-management-system] created a ThreadLocal with key of type [com.microsoft.sqlserver.jdbc.ActivityCorrelator$1] (value [com.microsoft.sqlserver.jdbc.ActivityCorrelator$1@6da1e0f4]) and a value of type [com.microsoft.sqlserver.jdbc.ActivityId] (value [f21ee4e4-eb12-454d-b82b-0056c0c6a279-7]) but failed to remove it when the web application was stopped. Threads are going to be renewed over time to try and avoid a probable memory leak.
22-Mar-2026 17:05:32.556 SEVERE [http-nio-8080-exec-90] org.apache.catalina.loader.WebappClassLoaderBase.checkThreadLocalMapForLeaks The web application [production-management-system] created a ThreadLocal with key of type [com.microsoft.sqlserver.jdbc.ActivityCorrelator$1] (value [com.microsoft.sqlserver.jdbc.ActivityCorrelator$1@6da1e0f4]) and a value of type [com.microsoft.sqlserver.jdbc.ActivityId] (value [8436d201-901c-4f3a-9ca2-37d09245e5ab-6]) but failed to remove it when the web application was stopped. Threads are going to be renewed over time to try and avoid a probable memory leak.
22-Mar-2026 17:05:32.556 SEVERE [http-nio-8080-exec-90] org.apache.catalina.loader.WebappClassLoaderBase.checkThreadLocalMapForLeaks The web application [production-management-system] created a ThreadLocal with key of type [com.microsoft.sqlserver.jdbc.ActivityCorrelator$1] (value [com.microsoft.sqlserver.jdbc.ActivityCorrelator$1@6da1e0f4]) and a value of type [com.microsoft.sqlserver.jdbc.ActivityId] (value [b6e322db-9d75-4391-94a4-c4193fc16868-2]) but failed to remove it when the web application was stopped. Threads are going to be renewed over time to try and avoid a probable memory leak.
22-Mar-2026 17:05:32.608 SEVERE [http-nio-8080-exec-90] org.apache.catalina.loader.WebappClassLoaderBase.checkThreadLocalMapForLeaks The web application [production-management-system] created a ThreadLocal with key of type [com.microsoft.sqlserver.jdbc.ActivityCorrelator$1] (value [com.microsoft.sqlserver.jdbc.ActivityCorrelator$1@6da1e0f4]) and a value of type [com.microsoft.sqlserver.jdbc.ActivityId] (value [b1f2c2e5-6d47-4d59-8c48-70ee6f725aa4-6]) but failed to remove it when the web application was stopped. Threads are going to be renewed over time to try and avoid a probable memory leak.
22-Mar-2026 17:05:32.608 SEVERE [http-nio-8080-exec-90] org.apache.catalina.loader.WebappClassLoaderBase.checkThreadLocalMapForLeaks The web application [production-management-system] created a ThreadLocal with key of type [com.microsoft.sqlserver.jdbc.ActivityCorrelator$1] (value [com.microsoft.sqlserver.jdbc.ActivityCorrelator$1@6da1e0f4]) and a value of type [com.microsoft.sqlserver.jdbc.ActivityId] (value [589533ca-b653-42c2-93d5-0e7c5b7fcbcb-6]) but failed to remove it when the web application was stopped. Threads are going to be renewed over time to try and avoid a probable memory leak.
22-Mar-2026 17:05:32.608 SEVERE [http-nio-8080-exec-90] org.apache.catalina.loader.WebappClassLoaderBase.checkThreadLocalMapForLeaks The web application [production-management-system] created a ThreadLocal with key of type [com.microsoft.sqlserver.jdbc.ActivityCorrelator$1] (value [com.microsoft.sqlserver.jdbc.ActivityCorrelator$1@6da1e0f4]) and a value of type [com.microsoft.sqlserver.jdbc.ActivityId] (value [473b3761-518a-4e63-a0d8-18fbd5bfd7c5-5]) but failed to remove it when the web application was stopped. Threads are going to be renewed over time to try and avoid a probable memory leak.
22-Mar-2026 17:05:32.608 SEVERE [http-nio-8080-exec-90] org.apache.catalina.loader.WebappClassLoaderBase.checkThreadLocalMapForLeaks The web application [production-management-system] created a ThreadLocal with key of type [com.microsoft.sqlserver.jdbc.ActivityCorrelator$1] (value [com.microsoft.sqlserver.jdbc.ActivityCorrelator$1@6da1e0f4]) and a value of type [com.microsoft.sqlserver.jdbc.ActivityId] (value [76e7a00d-487e-4c9e-b376-5cc85409c520-2]) but failed to remove it when the web application was stopped. Threads are going to be renewed over time to try and avoid a probable memory leak.
22-Mar-2026 17:05:33.096 INFO [http-nio-8080-exec-90] org.apache.jasper.servlet.TldScanner.scanJars At least one JAR was scanned for TLDs yet contained no TLDs. Enable debug logging for this logger for a complete list of JARs that were scanned but no TLDs were found in them. Skipping unneeded JARs during scanning can improve startup time and JSP compilation time.
22-Mar-2026 17:05:33.467 INFO [http-nio-8080-exec-90] org.apache.catalina.core.StandardContext.reload Reloading Context with name [/production-management-system] is completed
22-Mar-2026 17:05:33.476 WARNING [http-nio-8080-exec-92] org.apache.catalina.loader.WebappClassLoaderBase.clearReferencesJdbc The web application [production-management-system] registered the JDBC driver [com.microsoft.sqlserver.jdbc.SQLServerDriver] but failed to unregister it when the web application was stopped. To prevent a memory leak, the JDBC Driver has been forcibly unregistered.
22-Mar-2026 17:05:33.476 SEVERE [http-nio-8080-exec-92] org.apache.catalina.loader.WebappClassLoaderBase.checkThreadLocalMapForLeaks The web application [production-management-system] created a ThreadLocal with key of type [com.microsoft.sqlserver.jdbc.ActivityCorrelator$1] (value [com.microsoft.sqlserver.jdbc.ActivityCorrelator$1@92f6664]) and a value of type [com.microsoft.sqlserver.jdbc.ActivityId] (value [8b0da031-f7ce-49a1-83b5-1eb567c92c32-8]) but failed to remove it when the web application was stopped. Threads are going to be renewed over time to try and avoid a probable memory leak.
22-Mar-2026 17:05:33.986 INFO [http-nio-8080-exec-92] org.apache.catalina.startup.HostConfig.undeploy Undeploying context [/production-management-system]
22-Mar-2026 17:05:34.010 INFO [http-nio-8080-exec-90] org.apache.catalina.startup.HostConfig.deployDescriptor Deploying deployment descriptor [D:\tools\apache-tomcat-9.0.108\conf\Catalina\localhost\production-management-system.xml]
22-Mar-2026 17:05:34.011 WARNING [http-nio-8080-exec-90] org.apache.catalina.startup.HostConfig.deployDescriptor The path attribute with value [/production-management-system] in deployment descriptor [D:\tools\apache-tomcat-9.0.108\conf\Catalina\localhost\production-management-system.xml] has been ignored
22-Mar-2026 17:05:34.498 INFO [http-nio-8080-exec-90] org.apache.jasper.servlet.TldScanner.scanJars At least one JAR was scanned for TLDs yet contained no TLDs. Enable debug logging for this logger for a complete list of JARs that were scanned but no TLDs were found in them. Skipping unneeded JARs during scanning can improve startup time and JSP compilation time.
22-Mar-2026 17:05:34.821 INFO [http-nio-8080-exec-90] org.apache.catalina.startup.HostConfig.deployDescriptor Deployment of deployment descriptor [D:\tools\apache-tomcat-9.0.108\conf\Catalina\localhost\production-management-system.xml] has finished in [811] ms
22-Mar-2026 17:05:34.824 INFO [http-nio-8080-exec-93] org.apache.catalina.util.LifecycleBase.start The start() method was called on component [StandardEngine[Catalina].StandardHost[localhost].StandardContext[/production-management-system]] after start() had already been called. The second call will be ignored.
22-Mar-2026 17:13:05.853 INFO [http-nio-8080-exec-100] org.apache.catalina.core.StandardContext.reload Reloading Context with name [/production-management-system] has started
22-Mar-2026 17:13:05.857 WARNING [http-nio-8080-exec-100] org.apache.catalina.loader.WebappClassLoaderBase.clearReferencesJdbc The web application [production-management-system] registered the JDBC driver [com.microsoft.sqlserver.jdbc.SQLServerDriver] but failed to unregister it when the web application was stopped. To prevent a memory leak, the JDBC Driver has been forcibly unregistered.
22-Mar-2026 17:13:05.857 SEVERE [http-nio-8080-exec-100] org.apache.catalina.loader.WebappClassLoaderBase.checkThreadLocalMapForLeaks The web application [production-management-system] created a ThreadLocal with key of type [com.microsoft.sqlserver.jdbc.ActivityCorrelator$1] (value [com.microsoft.sqlserver.jdbc.ActivityCorrelator$1@3cb5bc]) and a value of type [com.microsoft.sqlserver.jdbc.ActivityId] (value [0074362d-de6c-4fa9-b51d-f7c7bac3caad-6]) but failed to remove it when the web application was stopped. Threads are going to be renewed over time to try and avoid a probable memory leak.
22-Mar-2026 17:13:05.857 SEVERE [http-nio-8080-exec-100] org.apache.catalina.loader.WebappClassLoaderBase.checkThreadLocalMapForLeaks The web application [production-management-system] created a ThreadLocal with key of type [com.microsoft.sqlserver.jdbc.ActivityCorrelator$1] (value [com.microsoft.sqlserver.jdbc.ActivityCorrelator$1@3cb5bc]) and a value of type [com.microsoft.sqlserver.jdbc.ActivityId] (value [470a7693-c7d1-4605-8380-d2c1f47527f8-7]) but failed to remove it when the web application was stopped. Threads are going to be renewed over time to try and avoid a probable memory leak.
22-Mar-2026 17:13:05.857 SEVERE [http-nio-8080-exec-100] org.apache.catalina.loader.WebappClassLoaderBase.checkThreadLocalMapForLeaks The web application [production-management-system] created a ThreadLocal with key of type [com.microsoft.sqlserver.jdbc.ActivityCorrelator$1] (value [com.microsoft.sqlserver.jdbc.ActivityCorrelator$1@3cb5bc]) and a value of type [com.microsoft.sqlserver.jdbc.ActivityId] (value [c388ec58-7758-401a-8385-e84627e877ca-6]) but failed to remove it when the web application was stopped. Threads are going to be renewed over time to try and avoid a probable memory leak.
22-Mar-2026 17:13:05.857 SEVERE [http-nio-8080-exec-100] org.apache.catalina.loader.WebappClassLoaderBase.checkThreadLocalMapForLeaks The web application [production-management-system] created a ThreadLocal with key of type [com.microsoft.sqlserver.jdbc.ActivityCorrelator$1] (value [com.microsoft.sqlserver.jdbc.ActivityCorrelator$1@3cb5bc]) and a value of type [com.microsoft.sqlserver.jdbc.ActivityId] (value [fb4ef195-cd93-427f-81a9-66d73203dcda-8]) but failed to remove it when the web application was stopped. Threads are going to be renewed over time to try and avoid a probable memory leak.
22-Mar-2026 17:13:05.857 SEVERE [http-nio-8080-exec-100] org.apache.catalina.loader.WebappClassLoaderBase.checkThreadLocalMapForLeaks The web application [production-management-system] created a ThreadLocal with key of type [com.microsoft.sqlserver.jdbc.ActivityCorrelator$1] (value [com.microsoft.sqlserver.jdbc.ActivityCorrelator$1@3cb5bc]) and a value of type [com.microsoft.sqlserver.jdbc.ActivityId] (value [638d9f01-d350-4969-beb1-e3d498131d75-5]) but failed to remove it when the web application was stopped. Threads are going to be renewed over time to try and avoid a probable memory leak.
22-Mar-2026 17:13:05.858 SEVERE [http-nio-8080-exec-100] org.apache.catalina.loader.WebappClassLoaderBase.checkThreadLocalMapForLeaks The web application [production-management-system] created a ThreadLocal with key of type [com.microsoft.sqlserver.jdbc.ActivityCorrelator$1] (value [com.microsoft.sqlserver.jdbc.ActivityCorrelator$1@3cb5bc]) and a value of type [com.microsoft.sqlserver.jdbc.ActivityId] (value [6822ebc3-a78b-48bd-b0bf-e0980de24f30-8]) but failed to remove it when the web application was stopped. Threads are going to be renewed over time to try and avoid a probable memory leak.
22-Mar-2026 17:13:06.035 SEVERE [http-nio-8080-exec-100] org.apache.catalina.loader.WebappClassLoaderBase.checkThreadLocalMapForLeaks The web application [production-management-system] created a ThreadLocal with key of type [com.microsoft.sqlserver.jdbc.ActivityCorrelator$1] (value [com.microsoft.sqlserver.jdbc.ActivityCorrelator$1@3cb5bc]) and a value of type [com.microsoft.sqlserver.jdbc.ActivityId] (value [2a0ae0fb-bd6c-43fa-85ae-5337610b376c-3]) but failed to remove it when the web application was stopped. Threads are going to be renewed over time to try and avoid a probable memory leak.
22-Mar-2026 17:13:06.035 SEVERE [http-nio-8080-exec-100] org.apache.catalina.loader.WebappClassLoaderBase.checkThreadLocalMapForLeaks The web application [production-management-system] created a ThreadLocal with key of type [com.microsoft.sqlserver.jdbc.ActivityCorrelator$1] (value [com.microsoft.sqlserver.jdbc.ActivityCorrelator$1@3cb5bc]) and a value of type [com.microsoft.sqlserver.jdbc.ActivityId] (value [7efd791e-2c2c-4f33-8ee1-663bddd69fe5-3]) but failed to remove it when the web application was stopped. Threads are going to be renewed over time to try and avoid a probable memory leak.
22-Mar-2026 17:13:06.035 SEVERE [http-nio-8080-exec-100] org.apache.catalina.loader.WebappClassLoaderBase.checkThreadLocalMapForLeaks The web application [production-management-system] created a ThreadLocal with key of type [com.microsoft.sqlserver.jdbc.ActivityCorrelator$1] (value [com.microsoft.sqlserver.jdbc.ActivityCorrelator$1@3cb5bc]) and a value of type [com.microsoft.sqlserver.jdbc.ActivityId] (value [81e501c1-f27d-47fe-bbf7-c5cbd2db4a23-5]) but failed to remove it when the web application was stopped. Threads are going to be renewed over time to try and avoid a probable memory leak.
22-Mar-2026 17:13:06.035 SEVERE [http-nio-8080-exec-100] org.apache.catalina.loader.WebappClassLoaderBase.checkThreadLocalMapForLeaks The web application [production-management-system] created a ThreadLocal with key of type [com.microsoft.sqlserver.jdbc.ActivityCorrelator$1] (value [com.microsoft.sqlserver.jdbc.ActivityCorrelator$1@3cb5bc]) and a value of type [com.microsoft.sqlserver.jdbc.ActivityId] (value [89b744a6-71a4-4fb1-8b24-f0cd08a86d9b-2]) but failed to remove it when the web application was stopped. Threads are going to be renewed over time to try and avoid a probable memory leak.
22-Mar-2026 17:13:06.526 INFO [http-nio-8080-exec-100] org.apache.jasper.servlet.TldScanner.scanJars At least one JAR was scanned for TLDs yet contained no TLDs. Enable debug logging for this logger for a complete list of JARs that were scanned but no TLDs were found in them. Skipping unneeded JARs during scanning can improve startup time and JSP compilation time.
22-Mar-2026 17:13:06.874 INFO [http-nio-8080-exec-100] org.apache.catalina.core.StandardContext.reload Reloading Context with name [/production-management-system] is completed
22-Mar-2026 17:13:06.885 WARNING [http-nio-8080-exec-104] org.apache.catalina.loader.WebappClassLoaderBase.clearReferencesJdbc The web application [production-management-system] registered the JDBC driver [com.microsoft.sqlserver.jdbc.SQLServerDriver] but failed to unregister it when the web application was stopped. To prevent a memory leak, the JDBC Driver has been forcibly unregistered.
22-Mar-2026 17:13:06.886 SEVERE [http-nio-8080-exec-104] org.apache.catalina.loader.WebappClassLoaderBase.checkThreadLocalMapForLeaks The web application [production-management-system] created a ThreadLocal with key of type [com.microsoft.sqlserver.jdbc.ActivityCorrelator$1] (value [com.microsoft.sqlserver.jdbc.ActivityCorrelator$1@3f1074ff]) and a value of type [com.microsoft.sqlserver.jdbc.ActivityId] (value [37a02f6e-7734-4842-a4aa-7962bddaf58c-8]) but failed to remove it when the web application was stopped. Threads are going to be renewed over time to try and avoid a probable memory leak.
22-Mar-2026 17:13:07.391 INFO [http-nio-8080-exec-104] org.apache.catalina.startup.HostConfig.undeploy Undeploying context [/production-management-system]
22-Mar-2026 17:13:07.407 INFO [http-nio-8080-exec-94] org.apache.catalina.startup.HostConfig.deployDescriptor Deploying deployment descriptor [D:\tools\apache-tomcat-9.0.108\conf\Catalina\localhost\production-management-system.xml]
22-Mar-2026 17:13:07.408 WARNING [http-nio-8080-exec-94] org.apache.catalina.startup.HostConfig.deployDescriptor The path attribute with value [/production-management-system] in deployment descriptor [D:\tools\apache-tomcat-9.0.108\conf\Catalina\localhost\production-management-system.xml] has been ignored
22-Mar-2026 17:13:07.990 INFO [http-nio-8080-exec-94] org.apache.jasper.servlet.TldScanner.scanJars At least one JAR was scanned for TLDs yet contained no TLDs. Enable debug logging for this logger for a complete list of JARs that were scanned but no TLDs were found in them. Skipping unneeded JARs during scanning can improve startup time and JSP compilation time.
22-Mar-2026 17:13:08.420 INFO [http-nio-8080-exec-94] org.apache.catalina.startup.HostConfig.deployDescriptor Deployment of deployment descriptor [D:\tools\apache-tomcat-9.0.108\conf\Catalina\localhost\production-management-system.xml] has finished in [1,013] ms
22-Mar-2026 17:13:08.429 INFO [http-nio-8080-exec-101] org.apache.catalina.util.LifecycleBase.start The start() method was called on component [StandardEngine[Catalina].StandardHost[localhost].StandardContext[/production-management-system]] after start() had already been called. The second call will be ignored.
22-Mar-2026 17:20:41.953 INFO [http-nio-8080-exec-108] org.apache.catalina.core.StandardContext.reload Reloading Context with name [/production-management-system] has started
22-Mar-2026 17:20:41.959 WARNING [http-nio-8080-exec-108] org.apache.catalina.loader.WebappClassLoaderBase.clearReferencesJdbc The web application [production-management-system] registered the JDBC driver [com.microsoft.sqlserver.jdbc.SQLServerDriver] but failed to unregister it when the web application was stopped. To prevent a memory leak, the JDBC Driver has been forcibly unregistered.
22-Mar-2026 17:20:41.959 SEVERE [http-nio-8080-exec-108] org.apache.catalina.loader.WebappClassLoaderBase.checkThreadLocalMapForLeaks The web application [production-management-system] created a ThreadLocal with key of type [com.microsoft.sqlserver.jdbc.ActivityCorrelator$1] (value [com.microsoft.sqlserver.jdbc.ActivityCorrelator$1@61eb1671]) and a value of type [com.microsoft.sqlserver.jdbc.ActivityId] (value [35563b9c-5f9d-4ce4-9e5c-5e367c70b1ac-6]) but failed to remove it when the web application was stopped. Threads are going to be renewed over time to try and avoid a probable memory leak.
22-Mar-2026 17:20:41.959 SEVERE [http-nio-8080-exec-108] org.apache.catalina.loader.WebappClassLoaderBase.checkThreadLocalMapForLeaks The web application [production-management-system] created a ThreadLocal with key of type [com.microsoft.sqlserver.jdbc.ActivityCorrelator$1] (value [com.microsoft.sqlserver.jdbc.ActivityCorrelator$1@61eb1671]) and a value of type [com.microsoft.sqlserver.jdbc.ActivityId] (value [5d5e09e4-d28f-4dd7-92e8-762527f7092a-1]) but failed to remove it when the web application was stopped. Threads are going to be renewed over time to try and avoid a probable memory leak.
22-Mar-2026 17:20:41.959 SEVERE [http-nio-8080-exec-108] org.apache.catalina.loader.WebappClassLoaderBase.checkThreadLocalMapForLeaks The web application [production-management-system] created a ThreadLocal with key of type [com.microsoft.sqlserver.jdbc.ActivityCorrelator$1] (value [com.microsoft.sqlserver.jdbc.ActivityCorrelator$1@61eb1671]) and a value of type [com.microsoft.sqlserver.jdbc.ActivityId] (value [80553ca6-f9bf-4401-a931-126b342bf295-8]) but failed to remove it when the web application was stopped. Threads are going to be renewed over time to try and avoid a probable memory leak.
22-Mar-2026 17:20:41.960 SEVERE [http-nio-8080-exec-108] org.apache.catalina.loader.WebappClassLoaderBase.checkThreadLocalMapForLeaks The web application [production-management-system] created a ThreadLocal with key of type [com.microsoft.sqlserver.jdbc.ActivityCorrelator$1] (value [com.microsoft.sqlserver.jdbc.ActivityCorrelator$1@61eb1671]) and a value of type [com.microsoft.sqlserver.jdbc.ActivityId] (value [23e48645-c957-4f89-91ce-58ff418640fe-6]) but failed to remove it when the web application was stopped. Threads are going to be renewed over time to try and avoid a probable memory leak.
22-Mar-2026 17:20:41.960 SEVERE [http-nio-8080-exec-108] org.apache.catalina.loader.WebappClassLoaderBase.checkThreadLocalMapForLeaks The web application [production-management-system] created a ThreadLocal with key of type [com.microsoft.sqlserver.jdbc.ActivityCorrelator$1] (value [com.microsoft.sqlserver.jdbc.ActivityCorrelator$1@61eb1671]) and a value of type [com.microsoft.sqlserver.jdbc.ActivityId] (value [073cffbb-4ced-4660-9f2b-5594f8ae6f47-9]) but failed to remove it when the web application was stopped. Threads are going to be renewed over time to try and avoid a probable memory leak.
22-Mar-2026 17:20:41.960 SEVERE [http-nio-8080-exec-108] org.apache.catalina.loader.WebappClassLoaderBase.checkThreadLocalMapForLeaks The web application [production-management-system] created a ThreadLocal with key of type [com.microsoft.sqlserver.jdbc.ActivityCorrelator$1] (value [com.microsoft.sqlserver.jdbc.ActivityCorrelator$1@61eb1671]) and a value of type [com.microsoft.sqlserver.jdbc.ActivityId] (value [6a076b7c-3ad3-4064-a9c2-90a66c44e6fa-11]) but failed to remove it when the web application was stopped. Threads are going to be renewed over time to try and avoid a probable memory leak.
22-Mar-2026 17:20:41.960 SEVERE [http-nio-8080-exec-108] org.apache.catalina.loader.WebappClassLoaderBase.checkThreadLocalMapForLeaks The web application [production-management-system] created a ThreadLocal with key of type [com.microsoft.sqlserver.jdbc.ActivityCorrelator$1] (value [com.microsoft.sqlserver.jdbc.ActivityCorrelator$1@61eb1671]) and a value of type [com.microsoft.sqlserver.jdbc.ActivityId] (value [f64aeb12-69cb-48c8-9161-bb7b1066d893-2]) but failed to remove it when the web application was stopped. Threads are going to be renewed over time to try and avoid a probable memory leak.
22-Mar-2026 17:20:42.009 SEVERE [http-nio-8080-exec-108] org.apache.catalina.loader.WebappClassLoaderBase.checkThreadLocalMapForLeaks The web application [production-management-system] created a ThreadLocal with key of type [com.microsoft.sqlserver.jdbc.ActivityCorrelator$1] (value [com.microsoft.sqlserver.jdbc.ActivityCorrelator$1@61eb1671]) and a value of type [com.microsoft.sqlserver.jdbc.ActivityId] (value [327726fc-13dd-41e1-8a48-004368d4450e-3]) but failed to remove it when the web application was stopped. Threads are going to be renewed over time to try and avoid a probable memory leak.
22-Mar-2026 17:20:42.009 SEVERE [http-nio-8080-exec-108] org.apache.catalina.loader.WebappClassLoaderBase.checkThreadLocalMapForLeaks The web application [production-management-system] created a ThreadLocal with key of type [com.microsoft.sqlserver.jdbc.ActivityCorrelator$1] (value [com.microsoft.sqlserver.jdbc.ActivityCorrelator$1@61eb1671]) and a value of type [com.microsoft.sqlserver.jdbc.ActivityId] (value [1c6a3cdd-39ab-4297-ba32-7b01046e93a9-3]) but failed to remove it when the web application was stopped. Threads are going to be renewed over time to try and avoid a probable memory leak.
22-Mar-2026 17:20:42.780 INFO [http-nio-8080-exec-108] org.apache.jasper.servlet.TldScanner.scanJars At least one JAR was scanned for TLDs yet contained no TLDs. Enable debug logging for this logger for a complete list of JARs that were scanned but no TLDs were found in them. Skipping unneeded JARs during scanning can improve startup time and JSP compilation time.
22-Mar-2026 17:20:43.134 INFO [http-nio-8080-exec-108] org.apache.catalina.core.StandardContext.reload Reloading Context with name [/production-management-system] is completed
22-Mar-2026 17:20:43.144 WARNING [http-nio-8080-exec-111] org.apache.catalina.loader.WebappClassLoaderBase.clearReferencesJdbc The web application [production-management-system] registered the JDBC driver [com.microsoft.sqlserver.jdbc.SQLServerDriver] but failed to unregister it when the web application was stopped. To prevent a memory leak, the JDBC Driver has been forcibly unregistered.
22-Mar-2026 17:20:43.144 SEVERE [http-nio-8080-exec-111] org.apache.catalina.loader.WebappClassLoaderBase.checkThreadLocalMapForLeaks The web application [production-management-system] created a ThreadLocal with key of type [com.microsoft.sqlserver.jdbc.ActivityCorrelator$1] (value [com.microsoft.sqlserver.jdbc.ActivityCorrelator$1@255a42f2]) and a value of type [com.microsoft.sqlserver.jdbc.ActivityId] (value [20d70c46-c542-40ac-a530-40e792fde24a-8]) but failed to remove it when the web application was stopped. Threads are going to be renewed over time to try and avoid a probable memory leak.
22-Mar-2026 17:20:43.649 INFO [http-nio-8080-exec-111] org.apache.catalina.startup.HostConfig.undeploy Undeploying context [/production-management-system]
22-Mar-2026 17:20:43.664 INFO [http-nio-8080-exec-107] org.apache.catalina.startup.HostConfig.deployDescriptor Deploying deployment descriptor [D:\tools\apache-tomcat-9.0.108\conf\Catalina\localhost\production-management-system.xml]
22-Mar-2026 17:20:43.666 WARNING [http-nio-8080-exec-107] org.apache.catalina.startup.HostConfig.deployDescriptor The path attribute with value [/production-management-system] in deployment descriptor [D:\tools\apache-tomcat-9.0.108\conf\Catalina\localhost\production-management-system.xml] has been ignored
22-Mar-2026 17:20:44.102 INFO [http-nio-8080-exec-107] org.apache.jasper.servlet.TldScanner.scanJars At least one JAR was scanned for TLDs yet contained no TLDs. Enable debug logging for this logger for a complete list of JARs that were scanned but no TLDs were found in them. Skipping unneeded JARs during scanning can improve startup time and JSP compilation time.
22-Mar-2026 17:20:44.428 INFO [http-nio-8080-exec-107] org.apache.catalina.startup.HostConfig.deployDescriptor Deployment of deployment descriptor [D:\tools\apache-tomcat-9.0.108\conf\Catalina\localhost\production-management-system.xml] has finished in [763] ms
22-Mar-2026 17:20:44.431 INFO [http-nio-8080-exec-113] org.apache.catalina.util.LifecycleBase.start The start() method was called on component [StandardEngine[Catalina].StandardHost[localhost].StandardContext[/production-management-system]] after start() had already been called. The second call will be ignored.
22-Mar-2026 17:35:58.936 WARNING [http-nio-8080-exec-119] org.apache.catalina.loader.WebappClassLoaderBase.clearReferencesJdbc The web application [production-management-system] registered the JDBC driver [com.microsoft.sqlserver.jdbc.SQLServerDriver] but failed to unregister it when the web application was stopped. To prevent a memory leak, the JDBC Driver has been forcibly unregistered.
22-Mar-2026 17:35:58.936 SEVERE [http-nio-8080-exec-119] org.apache.catalina.loader.WebappClassLoaderBase.checkThreadLocalMapForLeaks The web application [production-management-system] created a ThreadLocal with key of type [com.microsoft.sqlserver.jdbc.ActivityCorrelator$1] (value [com.microsoft.sqlserver.jdbc.ActivityCorrelator$1@16291303]) and a value of type [com.microsoft.sqlserver.jdbc.ActivityId] (value [c35b8b19-b490-4015-a072-90e3a903d303-3]) but failed to remove it when the web application was stopped. Threads are going to be renewed over time to try and avoid a probable memory leak.
22-Mar-2026 17:35:58.936 SEVERE [http-nio-8080-exec-119] org.apache.catalina.loader.WebappClassLoaderBase.checkThreadLocalMapForLeaks The web application [production-management-system] created a ThreadLocal with key of type [com.microsoft.sqlserver.jdbc.ActivityCorrelator$1] (value [com.microsoft.sqlserver.jdbc.ActivityCorrelator$1@16291303]) and a value of type [com.microsoft.sqlserver.jdbc.ActivityId] (value [05301220-1caa-4b24-806a-28c9d0c21af7-11]) but failed to remove it when the web application was stopped. Threads are going to be renewed over time to try and avoid a probable memory leak.
22-Mar-2026 17:35:58.936 SEVERE [http-nio-8080-exec-119] org.apache.catalina.loader.WebappClassLoaderBase.checkThreadLocalMapForLeaks The web application [production-management-system] created a ThreadLocal with key of type [com.microsoft.sqlserver.jdbc.ActivityCorrelator$1] (value [com.microsoft.sqlserver.jdbc.ActivityCorrelator$1@16291303]) and a value of type [com.microsoft.sqlserver.jdbc.ActivityId] (value [ff693990-7e75-417b-ae84-c3a8503b84d2-2]) but failed to remove it when the web application was stopped. Threads are going to be renewed over time to try and avoid a probable memory leak.
22-Mar-2026 17:35:58.936 SEVERE [http-nio-8080-exec-119] org.apache.catalina.loader.WebappClassLoaderBase.checkThreadLocalMapForLeaks The web application [production-management-system] created a ThreadLocal with key of type [com.microsoft.sqlserver.jdbc.ActivityCorrelator$1] (value [com.microsoft.sqlserver.jdbc.ActivityCorrelator$1@16291303]) and a value of type [com.microsoft.sqlserver.jdbc.ActivityId] (value [41fa3d8a-0ef1-42fa-9c4c-572ae50f74db-3]) but failed to remove it when the web application was stopped. Threads are going to be renewed over time to try and avoid a probable memory leak.
22-Mar-2026 17:35:58.936 SEVERE [http-nio-8080-exec-119] org.apache.catalina.loader.WebappClassLoaderBase.checkThreadLocalMapForLeaks The web application [production-management-system] created a ThreadLocal with key of type [com.microsoft.sqlserver.jdbc.ActivityCorrelator$1] (value [com.microsoft.sqlserver.jdbc.ActivityCorrelator$1@16291303]) and a value of type [com.microsoft.sqlserver.jdbc.ActivityId] (value [64b8af3d-17f8-47b8-8b11-9cd11f4834e0-1]) but failed to remove it when the web application was stopped. Threads are going to be renewed over time to try and avoid a probable memory leak.
22-Mar-2026 17:35:58.937 SEVERE [http-nio-8080-exec-119] org.apache.catalina.loader.WebappClassLoaderBase.checkThreadLocalMapForLeaks The web application [production-management-system] created a ThreadLocal with key of type [com.microsoft.sqlserver.jdbc.ActivityCorrelator$1] (value [com.microsoft.sqlserver.jdbc.ActivityCorrelator$1@16291303]) and a value of type [com.microsoft.sqlserver.jdbc.ActivityId] (value [e389ff5d-3485-491f-a3f9-328370cd4c19-1]) but failed to remove it when the web application was stopped. Threads are going to be renewed over time to try and avoid a probable memory leak.
22-Mar-2026 17:35:58.937 SEVERE [http-nio-8080-exec-119] org.apache.catalina.loader.WebappClassLoaderBase.checkThreadLocalMapForLeaks The web application [production-management-system] created a ThreadLocal with key of type [com.microsoft.sqlserver.jdbc.ActivityCorrelator$1] (value [com.microsoft.sqlserver.jdbc.ActivityCorrelator$1@16291303]) and a value of type [com.microsoft.sqlserver.jdbc.ActivityId] (value [700098ab-275c-46b7-bffa-3bc3d03c355e-1]) but failed to remove it when the web application was stopped. Threads are going to be renewed over time to try and avoid a probable memory leak.
22-Mar-2026 17:35:59.067 SEVERE [http-nio-8080-exec-119] org.apache.catalina.loader.WebappClassLoaderBase.checkThreadLocalMapForLeaks The web application [production-management-system] created a ThreadLocal with key of type [com.microsoft.sqlserver.jdbc.ActivityCorrelator$1] (value [com.microsoft.sqlserver.jdbc.ActivityCorrelator$1@16291303]) and a value of type [com.microsoft.sqlserver.jdbc.ActivityId] (value [a86c0096-abb1-4b2c-b32a-426723c54c8a-2]) but failed to remove it when the web application was stopped. Threads are going to be renewed over time to try and avoid a probable memory leak.
22-Mar-2026 17:35:59.067 SEVERE [http-nio-8080-exec-119] org.apache.catalina.loader.WebappClassLoaderBase.checkThreadLocalMapForLeaks The web application [production-management-system] created a ThreadLocal with key of type [com.microsoft.sqlserver.jdbc.ActivityCorrelator$1] (value [com.microsoft.sqlserver.jdbc.ActivityCorrelator$1@16291303]) and a value of type [com.microsoft.sqlserver.jdbc.ActivityId] (value [b734c1fd-caea-4c09-b9fb-3a73408f05dd-3]) but failed to remove it when the web application was stopped. Threads are going to be renewed over time to try and avoid a probable memory leak.
22-Mar-2026 17:35:59.576 INFO [http-nio-8080-exec-119] org.apache.catalina.startup.HostConfig.undeploy Undeploying context [/production-management-system]
22-Mar-2026 17:35:59.599 INFO [http-nio-8080-exec-124] org.apache.catalina.startup.HostConfig.deployDescriptor Deploying deployment descriptor [D:\tools\apache-tomcat-9.0.108\conf\Catalina\localhost\production-management-system.xml]
22-Mar-2026 17:35:59.601 WARNING [http-nio-8080-exec-124] org.apache.catalina.startup.HostConfig.deployDescriptor The path attribute with value [/production-management-system] in deployment descriptor [D:\tools\apache-tomcat-9.0.108\conf\Catalina\localhost\production-management-system.xml] has been ignored
22-Mar-2026 17:36:00.013 INFO [http-nio-8080-exec-124] org.apache.jasper.servlet.TldScanner.scanJars At least one JAR was scanned for TLDs yet contained no TLDs. Enable debug logging for this logger for a complete list of JARs that were scanned but no TLDs were found in them. Skipping unneeded JARs during scanning can improve startup time and JSP compilation time.
22-Mar-2026 17:36:00.341 INFO [http-nio-8080-exec-124] org.apache.catalina.startup.HostConfig.deployDescriptor Deployment of deployment descriptor [D:\tools\apache-tomcat-9.0.108\conf\Catalina\localhost\production-management-system.xml] has finished in [741] ms
22-Mar-2026 17:36:00.352 WARNING [http-nio-8080-exec-125] org.apache.catalina.loader.WebappClassLoaderBase.clearReferencesJdbc The web application [production-management-system] registered the JDBC driver [com.microsoft.sqlserver.jdbc.SQLServerDriver] but failed to unregister it when the web application was stopped. To prevent a memory leak, the JDBC Driver has been forcibly unregistered.
22-Mar-2026 17:36:00.352 SEVERE [http-nio-8080-exec-125] org.apache.catalina.loader.WebappClassLoaderBase.checkThreadLocalMapForLeaks The web application [production-management-system] created a ThreadLocal with key of type [com.microsoft.sqlserver.jdbc.ActivityCorrelator$1] (value [com.microsoft.sqlserver.jdbc.ActivityCorrelator$1@14998b6c]) and a value of type [com.microsoft.sqlserver.jdbc.ActivityId] (value [ec8d2ca6-8cd5-4b59-aea2-4a8b146f7922-8]) but failed to remove it when the web application was stopped. Threads are going to be renewed over time to try and avoid a probable memory leak.
22-Mar-2026 17:36:00.869 INFO [http-nio-8080-exec-125] org.apache.catalina.startup.HostConfig.undeploy Undeploying context [/production-management-system]
22-Mar-2026 17:36:00.897 INFO [http-nio-8080-exec-124] org.apache.catalina.startup.HostConfig.deployDescriptor Deploying deployment descriptor [D:\tools\apache-tomcat-9.0.108\conf\Catalina\localhost\production-management-system.xml]
22-Mar-2026 17:36:00.899 WARNING [http-nio-8080-exec-124] org.apache.catalina.startup.HostConfig.deployDescriptor The path attribute with value [/production-management-system] in deployment descriptor [D:\tools\apache-tomcat-9.0.108\conf\Catalina\localhost\production-management-system.xml] has been ignored
22-Mar-2026 17:36:01.470 INFO [http-nio-8080-exec-124] org.apache.jasper.servlet.TldScanner.scanJars At least one JAR was scanned for TLDs yet contained no TLDs. Enable debug logging for this logger for a complete list of JARs that were scanned but no TLDs were found in them. Skipping unneeded JARs during scanning can improve startup time and JSP compilation time.
22-Mar-2026 17:36:02.022 INFO [http-nio-8080-exec-124] org.apache.catalina.startup.HostConfig.deployDescriptor Deployment of deployment descriptor [D:\tools\apache-tomcat-9.0.108\conf\Catalina\localhost\production-management-system.xml] has finished in [1,125] ms
22-Mar-2026 17:36:02.027 INFO [http-nio-8080-exec-118] org.apache.catalina.util.LifecycleBase.start The start() method was called on component [StandardEngine[Catalina].StandardHost[localhost].StandardContext[/production-management-system]] after start() had already been called. The second call will be ignored.
22-Mar-2026 17:51:02.934 INFO [http-nio-8080-exec-136] org.apache.catalina.core.StandardContext.reload Reloading Context with name [/production-management-system] has started
22-Mar-2026 17:51:02.942 WARNING [http-nio-8080-exec-136] org.apache.catalina.loader.WebappClassLoaderBase.clearReferencesJdbc The web application [production-management-system] registered the JDBC driver [com.microsoft.sqlserver.jdbc.SQLServerDriver] but failed to unregister it when the web application was stopped. To prevent a memory leak, the JDBC Driver has been forcibly unregistered.
22-Mar-2026 17:51:02.943 SEVERE [http-nio-8080-exec-136] org.apache.catalina.loader.WebappClassLoaderBase.checkThreadLocalMapForLeaks The web application [production-management-system] created a ThreadLocal with key of type [com.microsoft.sqlserver.jdbc.ActivityCorrelator$1] (value [com.microsoft.sqlserver.jdbc.ActivityCorrelator$1@16859915]) and a value of type [com.microsoft.sqlserver.jdbc.ActivityId] (value [856a7ef9-13da-48d4-b3ac-490f28b11d71-16]) but failed to remove it when the web application was stopped. Threads are going to be renewed over time to try and avoid a probable memory leak.
22-Mar-2026 17:51:02.943 SEVERE [http-nio-8080-exec-136] org.apache.catalina.loader.WebappClassLoaderBase.checkThreadLocalMapForLeaks The web application [production-management-system] created a ThreadLocal with key of type [com.microsoft.sqlserver.jdbc.ActivityCorrelator$1] (value [com.microsoft.sqlserver.jdbc.ActivityCorrelator$1@16859915]) and a value of type [com.microsoft.sqlserver.jdbc.ActivityId] (value [925bc48d-18be-40bd-8aea-183b313e3f4f-35]) but failed to remove it when the web application was stopped. Threads are going to be renewed over time to try and avoid a probable memory leak.
22-Mar-2026 17:51:02.943 SEVERE [http-nio-8080-exec-136] org.apache.catalina.loader.WebappClassLoaderBase.checkThreadLocalMapForLeaks The web application [production-management-system] created a ThreadLocal with key of type [com.microsoft.sqlserver.jdbc.ActivityCorrelator$1] (value [com.microsoft.sqlserver.jdbc.ActivityCorrelator$1@16859915]) and a value of type [com.microsoft.sqlserver.jdbc.ActivityId] (value [46448366-ff94-49fd-9ecb-2a1cf8312042-15]) but failed to remove it when the web application was stopped. Threads are going to be renewed over time to try and avoid a probable memory leak.
22-Mar-2026 17:51:02.943 SEVERE [http-nio-8080-exec-136] org.apache.catalina.loader.WebappClassLoaderBase.checkThreadLocalMapForLeaks The web application [production-management-system] created a ThreadLocal with key of type [com.microsoft.sqlserver.jdbc.ActivityCorrelator$1] (value [com.microsoft.sqlserver.jdbc.ActivityCorrelator$1@16859915]) and a value of type [com.microsoft.sqlserver.jdbc.ActivityId] (value [8ac1ec9a-7856-41ac-8caa-3636a6281856-8]) but failed to remove it when the web application was stopped. Threads are going to be renewed over time to try and avoid a probable memory leak.
22-Mar-2026 17:51:02.944 SEVERE [http-nio-8080-exec-136] org.apache.catalina.loader.WebappClassLoaderBase.checkThreadLocalMapForLeaks The web application [production-management-system] created a ThreadLocal with key of type [com.microsoft.sqlserver.jdbc.ActivityCorrelator$1] (value [com.microsoft.sqlserver.jdbc.ActivityCorrelator$1@16859915]) and a value of type [com.microsoft.sqlserver.jdbc.ActivityId] (value [0aa4777f-3791-48b9-ad5d-e372ffbf1688-9]) but failed to remove it when the web application was stopped. Threads are going to be renewed over time to try and avoid a probable memory leak.
22-Mar-2026 17:51:02.944 SEVERE [http-nio-8080-exec-136] org.apache.catalina.loader.WebappClassLoaderBase.checkThreadLocalMapForLeaks The web application [production-management-system] created a ThreadLocal with key of type [com.microsoft.sqlserver.jdbc.ActivityCorrelator$1] (value [com.microsoft.sqlserver.jdbc.ActivityCorrelator$1@16859915]) and a value of type [com.microsoft.sqlserver.jdbc.ActivityId] (value [1f8ab040-2da7-40e1-b458-6a112eecea9f-3]) but failed to remove it when the web application was stopped. Threads are going to be renewed over time to try and avoid a probable memory leak.
22-Mar-2026 17:51:03.160 SEVERE [http-nio-8080-exec-136] org.apache.catalina.loader.WebappClassLoaderBase.checkThreadLocalMapForLeaks The web application [production-management-system] created a ThreadLocal with key of type [com.microsoft.sqlserver.jdbc.ActivityCorrelator$1] (value [com.microsoft.sqlserver.jdbc.ActivityCorrelator$1@16859915]) and a value of type [com.microsoft.sqlserver.jdbc.ActivityId] (value [ce27faa0-680a-4c43-bf24-504f78e092a2-11]) but failed to remove it when the web application was stopped. Threads are going to be renewed over time to try and avoid a probable memory leak.
22-Mar-2026 17:51:03.160 SEVERE [http-nio-8080-exec-136] org.apache.catalina.loader.WebappClassLoaderBase.checkThreadLocalMapForLeaks The web application [production-management-system] created a ThreadLocal with key of type [com.microsoft.sqlserver.jdbc.ActivityCorrelator$1] (value [com.microsoft.sqlserver.jdbc.ActivityCorrelator$1@16859915]) and a value of type [com.microsoft.sqlserver.jdbc.ActivityId] (value [037c8658-ed4a-4da7-a665-fad383e83653-13]) but failed to remove it when the web application was stopped. Threads are going to be renewed over time to try and avoid a probable memory leak.
22-Mar-2026 17:51:03.161 SEVERE [http-nio-8080-exec-136] org.apache.catalina.loader.WebappClassLoaderBase.checkThreadLocalMapForLeaks The web application [production-management-system] created a ThreadLocal with key of type [com.microsoft.sqlserver.jdbc.ActivityCorrelator$1] (value [com.microsoft.sqlserver.jdbc.ActivityCorrelator$1@16859915]) and a value of type [com.microsoft.sqlserver.jdbc.ActivityId] (value [0892091a-984f-4494-8c31-60a5d1af949e-6]) but failed to remove it when the web application was stopped. Threads are going to be renewed over time to try and avoid a probable memory leak.
22-Mar-2026 17:51:03.161 SEVERE [http-nio-8080-exec-136] org.apache.catalina.loader.WebappClassLoaderBase.checkThreadLocalMapForLeaks The web application [production-management-system] created a ThreadLocal with key of type [com.microsoft.sqlserver.jdbc.ActivityCorrelator$1] (value [com.microsoft.sqlserver.jdbc.ActivityCorrelator$1@16859915]) and a value of type [com.microsoft.sqlserver.jdbc.ActivityId] (value [ffd31363-4d84-4d91-96d4-44128472ff81-14]) but failed to remove it when the web application was stopped. Threads are going to be renewed over time to try and avoid a probable memory leak.
22-Mar-2026 17:51:03.560 INFO [http-nio-8080-exec-136] org.apache.jasper.servlet.TldScanner.scanJars At least one JAR was scanned for TLDs yet contained no TLDs. Enable debug logging for this logger for a complete list of JARs that were scanned but no TLDs were found in them. Skipping unneeded JARs during scanning can improve startup time and JSP compilation time.
22-Mar-2026 17:51:04.164 INFO [http-nio-8080-exec-136] org.apache.catalina.core.StandardContext.reload Reloading Context with name [/production-management-system] is completed
22-Mar-2026 17:52:11.041 INFO [http-nio-8080-exec-132] org.apache.catalina.core.StandardContext.reload Reloading Context with name [/production-management-system] has started
22-Mar-2026 17:52:11.046 WARNING [http-nio-8080-exec-132] org.apache.catalina.loader.WebappClassLoaderBase.clearReferencesJdbc The web application [production-management-system] registered the JDBC driver [com.microsoft.sqlserver.jdbc.SQLServerDriver] but failed to unregister it when the web application was stopped. To prevent a memory leak, the JDBC Driver has been forcibly unregistered.
22-Mar-2026 17:52:11.634 INFO [http-nio-8080-exec-132] org.apache.jasper.servlet.TldScanner.scanJars At least one JAR was scanned for TLDs yet contained no TLDs. Enable debug logging for this logger for a complete list of JARs that were scanned but no TLDs were found in them. Skipping unneeded JARs during scanning can improve startup time and JSP compilation time.
22-Mar-2026 17:52:12.049 INFO [http-nio-8080-exec-132] org.apache.catalina.core.StandardContext.reload Reloading Context with name [/production-management-system] is completed
22-Mar-2026 17:52:12.373 WARNING [http-nio-8080-exec-138] org.apache.catalina.loader.WebappClassLoaderBase.clearReferencesJdbc The web application [production-management-system] registered the JDBC driver [com.microsoft.sqlserver.jdbc.SQLServerDriver] but failed to unregister it when the web application was stopped. To prevent a memory leak, the JDBC Driver has been forcibly unregistered.
22-Mar-2026 17:52:12.882 INFO [http-nio-8080-exec-138] org.apache.catalina.startup.HostConfig.undeploy Undeploying context [/production-management-system]
22-Mar-2026 17:52:12.910 INFO [http-nio-8080-exec-137] org.apache.catalina.startup.HostConfig.deployDescriptor Deploying deployment descriptor [D:\tools\apache-tomcat-9.0.108\conf\Catalina\localhost\production-management-system.xml]
22-Mar-2026 17:52:12.911 WARNING [http-nio-8080-exec-137] org.apache.catalina.startup.HostConfig.deployDescriptor The path attribute with value [/production-management-system] in deployment descriptor [D:\tools\apache-tomcat-9.0.108\conf\Catalina\localhost\production-management-system.xml] has been ignored
22-Mar-2026 17:52:13.341 INFO [http-nio-8080-exec-137] org.apache.jasper.servlet.TldScanner.scanJars At least one JAR was scanned for TLDs yet contained no TLDs. Enable debug logging for this logger for a complete list of JARs that were scanned but no TLDs were found in them. Skipping unneeded JARs during scanning can improve startup time and JSP compilation time.
22-Mar-2026 17:52:14.038 INFO [http-nio-8080-exec-137] org.apache.catalina.startup.HostConfig.deployDescriptor Deployment of deployment descriptor [D:\tools\apache-tomcat-9.0.108\conf\Catalina\localhost\production-management-system.xml] has finished in [1,127] ms
22-Mar-2026 17:52:14.046 INFO [http-nio-8080-exec-135] org.apache.catalina.util.LifecycleBase.start The start() method was called on component [StandardEngine[Catalina].StandardHost[localhost].StandardContext[/production-management-system]] after start() had already been called. The second call will be ignored.
22-Mar-2026 17:52:37.444 WARNING [http-nio-8080-exec-142] org.apache.catalina.loader.WebappClassLoaderBase.clearReferencesJdbc The web application [production-management-system] registered the JDBC driver [com.microsoft.sqlserver.jdbc.SQLServerDriver] but failed to unregister it when the web application was stopped. To prevent a memory leak, the JDBC Driver has been forcibly unregistered.
22-Mar-2026 17:52:37.954 INFO [http-nio-8080-exec-142] org.apache.catalina.startup.HostConfig.undeploy Undeploying context [/production-management-system]
22-Mar-2026 17:52:37.981 INFO [http-nio-8080-exec-143] org.apache.catalina.startup.HostConfig.deployDescriptor Deploying deployment descriptor [D:\tools\apache-tomcat-9.0.108\conf\Catalina\localhost\production-management-system.xml]
22-Mar-2026 17:52:37.983 WARNING [http-nio-8080-exec-143] org.apache.catalina.startup.HostConfig.deployDescriptor The path attribute with value [/production-management-system] in deployment descriptor [D:\tools\apache-tomcat-9.0.108\conf\Catalina\localhost\production-management-system.xml] has been ignored
22-Mar-2026 17:52:38.495 INFO [http-nio-8080-exec-143] org.apache.jasper.servlet.TldScanner.scanJars At least one JAR was scanned for TLDs yet contained no TLDs. Enable debug logging for this logger for a complete list of JARs that were scanned but no TLDs were found in them. Skipping unneeded JARs during scanning can improve startup time and JSP compilation time.
22-Mar-2026 17:52:39.094 INFO [http-nio-8080-exec-143] org.apache.catalina.startup.HostConfig.deployDescriptor Deployment of deployment descriptor [D:\tools\apache-tomcat-9.0.108\conf\Catalina\localhost\production-management-system.xml] has finished in [1,113] ms
22-Mar-2026 17:52:39.100 INFO [http-nio-8080-exec-145] org.apache.catalina.util.LifecycleBase.start The start() method was called on component [StandardEngine[Catalina].StandardHost[localhost].StandardContext[/production-management-system]] after start() had already been called. The second call will be ignored.
22-Mar-2026 17:57:15.994 WARNING [http-nio-8080-exec-155] org.apache.catalina.loader.WebappClassLoaderBase.clearReferencesJdbc The web application [production-management-system] registered the JDBC driver [com.microsoft.sqlserver.jdbc.SQLServerDriver] but failed to unregister it when the web application was stopped. To prevent a memory leak, the JDBC Driver has been forcibly unregistered.
22-Mar-2026 17:57:16.506 INFO [http-nio-8080-exec-155] org.apache.catalina.startup.HostConfig.undeploy Undeploying context [/production-management-system]
22-Mar-2026 17:57:16.539 INFO [http-nio-8080-exec-152] org.apache.catalina.startup.HostConfig.deployDescriptor Deploying deployment descriptor [D:\tools\apache-tomcat-9.0.108\conf\Catalina\localhost\production-management-system.xml]
22-Mar-2026 17:57:16.542 WARNING [http-nio-8080-exec-152] org.apache.catalina.startup.HostConfig.deployDescriptor The path attribute with value [/production-management-system] in deployment descriptor [D:\tools\apache-tomcat-9.0.108\conf\Catalina\localhost\production-management-system.xml] has been ignored
22-Mar-2026 17:57:17.290 INFO [http-nio-8080-exec-152] org.apache.jasper.servlet.TldScanner.scanJars At least one JAR was scanned for TLDs yet contained no TLDs. Enable debug logging for this logger for a complete list of JARs that were scanned but no TLDs were found in them. Skipping unneeded JARs during scanning can improve startup time and JSP compilation time.
22-Mar-2026 17:57:17.864 INFO [http-nio-8080-exec-152] org.apache.catalina.startup.HostConfig.deployDescriptor Deployment of deployment descriptor [D:\tools\apache-tomcat-9.0.108\conf\Catalina\localhost\production-management-system.xml] has finished in [1,324] ms
22-Mar-2026 17:57:17.871 INFO [http-nio-8080-exec-147] org.apache.catalina.util.LifecycleBase.start The start() method was called on component [StandardEngine[Catalina].StandardHost[localhost].StandardContext[/production-management-system]] after start() had already been called. The second call will be ignored.
22-Mar-2026 17:57:31.298 INFO [http-nio-8080-exec-157] org.apache.catalina.core.StandardContext.reload Reloading Context with name [/production-management-system] has started
22-Mar-2026 17:57:31.309 WARNING [http-nio-8080-exec-157] org.apache.catalina.loader.WebappClassLoaderBase.clearReferencesJdbc The web application [production-management-system] registered the JDBC driver [com.microsoft.sqlserver.jdbc.SQLServerDriver] but failed to unregister it when the web application was stopped. To prevent a memory leak, the JDBC Driver has been forcibly unregistered.
22-Mar-2026 17:57:31.955 INFO [http-nio-8080-exec-157] org.apache.jasper.servlet.TldScanner.scanJars At least one JAR was scanned for TLDs yet contained no TLDs. Enable debug logging for this logger for a complete list of JARs that were scanned but no TLDs were found in them. Skipping unneeded JARs during scanning can improve startup time and JSP compilation time.
22-Mar-2026 17:57:32.400 INFO [http-nio-8080-exec-157] org.apache.catalina.core.StandardContext.reload Reloading Context with name [/production-management-system] is completed
22-Mar-2026 17:57:32.419 WARNING [http-nio-8080-exec-158] org.apache.catalina.loader.WebappClassLoaderBase.clearReferencesJdbc The web application [production-management-system] registered the JDBC driver [com.microsoft.sqlserver.jdbc.SQLServerDriver] but failed to unregister it when the web application was stopped. To prevent a memory leak, the JDBC Driver has been forcibly unregistered.
22-Mar-2026 17:57:32.929 INFO [http-nio-8080-exec-158] org.apache.catalina.startup.HostConfig.undeploy Undeploying context [/production-management-system]
22-Mar-2026 17:57:32.957 INFO [http-nio-8080-exec-153] org.apache.catalina.startup.HostConfig.deployDescriptor Deploying deployment descriptor [D:\tools\apache-tomcat-9.0.108\conf\Catalina\localhost\production-management-system.xml]
22-Mar-2026 17:57:32.959 WARNING [http-nio-8080-exec-153] org.apache.catalina.startup.HostConfig.deployDescriptor The path attribute with value [/production-management-system] in deployment descriptor [D:\tools\apache-tomcat-9.0.108\conf\Catalina\localhost\production-management-system.xml] has been ignored
22-Mar-2026 17:57:33.485 INFO [http-nio-8080-exec-153] org.apache.jasper.servlet.TldScanner.scanJars At least one JAR was scanned for TLDs yet contained no TLDs. Enable debug logging for this logger for a complete list of JARs that were scanned but no TLDs were found in them. Skipping unneeded JARs during scanning can improve startup time and JSP compilation time.
22-Mar-2026 17:57:34.066 INFO [http-nio-8080-exec-153] org.apache.catalina.startup.HostConfig.deployDescriptor Deployment of deployment descriptor [D:\tools\apache-tomcat-9.0.108\conf\Catalina\localhost\production-management-system.xml] has finished in [1,108] ms
22-Mar-2026 17:57:34.069 INFO [http-nio-8080-exec-148] org.apache.catalina.util.LifecycleBase.start The start() method was called on component [StandardEngine[Catalina].StandardHost[localhost].StandardContext[/production-management-system]] after start() had already been called. The second call will be ignored.
22-Mar-2026 18:11:12.492 INFO [http-nio-8080-exec-168] org.apache.catalina.core.StandardContext.reload Reloading Context with name [/production-management-system] has started
22-Mar-2026 18:11:12.504 WARNING [http-nio-8080-exec-168] org.apache.catalina.loader.WebappClassLoaderBase.clearReferencesJdbc The web application [production-management-system] registered the JDBC driver [com.microsoft.sqlserver.jdbc.SQLServerDriver] but failed to unregister it when the web application was stopped. To prevent a memory leak, the JDBC Driver has been forcibly unregistered.
22-Mar-2026 18:11:12.505 SEVERE [http-nio-8080-exec-168] org.apache.catalina.loader.WebappClassLoaderBase.checkThreadLocalMapForLeaks The web application [production-management-system] created a ThreadLocal with key of type [com.microsoft.sqlserver.jdbc.ActivityCorrelator$1] (value [com.microsoft.sqlserver.jdbc.ActivityCorrelator$1@3fb3db39]) and a value of type [com.microsoft.sqlserver.jdbc.ActivityId] (value [6dd5276d-5eb8-4073-b8a8-f0babd23a722-5]) but failed to remove it when the web application was stopped. Threads are going to be renewed over time to try and avoid a probable memory leak.
22-Mar-2026 18:11:12.505 SEVERE [http-nio-8080-exec-168] org.apache.catalina.loader.WebappClassLoaderBase.checkThreadLocalMapForLeaks The web application [production-management-system] created a ThreadLocal with key of type [com.microsoft.sqlserver.jdbc.ActivityCorrelator$1] (value [com.microsoft.sqlserver.jdbc.ActivityCorrelator$1@3fb3db39]) and a value of type [com.microsoft.sqlserver.jdbc.ActivityId] (value [2ab6d1b4-8d4e-4dbe-969e-56b7387de08b-2]) but failed to remove it when the web application was stopped. Threads are going to be renewed over time to try and avoid a probable memory leak.
22-Mar-2026 18:11:12.506 SEVERE [http-nio-8080-exec-168] org.apache.catalina.loader.WebappClassLoaderBase.checkThreadLocalMapForLeaks The web application [production-management-system] created a ThreadLocal with key of type [com.microsoft.sqlserver.jdbc.ActivityCorrelator$1] (value [com.microsoft.sqlserver.jdbc.ActivityCorrelator$1@3fb3db39]) and a value of type [com.microsoft.sqlserver.jdbc.ActivityId] (value [a54678a4-e72e-41c9-ad47-0f7f9c6fa36d-3]) but failed to remove it when the web application was stopped. Threads are going to be renewed over time to try and avoid a probable memory leak.
22-Mar-2026 18:11:12.506 SEVERE [http-nio-8080-exec-168] org.apache.catalina.loader.WebappClassLoaderBase.checkThreadLocalMapForLeaks The web application [production-management-system] created a ThreadLocal with key of type [com.microsoft.sqlserver.jdbc.ActivityCorrelator$1] (value [com.microsoft.sqlserver.jdbc.ActivityCorrelator$1@3fb3db39]) and a value of type [com.microsoft.sqlserver.jdbc.ActivityId] (value [2468085c-4c6f-416c-85e6-5dbbae6274cf-2]) but failed to remove it when the web application was stopped. Threads are going to be renewed over time to try and avoid a probable memory leak.
22-Mar-2026 18:11:12.506 SEVERE [http-nio-8080-exec-168] org.apache.catalina.loader.WebappClassLoaderBase.checkThreadLocalMapForLeaks The web application [production-management-system] created a ThreadLocal with key of type [com.microsoft.sqlserver.jdbc.ActivityCorrelator$1] (value [com.microsoft.sqlserver.jdbc.ActivityCorrelator$1@3fb3db39]) and a value of type [com.microsoft.sqlserver.jdbc.ActivityId] (value [875ce692-f46d-4c16-b964-0cfe8ed12d9b-4]) but failed to remove it when the web application was stopped. Threads are going to be renewed over time to try and avoid a probable memory leak.
22-Mar-2026 18:11:12.507 SEVERE [http-nio-8080-exec-168] org.apache.catalina.loader.WebappClassLoaderBase.checkThreadLocalMapForLeaks The web application [production-management-system] created a ThreadLocal with key of type [com.microsoft.sqlserver.jdbc.ActivityCorrelator$1] (value [com.microsoft.sqlserver.jdbc.ActivityCorrelator$1@3fb3db39]) and a value of type [com.microsoft.sqlserver.jdbc.ActivityId] (value [a259773a-6b01-4321-b541-2891730d1018-2]) but failed to remove it when the web application was stopped. Threads are going to be renewed over time to try and avoid a probable memory leak.
22-Mar-2026 18:11:12.762 SEVERE [http-nio-8080-exec-168] org.apache.catalina.loader.WebappClassLoaderBase.checkThreadLocalMapForLeaks The web application [production-management-system] created a ThreadLocal with key of type [com.microsoft.sqlserver.jdbc.ActivityCorrelator$1] (value [com.microsoft.sqlserver.jdbc.ActivityCorrelator$1@3fb3db39]) and a value of type [com.microsoft.sqlserver.jdbc.ActivityId] (value [7fd17c4d-a6f7-4099-8128-40de22841fdb-2]) but failed to remove it when the web application was stopped. Threads are going to be renewed over time to try and avoid a probable memory leak.
22-Mar-2026 18:11:12.762 SEVERE [http-nio-8080-exec-168] org.apache.catalina.loader.WebappClassLoaderBase.checkThreadLocalMapForLeaks The web application [production-management-system] created a ThreadLocal with key of type [com.microsoft.sqlserver.jdbc.ActivityCorrelator$1] (value [com.microsoft.sqlserver.jdbc.ActivityCorrelator$1@3fb3db39]) and a value of type [com.microsoft.sqlserver.jdbc.ActivityId] (value [01ab8aae-de0d-4537-9fc9-04ce1899f281-3]) but failed to remove it when the web application was stopped. Threads are going to be renewed over time to try and avoid a probable memory leak.
22-Mar-2026 18:11:13.913 INFO [http-nio-8080-exec-168] org.apache.jasper.servlet.TldScanner.scanJars At least one JAR was scanned for TLDs yet contained no TLDs. Enable debug logging for this logger for a complete list of JARs that were scanned but no TLDs were found in them. Skipping unneeded JARs during scanning can improve startup time and JSP compilation time.
22-Mar-2026 18:11:14.829 INFO [http-nio-8080-exec-168] org.apache.catalina.core.StandardContext.reload Reloading Context with name [/production-management-system] is completed
22-Mar-2026 18:11:14.850 WARNING [http-nio-8080-exec-166] org.apache.catalina.loader.WebappClassLoaderBase.clearReferencesJdbc The web application [production-management-system] registered the JDBC driver [com.microsoft.sqlserver.jdbc.SQLServerDriver] but failed to unregister it when the web application was stopped. To prevent a memory leak, the JDBC Driver has been forcibly unregistered.
22-Mar-2026 18:11:14.851 SEVERE [http-nio-8080-exec-166] org.apache.catalina.loader.WebappClassLoaderBase.checkThreadLocalMapForLeaks The web application [production-management-system] created a ThreadLocal with key of type [com.microsoft.sqlserver.jdbc.ActivityCorrelator$1] (value [com.microsoft.sqlserver.jdbc.ActivityCorrelator$1@2469f4e5]) and a value of type [com.microsoft.sqlserver.jdbc.ActivityId] (value [a4265b45-e6ed-469e-867c-f791c70db951-8]) but failed to remove it when the web application was stopped. Threads are going to be renewed over time to try and avoid a probable memory leak.
22-Mar-2026 18:11:15.371 INFO [http-nio-8080-exec-166] org.apache.catalina.startup.HostConfig.undeploy Undeploying context [/production-management-system]
22-Mar-2026 18:11:15.413 INFO [http-nio-8080-exec-171] org.apache.catalina.startup.HostConfig.deployDescriptor Deploying deployment descriptor [D:\tools\apache-tomcat-9.0.108\conf\Catalina\localhost\production-management-system.xml]
22-Mar-2026 18:11:15.415 WARNING [http-nio-8080-exec-171] org.apache.catalina.startup.HostConfig.deployDescriptor The path attribute with value [/production-management-system] in deployment descriptor [D:\tools\apache-tomcat-9.0.108\conf\Catalina\localhost\production-management-system.xml] has been ignored
22-Mar-2026 18:11:16.198 INFO [http-nio-8080-exec-171] org.apache.jasper.servlet.TldScanner.scanJars At least one JAR was scanned for TLDs yet contained no TLDs. Enable debug logging for this logger for a complete list of JARs that were scanned but no TLDs were found in them. Skipping unneeded JARs during scanning can improve startup time and JSP compilation time.
22-Mar-2026 18:11:16.960 INFO [http-nio-8080-exec-171] org.apache.catalina.startup.HostConfig.deployDescriptor Deployment of deployment descriptor [D:\tools\apache-tomcat-9.0.108\conf\Catalina\localhost\production-management-system.xml] has finished in [1,547] ms
22-Mar-2026 18:11:16.968 INFO [http-nio-8080-exec-165] org.apache.catalina.util.LifecycleBase.start The start() method was called on component [StandardEngine[Catalina].StandardHost[localhost].StandardContext[/production-management-system]] after start() had already been called. The second call will be ignored.
22-Mar-2026 18:20:30.212 INFO [http-nio-8080-exec-172] org.apache.catalina.core.StandardContext.reload Reloading Context with name [/production-management-system] has started
22-Mar-2026 18:20:30.228 WARNING [http-nio-8080-exec-172] org.apache.catalina.loader.WebappClassLoaderBase.clearReferencesJdbc The web application [production-management-system] registered the JDBC driver [com.microsoft.sqlserver.jdbc.SQLServerDriver] but failed to unregister it when the web application was stopped. To prevent a memory leak, the JDBC Driver has been forcibly unregistered.
22-Mar-2026 18:20:30.229 SEVERE [http-nio-8080-exec-172] org.apache.catalina.loader.WebappClassLoaderBase.checkThreadLocalMapForLeaks The web application [production-management-system] created a ThreadLocal with key of type [com.microsoft.sqlserver.jdbc.ActivityCorrelator$1] (value [com.microsoft.sqlserver.jdbc.ActivityCorrelator$1@64fd11d4]) and a value of type [com.microsoft.sqlserver.jdbc.ActivityId] (value [7287659c-680e-41b3-bcdc-33361cb567f3-21]) but failed to remove it when the web application was stopped. Threads are going to be renewed over time to try and avoid a probable memory leak.
22-Mar-2026 18:20:30.229 SEVERE [http-nio-8080-exec-172] org.apache.catalina.loader.WebappClassLoaderBase.checkThreadLocalMapForLeaks The web application [production-management-system] created a ThreadLocal with key of type [com.microsoft.sqlserver.jdbc.ActivityCorrelator$1] (value [com.microsoft.sqlserver.jdbc.ActivityCorrelator$1@64fd11d4]) and a value of type [com.microsoft.sqlserver.jdbc.ActivityId] (value [38350624-d822-4576-a192-296895ba1bb8-3]) but failed to remove it when the web application was stopped. Threads are going to be renewed over time to try and avoid a probable memory leak.
22-Mar-2026 18:20:31.555 INFO [http-nio-8080-exec-172] org.apache.jasper.servlet.TldScanner.scanJars At least one JAR was scanned for TLDs yet contained no TLDs. Enable debug logging for this logger for a complete list of JARs that were scanned but no TLDs were found in them. Skipping unneeded JARs during scanning can improve startup time and JSP compilation time.
22-Mar-2026 18:20:32.378 INFO [http-nio-8080-exec-172] org.apache.catalina.core.StandardContext.reload Reloading Context with name [/production-management-system] is completed
22-Mar-2026 18:20:32.743 WARNING [http-nio-8080-exec-176] org.apache.catalina.loader.WebappClassLoaderBase.clearReferencesJdbc The web application [production-management-system] registered the JDBC driver [com.microsoft.sqlserver.jdbc.SQLServerDriver] but failed to unregister it when the web application was stopped. To prevent a memory leak, the JDBC Driver has been forcibly unregistered.
22-Mar-2026 18:20:33.248 INFO [http-nio-8080-exec-176] org.apache.catalina.startup.HostConfig.undeploy Undeploying context [/production-management-system]
22-Mar-2026 18:20:33.299 INFO [http-nio-8080-exec-179] org.apache.catalina.startup.HostConfig.deployDescriptor Deploying deployment descriptor [D:\tools\apache-tomcat-9.0.108\conf\Catalina\localhost\production-management-system.xml]
22-Mar-2026 18:20:33.302 WARNING [http-nio-8080-exec-179] org.apache.catalina.startup.HostConfig.deployDescriptor The path attribute with value [/production-management-system] in deployment descriptor [D:\tools\apache-tomcat-9.0.108\conf\Catalina\localhost\production-management-system.xml] has been ignored
22-Mar-2026 18:20:33.987 INFO [http-nio-8080-exec-179] org.apache.jasper.servlet.TldScanner.scanJars At least one JAR was scanned for TLDs yet contained no TLDs. Enable debug logging for this logger for a complete list of JARs that were scanned but no TLDs were found in them. Skipping unneeded JARs during scanning can improve startup time and JSP compilation time.
22-Mar-2026 18:20:34.791 INFO [http-nio-8080-exec-179] org.apache.catalina.startup.HostConfig.deployDescriptor Deployment of deployment descriptor [D:\tools\apache-tomcat-9.0.108\conf\Catalina\localhost\production-management-system.xml] has finished in [1,491] ms
22-Mar-2026 18:20:34.799 INFO [http-nio-8080-exec-173] org.apache.catalina.util.LifecycleBase.start The start() method was called on component [StandardEngine[Catalina].StandardHost[localhost].StandardContext[/production-management-system]] after start() had already been called. The second call will be ignored.
22-Mar-2026 18:28:23.869 WARNING [http-nio-8080-exec-183] org.apache.catalina.loader.WebappClassLoaderBase.clearReferencesJdbc The web application [production-management-system] registered the JDBC driver [com.microsoft.sqlserver.jdbc.SQLServerDriver] but failed to unregister it when the web application was stopped. To prevent a memory leak, the JDBC Driver has been forcibly unregistered.
22-Mar-2026 18:28:23.870 SEVERE [http-nio-8080-exec-183] org.apache.catalina.loader.WebappClassLoaderBase.checkThreadLocalMapForLeaks The web application [production-management-system] created a ThreadLocal with key of type [com.microsoft.sqlserver.jdbc.ActivityCorrelator$1] (value [com.microsoft.sqlserver.jdbc.ActivityCorrelator$1@3df6cf60]) and a value of type [com.microsoft.sqlserver.jdbc.ActivityId] (value [79f07d5d-e6d9-4198-9405-f673164669e5-14]) but failed to remove it when the web application was stopped. Threads are going to be renewed over time to try and avoid a probable memory leak.
22-Mar-2026 18:28:23.871 SEVERE [http-nio-8080-exec-183] org.apache.catalina.loader.WebappClassLoaderBase.checkThreadLocalMapForLeaks The web application [production-management-system] created a ThreadLocal with key of type [com.microsoft.sqlserver.jdbc.ActivityCorrelator$1] (value [com.microsoft.sqlserver.jdbc.ActivityCorrelator$1@3df6cf60]) and a value of type [com.microsoft.sqlserver.jdbc.ActivityId] (value [cf8f68d2-b845-4f0a-8ccf-288340cd8416-9]) but failed to remove it when the web application was stopped. Threads are going to be renewed over time to try and avoid a probable memory leak.
22-Mar-2026 18:28:23.871 SEVERE [http-nio-8080-exec-183] org.apache.catalina.loader.WebappClassLoaderBase.checkThreadLocalMapForLeaks The web application [production-management-system] created a ThreadLocal with key of type [com.microsoft.sqlserver.jdbc.ActivityCorrelator$1] (value [com.microsoft.sqlserver.jdbc.ActivityCorrelator$1@3df6cf60]) and a value of type [com.microsoft.sqlserver.jdbc.ActivityId] (value [db65bbad-f21c-4284-af00-da461082889f-13]) but failed to remove it when the web application was stopped. Threads are going to be renewed over time to try and avoid a probable memory leak.
22-Mar-2026 18:28:23.871 SEVERE [http-nio-8080-exec-183] org.apache.catalina.loader.WebappClassLoaderBase.checkThreadLocalMapForLeaks The web application [production-management-system] created a ThreadLocal with key of type [com.microsoft.sqlserver.jdbc.ActivityCorrelator$1] (value [com.microsoft.sqlserver.jdbc.ActivityCorrelator$1@3df6cf60]) and a value of type [com.microsoft.sqlserver.jdbc.ActivityId] (value [92245816-f528-41a0-862a-e0b3cae28efa-22]) but failed to remove it when the web application was stopped. Threads are going to be renewed over time to try and avoid a probable memory leak.
22-Mar-2026 18:28:23.871 SEVERE [http-nio-8080-exec-183] org.apache.catalina.loader.WebappClassLoaderBase.checkThreadLocalMapForLeaks The web application [production-management-system] created a ThreadLocal with key of type [com.microsoft.sqlserver.jdbc.ActivityCorrelator$1] (value [com.microsoft.sqlserver.jdbc.ActivityCorrelator$1@3df6cf60]) and a value of type [com.microsoft.sqlserver.jdbc.ActivityId] (value [f65a9abf-eee2-4c64-9238-fcb724fe5c03-20]) but failed to remove it when the web application was stopped. Threads are going to be renewed over time to try and avoid a probable memory leak.
22-Mar-2026 18:28:23.872 SEVERE [http-nio-8080-exec-183] org.apache.catalina.loader.WebappClassLoaderBase.checkThreadLocalMapForLeaks The web application [production-management-system] created a ThreadLocal with key of type [com.microsoft.sqlserver.jdbc.ActivityCorrelator$1] (value [com.microsoft.sqlserver.jdbc.ActivityCorrelator$1@3df6cf60]) and a value of type [com.microsoft.sqlserver.jdbc.ActivityId] (value [acfb9ec6-e782-4424-ab12-5cf464cf7836-11]) but failed to remove it when the web application was stopped. Threads are going to be renewed over time to try and avoid a probable memory leak.
22-Mar-2026 18:28:23.872 SEVERE [http-nio-8080-exec-183] org.apache.catalina.loader.WebappClassLoaderBase.checkThreadLocalMapForLeaks The web application [production-management-system] created a ThreadLocal with key of type [com.microsoft.sqlserver.jdbc.ActivityCorrelator$1] (value [com.microsoft.sqlserver.jdbc.ActivityCorrelator$1@3df6cf60]) and a value of type [com.microsoft.sqlserver.jdbc.ActivityId] (value [aa3573b0-3de8-4180-b6ab-bbe45b0b0e29-5]) but failed to remove it when the web application was stopped. Threads are going to be renewed over time to try and avoid a probable memory leak.
22-Mar-2026 18:28:23.988 SEVERE [http-nio-8080-exec-183] org.apache.catalina.loader.WebappClassLoaderBase.checkThreadLocalMapForLeaks The web application [production-management-system] created a ThreadLocal with key of type [com.microsoft.sqlserver.jdbc.ActivityCorrelator$1] (value [com.microsoft.sqlserver.jdbc.ActivityCorrelator$1@3df6cf60]) and a value of type [com.microsoft.sqlserver.jdbc.ActivityId] (value [6bbd74ce-c0eb-494e-ac6f-20a8d4a6f69a-10]) but failed to remove it when the web application was stopped. Threads are going to be renewed over time to try and avoid a probable memory leak.
22-Mar-2026 18:28:23.988 SEVERE [http-nio-8080-exec-183] org.apache.catalina.loader.WebappClassLoaderBase.checkThreadLocalMapForLeaks The web application [production-management-system] created a ThreadLocal with key of type [com.microsoft.sqlserver.jdbc.ActivityCorrelator$1] (value [com.microsoft.sqlserver.jdbc.ActivityCorrelator$1@3df6cf60]) and a value of type [com.microsoft.sqlserver.jdbc.ActivityId] (value [80c90bf0-c7f0-4c32-b4c4-72baeaa71691-6]) but failed to remove it when the web application was stopped. Threads are going to be renewed over time to try and avoid a probable memory leak.
22-Mar-2026 18:28:23.989 SEVERE [http-nio-8080-exec-183] org.apache.catalina.loader.WebappClassLoaderBase.checkThreadLocalMapForLeaks The web application [production-management-system] created a ThreadLocal with key of type [com.microsoft.sqlserver.jdbc.ActivityCorrelator$1] (value [com.microsoft.sqlserver.jdbc.ActivityCorrelator$1@3df6cf60]) and a value of type [com.microsoft.sqlserver.jdbc.ActivityId] (value [2da77b7a-4ab9-4846-b7e5-e969fd3fb736-12]) but failed to remove it when the web application was stopped. Threads are going to be renewed over time to try and avoid a probable memory leak.
22-Mar-2026 18:28:24.510 INFO [http-nio-8080-exec-183] org.apache.catalina.startup.HostConfig.undeploy Undeploying context [/production-management-system]
22-Mar-2026 18:28:24.577 INFO [http-nio-8080-exec-190] org.apache.catalina.startup.HostConfig.deployDescriptor Deploying deployment descriptor [D:\tools\apache-tomcat-9.0.108\conf\Catalina\localhost\production-management-system.xml]
22-Mar-2026 18:28:24.580 WARNING [http-nio-8080-exec-190] org.apache.catalina.startup.HostConfig.deployDescriptor The path attribute with value [/production-management-system] in deployment descriptor [D:\tools\apache-tomcat-9.0.108\conf\Catalina\localhost\production-management-system.xml] has been ignored
22-Mar-2026 18:28:25.755 INFO [http-nio-8080-exec-190] org.apache.jasper.servlet.TldScanner.scanJars At least one JAR was scanned for TLDs yet contained no TLDs. Enable debug logging for this logger for a complete list of JARs that were scanned but no TLDs were found in them. Skipping unneeded JARs during scanning can improve startup time and JSP compilation time.
22-Mar-2026 18:28:26.554 INFO [http-nio-8080-exec-190] org.apache.catalina.startup.HostConfig.deployDescriptor Deployment of deployment descriptor [D:\tools\apache-tomcat-9.0.108\conf\Catalina\localhost\production-management-system.xml] has finished in [1,976] ms
22-Mar-2026 18:28:26.574 WARNING [http-nio-8080-exec-186] org.apache.catalina.loader.WebappClassLoaderBase.clearReferencesJdbc The web application [production-management-system] registered the JDBC driver [com.microsoft.sqlserver.jdbc.SQLServerDriver] but failed to unregister it when the web application was stopped. To prevent a memory leak, the JDBC Driver has been forcibly unregistered.
22-Mar-2026 18:28:27.083 INFO [http-nio-8080-exec-186] org.apache.catalina.startup.HostConfig.undeploy Undeploying context [/production-management-system]
22-Mar-2026 18:28:27.112 INFO [http-nio-8080-exec-189] org.apache.catalina.startup.HostConfig.deployDescriptor Deploying deployment descriptor [D:\tools\apache-tomcat-9.0.108\conf\Catalina\localhost\production-management-system.xml]
22-Mar-2026 18:28:27.114 WARNING [http-nio-8080-exec-189] org.apache.catalina.startup.HostConfig.deployDescriptor The path attribute with value [/production-management-system] in deployment descriptor [D:\tools\apache-tomcat-9.0.108\conf\Catalina\localhost\production-management-system.xml] has been ignored
22-Mar-2026 18:28:28.047 INFO [http-nio-8080-exec-189] org.apache.jasper.servlet.TldScanner.scanJars At least one JAR was scanned for TLDs yet contained no TLDs. Enable debug logging for this logger for a complete list of JARs that were scanned but no TLDs were found in them. Skipping unneeded JARs during scanning can improve startup time and JSP compilation time.
22-Mar-2026 18:28:28.798 INFO [http-nio-8080-exec-189] org.apache.catalina.startup.HostConfig.deployDescriptor Deployment of deployment descriptor [D:\tools\apache-tomcat-9.0.108\conf\Catalina\localhost\production-management-system.xml] has finished in [1,685] ms
22-Mar-2026 18:28:28.805 INFO [http-nio-8080-exec-191] org.apache.catalina.util.LifecycleBase.start The start() method was called on component [StandardEngine[Catalina].StandardHost[localhost].StandardContext[/production-management-system]] after start() had already been called. The second call will be ignored.
22-Mar-2026 18:36:06.410 WARNING [http-nio-8080-exec-195] org.apache.catalina.loader.WebappClassLoaderBase.clearReferencesJdbc The web application [production-management-system] registered the JDBC driver [com.microsoft.sqlserver.jdbc.SQLServerDriver] but failed to unregister it when the web application was stopped. To prevent a memory leak, the JDBC Driver has been forcibly unregistered.
22-Mar-2026 18:36:06.410 SEVERE [http-nio-8080-exec-195] org.apache.catalina.loader.WebappClassLoaderBase.checkThreadLocalMapForLeaks The web application [production-management-system] created a ThreadLocal with key of type [com.microsoft.sqlserver.jdbc.ActivityCorrelator$1] (value [com.microsoft.sqlserver.jdbc.ActivityCorrelator$1@34c83b84]) and a value of type [com.microsoft.sqlserver.jdbc.ActivityId] (value [a8446e60-baff-4dd8-a702-01189c08af23-24]) but failed to remove it when the web application was stopped. Threads are going to be renewed over time to try and avoid a probable memory leak.
22-Mar-2026 18:36:06.412 SEVERE [http-nio-8080-exec-195] org.apache.catalina.loader.WebappClassLoaderBase.checkThreadLocalMapForLeaks The web application [production-management-system] created a ThreadLocal with key of type [com.microsoft.sqlserver.jdbc.ActivityCorrelator$1] (value [com.microsoft.sqlserver.jdbc.ActivityCorrelator$1@34c83b84]) and a value of type [com.microsoft.sqlserver.jdbc.ActivityId] (value [b96d945c-09b6-4c9b-a15b-c40666550a45-3]) but failed to remove it when the web application was stopped. Threads are going to be renewed over time to try and avoid a probable memory leak.
22-Mar-2026 18:36:06.412 SEVERE [http-nio-8080-exec-195] org.apache.catalina.loader.WebappClassLoaderBase.checkThreadLocalMapForLeaks The web application [production-management-system] created a ThreadLocal with key of type [com.microsoft.sqlserver.jdbc.ActivityCorrelator$1] (value [com.microsoft.sqlserver.jdbc.ActivityCorrelator$1@34c83b84]) and a value of type [com.microsoft.sqlserver.jdbc.ActivityId] (value [cc3f6452-a426-45fe-8ca7-ddbcd488836a-3]) but failed to remove it when the web application was stopped. Threads are going to be renewed over time to try and avoid a probable memory leak.
22-Mar-2026 18:36:06.918 INFO [http-nio-8080-exec-195] org.apache.catalina.startup.HostConfig.undeploy Undeploying context [/production-management-system]
22-Mar-2026 18:36:06.933 INFO [http-nio-8080-exec-204] org.apache.catalina.startup.HostConfig.deployDescriptor Deploying deployment descriptor [D:\tools\apache-tomcat-9.0.108\conf\Catalina\localhost\production-management-system.xml]
22-Mar-2026 18:36:06.934 WARNING [http-nio-8080-exec-204] org.apache.catalina.startup.HostConfig.deployDescriptor The path attribute with value [/production-management-system] in deployment descriptor [D:\tools\apache-tomcat-9.0.108\conf\Catalina\localhost\production-management-system.xml] has been ignored
22-Mar-2026 18:36:07.231 INFO [http-nio-8080-exec-204] org.apache.jasper.servlet.TldScanner.scanJars At least one JAR was scanned for TLDs yet contained no TLDs. Enable debug logging for this logger for a complete list of JARs that were scanned but no TLDs were found in them. Skipping unneeded JARs during scanning can improve startup time and JSP compilation time.
22-Mar-2026 18:36:07.464 INFO [http-nio-8080-exec-204] org.apache.catalina.startup.HostConfig.deployDescriptor Deployment of deployment descriptor [D:\tools\apache-tomcat-9.0.108\conf\Catalina\localhost\production-management-system.xml] has finished in [531] ms
22-Mar-2026 18:36:07.467 INFO [http-nio-8080-exec-199] org.apache.catalina.util.LifecycleBase.start The start() method was called on component [StandardEngine[Catalina].StandardHost[localhost].StandardContext[/production-management-system]] after start() had already been called. The second call will be ignored.
22-Mar-2026 18:44:39.710 INFO [http-nio-8080-exec-209] org.apache.catalina.core.StandardContext.reload Reloading Context with name [/production-management-system] has started
22-Mar-2026 18:44:39.715 WARNING [http-nio-8080-exec-209] org.apache.catalina.loader.WebappClassLoaderBase.clearReferencesJdbc The web application [production-management-system] registered the JDBC driver [com.microsoft.sqlserver.jdbc.SQLServerDriver] but failed to unregister it when the web application was stopped. To prevent a memory leak, the JDBC Driver has been forcibly unregistered.
22-Mar-2026 18:44:39.715 SEVERE [http-nio-8080-exec-209] org.apache.catalina.loader.WebappClassLoaderBase.checkThreadLocalMapForLeaks The web application [production-management-system] created a ThreadLocal with key of type [com.microsoft.sqlserver.jdbc.ActivityCorrelator$1] (value [com.microsoft.sqlserver.jdbc.ActivityCorrelator$1@2252479c]) and a value of type [com.microsoft.sqlserver.jdbc.ActivityId] (value [7f4a729f-550d-4b4b-ba4d-54c04954f7b1-4]) but failed to remove it when the web application was stopped. Threads are going to be renewed over time to try and avoid a probable memory leak.
22-Mar-2026 18:44:39.715 SEVERE [http-nio-8080-exec-209] org.apache.catalina.loader.WebappClassLoaderBase.checkThreadLocalMapForLeaks The web application [production-management-system] created a ThreadLocal with key of type [com.microsoft.sqlserver.jdbc.ActivityCorrelator$1] (value [com.microsoft.sqlserver.jdbc.ActivityCorrelator$1@2252479c]) and a value of type [com.microsoft.sqlserver.jdbc.ActivityId] (value [9336d6d4-21e3-494b-ac9e-8535697f7c30-1]) but failed to remove it when the web application was stopped. Threads are going to be renewed over time to try and avoid a probable memory leak.
22-Mar-2026 18:44:39.715 SEVERE [http-nio-8080-exec-209] org.apache.catalina.loader.WebappClassLoaderBase.checkThreadLocalMapForLeaks The web application [production-management-system] created a ThreadLocal with key of type [com.microsoft.sqlserver.jdbc.ActivityCorrelator$1] (value [com.microsoft.sqlserver.jdbc.ActivityCorrelator$1@2252479c]) and a value of type [com.microsoft.sqlserver.jdbc.ActivityId] (value [dc8afcd1-fb67-4d6e-9e27-caca50ef7658-3]) but failed to remove it when the web application was stopped. Threads are going to be renewed over time to try and avoid a probable memory leak.
22-Mar-2026 18:44:39.715 SEVERE [http-nio-8080-exec-209] org.apache.catalina.loader.WebappClassLoaderBase.checkThreadLocalMapForLeaks The web application [production-management-system] created a ThreadLocal with key of type [com.microsoft.sqlserver.jdbc.ActivityCorrelator$1] (value [com.microsoft.sqlserver.jdbc.ActivityCorrelator$1@2252479c]) and a value of type [com.microsoft.sqlserver.jdbc.ActivityId] (value [96ecc0a9-273c-4192-9420-49cf732461dc-19]) but failed to remove it when the web application was stopped. Threads are going to be renewed over time to try and avoid a probable memory leak.
22-Mar-2026 18:44:39.715 SEVERE [http-nio-8080-exec-209] org.apache.catalina.loader.WebappClassLoaderBase.checkThreadLocalMapForLeaks The web application [production-management-system] created a ThreadLocal with key of type [com.microsoft.sqlserver.jdbc.ActivityCorrelator$1] (value [com.microsoft.sqlserver.jdbc.ActivityCorrelator$1@2252479c]) and a value of type [com.microsoft.sqlserver.jdbc.ActivityId] (value [df9017f7-eb87-4970-8b12-013c5988482b-1]) but failed to remove it when the web application was stopped. Threads are going to be renewed over time to try and avoid a probable memory leak.
22-Mar-2026 18:44:40.023 INFO [http-nio-8080-exec-209] org.apache.jasper.servlet.TldScanner.scanJars At least one JAR was scanned for TLDs yet contained no TLDs. Enable debug logging for this logger for a complete list of JARs that were scanned but no TLDs were found in them. Skipping unneeded JARs during scanning can improve startup time and JSP compilation time.
22-Mar-2026 18:44:40.289 INFO [http-nio-8080-exec-209] org.apache.catalina.core.StandardContext.reload Reloading Context with name [/production-management-system] is completed
22-Mar-2026 18:44:40.412 WARNING [http-nio-8080-exec-205] org.apache.catalina.loader.WebappClassLoaderBase.clearReferencesJdbc The web application [production-management-system] registered the JDBC driver [com.microsoft.sqlserver.jdbc.SQLServerDriver] but failed to unregister it when the web application was stopped. To prevent a memory leak, the JDBC Driver has been forcibly unregistered.
22-Mar-2026 18:44:40.923 INFO [http-nio-8080-exec-205] org.apache.catalina.startup.HostConfig.undeploy Undeploying context [/production-management-system]
22-Mar-2026 18:44:40.938 INFO [http-nio-8080-exec-208] org.apache.catalina.startup.HostConfig.deployDescriptor Deploying deployment descriptor [D:\tools\apache-tomcat-9.0.108\conf\Catalina\localhost\production-management-system.xml]
22-Mar-2026 18:44:40.939 WARNING [http-nio-8080-exec-208] org.apache.catalina.startup.HostConfig.deployDescriptor The path attribute with value [/production-management-system] in deployment descriptor [D:\tools\apache-tomcat-9.0.108\conf\Catalina\localhost\production-management-system.xml] has been ignored
22-Mar-2026 18:44:41.252 INFO [http-nio-8080-exec-208] org.apache.jasper.servlet.TldScanner.scanJars At least one JAR was scanned for TLDs yet contained no TLDs. Enable debug logging for this logger for a complete list of JARs that were scanned but no TLDs were found in them. Skipping unneeded JARs during scanning can improve startup time and JSP compilation time.
22-Mar-2026 18:44:41.484 INFO [http-nio-8080-exec-208] org.apache.catalina.startup.HostConfig.deployDescriptor Deployment of deployment descriptor [D:\tools\apache-tomcat-9.0.108\conf\Catalina\localhost\production-management-system.xml] has finished in [546] ms
22-Mar-2026 18:44:41.486 INFO [http-nio-8080-exec-206] org.apache.catalina.util.LifecycleBase.start The start() method was called on component [StandardEngine[Catalina].StandardHost[localhost].StandardContext[/production-management-system]] after start() had already been called. The second call will be ignored.
22-Mar-2026 18:49:39.458 INFO [main] org.apache.catalina.core.StandardServer.await A valid shutdown command was received via the shutdown port. Stopping the Server instance.
22-Mar-2026 18:49:39.458 INFO [main] org.apache.coyote.AbstractProtocol.pause Pausing ProtocolHandler ["http-nio-8080"]
22-Mar-2026 18:49:39.846 INFO [main] org.apache.catalina.core.StandardService.stopInternal Stopping service [Catalina]
22-Mar-2026 18:49:39.852 WARNING [main] org.apache.catalina.loader.WebappClassLoaderBase.clearReferencesJdbc The web application [production-management-system] registered the JDBC driver [com.microsoft.sqlserver.jdbc.SQLServerDriver] but failed to unregister it when the web application was stopped. To prevent a memory leak, the JDBC Driver has been forcibly unregistered.
22-Mar-2026 18:49:39.852 SEVERE [main] org.apache.catalina.loader.WebappClassLoaderBase.checkThreadLocalMapForLeaks The web application [production-management-system] created a ThreadLocal with key of type [com.microsoft.sqlserver.jdbc.ActivityCorrelator$1] (value [com.microsoft.sqlserver.jdbc.ActivityCorrelator$1@fba92d3]) and a value of type [com.microsoft.sqlserver.jdbc.ActivityId] (value [0886de85-a29a-4202-8ed1-b30f5f3ca9e0-4]) but failed to remove it when the web application was stopped. Threads are going to be renewed over time to try and avoid a probable memory leak.
22-Mar-2026 18:49:39.852 SEVERE [main] org.apache.catalina.loader.WebappClassLoaderBase.checkThreadLocalMapForLeaks The web application [production-management-system] created a ThreadLocal with key of type [com.microsoft.sqlserver.jdbc.ActivityCorrelator$1] (value [com.microsoft.sqlserver.jdbc.ActivityCorrelator$1@fba92d3]) and a value of type [com.microsoft.sqlserver.jdbc.ActivityId] (value [3d2384eb-f20b-47dd-bc6f-995ad9291d1b-19]) but failed to remove it when the web application was stopped. Threads are going to be renewed over time to try and avoid a probable memory leak.
22-Mar-2026 18:49:39.858 INFO [main] org.apache.coyote.AbstractProtocol.stop Stopping ProtocolHandler ["http-nio-8080"]
22-Mar-2026 18:49:39.882 INFO [main] org.apache.coyote.AbstractProtocol.destroy Destroying ProtocolHandler ["http-nio-8080"]
22-Mar-2026 19:21:40.847 INFO [main] org.apache.catalina.startup.VersionLoggerListener.log Server version name:   Apache Tomcat/9.0.108
22-Mar-2026 19:21:40.851 INFO [main] org.apache.catalina.startup.VersionLoggerListener.log Server built:          Jul 31 2025 18:19:48 UTC
22-Mar-2026 19:21:40.851 INFO [main] org.apache.catalina.startup.VersionLoggerListener.log Server version number: 9.0.108.0
22-Mar-2026 19:21:40.852 INFO [main] org.apache.catalina.startup.VersionLoggerListener.log OS Name:               Windows 10
22-Mar-2026 19:21:40.852 INFO [main] org.apache.catalina.startup.VersionLoggerListener.log OS Version:            10.0
22-Mar-2026 19:21:40.852 INFO [main] org.apache.catalina.startup.VersionLoggerListener.log Architecture:          amd64
22-Mar-2026 19:21:40.852 INFO [main] org.apache.catalina.startup.VersionLoggerListener.log Java Home:             C:\Program Files\Java\jdk1.8.0_172\jre
22-Mar-2026 19:21:40.852 INFO [main] org.apache.catalina.startup.VersionLoggerListener.log JVM Version:           1.8.0_172-b11
22-Mar-2026 19:21:40.852 INFO [main] org.apache.catalina.startup.VersionLoggerListener.log JVM Vendor:            Oracle Corporation
22-Mar-2026 19:21:40.853 INFO [main] org.apache.catalina.startup.VersionLoggerListener.log CATALINA_BASE:         D:\tools\apache-tomcat-9.0.108
22-Mar-2026 19:21:40.853 INFO [main] org.apache.catalina.startup.VersionLoggerListener.log CATALINA_HOME:         D:\tools\apache-tomcat-9.0.108
22-Mar-2026 19:21:40.856 INFO [main] org.apache.catalina.startup.VersionLoggerListener.log Command line argument: -Djava.util.logging.config.file=D:\tools\apache-tomcat-9.0.108\conf\logging.properties
22-Mar-2026 19:21:40.856 INFO [main] org.apache.catalina.startup.VersionLoggerListener.log Command line argument: -Djava.util.logging.manager=org.apache.juli.ClassLoaderLogManager
22-Mar-2026 19:21:40.856 INFO [main] org.apache.catalina.startup.VersionLoggerListener.log Command line argument: -Dhttp.nonProxyHosts=localhost|127.0.0.1|DESKTOP-UFCNPBB
22-Mar-2026 19:21:40.856 INFO [main] org.apache.catalina.startup.VersionLoggerListener.log Command line argument: -Djdk.tls.ephemeralDHKeySize=2048
22-Mar-2026 19:21:40.856 INFO [main] org.apache.catalina.startup.VersionLoggerListener.log Command line argument: -Djava.protocol.handler.pkgs=org.apache.catalina.webresources
22-Mar-2026 19:21:40.857 INFO [main] org.apache.catalina.startup.VersionLoggerListener.log Command line argument: -Dsun.io.useCanonCaches=false
22-Mar-2026 19:21:40.857 INFO [main] org.apache.catalina.startup.VersionLoggerListener.log Command line argument: -Dignore.endorsed.dirs=
22-Mar-2026 19:21:40.857 INFO [main] org.apache.catalina.startup.VersionLoggerListener.log Command line argument: -Dcatalina.base=D:\tools\apache-tomcat-9.0.108
22-Mar-2026 19:21:40.857 INFO [main] org.apache.catalina.startup.VersionLoggerListener.log Command line argument: -Dcatalina.home=D:\tools\apache-tomcat-9.0.108
22-Mar-2026 19:21:40.857 INFO [main] org.apache.catalina.startup.VersionLoggerListener.log Command line argument: -Djava.io.tmpdir=D:\tools\apache-tomcat-9.0.108\temp
22-Mar-2026 19:21:41.202 INFO [main] org.apache.catalina.core.AprLifecycleListener.lifecycleEvent Loaded Apache Tomcat Native library [1.3.1] using APR version [1.7.4].
22-Mar-2026 19:21:41.203 INFO [main] org.apache.catalina.core.AprLifecycleListener.lifecycleEvent APR capabilities: IPv6 [true], sendfile [true], accept filters [false], random [true], UDS [true].
22-Mar-2026 19:21:41.203 INFO [main] org.apache.catalina.core.AprLifecycleListener.lifecycleEvent APR/OpenSSL configuration: useAprConnector [false], useOpenSSL [true]
22-Mar-2026 19:21:41.213 INFO [main] org.apache.catalina.core.AprLifecycleListener.initializeSSL OpenSSL successfully initialized [OpenSSL 3.0.14 4 Jun 2024]
22-Mar-2026 19:21:41.617 INFO [main] org.apache.coyote.AbstractProtocol.init Initializing ProtocolHandler ["http-nio-8080"]
22-Mar-2026 19:21:41.646 INFO [main] org.apache.catalina.startup.Catalina.load Server initialization in [1148] milliseconds
22-Mar-2026 19:21:41.686 INFO [main] org.apache.catalina.core.StandardService.startInternal Starting service [Catalina]
22-Mar-2026 19:21:41.686 INFO [main] org.apache.catalina.core.StandardEngine.startInternal Starting Servlet engine: [Apache Tomcat/9.0.108]
22-Mar-2026 19:21:41.699 INFO [main] org.apache.catalina.startup.HostConfig.deployDescriptor Deploying deployment descriptor [D:\tools\apache-tomcat-9.0.108\conf\Catalina\localhost\production-management-system.xml]
22-Mar-2026 19:21:41.723 WARNING [main] org.apache.catalina.startup.HostConfig.deployDescriptor The path attribute with value [/production-management-system] in deployment descriptor [D:\tools\apache-tomcat-9.0.108\conf\Catalina\localhost\production-management-system.xml] has been ignored
22-Mar-2026 19:21:42.946 INFO [main] org.apache.jasper.servlet.TldScanner.scanJars At least one JAR was scanned for TLDs yet contained no TLDs. Enable debug logging for this logger for a complete list of JARs that were scanned but no TLDs were found in them. Skipping unneeded JARs during scanning can improve startup time and JSP compilation time.
22-Mar-2026 19:21:44.843 INFO [main] org.apache.catalina.startup.HostConfig.deployDescriptor Deployment of deployment descriptor [D:\tools\apache-tomcat-9.0.108\conf\Catalina\localhost\production-management-system.xml] has finished in [3,145] ms
22-Mar-2026 19:21:44.844 INFO [main] org.apache.catalina.startup.HostConfig.deployDirectory Deploying web application directory [D:\tools\apache-tomcat-9.0.108\webapps\docs]
22-Mar-2026 19:21:44.873 INFO [main] org.apache.catalina.startup.HostConfig.deployDirectory Deployment of web application directory [D:\tools\apache-tomcat-9.0.108\webapps\docs] has finished in [29] ms
22-Mar-2026 19:21:44.873 INFO [main] org.apache.catalina.startup.HostConfig.deployDirectory Deploying web application directory [D:\tools\apache-tomcat-9.0.108\webapps\examples]
22-Mar-2026 19:21:45.647 INFO [main] org.apache.catalina.startup.HostConfig.deployDirectory Deployment of web application directory [D:\tools\apache-tomcat-9.0.108\webapps\examples] has finished in [773] ms
22-Mar-2026 19:21:45.647 INFO [main] org.apache.catalina.startup.HostConfig.deployDirectory Deploying web application directory [D:\tools\apache-tomcat-9.0.108\webapps\host-manager]
22-Mar-2026 19:21:45.691 INFO [main] org.apache.catalina.startup.HostConfig.deployDirectory Deployment of web application directory [D:\tools\apache-tomcat-9.0.108\webapps\host-manager] has finished in [44] ms
22-Mar-2026 19:21:45.692 INFO [main] org.apache.catalina.startup.HostConfig.deployDirectory Deploying web application directory [D:\tools\apache-tomcat-9.0.108\webapps\manager]
22-Mar-2026 19:21:45.725 INFO [main] org.apache.catalina.startup.HostConfig.deployDirectory Deployment of web application directory [D:\tools\apache-tomcat-9.0.108\webapps\manager] has finished in [34] ms
22-Mar-2026 19:21:45.725 INFO [main] org.apache.catalina.startup.HostConfig.deployDirectory Deploying web application directory [D:\tools\apache-tomcat-9.0.108\webapps\ROOT]
22-Mar-2026 19:21:45.751 INFO [main] org.apache.catalina.startup.HostConfig.deployDirectory Deployment of web application directory [D:\tools\apache-tomcat-9.0.108\webapps\ROOT] has finished in [26] ms
22-Mar-2026 19:21:45.757 INFO [main] org.apache.coyote.AbstractProtocol.start Starting ProtocolHandler ["http-nio-8080"]
22-Mar-2026 19:21:45.789 INFO [main] org.apache.catalina.startup.Catalina.start Server startup in [4143] milliseconds
22-Mar-2026 19:22:19.427 WARNING [http-nio-8080-exec-1] org.apache.catalina.loader.WebappClassLoaderBase.clearReferencesJdbc The web application [production-management-system] registered the JDBC driver [com.microsoft.sqlserver.jdbc.SQLServerDriver] but failed to unregister it when the web application was stopped. To prevent a memory leak, the JDBC Driver has been forcibly unregistered.
22-Mar-2026 19:22:19.428 SEVERE [http-nio-8080-exec-1] org.apache.catalina.loader.WebappClassLoaderBase.checkThreadLocalMapForLeaks The web application [production-management-system] created a ThreadLocal with key of type [com.microsoft.sqlserver.jdbc.ActivityCorrelator$1] (value [com.microsoft.sqlserver.jdbc.ActivityCorrelator$1@55322761]) and a value of type [com.microsoft.sqlserver.jdbc.ActivityId] (value [2c697f6c-c413-4a87-9f1b-e4253575a8d8-8]) but failed to remove it when the web application was stopped. Threads are going to be renewed over time to try and avoid a probable memory leak.
22-Mar-2026 19:22:19.949 INFO [http-nio-8080-exec-1] org.apache.catalina.startup.HostConfig.undeploy Undeploying context [/production-management-system]
22-Mar-2026 19:22:20.013 INFO [http-nio-8080-exec-6] org.apache.catalina.startup.HostConfig.deployDescriptor Deploying deployment descriptor [D:\tools\apache-tomcat-9.0.108\conf\Catalina\localhost\production-management-system.xml]
22-Mar-2026 19:22:20.015 WARNING [http-nio-8080-exec-6] org.apache.catalina.startup.HostConfig.deployDescriptor The path attribute with value [/production-management-system] in deployment descriptor [D:\tools\apache-tomcat-9.0.108\conf\Catalina\localhost\production-management-system.xml] has been ignored
22-Mar-2026 19:22:20.371 INFO [http-nio-8080-exec-6] org.apache.jasper.servlet.TldScanner.scanJars At least one JAR was scanned for TLDs yet contained no TLDs. Enable debug logging for this logger for a complete list of JARs that were scanned but no TLDs were found in them. Skipping unneeded JARs during scanning can improve startup time and JSP compilation time.
22-Mar-2026 19:22:20.795 INFO [http-nio-8080-exec-6] org.apache.catalina.startup.HostConfig.deployDescriptor Deployment of deployment descriptor [D:\tools\apache-tomcat-9.0.108\conf\Catalina\localhost\production-management-system.xml] has finished in [783] ms
22-Mar-2026 19:22:20.799 INFO [http-nio-8080-exec-7] org.apache.catalina.util.LifecycleBase.start The start() method was called on component [StandardEngine[Catalina].StandardHost[localhost].StandardContext[/production-management-system]] after start() had already been called. The second call will be ignored.
22-Mar-2026 20:48:05.911 INFO [main] org.apache.catalina.core.StandardServer.await A valid shutdown command was received via the shutdown port. Stopping the Server instance.
22-Mar-2026 20:48:05.913 INFO [main] org.apache.coyote.AbstractProtocol.pause Pausing ProtocolHandler ["http-nio-8080"]
22-Mar-2026 20:48:06.631 INFO [main] org.apache.catalina.core.StandardService.stopInternal Stopping service [Catalina]
22-Mar-2026 20:48:06.639 WARNING [main] org.apache.catalina.loader.WebappClassLoaderBase.clearReferencesJdbc The web application [production-management-system] registered the JDBC driver [com.microsoft.sqlserver.jdbc.SQLServerDriver] but failed to unregister it when the web application was stopped. To prevent a memory leak, the JDBC Driver has been forcibly unregistered.
22-Mar-2026 20:48:06.639 SEVERE [main] org.apache.catalina.loader.WebappClassLoaderBase.checkThreadLocalMapForLeaks The web application [production-management-system] created a ThreadLocal with key of type [com.microsoft.sqlserver.jdbc.ActivityCorrelator$1] (value [com.microsoft.sqlserver.jdbc.ActivityCorrelator$1@315df4bb]) and a value of type [com.microsoft.sqlserver.jdbc.ActivityId] (value [392d4766-3d9c-44c0-9955-352da7551ce2-21]) but failed to remove it when the web application was stopped. Threads are going to be renewed over time to try and avoid a probable memory leak.
22-Mar-2026 20:48:06.639 SEVERE [main] org.apache.catalina.loader.WebappClassLoaderBase.checkThreadLocalMapForLeaks The web application [production-management-system] created a ThreadLocal with key of type [com.microsoft.sqlserver.jdbc.ActivityCorrelator$1] (value [com.microsoft.sqlserver.jdbc.ActivityCorrelator$1@315df4bb]) and a value of type [com.microsoft.sqlserver.jdbc.ActivityId] (value [f8641fae-3549-4fc1-a616-dfdd5bfa75ee-1]) but failed to remove it when the web application was stopped. Threads are going to be renewed over time to try and avoid a probable memory leak.
22-Mar-2026 20:48:06.655 INFO [main] org.apache.coyote.AbstractProtocol.stop Stopping ProtocolHandler ["http-nio-8080"]
22-Mar-2026 20:48:06.670 INFO [main] org.apache.coyote.AbstractProtocol.destroy Destroying ProtocolHandler ["http-nio-8080"]
