09-Apr-2026 10:00:35.672 INFO [main] org.apache.catalina.core.ApplicationContext.log ContextListener: contextInitialized()
09-Apr-2026 10:00:35.672 INFO [main] org.apache.catalina.core.ApplicationContext.log SessionListener: contextInitialized()
09-Apr-2026 10:00:35.673 INFO [main] org.apache.catalina.core.ApplicationContext.log ContextListener: attributeAdded('StockTicker', 'async.Stockticker@5305c37d')
09-Apr-2026 10:21:10.134 WARNING [http-nio-8080-exec-18] org.apache.catalina.session.StandardSession.doWriteObject Cannot serialize session attribute [eList] for session [481EC33C3A03553F5478761952E585A1]
	java.io.NotSerializableException: pms.model.UserDTO
		at java.io.ObjectOutputStream.writeObject0(ObjectOutputStream.java:1184)
		at java.io.ObjectOutputStream.writeObject(ObjectOutputStream.java:348)
		at java.util.ArrayList.writeObject(ArrayList.java:766)
		at sun.reflect.NativeMethodAccessorImpl.invoke0(Native Method)
		at sun.reflect.NativeMethodAccessorImpl.invoke(NativeMethodAccessorImpl.java:62)
		at sun.reflect.DelegatingMethodAccessorImpl.invoke(DelegatingMethodAccessorImpl.java:43)
		at java.lang.reflect.Method.invoke(Method.java:498)
		at java.io.ObjectStreamClass.invokeWriteObject(ObjectStreamClass.java:1128)
		at java.io.ObjectOutputStream.writeSerialData(ObjectOutputStream.java:1496)
		at java.io.ObjectOutputStream.writeOrdinaryObject(ObjectOutputStream.java:1432)
		at java.io.ObjectOutputStream.writeObject0(ObjectOutputStream.java:1178)
		at java.io.ObjectOutputStream.writeObject(ObjectOutputStream.java:348)
		at org.apache.catalina.session.StandardSession.doWriteObject(StandardSession.java:1376)
		at org.apache.catalina.session.StandardSession.writeObjectData(StandardSession.java:852)
		at org.apache.catalina.session.StandardManager.doUnload(StandardManager.java:306)
		at org.apache.catalina.session.StandardManager.unload(StandardManager.java:258)
		at org.apache.catalina.session.StandardManager.stopInternal(StandardManager.java:373)
		at org.apache.catalina.util.LifecycleBase.stop(LifecycleBase.java:235)
		at org.apache.catalina.core.StandardContext.stopInternal(StandardContext.java:4723)
		at org.apache.catalina.util.LifecycleBase.stop(LifecycleBase.java:235)
		at org.apache.catalina.manager.ManagerServlet.undeploy(ManagerServlet.java:1404)
		at org.apache.catalina.manager.ManagerServlet.doGet(ManagerServlet.java:332)
		at javax.servlet.http.HttpServlet.service(HttpServlet.java:529)
		at javax.servlet.http.HttpServlet.service(HttpServlet.java:623)
		at org.apache.catalina.core.ApplicationFilterChain.internalDoFilter(ApplicationFilterChain.java:199)
		at org.apache.catalina.core.ApplicationFilterChain.doFilter(ApplicationFilterChain.java:144)
		at org.apache.tomcat.websocket.server.WsFilter.doFilter(WsFilter.java:51)
		at org.apache.catalina.core.ApplicationFilterChain.internalDoFilter(ApplicationFilterChain.java:168)
		at org.apache.catalina.core.ApplicationFilterChain.doFilter(ApplicationFilterChain.java:144)
		at org.apache.catalina.filters.HttpHeaderSecurityFilter.doFilter(HttpHeaderSecurityFilter.java:129)
		at org.apache.catalina.core.ApplicationFilterChain.internalDoFilter(ApplicationFilterChain.java:168)
		at org.apache.catalina.core.ApplicationFilterChain.doFilter(ApplicationFilterChain.java:144)
		at org.apache.catalina.core.StandardWrapperValve.invoke(StandardWrapperValve.java:168)
		at org.apache.catalina.core.StandardContextValve.invoke(StandardContextValve.java:90)
		at org.apache.catalina.authenticator.AuthenticatorBase.invoke(AuthenticatorBase.java:597)
		at org.apache.catalina.valves.RequestFilterValve.process(RequestFilterValve.java:354)
		at org.apache.catalina.valves.RemoteAddrValve.invoke(RemoteAddrValve.java:54)
		at org.apache.catalina.core.StandardHostValve.invoke(StandardHostValve.java:130)
		at org.apache.catalina.valves.ErrorReportValve.invoke(ErrorReportValve.java:93)
		at org.apache.catalina.valves.AbstractAccessLogValve.invoke(AbstractAccessLogValve.java:656)
		at org.apache.catalina.core.StandardEngineValve.invoke(StandardEngineValve.java:74)
		at org.apache.catalina.connector.CoyoteAdapter.service(CoyoteAdapter.java:346)
		at org.apache.coyote.http11.Http11Processor.service(Http11Processor.java:397)
		at org.apache.coyote.AbstractProcessorLight.process(AbstractProcessorLight.java:63)
		at org.apache.coyote.AbstractProtocol$ConnectionHandler.process(AbstractProtocol.java:935)
		at org.apache.tomcat.util.net.NioEndpoint$SocketProcessor.doRun(NioEndpoint.java:1826)
		at org.apache.tomcat.util.net.SocketProcessorBase.run(SocketProcessorBase.java:52)
		at org.apache.tomcat.util.threads.ThreadPoolExecutor.runWorker(ThreadPoolExecutor.java:1189)
		at org.apache.tomcat.util.threads.ThreadPoolExecutor$Worker.run(ThreadPoolExecutor.java:658)
		at org.apache.tomcat.util.threads.TaskThread$WrappingRunnable.run(TaskThread.java:63)
		at java.lang.Thread.run(Thread.java:748)
09-Apr-2026 10:21:36.763 WARNING [http-nio-8080-exec-26] org.apache.catalina.session.StandardSession.doWriteObject Cannot serialize session attribute [eList] for session [6BC5736A81C63DC4E3E977747E3FA1AC]
	java.io.NotSerializableException: pms.model.UserDTO
		at java.io.ObjectOutputStream.writeObject0(ObjectOutputStream.java:1184)
		at java.io.ObjectOutputStream.writeObject(ObjectOutputStream.java:348)
		at java.util.ArrayList.writeObject(ArrayList.java:766)
		at sun.reflect.NativeMethodAccessorImpl.invoke0(Native Method)
		at sun.reflect.NativeMethodAccessorImpl.invoke(NativeMethodAccessorImpl.java:62)
		at sun.reflect.DelegatingMethodAccessorImpl.invoke(DelegatingMethodAccessorImpl.java:43)
		at java.lang.reflect.Method.invoke(Method.java:498)
		at java.io.ObjectStreamClass.invokeWriteObject(ObjectStreamClass.java:1128)
		at java.io.ObjectOutputStream.writeSerialData(ObjectOutputStream.java:1496)
		at java.io.ObjectOutputStream.writeOrdinaryObject(ObjectOutputStream.java:1432)
		at java.io.ObjectOutputStream.writeObject0(ObjectOutputStream.java:1178)
		at java.io.ObjectOutputStream.writeObject(ObjectOutputStream.java:348)
		at org.apache.catalina.session.StandardSession.doWriteObject(StandardSession.java:1376)
		at org.apache.catalina.session.StandardSession.writeObjectData(StandardSession.java:852)
		at org.apache.catalina.session.StandardManager.doUnload(StandardManager.java:306)
		at org.apache.catalina.session.StandardManager.unload(StandardManager.java:258)
		at org.apache.catalina.session.StandardManager.stopInternal(StandardManager.java:373)
		at org.apache.catalina.util.LifecycleBase.stop(LifecycleBase.java:235)
		at org.apache.catalina.core.StandardContext.stopInternal(StandardContext.java:4723)
		at org.apache.catalina.util.LifecycleBase.stop(LifecycleBase.java:235)
		at org.apache.catalina.manager.ManagerServlet.undeploy(ManagerServlet.java:1404)
		at org.apache.catalina.manager.ManagerServlet.doGet(ManagerServlet.java:332)
		at javax.servlet.http.HttpServlet.service(HttpServlet.java:529)
		at javax.servlet.http.HttpServlet.service(HttpServlet.java:623)
		at org.apache.catalina.core.ApplicationFilterChain.internalDoFilter(ApplicationFilterChain.java:199)
		at org.apache.catalina.core.ApplicationFilterChain.doFilter(ApplicationFilterChain.java:144)
		at org.apache.tomcat.websocket.server.WsFilter.doFilter(WsFilter.java:51)
		at org.apache.catalina.core.ApplicationFilterChain.internalDoFilter(ApplicationFilterChain.java:168)
		at org.apache.catalina.core.ApplicationFilterChain.doFilter(ApplicationFilterChain.java:144)
		at org.apache.catalina.filters.HttpHeaderSecurityFilter.doFilter(HttpHeaderSecurityFilter.java:129)
		at org.apache.catalina.core.ApplicationFilterChain.internalDoFilter(ApplicationFilterChain.java:168)
		at org.apache.catalina.core.ApplicationFilterChain.doFilter(ApplicationFilterChain.java:144)
		at org.apache.catalina.core.StandardWrapperValve.invoke(StandardWrapperValve.java:168)
		at org.apache.catalina.core.StandardContextValve.invoke(StandardContextValve.java:90)
		at org.apache.catalina.authenticator.AuthenticatorBase.invoke(AuthenticatorBase.java:597)
		at org.apache.catalina.valves.RequestFilterValve.process(RequestFilterValve.java:354)
		at org.apache.catalina.valves.RemoteAddrValve.invoke(RemoteAddrValve.java:54)
		at org.apache.catalina.core.StandardHostValve.invoke(StandardHostValve.java:130)
		at org.apache.catalina.valves.ErrorReportValve.invoke(ErrorReportValve.java:93)
		at org.apache.catalina.valves.AbstractAccessLogValve.invoke(AbstractAccessLogValve.java:656)
		at org.apache.catalina.core.StandardEngineValve.invoke(StandardEngineValve.java:74)
		at org.apache.catalina.connector.CoyoteAdapter.service(CoyoteAdapter.java:346)
		at org.apache.coyote.http11.Http11Processor.service(Http11Processor.java:397)
		at org.apache.coyote.AbstractProcessorLight.process(AbstractProcessorLight.java:63)
		at org.apache.coyote.AbstractProtocol$ConnectionHandler.process(AbstractProtocol.java:935)
		at org.apache.tomcat.util.net.NioEndpoint$SocketProcessor.doRun(NioEndpoint.java:1826)
		at org.apache.tomcat.util.net.SocketProcessorBase.run(SocketProcessorBase.java:52)
		at org.apache.tomcat.util.threads.ThreadPoolExecutor.runWorker(ThreadPoolExecutor.java:1189)
		at org.apache.tomcat.util.threads.ThreadPoolExecutor$Worker.run(ThreadPoolExecutor.java:658)
		at org.apache.tomcat.util.threads.TaskThread$WrappingRunnable.run(TaskThread.java:63)
		at java.lang.Thread.run(Thread.java:748)
09-Apr-2026 10:26:40.752 WARNING [http-nio-8080-exec-32] org.apache.catalina.session.StandardSession.doWriteObject Cannot serialize session attribute [eList] for session [C152029728485417332ECA9EA43A885E]
	java.io.NotSerializableException: pms.model.UserDTO
		at java.io.ObjectOutputStream.writeObject0(ObjectOutputStream.java:1184)
		at java.io.ObjectOutputStream.writeObject(ObjectOutputStream.java:348)
		at java.util.ArrayList.writeObject(ArrayList.java:766)
		at sun.reflect.NativeMethodAccessorImpl.invoke0(Native Method)
		at sun.reflect.NativeMethodAccessorImpl.invoke(NativeMethodAccessorImpl.java:62)
		at sun.reflect.DelegatingMethodAccessorImpl.invoke(DelegatingMethodAccessorImpl.java:43)
		at java.lang.reflect.Method.invoke(Method.java:498)
		at java.io.ObjectStreamClass.invokeWriteObject(ObjectStreamClass.java:1128)
		at java.io.ObjectOutputStream.writeSerialData(ObjectOutputStream.java:1496)
		at java.io.ObjectOutputStream.writeOrdinaryObject(ObjectOutputStream.java:1432)
		at java.io.ObjectOutputStream.writeObject0(ObjectOutputStream.java:1178)
		at java.io.ObjectOutputStream.writeObject(ObjectOutputStream.java:348)
		at org.apache.catalina.session.StandardSession.doWriteObject(StandardSession.java:1376)
		at org.apache.catalina.session.StandardSession.writeObjectData(StandardSession.java:852)
		at org.apache.catalina.session.StandardManager.doUnload(StandardManager.java:306)
		at org.apache.catalina.session.StandardManager.unload(StandardManager.java:258)
		at org.apache.catalina.session.StandardManager.stopInternal(StandardManager.java:373)
		at org.apache.catalina.util.LifecycleBase.stop(LifecycleBase.java:235)
		at org.apache.catalina.core.StandardContext.stopInternal(StandardContext.java:4723)
		at org.apache.catalina.util.LifecycleBase.stop(LifecycleBase.java:235)
		at org.apache.catalina.core.StandardContext.reload(StandardContext.java:3260)
		at org.apache.catalina.manager.ManagerServlet.reload(ManagerServlet.java:1033)
		at org.apache.catalina.manager.ManagerServlet.doGet(ManagerServlet.java:316)
		at javax.servlet.http.HttpServlet.service(HttpServlet.java:529)
		at javax.servlet.http.HttpServlet.service(HttpServlet.java:623)
		at org.apache.catalina.core.ApplicationFilterChain.internalDoFilter(ApplicationFilterChain.java:199)
		at org.apache.catalina.core.ApplicationFilterChain.doFilter(ApplicationFilterChain.java:144)
		at org.apache.tomcat.websocket.server.WsFilter.doFilter(WsFilter.java:51)
		at org.apache.catalina.core.ApplicationFilterChain.internalDoFilter(ApplicationFilterChain.java:168)
		at org.apache.catalina.core.ApplicationFilterChain.doFilter(ApplicationFilterChain.java:144)
		at org.apache.catalina.filters.HttpHeaderSecurityFilter.doFilter(HttpHeaderSecurityFilter.java:129)
		at org.apache.catalina.core.ApplicationFilterChain.internalDoFilter(ApplicationFilterChain.java:168)
		at org.apache.catalina.core.ApplicationFilterChain.doFilter(ApplicationFilterChain.java:144)
		at org.apache.catalina.core.StandardWrapperValve.invoke(StandardWrapperValve.java:168)
		at org.apache.catalina.core.StandardContextValve.invoke(StandardContextValve.java:90)
		at org.apache.catalina.authenticator.AuthenticatorBase.invoke(AuthenticatorBase.java:597)
		at org.apache.catalina.valves.RequestFilterValve.process(RequestFilterValve.java:354)
		at org.apache.catalina.valves.RemoteAddrValve.invoke(RemoteAddrValve.java:54)
		at org.apache.catalina.core.StandardHostValve.invoke(StandardHostValve.java:130)
		at org.apache.catalina.valves.ErrorReportValve.invoke(ErrorReportValve.java:93)
		at org.apache.catalina.valves.AbstractAccessLogValve.invoke(AbstractAccessLogValve.java:656)
		at org.apache.catalina.core.StandardEngineValve.invoke(StandardEngineValve.java:74)
		at org.apache.catalina.connector.CoyoteAdapter.service(CoyoteAdapter.java:346)
		at org.apache.coyote.http11.Http11Processor.service(Http11Processor.java:397)
		at org.apache.coyote.AbstractProcessorLight.process(AbstractProcessorLight.java:63)
		at org.apache.coyote.AbstractProtocol$ConnectionHandler.process(AbstractProtocol.java:935)
		at org.apache.tomcat.util.net.NioEndpoint$SocketProcessor.doRun(NioEndpoint.java:1826)
		at org.apache.tomcat.util.net.SocketProcessorBase.run(SocketProcessorBase.java:52)
		at org.apache.tomcat.util.threads.ThreadPoolExecutor.runWorker(ThreadPoolExecutor.java:1189)
		at org.apache.tomcat.util.threads.ThreadPoolExecutor$Worker.run(ThreadPoolExecutor.java:658)
		at org.apache.tomcat.util.threads.TaskThread$WrappingRunnable.run(TaskThread.java:63)
		at java.lang.Thread.run(Thread.java:748)
09-Apr-2026 10:26:42.902 WARNING [http-nio-8080-exec-32] org.apache.catalina.session.StandardSession.doReadObject Cannot deserialize session attribute [eList] for session [C152029728485417332ECA9EA43A885E]
09-Apr-2026 10:29:51.938 WARNING [http-nio-8080-exec-43] org.apache.catalina.session.StandardSession.doWriteObject Cannot serialize session attribute [eList] for session [A48CC1F2F7F4F885ACCC0C921608FCA6]
	java.io.NotSerializableException: pms.model.UserDTO
		at java.io.ObjectOutputStream.writeObject0(ObjectOutputStream.java:1184)
		at java.io.ObjectOutputStream.writeObject(ObjectOutputStream.java:348)
		at java.util.ArrayList.writeObject(ArrayList.java:766)
		at sun.reflect.NativeMethodAccessorImpl.invoke0(Native Method)
		at sun.reflect.NativeMethodAccessorImpl.invoke(NativeMethodAccessorImpl.java:62)
		at sun.reflect.DelegatingMethodAccessorImpl.invoke(DelegatingMethodAccessorImpl.java:43)
		at java.lang.reflect.Method.invoke(Method.java:498)
		at java.io.ObjectStreamClass.invokeWriteObject(ObjectStreamClass.java:1128)
		at java.io.ObjectOutputStream.writeSerialData(ObjectOutputStream.java:1496)
		at java.io.ObjectOutputStream.writeOrdinaryObject(ObjectOutputStream.java:1432)
		at java.io.ObjectOutputStream.writeObject0(ObjectOutputStream.java:1178)
		at java.io.ObjectOutputStream.writeObject(ObjectOutputStream.java:348)
		at org.apache.catalina.session.StandardSession.doWriteObject(StandardSession.java:1376)
		at org.apache.catalina.session.StandardSession.writeObjectData(StandardSession.java:852)
		at org.apache.catalina.session.StandardManager.doUnload(StandardManager.java:306)
		at org.apache.catalina.session.StandardManager.unload(StandardManager.java:258)
		at org.apache.catalina.session.StandardManager.stopInternal(StandardManager.java:373)
		at org.apache.catalina.util.LifecycleBase.stop(LifecycleBase.java:235)
		at org.apache.catalina.core.StandardContext.stopInternal(StandardContext.java:4723)
		at org.apache.catalina.util.LifecycleBase.stop(LifecycleBase.java:235)
		at org.apache.catalina.manager.ManagerServlet.undeploy(ManagerServlet.java:1404)
		at org.apache.catalina.manager.ManagerServlet.doGet(ManagerServlet.java:332)
		at javax.servlet.http.HttpServlet.service(HttpServlet.java:529)
		at javax.servlet.http.HttpServlet.service(HttpServlet.java:623)
		at org.apache.catalina.core.ApplicationFilterChain.internalDoFilter(ApplicationFilterChain.java:199)
		at org.apache.catalina.core.ApplicationFilterChain.doFilter(ApplicationFilterChain.java:144)
		at org.apache.tomcat.websocket.server.WsFilter.doFilter(WsFilter.java:51)
		at org.apache.catalina.core.ApplicationFilterChain.internalDoFilter(ApplicationFilterChain.java:168)
		at org.apache.catalina.core.ApplicationFilterChain.doFilter(ApplicationFilterChain.java:144)
		at org.apache.catalina.filters.HttpHeaderSecurityFilter.doFilter(HttpHeaderSecurityFilter.java:129)
		at org.apache.catalina.core.ApplicationFilterChain.internalDoFilter(ApplicationFilterChain.java:168)
		at org.apache.catalina.core.ApplicationFilterChain.doFilter(ApplicationFilterChain.java:144)
		at org.apache.catalina.core.StandardWrapperValve.invoke(StandardWrapperValve.java:168)
		at org.apache.catalina.core.StandardContextValve.invoke(StandardContextValve.java:90)
		at org.apache.catalina.authenticator.AuthenticatorBase.invoke(AuthenticatorBase.java:597)
		at org.apache.catalina.valves.RequestFilterValve.process(RequestFilterValve.java:354)
		at org.apache.catalina.valves.RemoteAddrValve.invoke(RemoteAddrValve.java:54)
		at org.apache.catalina.core.StandardHostValve.invoke(StandardHostValve.java:130)
		at org.apache.catalina.valves.ErrorReportValve.invoke(ErrorReportValve.java:93)
		at org.apache.catalina.valves.AbstractAccessLogValve.invoke(AbstractAccessLogValve.java:656)
		at org.apache.catalina.core.StandardEngineValve.invoke(StandardEngineValve.java:74)
		at org.apache.catalina.connector.CoyoteAdapter.service(CoyoteAdapter.java:346)
		at org.apache.coyote.http11.Http11Processor.service(Http11Processor.java:397)
		at org.apache.coyote.AbstractProcessorLight.process(AbstractProcessorLight.java:63)
		at org.apache.coyote.AbstractProtocol$ConnectionHandler.process(AbstractProtocol.java:935)
		at org.apache.tomcat.util.net.NioEndpoint$SocketProcessor.doRun(NioEndpoint.java:1826)
		at org.apache.tomcat.util.net.SocketProcessorBase.run(SocketProcessorBase.java:52)
		at org.apache.tomcat.util.threads.ThreadPoolExecutor.runWorker(ThreadPoolExecutor.java:1189)
		at org.apache.tomcat.util.threads.ThreadPoolExecutor$Worker.run(ThreadPoolExecutor.java:658)
		at org.apache.tomcat.util.threads.TaskThread$WrappingRunnable.run(TaskThread.java:63)
		at java.lang.Thread.run(Thread.java:748)
09-Apr-2026 10:33:59.714 WARNING [http-nio-8080-exec-53] org.apache.catalina.session.StandardSession.doWriteObject Cannot serialize session attribute [eList] for session [744E27A2ED648F6E8F3CB098FF2AE47D]
	java.io.NotSerializableException: pms.model.UserDTO
		at java.io.ObjectOutputStream.writeObject0(ObjectOutputStream.java:1184)
		at java.io.ObjectOutputStream.writeObject(ObjectOutputStream.java:348)
		at java.util.ArrayList.writeObject(ArrayList.java:766)
		at sun.reflect.NativeMethodAccessorImpl.invoke0(Native Method)
		at sun.reflect.NativeMethodAccessorImpl.invoke(NativeMethodAccessorImpl.java:62)
		at sun.reflect.DelegatingMethodAccessorImpl.invoke(DelegatingMethodAccessorImpl.java:43)
		at java.lang.reflect.Method.invoke(Method.java:498)
		at java.io.ObjectStreamClass.invokeWriteObject(ObjectStreamClass.java:1128)
		at java.io.ObjectOutputStream.writeSerialData(ObjectOutputStream.java:1496)
		at java.io.ObjectOutputStream.writeOrdinaryObject(ObjectOutputStream.java:1432)
		at java.io.ObjectOutputStream.writeObject0(ObjectOutputStream.java:1178)
		at java.io.ObjectOutputStream.writeObject(ObjectOutputStream.java:348)
		at org.apache.catalina.session.StandardSession.doWriteObject(StandardSession.java:1376)
		at org.apache.catalina.session.StandardSession.writeObjectData(StandardSession.java:852)
		at org.apache.catalina.session.StandardManager.doUnload(StandardManager.java:306)
		at org.apache.catalina.session.StandardManager.unload(StandardManager.java:258)
		at org.apache.catalina.session.StandardManager.stopInternal(StandardManager.java:373)
		at org.apache.catalina.util.LifecycleBase.stop(LifecycleBase.java:235)
		at org.apache.catalina.core.StandardContext.stopInternal(StandardContext.java:4723)
		at org.apache.catalina.util.LifecycleBase.stop(LifecycleBase.java:235)
		at org.apache.catalina.core.StandardContext.reload(StandardContext.java:3260)
		at org.apache.catalina.manager.ManagerServlet.reload(ManagerServlet.java:1033)
		at org.apache.catalina.manager.ManagerServlet.doGet(ManagerServlet.java:316)
		at javax.servlet.http.HttpServlet.service(HttpServlet.java:529)
		at javax.servlet.http.HttpServlet.service(HttpServlet.java:623)
		at org.apache.catalina.core.ApplicationFilterChain.internalDoFilter(ApplicationFilterChain.java:199)
		at org.apache.catalina.core.ApplicationFilterChain.doFilter(ApplicationFilterChain.java:144)
		at org.apache.tomcat.websocket.server.WsFilter.doFilter(WsFilter.java:51)
		at org.apache.catalina.core.ApplicationFilterChain.internalDoFilter(ApplicationFilterChain.java:168)
		at org.apache.catalina.core.ApplicationFilterChain.doFilter(ApplicationFilterChain.java:144)
		at org.apache.catalina.filters.HttpHeaderSecurityFilter.doFilter(HttpHeaderSecurityFilter.java:129)
		at org.apache.catalina.core.ApplicationFilterChain.internalDoFilter(ApplicationFilterChain.java:168)
		at org.apache.catalina.core.ApplicationFilterChain.doFilter(ApplicationFilterChain.java:144)
		at org.apache.catalina.core.StandardWrapperValve.invoke(StandardWrapperValve.java:168)
		at org.apache.catalina.core.StandardContextValve.invoke(StandardContextValve.java:90)
		at org.apache.catalina.authenticator.AuthenticatorBase.invoke(AuthenticatorBase.java:597)
		at org.apache.catalina.valves.RequestFilterValve.process(RequestFilterValve.java:354)
		at org.apache.catalina.valves.RemoteAddrValve.invoke(RemoteAddrValve.java:54)
		at org.apache.catalina.core.StandardHostValve.invoke(StandardHostValve.java:130)
		at org.apache.catalina.valves.ErrorReportValve.invoke(ErrorReportValve.java:93)
		at org.apache.catalina.valves.AbstractAccessLogValve.invoke(AbstractAccessLogValve.java:656)
		at org.apache.catalina.core.StandardEngineValve.invoke(StandardEngineValve.java:74)
		at org.apache.catalina.connector.CoyoteAdapter.service(CoyoteAdapter.java:346)
		at org.apache.coyote.http11.Http11Processor.service(Http11Processor.java:397)
		at org.apache.coyote.AbstractProcessorLight.process(AbstractProcessorLight.java:63)
		at org.apache.coyote.AbstractProtocol$ConnectionHandler.process(AbstractProtocol.java:935)
		at org.apache.tomcat.util.net.NioEndpoint$SocketProcessor.doRun(NioEndpoint.java:1826)
		at org.apache.tomcat.util.net.SocketProcessorBase.run(SocketProcessorBase.java:52)
		at org.apache.tomcat.util.threads.ThreadPoolExecutor.runWorker(ThreadPoolExecutor.java:1189)
		at org.apache.tomcat.util.threads.ThreadPoolExecutor$Worker.run(ThreadPoolExecutor.java:658)
		at org.apache.tomcat.util.threads.TaskThread$WrappingRunnable.run(TaskThread.java:63)
		at java.lang.Thread.run(Thread.java:748)
09-Apr-2026 10:34:01.769 WARNING [http-nio-8080-exec-53] org.apache.catalina.session.StandardSession.doReadObject Cannot deserialize session attribute [eList] for session [744E27A2ED648F6E8F3CB098FF2AE47D]
09-Apr-2026 11:47:06.726 INFO [main] org.apache.catalina.core.ApplicationContext.log SessionListener: contextDestroyed()
09-Apr-2026 11:47:06.726 INFO [main] org.apache.catalina.core.ApplicationContext.log ContextListener: contextDestroyed()
09-Apr-2026 11:55:33.846 INFO [main] org.apache.catalina.core.ApplicationContext.log ContextListener: contextInitialized()
09-Apr-2026 11:55:33.846 INFO [main] org.apache.catalina.core.ApplicationContext.log SessionListener: contextInitialized()
09-Apr-2026 11:55:33.847 INFO [main] org.apache.catalina.core.ApplicationContext.log ContextListener: attributeAdded('StockTicker', 'async.Stockticker@7661b5a')
09-Apr-2026 11:56:15.934 WARNING [http-nio-8080-exec-17] org.apache.catalina.session.StandardSession.doWriteObject Cannot serialize session attribute [eList] for session [0C1866B711EBF64E1391DC652EE46268]
	java.io.NotSerializableException: pms.model.UserDTO
		at java.io.ObjectOutputStream.writeObject0(ObjectOutputStream.java:1184)
		at java.io.ObjectOutputStream.writeObject(ObjectOutputStream.java:348)
		at java.util.ArrayList.writeObject(ArrayList.java:766)
		at sun.reflect.NativeMethodAccessorImpl.invoke0(Native Method)
		at sun.reflect.NativeMethodAccessorImpl.invoke(NativeMethodAccessorImpl.java:62)
		at sun.reflect.DelegatingMethodAccessorImpl.invoke(DelegatingMethodAccessorImpl.java:43)
		at java.lang.reflect.Method.invoke(Method.java:498)
		at java.io.ObjectStreamClass.invokeWriteObject(ObjectStreamClass.java:1128)
		at java.io.ObjectOutputStream.writeSerialData(ObjectOutputStream.java:1496)
		at java.io.ObjectOutputStream.writeOrdinaryObject(ObjectOutputStream.java:1432)
		at java.io.ObjectOutputStream.writeObject0(ObjectOutputStream.java:1178)
		at java.io.ObjectOutputStream.writeObject(ObjectOutputStream.java:348)
		at org.apache.catalina.session.StandardSession.doWriteObject(StandardSession.java:1376)
		at org.apache.catalina.session.StandardSession.writeObjectData(StandardSession.java:852)
		at org.apache.catalina.session.StandardManager.doUnload(StandardManager.java:306)
		at org.apache.catalina.session.StandardManager.unload(StandardManager.java:258)
		at org.apache.catalina.session.StandardManager.stopInternal(StandardManager.java:373)
		at org.apache.catalina.util.LifecycleBase.stop(LifecycleBase.java:235)
		at org.apache.catalina.core.StandardContext.stopInternal(StandardContext.java:4723)
		at org.apache.catalina.util.LifecycleBase.stop(LifecycleBase.java:235)
		at org.apache.catalina.manager.ManagerServlet.undeploy(ManagerServlet.java:1404)
		at org.apache.catalina.manager.ManagerServlet.doGet(ManagerServlet.java:332)
		at javax.servlet.http.HttpServlet.service(HttpServlet.java:529)
		at javax.servlet.http.HttpServlet.service(HttpServlet.java:623)
		at org.apache.catalina.core.ApplicationFilterChain.internalDoFilter(ApplicationFilterChain.java:199)
		at org.apache.catalina.core.ApplicationFilterChain.doFilter(ApplicationFilterChain.java:144)
		at org.apache.tomcat.websocket.server.WsFilter.doFilter(WsFilter.java:51)
		at org.apache.catalina.core.ApplicationFilterChain.internalDoFilter(ApplicationFilterChain.java:168)
		at org.apache.catalina.core.ApplicationFilterChain.doFilter(ApplicationFilterChain.java:144)
		at org.apache.catalina.filters.HttpHeaderSecurityFilter.doFilter(HttpHeaderSecurityFilter.java:129)
		at org.apache.catalina.core.ApplicationFilterChain.internalDoFilter(ApplicationFilterChain.java:168)
		at org.apache.catalina.core.ApplicationFilterChain.doFilter(ApplicationFilterChain.java:144)
		at org.apache.catalina.core.StandardWrapperValve.invoke(StandardWrapperValve.java:168)
		at org.apache.catalina.core.StandardContextValve.invoke(StandardContextValve.java:90)
		at org.apache.catalina.authenticator.AuthenticatorBase.invoke(AuthenticatorBase.java:597)
		at org.apache.catalina.valves.RequestFilterValve.process(RequestFilterValve.java:354)
		at org.apache.catalina.valves.RemoteAddrValve.invoke(RemoteAddrValve.java:54)
		at org.apache.catalina.core.StandardHostValve.invoke(StandardHostValve.java:130)
		at org.apache.catalina.valves.ErrorReportValve.invoke(ErrorReportValve.java:93)
		at org.apache.catalina.valves.AbstractAccessLogValve.invoke(AbstractAccessLogValve.java:656)
		at org.apache.catalina.core.StandardEngineValve.invoke(StandardEngineValve.java:74)
		at org.apache.catalina.connector.CoyoteAdapter.service(CoyoteAdapter.java:346)
		at org.apache.coyote.http11.Http11Processor.service(Http11Processor.java:397)
		at org.apache.coyote.AbstractProcessorLight.process(AbstractProcessorLight.java:63)
		at org.apache.coyote.AbstractProtocol$ConnectionHandler.process(AbstractProtocol.java:935)
		at org.apache.tomcat.util.net.NioEndpoint$SocketProcessor.doRun(NioEndpoint.java:1826)
		at org.apache.tomcat.util.net.SocketProcessorBase.run(SocketProcessorBase.java:52)
		at org.apache.tomcat.util.threads.ThreadPoolExecutor.runWorker(ThreadPoolExecutor.java:1189)
		at org.apache.tomcat.util.threads.ThreadPoolExecutor$Worker.run(ThreadPoolExecutor.java:658)
		at org.apache.tomcat.util.threads.TaskThread$WrappingRunnable.run(TaskThread.java:63)
		at java.lang.Thread.run(Thread.java:748)
09-Apr-2026 11:58:55.053 WARNING [main] org.apache.catalina.session.StandardSession.doWriteObject Cannot serialize session attribute [eList] for session [C017E8A001A61CC05B700B9A8D403459]
	java.io.NotSerializableException: pms.model.UserDTO
		at java.io.ObjectOutputStream.writeObject0(ObjectOutputStream.java:1184)
		at java.io.ObjectOutputStream.writeObject(ObjectOutputStream.java:348)
		at java.util.ArrayList.writeObject(ArrayList.java:766)
		at sun.reflect.NativeMethodAccessorImpl.invoke0(Native Method)
		at sun.reflect.NativeMethodAccessorImpl.invoke(NativeMethodAccessorImpl.java:62)
		at sun.reflect.DelegatingMethodAccessorImpl.invoke(DelegatingMethodAccessorImpl.java:43)
		at java.lang.reflect.Method.invoke(Method.java:498)
		at java.io.ObjectStreamClass.invokeWriteObject(ObjectStreamClass.java:1128)
		at java.io.ObjectOutputStream.writeSerialData(ObjectOutputStream.java:1496)
		at java.io.ObjectOutputStream.writeOrdinaryObject(ObjectOutputStream.java:1432)
		at java.io.ObjectOutputStream.writeObject0(ObjectOutputStream.java:1178)
		at java.io.ObjectOutputStream.writeObject(ObjectOutputStream.java:348)
		at org.apache.catalina.session.StandardSession.doWriteObject(StandardSession.java:1376)
		at org.apache.catalina.session.StandardSession.writeObjectData(StandardSession.java:852)
		at org.apache.catalina.session.StandardManager.doUnload(StandardManager.java:306)
		at org.apache.catalina.session.StandardManager.unload(StandardManager.java:258)
		at org.apache.catalina.session.StandardManager.stopInternal(StandardManager.java:373)
		at org.apache.catalina.util.LifecycleBase.stop(LifecycleBase.java:235)
		at org.apache.catalina.core.StandardContext.stopInternal(StandardContext.java:4723)
		at org.apache.catalina.util.LifecycleBase.stop(LifecycleBase.java:235)
		at org.apache.catalina.core.ContainerBase$StopChild.call(ContainerBase.java:1219)
		at org.apache.catalina.core.ContainerBase$StopChild.call(ContainerBase.java:1208)
		at java.util.concurrent.FutureTask.run(FutureTask.java:266)
		at org.apache.tomcat.util.threads.InlineExecutorService.execute(InlineExecutorService.java:76)
		at java.util.concurrent.AbstractExecutorService.submit(AbstractExecutorService.java:134)
		at org.apache.catalina.core.ContainerBase.stopInternal(ContainerBase.java:814)
		at org.apache.catalina.util.LifecycleBase.stop(LifecycleBase.java:235)
		at org.apache.catalina.core.ContainerBase$StopChild.call(ContainerBase.java:1219)
		at org.apache.catalina.core.ContainerBase$StopChild.call(ContainerBase.java:1208)
		at java.util.concurrent.FutureTask.run(FutureTask.java:266)
		at org.apache.tomcat.util.threads.InlineExecutorService.execute(InlineExecutorService.java:76)
		at java.util.concurrent.AbstractExecutorService.submit(AbstractExecutorService.java:134)
		at org.apache.catalina.core.ContainerBase.stopInternal(ContainerBase.java:814)
		at org.apache.catalina.util.LifecycleBase.stop(LifecycleBase.java:235)
		at org.apache.catalina.core.StandardService.stopInternal(StandardService.java:468)
		at org.apache.catalina.util.LifecycleBase.stop(LifecycleBase.java:235)
		at org.apache.catalina.core.StandardServer.stopInternal(StandardServer.java:919)
		at org.apache.catalina.util.LifecycleBase.stop(LifecycleBase.java:235)
		at org.apache.catalina.startup.Catalina.stop(Catalina.java:814)
		at org.apache.catalina.startup.Catalina.start(Catalina.java:778)
		at sun.reflect.NativeMethodAccessorImpl.invoke0(Native Method)
		at sun.reflect.NativeMethodAccessorImpl.invoke(NativeMethodAccessorImpl.java:62)
		at sun.reflect.DelegatingMethodAccessorImpl.invoke(DelegatingMethodAccessorImpl.java:43)
		at java.lang.reflect.Method.invoke(Method.java:498)
		at org.apache.catalina.startup.Bootstrap.start(Bootstrap.java:345)
		at org.apache.catalina.startup.Bootstrap.main(Bootstrap.java:476)
09-Apr-2026 11:58:55.059 INFO [main] org.apache.catalina.core.ApplicationContext.log SessionListener: contextDestroyed()
09-Apr-2026 11:58:55.059 INFO [main] org.apache.catalina.core.ApplicationContext.log ContextListener: contextDestroyed()
09-Apr-2026 12:06:02.487 WARNING [main] org.apache.catalina.session.StandardSession.doReadObject Cannot deserialize session attribute [eList] for session [C017E8A001A61CC05B700B9A8D403459]
09-Apr-2026 12:06:04.043 INFO [main] org.apache.catalina.core.ApplicationContext.log ContextListener: contextInitialized()
09-Apr-2026 12:06:04.043 INFO [main] org.apache.catalina.core.ApplicationContext.log SessionListener: contextInitialized()
09-Apr-2026 12:06:04.046 INFO [main] org.apache.catalina.core.ApplicationContext.log ContextListener: attributeAdded('StockTicker', 'async.Stockticker@2b8bb184')
09-Apr-2026 12:07:31.019 WARNING [http-nio-8080-exec-11] org.apache.catalina.session.StandardSession.doWriteObject Cannot serialize session attribute [eList] for session [9829A1EB473566E0036CD761BC5149D3]
	java.io.NotSerializableException: pms.model.UserDTO
		at java.io.ObjectOutputStream.writeObject0(ObjectOutputStream.java:1184)
		at java.io.ObjectOutputStream.writeObject(ObjectOutputStream.java:348)
		at java.util.ArrayList.writeObject(ArrayList.java:766)
		at sun.reflect.NativeMethodAccessorImpl.invoke0(Native Method)
		at sun.reflect.NativeMethodAccessorImpl.invoke(NativeMethodAccessorImpl.java:62)
		at sun.reflect.DelegatingMethodAccessorImpl.invoke(DelegatingMethodAccessorImpl.java:43)
		at java.lang.reflect.Method.invoke(Method.java:498)
		at java.io.ObjectStreamClass.invokeWriteObject(ObjectStreamClass.java:1128)
		at java.io.ObjectOutputStream.writeSerialData(ObjectOutputStream.java:1496)
		at java.io.ObjectOutputStream.writeOrdinaryObject(ObjectOutputStream.java:1432)
		at java.io.ObjectOutputStream.writeObject0(ObjectOutputStream.java:1178)
		at java.io.ObjectOutputStream.writeObject(ObjectOutputStream.java:348)
		at org.apache.catalina.session.StandardSession.doWriteObject(StandardSession.java:1376)
		at org.apache.catalina.session.StandardSession.writeObjectData(StandardSession.java:852)
		at org.apache.catalina.session.StandardManager.doUnload(StandardManager.java:306)
		at org.apache.catalina.session.StandardManager.unload(StandardManager.java:258)
		at org.apache.catalina.session.StandardManager.stopInternal(StandardManager.java:373)
		at org.apache.catalina.util.LifecycleBase.stop(LifecycleBase.java:235)
		at org.apache.catalina.core.StandardContext.stopInternal(StandardContext.java:4723)
		at org.apache.catalina.util.LifecycleBase.stop(LifecycleBase.java:235)
		at org.apache.catalina.core.StandardContext.reload(StandardContext.java:3260)
		at org.apache.catalina.manager.ManagerServlet.reload(ManagerServlet.java:1033)
		at org.apache.catalina.manager.ManagerServlet.doGet(ManagerServlet.java:316)
		at javax.servlet.http.HttpServlet.service(HttpServlet.java:529)
		at javax.servlet.http.HttpServlet.service(HttpServlet.java:623)
		at org.apache.catalina.core.ApplicationFilterChain.internalDoFilter(ApplicationFilterChain.java:199)
		at org.apache.catalina.core.ApplicationFilterChain.doFilter(ApplicationFilterChain.java:144)
		at org.apache.tomcat.websocket.server.WsFilter.doFilter(WsFilter.java:51)
		at org.apache.catalina.core.ApplicationFilterChain.internalDoFilter(ApplicationFilterChain.java:168)
		at org.apache.catalina.core.ApplicationFilterChain.doFilter(ApplicationFilterChain.java:144)
		at org.apache.catalina.filters.HttpHeaderSecurityFilter.doFilter(HttpHeaderSecurityFilter.java:129)
		at org.apache.catalina.core.ApplicationFilterChain.internalDoFilter(ApplicationFilterChain.java:168)
		at org.apache.catalina.core.ApplicationFilterChain.doFilter(ApplicationFilterChain.java:144)
		at org.apache.catalina.core.StandardWrapperValve.invoke(StandardWrapperValve.java:168)
		at org.apache.catalina.core.StandardContextValve.invoke(StandardContextValve.java:90)
		at org.apache.catalina.authenticator.AuthenticatorBase.invoke(AuthenticatorBase.java:597)
		at org.apache.catalina.valves.RequestFilterValve.process(RequestFilterValve.java:354)
		at org.apache.catalina.valves.RemoteAddrValve.invoke(RemoteAddrValve.java:54)
		at org.apache.catalina.core.StandardHostValve.invoke(StandardHostValve.java:130)
		at org.apache.catalina.valves.ErrorReportValve.invoke(ErrorReportValve.java:93)
		at org.apache.catalina.valves.AbstractAccessLogValve.invoke(AbstractAccessLogValve.java:656)
		at org.apache.catalina.core.StandardEngineValve.invoke(StandardEngineValve.java:74)
		at org.apache.catalina.connector.CoyoteAdapter.service(CoyoteAdapter.java:346)
		at org.apache.coyote.http11.Http11Processor.service(Http11Processor.java:397)
		at org.apache.coyote.AbstractProcessorLight.process(AbstractProcessorLight.java:63)
		at org.apache.coyote.AbstractProtocol$ConnectionHandler.process(AbstractProtocol.java:935)
		at org.apache.tomcat.util.net.NioEndpoint$SocketProcessor.doRun(NioEndpoint.java:1826)
		at org.apache.tomcat.util.net.SocketProcessorBase.run(SocketProcessorBase.java:52)
		at org.apache.tomcat.util.threads.ThreadPoolExecutor.runWorker(ThreadPoolExecutor.java:1189)
		at org.apache.tomcat.util.threads.ThreadPoolExecutor$Worker.run(ThreadPoolExecutor.java:658)
		at org.apache.tomcat.util.threads.TaskThread$WrappingRunnable.run(TaskThread.java:63)
		at java.lang.Thread.run(Thread.java:748)
09-Apr-2026 12:07:32.079 WARNING [http-nio-8080-exec-11] org.apache.catalina.session.StandardSession.doReadObject Cannot deserialize session attribute [eList] for session [9829A1EB473566E0036CD761BC5149D3]
09-Apr-2026 12:11:27.870 WARNING [http-nio-8080-exec-25] org.apache.catalina.session.StandardSession.doWriteObject Cannot serialize session attribute [eList] for session [65D75BE50F4C917CA9964E3D278DC176]
	java.io.NotSerializableException: pms.model.UserDTO
		at java.io.ObjectOutputStream.writeObject0(ObjectOutputStream.java:1184)
		at java.io.ObjectOutputStream.writeObject(ObjectOutputStream.java:348)
		at java.util.ArrayList.writeObject(ArrayList.java:766)
		at sun.reflect.NativeMethodAccessorImpl.invoke0(Native Method)
		at sun.reflect.NativeMethodAccessorImpl.invoke(NativeMethodAccessorImpl.java:62)
		at sun.reflect.DelegatingMethodAccessorImpl.invoke(DelegatingMethodAccessorImpl.java:43)
		at java.lang.reflect.Method.invoke(Method.java:498)
		at java.io.ObjectStreamClass.invokeWriteObject(ObjectStreamClass.java:1128)
		at java.io.ObjectOutputStream.writeSerialData(ObjectOutputStream.java:1496)
		at java.io.ObjectOutputStream.writeOrdinaryObject(ObjectOutputStream.java:1432)
		at java.io.ObjectOutputStream.writeObject0(ObjectOutputStream.java:1178)
		at java.io.ObjectOutputStream.writeObject(ObjectOutputStream.java:348)
		at org.apache.catalina.session.StandardSession.doWriteObject(StandardSession.java:1376)
		at org.apache.catalina.session.StandardSession.writeObjectData(StandardSession.java:852)
		at org.apache.catalina.session.StandardManager.doUnload(StandardManager.java:306)
		at org.apache.catalina.session.StandardManager.unload(StandardManager.java:258)
		at org.apache.catalina.session.StandardManager.stopInternal(StandardManager.java:373)
		at org.apache.catalina.util.LifecycleBase.stop(LifecycleBase.java:235)
		at org.apache.catalina.core.StandardContext.stopInternal(StandardContext.java:4723)
		at org.apache.catalina.util.LifecycleBase.stop(LifecycleBase.java:235)
		at org.apache.catalina.manager.ManagerServlet.undeploy(ManagerServlet.java:1404)
		at org.apache.catalina.manager.ManagerServlet.doGet(ManagerServlet.java:332)
		at javax.servlet.http.HttpServlet.service(HttpServlet.java:529)
		at javax.servlet.http.HttpServlet.service(HttpServlet.java:623)
		at org.apache.catalina.core.ApplicationFilterChain.internalDoFilter(ApplicationFilterChain.java:199)
		at org.apache.catalina.core.ApplicationFilterChain.doFilter(ApplicationFilterChain.java:144)
		at org.apache.tomcat.websocket.server.WsFilter.doFilter(WsFilter.java:51)
		at org.apache.catalina.core.ApplicationFilterChain.internalDoFilter(ApplicationFilterChain.java:168)
		at org.apache.catalina.core.ApplicationFilterChain.doFilter(ApplicationFilterChain.java:144)
		at org.apache.catalina.filters.HttpHeaderSecurityFilter.doFilter(HttpHeaderSecurityFilter.java:129)
		at org.apache.catalina.core.ApplicationFilterChain.internalDoFilter(ApplicationFilterChain.java:168)
		at org.apache.catalina.core.ApplicationFilterChain.doFilter(ApplicationFilterChain.java:144)
		at org.apache.catalina.core.StandardWrapperValve.invoke(StandardWrapperValve.java:168)
		at org.apache.catalina.core.StandardContextValve.invoke(StandardContextValve.java:90)
		at org.apache.catalina.authenticator.AuthenticatorBase.invoke(AuthenticatorBase.java:597)
		at org.apache.catalina.valves.RequestFilterValve.process(RequestFilterValve.java:354)
		at org.apache.catalina.valves.RemoteAddrValve.invoke(RemoteAddrValve.java:54)
		at org.apache.catalina.core.StandardHostValve.invoke(StandardHostValve.java:130)
		at org.apache.catalina.valves.ErrorReportValve.invoke(ErrorReportValve.java:93)
		at org.apache.catalina.valves.AbstractAccessLogValve.invoke(AbstractAccessLogValve.java:656)
		at org.apache.catalina.core.StandardEngineValve.invoke(StandardEngineValve.java:74)
		at org.apache.catalina.connector.CoyoteAdapter.service(CoyoteAdapter.java:346)
		at org.apache.coyote.http11.Http11Processor.service(Http11Processor.java:397)
		at org.apache.coyote.AbstractProcessorLight.process(AbstractProcessorLight.java:63)
		at org.apache.coyote.AbstractProtocol$ConnectionHandler.process(AbstractProtocol.java:935)
		at org.apache.tomcat.util.net.NioEndpoint$SocketProcessor.doRun(NioEndpoint.java:1826)
		at org.apache.tomcat.util.net.SocketProcessorBase.run(SocketProcessorBase.java:52)
		at org.apache.tomcat.util.threads.ThreadPoolExecutor.runWorker(ThreadPoolExecutor.java:1189)
		at org.apache.tomcat.util.threads.ThreadPoolExecutor$Worker.run(ThreadPoolExecutor.java:658)
		at org.apache.tomcat.util.threads.TaskThread$WrappingRunnable.run(TaskThread.java:63)
		at java.lang.Thread.run(Thread.java:748)
09-Apr-2026 12:14:44.146 WARNING [http-nio-8080-exec-40] org.apache.catalina.session.StandardSession.doWriteObject Cannot serialize session attribute [eList] for session [18FDB9CEBF8DDE81A22ED94D40F4E3A0]
	java.io.NotSerializableException: pms.model.UserDTO
		at java.io.ObjectOutputStream.writeObject0(ObjectOutputStream.java:1184)
		at java.io.ObjectOutputStream.writeObject(ObjectOutputStream.java:348)
		at java.util.ArrayList.writeObject(ArrayList.java:766)
		at sun.reflect.NativeMethodAccessorImpl.invoke0(Native Method)
		at sun.reflect.NativeMethodAccessorImpl.invoke(NativeMethodAccessorImpl.java:62)
		at sun.reflect.DelegatingMethodAccessorImpl.invoke(DelegatingMethodAccessorImpl.java:43)
		at java.lang.reflect.Method.invoke(Method.java:498)
		at java.io.ObjectStreamClass.invokeWriteObject(ObjectStreamClass.java:1128)
		at java.io.ObjectOutputStream.writeSerialData(ObjectOutputStream.java:1496)
		at java.io.ObjectOutputStream.writeOrdinaryObject(ObjectOutputStream.java:1432)
		at java.io.ObjectOutputStream.writeObject0(ObjectOutputStream.java:1178)
		at java.io.ObjectOutputStream.writeObject(ObjectOutputStream.java:348)
		at org.apache.catalina.session.StandardSession.doWriteObject(StandardSession.java:1376)
		at org.apache.catalina.session.StandardSession.writeObjectData(StandardSession.java:852)
		at org.apache.catalina.session.StandardManager.doUnload(StandardManager.java:306)
		at org.apache.catalina.session.StandardManager.unload(StandardManager.java:258)
		at org.apache.catalina.session.StandardManager.stopInternal(StandardManager.java:373)
		at org.apache.catalina.util.LifecycleBase.stop(LifecycleBase.java:235)
		at org.apache.catalina.core.StandardContext.stopInternal(StandardContext.java:4723)
		at org.apache.catalina.util.LifecycleBase.stop(LifecycleBase.java:235)
		at org.apache.catalina.core.StandardContext.reload(StandardContext.java:3260)
		at org.apache.catalina.manager.ManagerServlet.reload(ManagerServlet.java:1033)
		at org.apache.catalina.manager.ManagerServlet.doGet(ManagerServlet.java:316)
		at javax.servlet.http.HttpServlet.service(HttpServlet.java:529)
		at javax.servlet.http.HttpServlet.service(HttpServlet.java:623)
		at org.apache.catalina.core.ApplicationFilterChain.internalDoFilter(ApplicationFilterChain.java:199)
		at org.apache.catalina.core.ApplicationFilterChain.doFilter(ApplicationFilterChain.java:144)
		at org.apache.tomcat.websocket.server.WsFilter.doFilter(WsFilter.java:51)
		at org.apache.catalina.core.ApplicationFilterChain.internalDoFilter(ApplicationFilterChain.java:168)
		at org.apache.catalina.core.ApplicationFilterChain.doFilter(ApplicationFilterChain.java:144)
		at org.apache.catalina.filters.HttpHeaderSecurityFilter.doFilter(HttpHeaderSecurityFilter.java:129)
		at org.apache.catalina.core.ApplicationFilterChain.internalDoFilter(ApplicationFilterChain.java:168)
		at org.apache.catalina.core.ApplicationFilterChain.doFilter(ApplicationFilterChain.java:144)
		at org.apache.catalina.core.StandardWrapperValve.invoke(StandardWrapperValve.java:168)
		at org.apache.catalina.core.StandardContextValve.invoke(StandardContextValve.java:90)
		at org.apache.catalina.authenticator.AuthenticatorBase.invoke(AuthenticatorBase.java:597)
		at org.apache.catalina.valves.RequestFilterValve.process(RequestFilterValve.java:354)
		at org.apache.catalina.valves.RemoteAddrValve.invoke(RemoteAddrValve.java:54)
		at org.apache.catalina.core.StandardHostValve.invoke(StandardHostValve.java:130)
		at org.apache.catalina.valves.ErrorReportValve.invoke(ErrorReportValve.java:93)
		at org.apache.catalina.valves.AbstractAccessLogValve.invoke(AbstractAccessLogValve.java:656)
		at org.apache.catalina.core.StandardEngineValve.invoke(StandardEngineValve.java:74)
		at org.apache.catalina.connector.CoyoteAdapter.service(CoyoteAdapter.java:346)
		at org.apache.coyote.http11.Http11Processor.service(Http11Processor.java:397)
		at org.apache.coyote.AbstractProcessorLight.process(AbstractProcessorLight.java:63)
		at org.apache.coyote.AbstractProtocol$ConnectionHandler.process(AbstractProtocol.java:935)
		at org.apache.tomcat.util.net.NioEndpoint$SocketProcessor.doRun(NioEndpoint.java:1826)
		at org.apache.tomcat.util.net.SocketProcessorBase.run(SocketProcessorBase.java:52)
		at org.apache.tomcat.util.threads.ThreadPoolExecutor.runWorker(ThreadPoolExecutor.java:1189)
		at org.apache.tomcat.util.threads.ThreadPoolExecutor$Worker.run(ThreadPoolExecutor.java:658)
		at org.apache.tomcat.util.threads.TaskThread$WrappingRunnable.run(TaskThread.java:63)
		at java.lang.Thread.run(Thread.java:748)
09-Apr-2026 12:14:44.863 WARNING [http-nio-8080-exec-40] org.apache.catalina.session.StandardSession.doReadObject Cannot deserialize session attribute [eList] for session [18FDB9CEBF8DDE81A22ED94D40F4E3A0]
09-Apr-2026 12:19:23.169 WARNING [main] org.apache.catalina.session.StandardSession.doWriteObject Cannot serialize session attribute [eList] for session [BC019D3AE9183E80A3EF0EAD783C6E6A]
	java.io.NotSerializableException: pms.model.UserDTO
		at java.io.ObjectOutputStream.writeObject0(ObjectOutputStream.java:1184)
		at java.io.ObjectOutputStream.writeObject(ObjectOutputStream.java:348)
		at java.util.ArrayList.writeObject(ArrayList.java:766)
		at sun.reflect.NativeMethodAccessorImpl.invoke0(Native Method)
		at sun.reflect.NativeMethodAccessorImpl.invoke(NativeMethodAccessorImpl.java:62)
		at sun.reflect.DelegatingMethodAccessorImpl.invoke(DelegatingMethodAccessorImpl.java:43)
		at java.lang.reflect.Method.invoke(Method.java:498)
		at java.io.ObjectStreamClass.invokeWriteObject(ObjectStreamClass.java:1128)
		at java.io.ObjectOutputStream.writeSerialData(ObjectOutputStream.java:1496)
		at java.io.ObjectOutputStream.writeOrdinaryObject(ObjectOutputStream.java:1432)
		at java.io.ObjectOutputStream.writeObject0(ObjectOutputStream.java:1178)
		at java.io.ObjectOutputStream.writeObject(ObjectOutputStream.java:348)
		at org.apache.catalina.session.StandardSession.doWriteObject(StandardSession.java:1376)
		at org.apache.catalina.session.StandardSession.writeObjectData(StandardSession.java:852)
		at org.apache.catalina.session.StandardManager.doUnload(StandardManager.java:306)
		at org.apache.catalina.session.StandardManager.unload(StandardManager.java:258)
		at org.apache.catalina.session.StandardManager.stopInternal(StandardManager.java:373)
		at org.apache.catalina.util.LifecycleBase.stop(LifecycleBase.java:235)
		at org.apache.catalina.core.StandardContext.stopInternal(StandardContext.java:4723)
		at org.apache.catalina.util.LifecycleBase.stop(LifecycleBase.java:235)
		at org.apache.catalina.core.ContainerBase$StopChild.call(ContainerBase.java:1219)
		at org.apache.catalina.core.ContainerBase$StopChild.call(ContainerBase.java:1208)
		at java.util.concurrent.FutureTask.run(FutureTask.java:266)
		at org.apache.tomcat.util.threads.InlineExecutorService.execute(InlineExecutorService.java:76)
		at java.util.concurrent.AbstractExecutorService.submit(AbstractExecutorService.java:134)
		at org.apache.catalina.core.ContainerBase.stopInternal(ContainerBase.java:814)
		at org.apache.catalina.util.LifecycleBase.stop(LifecycleBase.java:235)
		at org.apache.catalina.core.ContainerBase$StopChild.call(ContainerBase.java:1219)
		at org.apache.catalina.core.ContainerBase$StopChild.call(ContainerBase.java:1208)
		at java.util.concurrent.FutureTask.run(FutureTask.java:266)
		at org.apache.tomcat.util.threads.InlineExecutorService.execute(InlineExecutorService.java:76)
		at java.util.concurrent.AbstractExecutorService.submit(AbstractExecutorService.java:134)
		at org.apache.catalina.core.ContainerBase.stopInternal(ContainerBase.java:814)
		at org.apache.catalina.util.LifecycleBase.stop(LifecycleBase.java:235)
		at org.apache.catalina.core.StandardService.stopInternal(StandardService.java:468)
		at org.apache.catalina.util.LifecycleBase.stop(LifecycleBase.java:235)
		at org.apache.catalina.core.StandardServer.stopInternal(StandardServer.java:919)
		at org.apache.catalina.util.LifecycleBase.stop(LifecycleBase.java:235)
		at org.apache.catalina.startup.Catalina.stop(Catalina.java:814)
		at org.apache.catalina.startup.Catalina.start(Catalina.java:778)
		at sun.reflect.NativeMethodAccessorImpl.invoke0(Native Method)
		at sun.reflect.NativeMethodAccessorImpl.invoke(NativeMethodAccessorImpl.java:62)
		at sun.reflect.DelegatingMethodAccessorImpl.invoke(DelegatingMethodAccessorImpl.java:43)
		at java.lang.reflect.Method.invoke(Method.java:498)
		at org.apache.catalina.startup.Bootstrap.start(Bootstrap.java:345)
		at org.apache.catalina.startup.Bootstrap.main(Bootstrap.java:476)
09-Apr-2026 12:19:23.216 INFO [main] org.apache.catalina.core.ApplicationContext.log SessionListener: contextDestroyed()
09-Apr-2026 12:19:23.216 INFO [main] org.apache.catalina.core.ApplicationContext.log ContextListener: contextDestroyed()
09-Apr-2026 12:19:49.010 WARNING [main] org.apache.catalina.session.StandardSession.doReadObject Cannot deserialize session attribute [eList] for session [BC019D3AE9183E80A3EF0EAD783C6E6A]
09-Apr-2026 12:19:49.394 INFO [main] org.apache.catalina.core.ApplicationContext.log ContextListener: contextInitialized()
09-Apr-2026 12:19:49.394 INFO [main] org.apache.catalina.core.ApplicationContext.log SessionListener: contextInitialized()
09-Apr-2026 12:19:49.395 INFO [main] org.apache.catalina.core.ApplicationContext.log ContextListener: attributeAdded('StockTicker', 'async.Stockticker@2b8bb184')
09-Apr-2026 12:24:30.981 WARNING [http-nio-8080-exec-18] org.apache.catalina.session.StandardSession.doWriteObject Cannot serialize session attribute [eList] for session [10CA03DA846305720337B6711F8DCC58]
	java.io.NotSerializableException: pms.model.UserDTO
		at java.io.ObjectOutputStream.writeObject0(ObjectOutputStream.java:1184)
		at java.io.ObjectOutputStream.writeObject(ObjectOutputStream.java:348)
		at java.util.ArrayList.writeObject(ArrayList.java:766)
		at sun.reflect.NativeMethodAccessorImpl.invoke0(Native Method)
		at sun.reflect.NativeMethodAccessorImpl.invoke(NativeMethodAccessorImpl.java:62)
		at sun.reflect.DelegatingMethodAccessorImpl.invoke(DelegatingMethodAccessorImpl.java:43)
		at java.lang.reflect.Method.invoke(Method.java:498)
		at java.io.ObjectStreamClass.invokeWriteObject(ObjectStreamClass.java:1128)
		at java.io.ObjectOutputStream.writeSerialData(ObjectOutputStream.java:1496)
		at java.io.ObjectOutputStream.writeOrdinaryObject(ObjectOutputStream.java:1432)
		at java.io.ObjectOutputStream.writeObject0(ObjectOutputStream.java:1178)
		at java.io.ObjectOutputStream.writeObject(ObjectOutputStream.java:348)
		at org.apache.catalina.session.StandardSession.doWriteObject(StandardSession.java:1376)
		at org.apache.catalina.session.StandardSession.writeObjectData(StandardSession.java:852)
		at org.apache.catalina.session.StandardManager.doUnload(StandardManager.java:306)
		at org.apache.catalina.session.StandardManager.unload(StandardManager.java:258)
		at org.apache.catalina.session.StandardManager.stopInternal(StandardManager.java:373)
		at org.apache.catalina.util.LifecycleBase.stop(LifecycleBase.java:235)
		at org.apache.catalina.core.StandardContext.stopInternal(StandardContext.java:4723)
		at org.apache.catalina.util.LifecycleBase.stop(LifecycleBase.java:235)
		at org.apache.catalina.manager.ManagerServlet.undeploy(ManagerServlet.java:1404)
		at org.apache.catalina.manager.ManagerServlet.doGet(ManagerServlet.java:332)
		at javax.servlet.http.HttpServlet.service(HttpServlet.java:529)
		at javax.servlet.http.HttpServlet.service(HttpServlet.java:623)
		at org.apache.catalina.core.ApplicationFilterChain.internalDoFilter(ApplicationFilterChain.java:199)
		at org.apache.catalina.core.ApplicationFilterChain.doFilter(ApplicationFilterChain.java:144)
		at org.apache.tomcat.websocket.server.WsFilter.doFilter(WsFilter.java:51)
		at org.apache.catalina.core.ApplicationFilterChain.internalDoFilter(ApplicationFilterChain.java:168)
		at org.apache.catalina.core.ApplicationFilterChain.doFilter(ApplicationFilterChain.java:144)
		at org.apache.catalina.filters.HttpHeaderSecurityFilter.doFilter(HttpHeaderSecurityFilter.java:129)
		at org.apache.catalina.core.ApplicationFilterChain.internalDoFilter(ApplicationFilterChain.java:168)
		at org.apache.catalina.core.ApplicationFilterChain.doFilter(ApplicationFilterChain.java:144)
		at org.apache.catalina.core.StandardWrapperValve.invoke(StandardWrapperValve.java:168)
		at org.apache.catalina.core.StandardContextValve.invoke(StandardContextValve.java:90)
		at org.apache.catalina.authenticator.AuthenticatorBase.invoke(AuthenticatorBase.java:597)
		at org.apache.catalina.valves.RequestFilterValve.process(RequestFilterValve.java:354)
		at org.apache.catalina.valves.RemoteAddrValve.invoke(RemoteAddrValve.java:54)
		at org.apache.catalina.core.StandardHostValve.invoke(StandardHostValve.java:130)
		at org.apache.catalina.valves.ErrorReportValve.invoke(ErrorReportValve.java:93)
		at org.apache.catalina.valves.AbstractAccessLogValve.invoke(AbstractAccessLogValve.java:656)
		at org.apache.catalina.core.StandardEngineValve.invoke(StandardEngineValve.java:74)
		at org.apache.catalina.connector.CoyoteAdapter.service(CoyoteAdapter.java:346)
		at org.apache.coyote.http11.Http11Processor.service(Http11Processor.java:397)
		at org.apache.coyote.AbstractProcessorLight.process(AbstractProcessorLight.java:63)
		at org.apache.coyote.AbstractProtocol$ConnectionHandler.process(AbstractProtocol.java:935)
		at org.apache.tomcat.util.net.NioEndpoint$SocketProcessor.doRun(NioEndpoint.java:1826)
		at org.apache.tomcat.util.net.SocketProcessorBase.run(SocketProcessorBase.java:52)
		at org.apache.tomcat.util.threads.ThreadPoolExecutor.runWorker(ThreadPoolExecutor.java:1189)
		at org.apache.tomcat.util.threads.ThreadPoolExecutor$Worker.run(ThreadPoolExecutor.java:658)
		at org.apache.tomcat.util.threads.TaskThread$WrappingRunnable.run(TaskThread.java:63)
		at java.lang.Thread.run(Thread.java:748)
09-Apr-2026 12:28:32.135 WARNING [http-nio-8080-exec-21] org.apache.catalina.session.StandardSession.doWriteObject Cannot serialize session attribute [eList] for session [A04CB7D84A4CB7A4B97C1894E71C20F8]
	java.io.NotSerializableException: pms.model.UserDTO
		at java.io.ObjectOutputStream.writeObject0(ObjectOutputStream.java:1184)
		at java.io.ObjectOutputStream.writeObject(ObjectOutputStream.java:348)
		at java.util.ArrayList.writeObject(ArrayList.java:766)
		at sun.reflect.NativeMethodAccessorImpl.invoke0(Native Method)
		at sun.reflect.NativeMethodAccessorImpl.invoke(NativeMethodAccessorImpl.java:62)
		at sun.reflect.DelegatingMethodAccessorImpl.invoke(DelegatingMethodAccessorImpl.java:43)
		at java.lang.reflect.Method.invoke(Method.java:498)
		at java.io.ObjectStreamClass.invokeWriteObject(ObjectStreamClass.java:1128)
		at java.io.ObjectOutputStream.writeSerialData(ObjectOutputStream.java:1496)
		at java.io.ObjectOutputStream.writeOrdinaryObject(ObjectOutputStream.java:1432)
		at java.io.ObjectOutputStream.writeObject0(ObjectOutputStream.java:1178)
		at java.io.ObjectOutputStream.writeObject(ObjectOutputStream.java:348)
		at org.apache.catalina.session.StandardSession.doWriteObject(StandardSession.java:1376)
		at org.apache.catalina.session.StandardSession.writeObjectData(StandardSession.java:852)
		at org.apache.catalina.session.StandardManager.doUnload(StandardManager.java:306)
		at org.apache.catalina.session.StandardManager.unload(StandardManager.java:258)
		at org.apache.catalina.session.StandardManager.stopInternal(StandardManager.java:373)
		at org.apache.catalina.util.LifecycleBase.stop(LifecycleBase.java:235)
		at org.apache.catalina.core.StandardContext.stopInternal(StandardContext.java:4723)
		at org.apache.catalina.util.LifecycleBase.stop(LifecycleBase.java:235)
		at org.apache.catalina.manager.ManagerServlet.undeploy(ManagerServlet.java:1404)
		at org.apache.catalina.manager.ManagerServlet.doGet(ManagerServlet.java:332)
		at javax.servlet.http.HttpServlet.service(HttpServlet.java:529)
		at javax.servlet.http.HttpServlet.service(HttpServlet.java:623)
		at org.apache.catalina.core.ApplicationFilterChain.internalDoFilter(ApplicationFilterChain.java:199)
		at org.apache.catalina.core.ApplicationFilterChain.doFilter(ApplicationFilterChain.java:144)
		at org.apache.tomcat.websocket.server.WsFilter.doFilter(WsFilter.java:51)
		at org.apache.catalina.core.ApplicationFilterChain.internalDoFilter(ApplicationFilterChain.java:168)
		at org.apache.catalina.core.ApplicationFilterChain.doFilter(ApplicationFilterChain.java:144)
		at org.apache.catalina.filters.HttpHeaderSecurityFilter.doFilter(HttpHeaderSecurityFilter.java:129)
		at org.apache.catalina.core.ApplicationFilterChain.internalDoFilter(ApplicationFilterChain.java:168)
		at org.apache.catalina.core.ApplicationFilterChain.doFilter(ApplicationFilterChain.java:144)
		at org.apache.catalina.core.StandardWrapperValve.invoke(StandardWrapperValve.java:168)
		at org.apache.catalina.core.StandardContextValve.invoke(StandardContextValve.java:90)
		at org.apache.catalina.authenticator.AuthenticatorBase.invoke(AuthenticatorBase.java:597)
		at org.apache.catalina.valves.RequestFilterValve.process(RequestFilterValve.java:354)
		at org.apache.catalina.valves.RemoteAddrValve.invoke(RemoteAddrValve.java:54)
		at org.apache.catalina.core.StandardHostValve.invoke(StandardHostValve.java:130)
		at org.apache.catalina.valves.ErrorReportValve.invoke(ErrorReportValve.java:93)
		at org.apache.catalina.valves.AbstractAccessLogValve.invoke(AbstractAccessLogValve.java:656)
		at org.apache.catalina.core.StandardEngineValve.invoke(StandardEngineValve.java:74)
		at org.apache.catalina.connector.CoyoteAdapter.service(CoyoteAdapter.java:346)
		at org.apache.coyote.http11.Http11Processor.service(Http11Processor.java:397)
		at org.apache.coyote.AbstractProcessorLight.process(AbstractProcessorLight.java:63)
		at org.apache.coyote.AbstractProtocol$ConnectionHandler.process(AbstractProtocol.java:935)
		at org.apache.tomcat.util.net.NioEndpoint$SocketProcessor.doRun(NioEndpoint.java:1826)
		at org.apache.tomcat.util.net.SocketProcessorBase.run(SocketProcessorBase.java:52)
		at org.apache.tomcat.util.threads.ThreadPoolExecutor.runWorker(ThreadPoolExecutor.java:1189)
		at org.apache.tomcat.util.threads.ThreadPoolExecutor$Worker.run(ThreadPoolExecutor.java:658)
		at org.apache.tomcat.util.threads.TaskThread$WrappingRunnable.run(TaskThread.java:63)
		at java.lang.Thread.run(Thread.java:748)
09-Apr-2026 12:29:26.751 WARNING [http-nio-8080-exec-35] org.apache.catalina.session.StandardSession.doWriteObject Cannot serialize session attribute [eList] for session [CBE2ED10A11CA192AEFCD91FA30E9B48]
	java.io.NotSerializableException: pms.model.UserDTO
		at java.io.ObjectOutputStream.writeObject0(ObjectOutputStream.java:1184)
		at java.io.ObjectOutputStream.writeObject(ObjectOutputStream.java:348)
		at java.util.ArrayList.writeObject(ArrayList.java:766)
		at sun.reflect.NativeMethodAccessorImpl.invoke0(Native Method)
		at sun.reflect.NativeMethodAccessorImpl.invoke(NativeMethodAccessorImpl.java:62)
		at sun.reflect.DelegatingMethodAccessorImpl.invoke(DelegatingMethodAccessorImpl.java:43)
		at java.lang.reflect.Method.invoke(Method.java:498)
		at java.io.ObjectStreamClass.invokeWriteObject(ObjectStreamClass.java:1128)
		at java.io.ObjectOutputStream.writeSerialData(ObjectOutputStream.java:1496)
		at java.io.ObjectOutputStream.writeOrdinaryObject(ObjectOutputStream.java:1432)
		at java.io.ObjectOutputStream.writeObject0(ObjectOutputStream.java:1178)
		at java.io.ObjectOutputStream.writeObject(ObjectOutputStream.java:348)
		at org.apache.catalina.session.StandardSession.doWriteObject(StandardSession.java:1376)
		at org.apache.catalina.session.StandardSession.writeObjectData(StandardSession.java:852)
		at org.apache.catalina.session.StandardManager.doUnload(StandardManager.java:306)
		at org.apache.catalina.session.StandardManager.unload(StandardManager.java:258)
		at org.apache.catalina.session.StandardManager.stopInternal(StandardManager.java:373)
		at org.apache.catalina.util.LifecycleBase.stop(LifecycleBase.java:235)
		at org.apache.catalina.core.StandardContext.stopInternal(StandardContext.java:4723)
		at org.apache.catalina.util.LifecycleBase.stop(LifecycleBase.java:235)
		at org.apache.catalina.manager.ManagerServlet.undeploy(ManagerServlet.java:1404)
		at org.apache.catalina.manager.ManagerServlet.doGet(ManagerServlet.java:332)
		at javax.servlet.http.HttpServlet.service(HttpServlet.java:529)
		at javax.servlet.http.HttpServlet.service(HttpServlet.java:623)
		at org.apache.catalina.core.ApplicationFilterChain.internalDoFilter(ApplicationFilterChain.java:199)
		at org.apache.catalina.core.ApplicationFilterChain.doFilter(ApplicationFilterChain.java:144)
		at org.apache.tomcat.websocket.server.WsFilter.doFilter(WsFilter.java:51)
		at org.apache.catalina.core.ApplicationFilterChain.internalDoFilter(ApplicationFilterChain.java:168)
		at org.apache.catalina.core.ApplicationFilterChain.doFilter(ApplicationFilterChain.java:144)
		at org.apache.catalina.filters.HttpHeaderSecurityFilter.doFilter(HttpHeaderSecurityFilter.java:129)
		at org.apache.catalina.core.ApplicationFilterChain.internalDoFilter(ApplicationFilterChain.java:168)
		at org.apache.catalina.core.ApplicationFilterChain.doFilter(ApplicationFilterChain.java:144)
		at org.apache.catalina.core.StandardWrapperValve.invoke(StandardWrapperValve.java:168)
		at org.apache.catalina.core.StandardContextValve.invoke(StandardContextValve.java:90)
		at org.apache.catalina.authenticator.AuthenticatorBase.invoke(AuthenticatorBase.java:597)
		at org.apache.catalina.valves.RequestFilterValve.process(RequestFilterValve.java:354)
		at org.apache.catalina.valves.RemoteAddrValve.invoke(RemoteAddrValve.java:54)
		at org.apache.catalina.core.StandardHostValve.invoke(StandardHostValve.java:130)
		at org.apache.catalina.valves.ErrorReportValve.invoke(ErrorReportValve.java:93)
		at org.apache.catalina.valves.AbstractAccessLogValve.invoke(AbstractAccessLogValve.java:656)
		at org.apache.catalina.core.StandardEngineValve.invoke(StandardEngineValve.java:74)
		at org.apache.catalina.connector.CoyoteAdapter.service(CoyoteAdapter.java:346)
		at org.apache.coyote.http11.Http11Processor.service(Http11Processor.java:397)
		at org.apache.coyote.AbstractProcessorLight.process(AbstractProcessorLight.java:63)
		at org.apache.coyote.AbstractProtocol$ConnectionHandler.process(AbstractProtocol.java:935)
		at org.apache.tomcat.util.net.NioEndpoint$SocketProcessor.doRun(NioEndpoint.java:1826)
		at org.apache.tomcat.util.net.SocketProcessorBase.run(SocketProcessorBase.java:52)
		at org.apache.tomcat.util.threads.ThreadPoolExecutor.runWorker(ThreadPoolExecutor.java:1189)
		at org.apache.tomcat.util.threads.ThreadPoolExecutor$Worker.run(ThreadPoolExecutor.java:658)
		at org.apache.tomcat.util.threads.TaskThread$WrappingRunnable.run(TaskThread.java:63)
		at java.lang.Thread.run(Thread.java:748)
09-Apr-2026 12:29:40.488 WARNING [http-nio-8080-exec-42] org.apache.catalina.session.StandardSession.doWriteObject Cannot serialize session attribute [eList] for session [495EFC2697B4FECFBC2243F8A3365481]
	java.io.NotSerializableException: pms.model.UserDTO
		at java.io.ObjectOutputStream.writeObject0(ObjectOutputStream.java:1184)
		at java.io.ObjectOutputStream.writeObject(ObjectOutputStream.java:348)
		at java.util.ArrayList.writeObject(ArrayList.java:766)
		at sun.reflect.NativeMethodAccessorImpl.invoke0(Native Method)
		at sun.reflect.NativeMethodAccessorImpl.invoke(NativeMethodAccessorImpl.java:62)
		at sun.reflect.DelegatingMethodAccessorImpl.invoke(DelegatingMethodAccessorImpl.java:43)
		at java.lang.reflect.Method.invoke(Method.java:498)
		at java.io.ObjectStreamClass.invokeWriteObject(ObjectStreamClass.java:1128)
		at java.io.ObjectOutputStream.writeSerialData(ObjectOutputStream.java:1496)
		at java.io.ObjectOutputStream.writeOrdinaryObject(ObjectOutputStream.java:1432)
		at java.io.ObjectOutputStream.writeObject0(ObjectOutputStream.java:1178)
		at java.io.ObjectOutputStream.writeObject(ObjectOutputStream.java:348)
		at org.apache.catalina.session.StandardSession.doWriteObject(StandardSession.java:1376)
		at org.apache.catalina.session.StandardSession.writeObjectData(StandardSession.java:852)
		at org.apache.catalina.session.StandardManager.doUnload(StandardManager.java:306)
		at org.apache.catalina.session.StandardManager.unload(StandardManager.java:258)
		at org.apache.catalina.session.StandardManager.stopInternal(StandardManager.java:373)
		at org.apache.catalina.util.LifecycleBase.stop(LifecycleBase.java:235)
		at org.apache.catalina.core.StandardContext.stopInternal(StandardContext.java:4723)
		at org.apache.catalina.util.LifecycleBase.stop(LifecycleBase.java:235)
		at org.apache.catalina.manager.ManagerServlet.undeploy(ManagerServlet.java:1404)
		at org.apache.catalina.manager.ManagerServlet.doGet(ManagerServlet.java:332)
		at javax.servlet.http.HttpServlet.service(HttpServlet.java:529)
		at javax.servlet.http.HttpServlet.service(HttpServlet.java:623)
		at org.apache.catalina.core.ApplicationFilterChain.internalDoFilter(ApplicationFilterChain.java:199)
		at org.apache.catalina.core.ApplicationFilterChain.doFilter(ApplicationFilterChain.java:144)
		at org.apache.tomcat.websocket.server.WsFilter.doFilter(WsFilter.java:51)
		at org.apache.catalina.core.ApplicationFilterChain.internalDoFilter(ApplicationFilterChain.java:168)
		at org.apache.catalina.core.ApplicationFilterChain.doFilter(ApplicationFilterChain.java:144)
		at org.apache.catalina.filters.HttpHeaderSecurityFilter.doFilter(HttpHeaderSecurityFilter.java:129)
		at org.apache.catalina.core.ApplicationFilterChain.internalDoFilter(ApplicationFilterChain.java:168)
		at org.apache.catalina.core.ApplicationFilterChain.doFilter(ApplicationFilterChain.java:144)
		at org.apache.catalina.core.StandardWrapperValve.invoke(StandardWrapperValve.java:168)
		at org.apache.catalina.core.StandardContextValve.invoke(StandardContextValve.java:90)
		at org.apache.catalina.authenticator.AuthenticatorBase.invoke(AuthenticatorBase.java:597)
		at org.apache.catalina.valves.RequestFilterValve.process(RequestFilterValve.java:354)
		at org.apache.catalina.valves.RemoteAddrValve.invoke(RemoteAddrValve.java:54)
		at org.apache.catalina.core.StandardHostValve.invoke(StandardHostValve.java:130)
		at org.apache.catalina.valves.ErrorReportValve.invoke(ErrorReportValve.java:93)
		at org.apache.catalina.valves.AbstractAccessLogValve.invoke(AbstractAccessLogValve.java:656)
		at org.apache.catalina.core.StandardEngineValve.invoke(StandardEngineValve.java:74)
		at org.apache.catalina.connector.CoyoteAdapter.service(CoyoteAdapter.java:346)
		at org.apache.coyote.http11.Http11Processor.service(Http11Processor.java:397)
		at org.apache.coyote.AbstractProcessorLight.process(AbstractProcessorLight.java:63)
		at org.apache.coyote.AbstractProtocol$ConnectionHandler.process(AbstractProtocol.java:935)
		at org.apache.tomcat.util.net.NioEndpoint$SocketProcessor.doRun(NioEndpoint.java:1826)
		at org.apache.tomcat.util.net.SocketProcessorBase.run(SocketProcessorBase.java:52)
		at org.apache.tomcat.util.threads.ThreadPoolExecutor.runWorker(ThreadPoolExecutor.java:1189)
		at org.apache.tomcat.util.threads.ThreadPoolExecutor$Worker.run(ThreadPoolExecutor.java:658)
		at org.apache.tomcat.util.threads.TaskThread$WrappingRunnable.run(TaskThread.java:63)
		at java.lang.Thread.run(Thread.java:748)
09-Apr-2026 12:32:56.533 WARNING [http-nio-8080-exec-53] org.apache.catalina.session.StandardSession.doWriteObject Cannot serialize session attribute [eList] for session [E13F976C4FB6DC3F0B3512E278E4188E]
	java.io.NotSerializableException: pms.model.UserDTO
		at java.io.ObjectOutputStream.writeObject0(ObjectOutputStream.java:1184)
		at java.io.ObjectOutputStream.writeObject(ObjectOutputStream.java:348)
		at java.util.ArrayList.writeObject(ArrayList.java:766)
		at sun.reflect.NativeMethodAccessorImpl.invoke0(Native Method)
		at sun.reflect.NativeMethodAccessorImpl.invoke(NativeMethodAccessorImpl.java:62)
		at sun.reflect.DelegatingMethodAccessorImpl.invoke(DelegatingMethodAccessorImpl.java:43)
		at java.lang.reflect.Method.invoke(Method.java:498)
		at java.io.ObjectStreamClass.invokeWriteObject(ObjectStreamClass.java:1128)
		at java.io.ObjectOutputStream.writeSerialData(ObjectOutputStream.java:1496)
		at java.io.ObjectOutputStream.writeOrdinaryObject(ObjectOutputStream.java:1432)
		at java.io.ObjectOutputStream.writeObject0(ObjectOutputStream.java:1178)
		at java.io.ObjectOutputStream.writeObject(ObjectOutputStream.java:348)
		at org.apache.catalina.session.StandardSession.doWriteObject(StandardSession.java:1376)
		at org.apache.catalina.session.StandardSession.writeObjectData(StandardSession.java:852)
		at org.apache.catalina.session.StandardManager.doUnload(StandardManager.java:306)
		at org.apache.catalina.session.StandardManager.unload(StandardManager.java:258)
		at org.apache.catalina.session.StandardManager.stopInternal(StandardManager.java:373)
		at org.apache.catalina.util.LifecycleBase.stop(LifecycleBase.java:235)
		at org.apache.catalina.core.StandardContext.stopInternal(StandardContext.java:4723)
		at org.apache.catalina.util.LifecycleBase.stop(LifecycleBase.java:235)
		at org.apache.catalina.manager.ManagerServlet.undeploy(ManagerServlet.java:1404)
		at org.apache.catalina.manager.ManagerServlet.doGet(ManagerServlet.java:332)
		at javax.servlet.http.HttpServlet.service(HttpServlet.java:529)
		at javax.servlet.http.HttpServlet.service(HttpServlet.java:623)
		at org.apache.catalina.core.ApplicationFilterChain.internalDoFilter(ApplicationFilterChain.java:199)
		at org.apache.catalina.core.ApplicationFilterChain.doFilter(ApplicationFilterChain.java:144)
		at org.apache.tomcat.websocket.server.WsFilter.doFilter(WsFilter.java:51)
		at org.apache.catalina.core.ApplicationFilterChain.internalDoFilter(ApplicationFilterChain.java:168)
		at org.apache.catalina.core.ApplicationFilterChain.doFilter(ApplicationFilterChain.java:144)
		at org.apache.catalina.filters.HttpHeaderSecurityFilter.doFilter(HttpHeaderSecurityFilter.java:129)
		at org.apache.catalina.core.ApplicationFilterChain.internalDoFilter(ApplicationFilterChain.java:168)
		at org.apache.catalina.core.ApplicationFilterChain.doFilter(ApplicationFilterChain.java:144)
		at org.apache.catalina.core.StandardWrapperValve.invoke(StandardWrapperValve.java:168)
		at org.apache.catalina.core.StandardContextValve.invoke(StandardContextValve.java:90)
		at org.apache.catalina.authenticator.AuthenticatorBase.invoke(AuthenticatorBase.java:597)
		at org.apache.catalina.valves.RequestFilterValve.process(RequestFilterValve.java:354)
		at org.apache.catalina.valves.RemoteAddrValve.invoke(RemoteAddrValve.java:54)
		at org.apache.catalina.core.StandardHostValve.invoke(StandardHostValve.java:130)
		at org.apache.catalina.valves.ErrorReportValve.invoke(ErrorReportValve.java:93)
		at org.apache.catalina.valves.AbstractAccessLogValve.invoke(AbstractAccessLogValve.java:656)
		at org.apache.catalina.core.StandardEngineValve.invoke(StandardEngineValve.java:74)
		at org.apache.catalina.connector.CoyoteAdapter.service(CoyoteAdapter.java:346)
		at org.apache.coyote.http11.Http11Processor.service(Http11Processor.java:397)
		at org.apache.coyote.AbstractProcessorLight.process(AbstractProcessorLight.java:63)
		at org.apache.coyote.AbstractProtocol$ConnectionHandler.process(AbstractProtocol.java:935)
		at org.apache.tomcat.util.net.NioEndpoint$SocketProcessor.doRun(NioEndpoint.java:1826)
		at org.apache.tomcat.util.net.SocketProcessorBase.run(SocketProcessorBase.java:52)
		at org.apache.tomcat.util.threads.ThreadPoolExecutor.runWorker(ThreadPoolExecutor.java:1189)
		at org.apache.tomcat.util.threads.ThreadPoolExecutor$Worker.run(ThreadPoolExecutor.java:658)
		at org.apache.tomcat.util.threads.TaskThread$WrappingRunnable.run(TaskThread.java:63)
		at java.lang.Thread.run(Thread.java:748)
09-Apr-2026 12:34:51.346 WARNING [http-nio-8080-exec-56] org.apache.catalina.session.StandardSession.doWriteObject Cannot serialize session attribute [eList] for session [F95A8E8CA1BA89DE74125CDFC7C2549A]
	java.io.NotSerializableException: pms.model.UserDTO
		at java.io.ObjectOutputStream.writeObject0(ObjectOutputStream.java:1184)
		at java.io.ObjectOutputStream.writeObject(ObjectOutputStream.java:348)
		at java.util.ArrayList.writeObject(ArrayList.java:766)
		at sun.reflect.NativeMethodAccessorImpl.invoke0(Native Method)
		at sun.reflect.NativeMethodAccessorImpl.invoke(NativeMethodAccessorImpl.java:62)
		at sun.reflect.DelegatingMethodAccessorImpl.invoke(DelegatingMethodAccessorImpl.java:43)
		at java.lang.reflect.Method.invoke(Method.java:498)
		at java.io.ObjectStreamClass.invokeWriteObject(ObjectStreamClass.java:1128)
		at java.io.ObjectOutputStream.writeSerialData(ObjectOutputStream.java:1496)
		at java.io.ObjectOutputStream.writeOrdinaryObject(ObjectOutputStream.java:1432)
		at java.io.ObjectOutputStream.writeObject0(ObjectOutputStream.java:1178)
		at java.io.ObjectOutputStream.writeObject(ObjectOutputStream.java:348)
		at org.apache.catalina.session.StandardSession.doWriteObject(StandardSession.java:1376)
		at org.apache.catalina.session.StandardSession.writeObjectData(StandardSession.java:852)
		at org.apache.catalina.session.StandardManager.doUnload(StandardManager.java:306)
		at org.apache.catalina.session.StandardManager.unload(StandardManager.java:258)
		at org.apache.catalina.session.StandardManager.stopInternal(StandardManager.java:373)
		at org.apache.catalina.util.LifecycleBase.stop(LifecycleBase.java:235)
		at org.apache.catalina.core.StandardContext.stopInternal(StandardContext.java:4723)
		at org.apache.catalina.util.LifecycleBase.stop(LifecycleBase.java:235)
		at org.apache.catalina.core.StandardContext.reload(StandardContext.java:3260)
		at org.apache.catalina.manager.ManagerServlet.reload(ManagerServlet.java:1033)
		at org.apache.catalina.manager.ManagerServlet.doGet(ManagerServlet.java:316)
		at javax.servlet.http.HttpServlet.service(HttpServlet.java:529)
		at javax.servlet.http.HttpServlet.service(HttpServlet.java:623)
		at org.apache.catalina.core.ApplicationFilterChain.internalDoFilter(ApplicationFilterChain.java:199)
		at org.apache.catalina.core.ApplicationFilterChain.doFilter(ApplicationFilterChain.java:144)
		at org.apache.tomcat.websocket.server.WsFilter.doFilter(WsFilter.java:51)
		at org.apache.catalina.core.ApplicationFilterChain.internalDoFilter(ApplicationFilterChain.java:168)
		at org.apache.catalina.core.ApplicationFilterChain.doFilter(ApplicationFilterChain.java:144)
		at org.apache.catalina.filters.HttpHeaderSecurityFilter.doFilter(HttpHeaderSecurityFilter.java:129)
		at org.apache.catalina.core.ApplicationFilterChain.internalDoFilter(ApplicationFilterChain.java:168)
		at org.apache.catalina.core.ApplicationFilterChain.doFilter(ApplicationFilterChain.java:144)
		at org.apache.catalina.core.StandardWrapperValve.invoke(StandardWrapperValve.java:168)
		at org.apache.catalina.core.StandardContextValve.invoke(StandardContextValve.java:90)
		at org.apache.catalina.authenticator.AuthenticatorBase.invoke(AuthenticatorBase.java:597)
		at org.apache.catalina.valves.RequestFilterValve.process(RequestFilterValve.java:354)
		at org.apache.catalina.valves.RemoteAddrValve.invoke(RemoteAddrValve.java:54)
		at org.apache.catalina.core.StandardHostValve.invoke(StandardHostValve.java:130)
		at org.apache.catalina.valves.ErrorReportValve.invoke(ErrorReportValve.java:93)
		at org.apache.catalina.valves.AbstractAccessLogValve.invoke(AbstractAccessLogValve.java:656)
		at org.apache.catalina.core.StandardEngineValve.invoke(StandardEngineValve.java:74)
		at org.apache.catalina.connector.CoyoteAdapter.service(CoyoteAdapter.java:346)
		at org.apache.coyote.http11.Http11Processor.service(Http11Processor.java:397)
		at org.apache.coyote.AbstractProcessorLight.process(AbstractProcessorLight.java:63)
		at org.apache.coyote.AbstractProtocol$ConnectionHandler.process(AbstractProtocol.java:935)
		at org.apache.tomcat.util.net.NioEndpoint$SocketProcessor.doRun(NioEndpoint.java:1826)
		at org.apache.tomcat.util.net.SocketProcessorBase.run(SocketProcessorBase.java:52)
		at org.apache.tomcat.util.threads.ThreadPoolExecutor.runWorker(ThreadPoolExecutor.java:1189)
		at org.apache.tomcat.util.threads.ThreadPoolExecutor$Worker.run(ThreadPoolExecutor.java:658)
		at org.apache.tomcat.util.threads.TaskThread$WrappingRunnable.run(TaskThread.java:63)
		at java.lang.Thread.run(Thread.java:748)
09-Apr-2026 12:34:51.966 WARNING [http-nio-8080-exec-56] org.apache.catalina.session.StandardSession.doReadObject Cannot deserialize session attribute [eList] for session [F95A8E8CA1BA89DE74125CDFC7C2549A]
09-Apr-2026 12:40:58.910 WARNING [http-nio-8080-exec-74] org.apache.catalina.session.StandardSession.doWriteObject Cannot serialize session attribute [eList] for session [A76C705379D912497C40BE69588A55FC]
	java.io.NotSerializableException: pms.model.UserDTO
		at java.io.ObjectOutputStream.writeObject0(ObjectOutputStream.java:1184)
		at java.io.ObjectOutputStream.writeObject(ObjectOutputStream.java:348)
		at java.util.ArrayList.writeObject(ArrayList.java:766)
		at sun.reflect.NativeMethodAccessorImpl.invoke0(Native Method)
		at sun.reflect.NativeMethodAccessorImpl.invoke(NativeMethodAccessorImpl.java:62)
		at sun.reflect.DelegatingMethodAccessorImpl.invoke(DelegatingMethodAccessorImpl.java:43)
		at java.lang.reflect.Method.invoke(Method.java:498)
		at java.io.ObjectStreamClass.invokeWriteObject(ObjectStreamClass.java:1128)
		at java.io.ObjectOutputStream.writeSerialData(ObjectOutputStream.java:1496)
		at java.io.ObjectOutputStream.writeOrdinaryObject(ObjectOutputStream.java:1432)
		at java.io.ObjectOutputStream.writeObject0(ObjectOutputStream.java:1178)
		at java.io.ObjectOutputStream.writeObject(ObjectOutputStream.java:348)
		at org.apache.catalina.session.StandardSession.doWriteObject(StandardSession.java:1376)
		at org.apache.catalina.session.StandardSession.writeObjectData(StandardSession.java:852)
		at org.apache.catalina.session.StandardManager.doUnload(StandardManager.java:306)
		at org.apache.catalina.session.StandardManager.unload(StandardManager.java:258)
		at org.apache.catalina.session.StandardManager.stopInternal(StandardManager.java:373)
		at org.apache.catalina.util.LifecycleBase.stop(LifecycleBase.java:235)
		at org.apache.catalina.core.StandardContext.stopInternal(StandardContext.java:4723)
		at org.apache.catalina.util.LifecycleBase.stop(LifecycleBase.java:235)
		at org.apache.catalina.manager.ManagerServlet.undeploy(ManagerServlet.java:1404)
		at org.apache.catalina.manager.ManagerServlet.doGet(ManagerServlet.java:332)
		at javax.servlet.http.HttpServlet.service(HttpServlet.java:529)
		at javax.servlet.http.HttpServlet.service(HttpServlet.java:623)
		at org.apache.catalina.core.ApplicationFilterChain.internalDoFilter(ApplicationFilterChain.java:199)
		at org.apache.catalina.core.ApplicationFilterChain.doFilter(ApplicationFilterChain.java:144)
		at org.apache.tomcat.websocket.server.WsFilter.doFilter(WsFilter.java:51)
		at org.apache.catalina.core.ApplicationFilterChain.internalDoFilter(ApplicationFilterChain.java:168)
		at org.apache.catalina.core.ApplicationFilterChain.doFilter(ApplicationFilterChain.java:144)
		at org.apache.catalina.filters.HttpHeaderSecurityFilter.doFilter(HttpHeaderSecurityFilter.java:129)
		at org.apache.catalina.core.ApplicationFilterChain.internalDoFilter(ApplicationFilterChain.java:168)
		at org.apache.catalina.core.ApplicationFilterChain.doFilter(ApplicationFilterChain.java:144)
		at org.apache.catalina.core.StandardWrapperValve.invoke(StandardWrapperValve.java:168)
		at org.apache.catalina.core.StandardContextValve.invoke(StandardContextValve.java:90)
		at org.apache.catalina.authenticator.AuthenticatorBase.invoke(AuthenticatorBase.java:597)
		at org.apache.catalina.valves.RequestFilterValve.process(RequestFilterValve.java:354)
		at org.apache.catalina.valves.RemoteAddrValve.invoke(RemoteAddrValve.java:54)
		at org.apache.catalina.core.StandardHostValve.invoke(StandardHostValve.java:130)
		at org.apache.catalina.valves.ErrorReportValve.invoke(ErrorReportValve.java:93)
		at org.apache.catalina.valves.AbstractAccessLogValve.invoke(AbstractAccessLogValve.java:656)
		at org.apache.catalina.core.StandardEngineValve.invoke(StandardEngineValve.java:74)
		at org.apache.catalina.connector.CoyoteAdapter.service(CoyoteAdapter.java:346)
		at org.apache.coyote.http11.Http11Processor.service(Http11Processor.java:397)
		at org.apache.coyote.AbstractProcessorLight.process(AbstractProcessorLight.java:63)
		at org.apache.coyote.AbstractProtocol$ConnectionHandler.process(AbstractProtocol.java:935)
		at org.apache.tomcat.util.net.NioEndpoint$SocketProcessor.doRun(NioEndpoint.java:1826)
		at org.apache.tomcat.util.net.SocketProcessorBase.run(SocketProcessorBase.java:52)
		at org.apache.tomcat.util.threads.ThreadPoolExecutor.runWorker(ThreadPoolExecutor.java:1189)
		at org.apache.tomcat.util.threads.ThreadPoolExecutor$Worker.run(ThreadPoolExecutor.java:658)
		at org.apache.tomcat.util.threads.TaskThread$WrappingRunnable.run(TaskThread.java:63)
		at java.lang.Thread.run(Thread.java:748)
09-Apr-2026 12:41:08.595 SEVERE [http-nio-8080-exec-78] org.apache.catalina.core.ApplicationDispatcher.invoke Servlet.service() for servlet [jsp] threw exception
	org.apache.jasper.JasperException: Unable to compile class for JSP: 

An error occurred at line: [405] in the jsp file: [/production-calendar.jsp]
wo cannot be resolved
402:     for (WorkOrderDTO wo : workOrders) {
403:         if (!firstWo) out.print(",");
404:         firstWo = false;
405:         String st    = wo.getStatus() != null ? wo.getStatus() : "";
406:         String pname = wo.getProductName() != null ? wo.getProductName().replace("\"","\\\"") : "";
407:         String cname = wo.getCustomerName() != null ? wo.getCustomerName().replace("\"","\\\"") : "";
408:         String rname = wo.getRoutingName() != null ? wo.getRoutingName().replace("\"","\\\"") : "";


An error occurred at line: [405] in the jsp file: [/production-calendar.jsp]
wo cannot be resolved
402:     for (WorkOrderDTO wo : workOrders) {
403:         if (!firstWo) out.print(",");
404:         firstWo = false;
405:         String st    = wo.getStatus() != null ? wo.getStatus() : "";
406:         String pname = wo.getProductName() != null ? wo.getProductName().replace("\"","\\\"") : "";
407:         String cname = wo.getCustomerName() != null ? wo.getCustomerName().replace("\"","\\\"") : "";
408:         String rname = wo.getRoutingName() != null ? wo.getRoutingName().replace("\"","\\\"") : "";


An error occurred at line: [406] in the jsp file: [/production-calendar.jsp]
wo cannot be resolved
403:         if (!firstWo) out.print(",");
404:         firstWo = false;
405:         String st    = wo.getStatus() != null ? wo.getStatus() : "";
406:         String pname = wo.getProductName() != null ? wo.getProductName().replace("\"","\\\"") : "";
407:         String cname = wo.getCustomerName() != null ? wo.getCustomerName().replace("\"","\\\"") : "";
408:         String rname = wo.getRoutingName() != null ? wo.getRoutingName().replace("\"","\\\"") : "";
409:         String wnotes = wo.getNotes() != null ? wo.getNotes().replace("\"","\\\"").replace("\n"," ") : "";


An error occurred at line: [406] in the jsp file: [/production-calendar.jsp]
wo cannot be resolved
403:         if (!firstWo) out.print(",");
404:         firstWo = false;
405:         String st    = wo.getStatus() != null ? wo.getStatus() : "";
406:         String pname = wo.getProductName() != null ? wo.getProductName().replace("\"","\\\"") : "";
407:         String cname = wo.getCustomerName() != null ? wo.getCustomerName().replace("\"","\\\"") : "";
408:         String rname = wo.getRoutingName() != null ? wo.getRoutingName().replace("\"","\\\"") : "";
409:         String wnotes = wo.getNotes() != null ? wo.getNotes().replace("\"","\\\"").replace("\n"," ") : "";


An error occurred at line: [407] in the jsp file: [/production-calendar.jsp]
wo cannot be resolved
404:         firstWo = false;
405:         String st    = wo.getStatus() != null ? wo.getStatus() : "";
406:         String pname = wo.getProductName() != null ? wo.getProductName().replace("\"","\\\"") : "";
407:         String cname = wo.getCustomerName() != null ? wo.getCustomerName().replace("\"","\\\"") : "";
408:         String rname = wo.getRoutingName() != null ? wo.getRoutingName().replace("\"","\\\"") : "";
409:         String wnotes = wo.getNotes() != null ? wo.getNotes().replace("\"","\\\"").replace("\n"," ") : "";
410: 


An error occurred at line: [407] in the jsp file: [/production-calendar.jsp]
wo cannot be resolved
404:         firstWo = false;
405:         String st    = wo.getStatus() != null ? wo.getStatus() : "";
406:         String pname = wo.getProductName() != null ? wo.getProductName().replace("\"","\\\"") : "";
407:         String cname = wo.getCustomerName() != null ? wo.getCustomerName().replace("\"","\\\"") : "";
408:         String rname = wo.getRoutingName() != null ? wo.getRoutingName().replace("\"","\\\"") : "";
409:         String wnotes = wo.getNotes() != null ? wo.getNotes().replace("\"","\\\"").replace("\n"," ") : "";
410: 


An error occurred at line: [408] in the jsp file: [/production-calendar.jsp]
wo cannot be resolved
405:         String st    = wo.getStatus() != null ? wo.getStatus() : "";
406:         String pname = wo.getProductName() != null ? wo.getProductName().replace("\"","\\\"") : "";
407:         String cname = wo.getCustomerName() != null ? wo.getCustomerName().replace("\"","\\\"") : "";
408:         String rname = wo.getRoutingName() != null ? wo.getRoutingName().replace("\"","\\\"") : "";
409:         String wnotes = wo.getNotes() != null ? wo.getNotes().replace("\"","\\\"").replace("\n"," ") : "";
410: 
411:         // Determine appear dates for JS (minimal: start, end for ranged; single for others)


An error occurred at line: [408] in the jsp file: [/production-calendar.jsp]
wo cannot be resolved
405:         String st    = wo.getStatus() != null ? wo.getStatus() : "";
406:         String pname = wo.getProductName() != null ? wo.getProductName().replace("\"","\\\"") : "";
407:         String cname = wo.getCustomerName() != null ? wo.getCustomerName().replace("\"","\\\"") : "";
408:         String rname = wo.getRoutingName() != null ? wo.getRoutingName().replace("\"","\\\"") : "";
409:         String wnotes = wo.getNotes() != null ? wo.getNotes().replace("\"","\\\"").replace("\n"," ") : "";
410: 
411:         // Determine appear dates for JS (minimal: start, end for ranged; single for others)


An error occurred at line: [409] in the jsp file: [/production-calendar.jsp]
wo cannot be resolved
406:         String pname = wo.getProductName() != null ? wo.getProductName().replace("\"","\\\"") : "";
407:         String cname = wo.getCustomerName() != null ? wo.getCustomerName().replace("\"","\\\"") : "";
408:         String rname = wo.getRoutingName() != null ? wo.getRoutingName().replace("\"","\\\"") : "";
409:         String wnotes = wo.getNotes() != null ? wo.getNotes().replace("\"","\\\"").replace("\n"," ") : "";
410: 
411:         // Determine appear dates for JS (minimal: start, end for ranged; single for others)
412:         String appearStart = "";


An error occurred at line: [409] in the jsp file: [/production-calendar.jsp]
wo cannot be resolved
406:         String pname = wo.getProductName() != null ? wo.getProductName().replace("\"","\\\"") : "";
407:         String cname = wo.getCustomerName() != null ? wo.getCustomerName().replace("\"","\\\"") : "";
408:         String rname = wo.getRoutingName() != null ? wo.getRoutingName().replace("\"","\\\"") : "";
409:         String wnotes = wo.getNotes() != null ? wo.getNotes().replace("\"","\\\"").replace("\n"," ") : "";
410: 
411:         // Determine appear dates for JS (minimal: start, end for ranged; single for others)
412:         String appearStart = "";


An error occurred at line: [415] in the jsp file: [/production-calendar.jsp]
wo cannot be resolved
412:         String appearStart = "";
413:         String appearEnd   = "";
414:         if (st.equalsIgnoreCase("InProgress") || st.equalsIgnoreCase("In Progress")) {
415:             appearStart = wo.getStart_date() != null && !wo.getStart_date().isEmpty() ? wo.getStart_date().split(" ")[0] : (wo.getCreated_date() != null ? wo.getCreated_date().split(" ")[0] : "");
416:             appearEnd   = wo.getDue_date() != null && !wo.getDue_date().isEmpty() ? wo.getDue_date().split(" ")[0] : appearStart;
417:         } else if (st.equalsIgnoreCase("Done") || st.equalsIgnoreCase("Completed")) {
418:             appearStart = wo.getCompleted_date() != null && !wo.getCompleted_date().isEmpty() ? wo.getCompleted_date().split(" ")[0] : "";


An error occurred at line: [415] in the jsp file: [/production-calendar.jsp]
wo cannot be resolved
412:         String appearStart = "";
413:         String appearEnd   = "";
414:         if (st.equalsIgnoreCase("InProgress") || st.equalsIgnoreCase("In Progress")) {
415:             appearStart = wo.getStart_date() != null && !wo.getStart_date().isEmpty() ? wo.getStart_date().split(" ")[0] : (wo.getCreated_date() != null ? wo.getCreated_date().split(" ")[0] : "");
416:             appearEnd   = wo.getDue_date() != null && !wo.getDue_date().isEmpty() ? wo.getDue_date().split(" ")[0] : appearStart;
417:         } else if (st.equalsIgnoreCase("Done") || st.equalsIgnoreCase("Completed")) {
418:             appearStart = wo.getCompleted_date() != null && !wo.getCompleted_date().isEmpty() ? wo.getCompleted_date().split(" ")[0] : "";


An error occurred at line: [415] in the jsp file: [/production-calendar.jsp]
wo cannot be resolved
412:         String appearStart = "";
413:         String appearEnd   = "";
414:         if (st.equalsIgnoreCase("InProgress") || st.equalsIgnoreCase("In Progress")) {
415:             appearStart = wo.getStart_date() != null && !wo.getStart_date().isEmpty() ? wo.getStart_date().split(" ")[0] : (wo.getCreated_date() != null ? wo.getCreated_date().split(" ")[0] : "");
416:             appearEnd   = wo.getDue_date() != null && !wo.getDue_date().isEmpty() ? wo.getDue_date().split(" ")[0] : appearStart;
417:         } else if (st.equalsIgnoreCase("Done") || st.equalsIgnoreCase("Completed")) {
418:             appearStart = wo.getCompleted_date() != null && !wo.getCompleted_date().isEmpty() ? wo.getCompleted_date().split(" ")[0] : "";


An error occurred at line: [415] in the jsp file: [/production-calendar.jsp]
wo cannot be resolved
412:         String appearStart = "";
413:         String appearEnd   = "";
414:         if (st.equalsIgnoreCase("InProgress") || st.equalsIgnoreCase("In Progress")) {
415:             appearStart = wo.getStart_date() != null && !wo.getStart_date().isEmpty() ? wo.getStart_date().split(" ")[0] : (wo.getCreated_date() != null ? wo.getCreated_date().split(" ")[0] : "");
416:             appearEnd   = wo.getDue_date() != null && !wo.getDue_date().isEmpty() ? wo.getDue_date().split(" ")[0] : appearStart;
417:         } else if (st.equalsIgnoreCase("Done") || st.equalsIgnoreCase("Completed")) {
418:             appearStart = wo.getCompleted_date() != null && !wo.getCompleted_date().isEmpty() ? wo.getCompleted_date().split(" ")[0] : "";


An error occurred at line: [415] in the jsp file: [/production-calendar.jsp]
wo cannot be resolved
412:         String appearStart = "";
413:         String appearEnd   = "";
414:         if (st.equalsIgnoreCase("InProgress") || st.equalsIgnoreCase("In Progress")) {
415:             appearStart = wo.getStart_date() != null && !wo.getStart_date().isEmpty() ? wo.getStart_date().split(" ")[0] : (wo.getCreated_date() != null ? wo.getCreated_date().split(" ")[0] : "");
416:             appearEnd   = wo.getDue_date() != null && !wo.getDue_date().isEmpty() ? wo.getDue_date().split(" ")[0] : appearStart;
417:         } else if (st.equalsIgnoreCase("Done") || st.equalsIgnoreCase("Completed")) {
418:             appearStart = wo.getCompleted_date() != null && !wo.getCompleted_date().isEmpty() ? wo.getCompleted_date().split(" ")[0] : "";


An error occurred at line: [416] in the jsp file: [/production-calendar.jsp]
wo cannot be resolved
413:         String appearEnd   = "";
414:         if (st.equalsIgnoreCase("InProgress") || st.equalsIgnoreCase("In Progress")) {
415:             appearStart = wo.getStart_date() != null && !wo.getStart_date().isEmpty() ? wo.getStart_date().split(" ")[0] : (wo.getCreated_date() != null ? wo.getCreated_date().split(" ")[0] : "");
416:             appearEnd   = wo.getDue_date() != null && !wo.getDue_date().isEmpty() ? wo.getDue_date().split(" ")[0] : appearStart;
417:         } else if (st.equalsIgnoreCase("Done") || st.equalsIgnoreCase("Completed")) {
418:             appearStart = wo.getCompleted_date() != null && !wo.getCompleted_date().isEmpty() ? wo.getCompleted_date().split(" ")[0] : "";
419:             appearEnd   = appearStart;


An error occurred at line: [416] in the jsp file: [/production-calendar.jsp]
wo cannot be resolved
413:         String appearEnd   = "";
414:         if (st.equalsIgnoreCase("InProgress") || st.equalsIgnoreCase("In Progress")) {
415:             appearStart = wo.getStart_date() != null && !wo.getStart_date().isEmpty() ? wo.getStart_date().split(" ")[0] : (wo.getCreated_date() != null ? wo.getCreated_date().split(" ")[0] : "");
416:             appearEnd   = wo.getDue_date() != null && !wo.getDue_date().isEmpty() ? wo.getDue_date().split(" ")[0] : appearStart;
417:         } else if (st.equalsIgnoreCase("Done") || st.equalsIgnoreCase("Completed")) {
418:             appearStart = wo.getCompleted_date() != null && !wo.getCompleted_date().isEmpty() ? wo.getCompleted_date().split(" ")[0] : "";
419:             appearEnd   = appearStart;


An error occurred at line: [416] in the jsp file: [/production-calendar.jsp]
wo cannot be resolved
413:         String appearEnd   = "";
414:         if (st.equalsIgnoreCase("InProgress") || st.equalsIgnoreCase("In Progress")) {
415:             appearStart = wo.getStart_date() != null && !wo.getStart_date().isEmpty() ? wo.getStart_date().split(" ")[0] : (wo.getCreated_date() != null ? wo.getCreated_date().split(" ")[0] : "");
416:             appearEnd   = wo.getDue_date() != null && !wo.getDue_date().isEmpty() ? wo.getDue_date().split(" ")[0] : appearStart;
417:         } else if (st.equalsIgnoreCase("Done") || st.equalsIgnoreCase("Completed")) {
418:             appearStart = wo.getCompleted_date() != null && !wo.getCompleted_date().isEmpty() ? wo.getCompleted_date().split(" ")[0] : "";
419:             appearEnd   = appearStart;


An error occurred at line: [418] in the jsp file: [/production-calendar.jsp]
wo cannot be resolved
415:             appearStart = wo.getStart_date() != null && !wo.getStart_date().isEmpty() ? wo.getStart_date().split(" ")[0] : (wo.getCreated_date() != null ? wo.getCreated_date().split(" ")[0] : "");
416:             appearEnd   = wo.getDue_date() != null && !wo.getDue_date().isEmpty() ? wo.getDue_date().split(" ")[0] : appearStart;
417:         } else if (st.equalsIgnoreCase("Done") || st.equalsIgnoreCase("Completed")) {
418:             appearStart = wo.getCompleted_date() != null && !wo.getCompleted_date().isEmpty() ? wo.getCompleted_date().split(" ")[0] : "";
419:             appearEnd   = appearStart;
420:         } else if (st.equalsIgnoreCase("Cancelled")) {
421:             appearStart = wo.getDue_date() != null && !wo.getDue_date().isEmpty() ? wo.getDue_date().split(" ")[0] : (wo.getCreated_date() != null ? wo.getCreated_date().split(" ")[0] : "");


An error occurred at line: [418] in the jsp file: [/production-calendar.jsp]
wo cannot be resolved
415:             appearStart = wo.getStart_date() != null && !wo.getStart_date().isEmpty() ? wo.getStart_date().split(" ")[0] : (wo.getCreated_date() != null ? wo.getCreated_date().split(" ")[0] : "");
416:             appearEnd   = wo.getDue_date() != null && !wo.getDue_date().isEmpty() ? wo.getDue_date().split(" ")[0] : appearStart;
417:         } else if (st.equalsIgnoreCase("Done") || st.equalsIgnoreCase("Completed")) {
418:             appearStart = wo.getCompleted_date() != null && !wo.getCompleted_date().isEmpty() ? wo.getCompleted_date().split(" ")[0] : "";
419:             appearEnd   = appearStart;
420:         } else if (st.equalsIgnoreCase("Cancelled")) {
421:             appearStart = wo.getDue_date() != null && !wo.getDue_date().isEmpty() ? wo.getDue_date().split(" ")[0] : (wo.getCreated_date() != null ? wo.getCreated_date().split(" ")[0] : "");


An error occurred at line: [418] in the jsp file: [/production-calendar.jsp]
wo cannot be resolved
415:             appearStart = wo.getStart_date() != null && !wo.getStart_date().isEmpty() ? wo.getStart_date().split(" ")[0] : (wo.getCreated_date() != null ? wo.getCreated_date().split(" ")[0] : "");
416:             appearEnd   = wo.getDue_date() != null && !wo.getDue_date().isEmpty() ? wo.getDue_date().split(" ")[0] : appearStart;
417:         } else if (st.equalsIgnoreCase("Done") || st.equalsIgnoreCase("Completed")) {
418:             appearStart = wo.getCompleted_date() != null && !wo.getCompleted_date().isEmpty() ? wo.getCompleted_date().split(" ")[0] : "";
419:             appearEnd   = appearStart;
420:         } else if (st.equalsIgnoreCase("Cancelled")) {
421:             appearStart = wo.getDue_date() != null && !wo.getDue_date().isEmpty() ? wo.getDue_date().split(" ")[0] : (wo.getCreated_date() != null ? wo.getCreated_date().split(" ")[0] : "");


An error occurred at line: [421] in the jsp file: [/production-calendar.jsp]
wo cannot be resolved
418:             appearStart = wo.getCompleted_date() != null && !wo.getCompleted_date().isEmpty() ? wo.getCompleted_date().split(" ")[0] : "";
419:             appearEnd   = appearStart;
420:         } else if (st.equalsIgnoreCase("Cancelled")) {
421:             appearStart = wo.getDue_date() != null && !wo.getDue_date().isEmpty() ? wo.getDue_date().split(" ")[0] : (wo.getCreated_date() != null ? wo.getCreated_date().split(" ")[0] : "");
422:             appearEnd   = appearStart;
423:         } else {
424:             appearStart = wo.getStart_date() != null && !wo.getStart_date().isEmpty() ? wo.getStart_date().split(" ")[0] : (wo.getCreated_date() != null ? wo.getCreated_date().split(" ")[0] : "");


An error occurred at line: [421] in the jsp file: [/production-calendar.jsp]
wo cannot be resolved
418:             appearStart = wo.getCompleted_date() != null && !wo.getCompleted_date().isEmpty() ? wo.getCompleted_date().split(" ")[0] : "";
419:             appearEnd   = appearStart;
420:         } else if (st.equalsIgnoreCase("Cancelled")) {
421:             appearStart = wo.getDue_date() != null && !wo.getDue_date().isEmpty() ? wo.getDue_date().split(" ")[0] : (wo.getCreated_date() != null ? wo.getCreated_date().split(" ")[0] : "");
422:             appearEnd   = appearStart;
423:         } else {
424:             appearStart = wo.getStart_date() != null && !wo.getStart_date().isEmpty() ? wo.getStart_date().split(" ")[0] : (wo.getCreated_date() != null ? wo.getCreated_date().split(" ")[0] : "");


An error occurred at line: [421] in the jsp file: [/production-calendar.jsp]
wo cannot be resolved
418:             appearStart = wo.getCompleted_date() != null && !wo.getCompleted_date().isEmpty() ? wo.getCompleted_date().split(" ")[0] : "";
419:             appearEnd   = appearStart;
420:         } else if (st.equalsIgnoreCase("Cancelled")) {
421:             appearStart = wo.getDue_date() != null && !wo.getDue_date().isEmpty() ? wo.getDue_date().split(" ")[0] : (wo.getCreated_date() != null ? wo.getCreated_date().split(" ")[0] : "");
422:             appearEnd   = appearStart;
423:         } else {
424:             appearStart = wo.getStart_date() != null && !wo.getStart_date().isEmpty() ? wo.getStart_date().split(" ")[0] : (wo.getCreated_date() != null ? wo.getCreated_date().split(" ")[0] : "");


An error occurred at line: [421] in the jsp file: [/production-calendar.jsp]
wo cannot be resolved
418:             appearStart = wo.getCompleted_date() != null && !wo.getCompleted_date().isEmpty() ? wo.getCompleted_date().split(" ")[0] : "";
419:             appearEnd   = appearStart;
420:         } else if (st.equalsIgnoreCase("Cancelled")) {
421:             appearStart = wo.getDue_date() != null && !wo.getDue_date().isEmpty() ? wo.getDue_date().split(" ")[0] : (wo.getCreated_date() != null ? wo.getCreated_date().split(" ")[0] : "");
422:             appearEnd   = appearStart;
423:         } else {
424:             appearStart = wo.getStart_date() != null && !wo.getStart_date().isEmpty() ? wo.getStart_date().split(" ")[0] : (wo.getCreated_date() != null ? wo.getCreated_date().split(" ")[0] : "");


An error occurred at line: [421] in the jsp file: [/production-calendar.jsp]
wo cannot be resolved
418:             appearStart = wo.getCompleted_date() != null && !wo.getCompleted_date().isEmpty() ? wo.getCompleted_date().split(" ")[0] : "";
419:             appearEnd   = appearStart;
420:         } else if (st.equalsIgnoreCase("Cancelled")) {
421:             appearStart = wo.getDue_date() != null && !wo.getDue_date().isEmpty() ? wo.getDue_date().split(" ")[0] : (wo.getCreated_date() != null ? wo.getCreated_date().split(" ")[0] : "");
422:             appearEnd   = appearStart;
423:         } else {
424:             appearStart = wo.getStart_date() != null && !wo.getStart_date().isEmpty() ? wo.getStart_date().split(" ")[0] : (wo.getCreated_date() != null ? wo.getCreated_date().split(" ")[0] : "");


An error occurred at line: [424] in the jsp file: [/production-calendar.jsp]
wo cannot be resolved
421:             appearStart = wo.getDue_date() != null && !wo.getDue_date().isEmpty() ? wo.getDue_date().split(" ")[0] : (wo.getCreated_date() != null ? wo.getCreated_date().split(" ")[0] : "");
422:             appearEnd   = appearStart;
423:         } else {
424:             appearStart = wo.getStart_date() != null && !wo.getStart_date().isEmpty() ? wo.getStart_date().split(" ")[0] : (wo.getCreated_date() != null ? wo.getCreated_date().split(" ")[0] : "");
425:             appearEnd   = appearStart;
426:         }
427: <%


An error occurred at line: [424] in the jsp file: [/production-calendar.jsp]
wo cannot be resolved
421:             appearStart = wo.getDue_date() != null && !wo.getDue_date().isEmpty() ? wo.getDue_date().split(" ")[0] : (wo.getCreated_date() != null ? wo.getCreated_date().split(" ")[0] : "");
422:             appearEnd   = appearStart;
423:         } else {
424:             appearStart = wo.getStart_date() != null && !wo.getStart_date().isEmpty() ? wo.getStart_date().split(" ")[0] : (wo.getCreated_date() != null ? wo.getCreated_date().split(" ")[0] : "");
425:             appearEnd   = appearStart;
426:         }
427: <%


An error occurred at line: [424] in the jsp file: [/production-calendar.jsp]
wo cannot be resolved
421:             appearStart = wo.getDue_date() != null && !wo.getDue_date().isEmpty() ? wo.getDue_date().split(" ")[0] : (wo.getCreated_date() != null ? wo.getCreated_date().split(" ")[0] : "");
422:             appearEnd   = appearStart;
423:         } else {
424:             appearStart = wo.getStart_date() != null && !wo.getStart_date().isEmpty() ? wo.getStart_date().split(" ")[0] : (wo.getCreated_date() != null ? wo.getCreated_date().split(" ")[0] : "");
425:             appearEnd   = appearStart;
426:         }
427: <%


An error occurred at line: [424] in the jsp file: [/production-calendar.jsp]
wo cannot be resolved
421:             appearStart = wo.getDue_date() != null && !wo.getDue_date().isEmpty() ? wo.getDue_date().split(" ")[0] : (wo.getCreated_date() != null ? wo.getCreated_date().split(" ")[0] : "");
422:             appearEnd   = appearStart;
423:         } else {
424:             appearStart = wo.getStart_date() != null && !wo.getStart_date().isEmpty() ? wo.getStart_date().split(" ")[0] : (wo.getCreated_date() != null ? wo.getCreated_date().split(" ")[0] : "");
425:             appearEnd   = appearStart;
426:         }
427: <%


An error occurred at line: [424] in the jsp file: [/production-calendar.jsp]
wo cannot be resolved
421:             appearStart = wo.getDue_date() != null && !wo.getDue_date().isEmpty() ? wo.getDue_date().split(" ")[0] : (wo.getCreated_date() != null ? wo.getCreated_date().split(" ")[0] : "");
422:             appearEnd   = appearStart;
423:         } else {
424:             appearStart = wo.getStart_date() != null && !wo.getStart_date().isEmpty() ? wo.getStart_date().split(" ")[0] : (wo.getCreated_date() != null ? wo.getCreated_date().split(" ")[0] : "");
425:             appearEnd   = appearStart;
426:         }
427: <%


An error occurred at line: [427] in the jsp file: [/production-calendar.jsp]
Syntax error on token "%", @ expected
424:             appearStart = wo.getStart_date() != null && !wo.getStart_date().isEmpty() ? wo.getStart_date().split(" ")[0] : (wo.getCreated_date() != null ? wo.getCreated_date().split(" ")[0] : "");
425:             appearEnd   = appearStart;
426:         }
427: <%
428:         // Compute status label and badge class inline
429:         String statusLbl = st;
430:         String badgeCls = "bg-slate-100 text-slate-600";


An error occurred at line: [429] in the jsp file: [/production-calendar.jsp]
Syntax error, insert "?" to complete Wildcard
426:         }
427: <%
428:         // Compute status label and badge class inline
429:         String statusLbl = st;
430:         String badgeCls = "bg-slate-100 text-slate-600";
431:         if ("New".equalsIgnoreCase(st)) { statusLbl = "Má»›i"; badgeCls = "bg-blue-100 text-blue-700"; }
432:         else if ("Ready".equalsIgnoreCase(st)) { statusLbl = "Chá»� SX"; badgeCls = "bg-sky-100 text-sky-700"; }


An error occurred at line: [429] in the jsp file: [/production-calendar.jsp]
Syntax error, insert ", TypeArgument1" to complete TypeArgumentList1
426:         }
427: <%
428:         // Compute status label and badge class inline
429:         String statusLbl = st;
430:         String badgeCls = "bg-slate-100 text-slate-600";
431:         if ("New".equalsIgnoreCase(st)) { statusLbl = "Má»›i"; badgeCls = "bg-blue-100 text-blue-700"; }
432:         else if ("Ready".equalsIgnoreCase(st)) { statusLbl = "Chá»� SX"; badgeCls = "bg-sky-100 text-sky-700"; }


An error occurred at line: [429] in the jsp file: [/production-calendar.jsp]
Syntax error, insert "super ( ) ;" to complete Statement
426:         }
427: <%
428:         // Compute status label and badge class inline
429:         String statusLbl = st;
430:         String badgeCls = "bg-slate-100 text-slate-600";
431:         if ("New".equalsIgnoreCase(st)) { statusLbl = "Má»›i"; badgeCls = "bg-blue-100 text-blue-700"; }
432:         else if ("Ready".equalsIgnoreCase(st)) { statusLbl = "Chá»� SX"; badgeCls = "bg-sky-100 text-sky-700"; }


Stacktrace:
		at org.apache.jasper.compiler.DefaultErrorHandler.javacError(DefaultErrorHandler.java:72)
		at org.apache.jasper.compiler.ErrorDispatcher.javacError(ErrorDispatcher.java:192)
		at org.apache.jasper.compiler.JDTCompiler.generateClass(JDTCompiler.java:573)
		at org.apache.jasper.compiler.Compiler.compile(Compiler.java:372)
		at org.apache.jasper.compiler.Compiler.compile(Compiler.java:344)
		at org.apache.jasper.compiler.Compiler.compile(Compiler.java:330)
		at org.apache.jasper.JspCompilationContext.compile(JspCompilationContext.java:591)
		at org.apache.jasper.servlet.JspServletWrapper.service(JspServletWrapper.java:379)
		at org.apache.jasper.servlet.JspServlet.serviceJspFile(JspServlet.java:356)
		at org.apache.jasper.servlet.JspServlet.service(JspServlet.java:307)
		at javax.servlet.http.HttpServlet.service(HttpServlet.java:623)
		at org.apache.catalina.core.ApplicationFilterChain.internalDoFilter(ApplicationFilterChain.java:199)
		at org.apache.catalina.core.ApplicationFilterChain.doFilter(ApplicationFilterChain.java:144)
		at org.apache.tomcat.websocket.server.WsFilter.doFilter(WsFilter.java:51)
		at org.apache.catalina.core.ApplicationFilterChain.internalDoFilter(ApplicationFilterChain.java:168)
		at org.apache.catalina.core.ApplicationFilterChain.doFilter(ApplicationFilterChain.java:144)
		at org.apache.catalina.core.ApplicationDispatcher.invoke(ApplicationDispatcher.java:621)
		at org.apache.catalina.core.ApplicationDispatcher.processRequest(ApplicationDispatcher.java:401)
		at org.apache.catalina.core.ApplicationDispatcher.doForward(ApplicationDispatcher.java:340)
		at org.apache.catalina.core.ApplicationDispatcher.forward(ApplicationDispatcher.java:285)
		at pms.controllers.WorkOrderController.processRequest(WorkOrderController.java:359)
		at pms.controllers.WorkOrderController.doGet(WorkOrderController.java:476)
		at javax.servlet.http.HttpServlet.service(HttpServlet.java:529)
		at javax.servlet.http.HttpServlet.service(HttpServlet.java:623)
		at org.apache.catalina.core.ApplicationFilterChain.internalDoFilter(ApplicationFilterChain.java:199)
		at org.apache.catalina.core.ApplicationFilterChain.doFilter(ApplicationFilterChain.java:144)
		at org.apache.tomcat.websocket.server.WsFilter.doFilter(WsFilter.java:51)
		at org.apache.catalina.core.ApplicationFilterChain.internalDoFilter(ApplicationFilterChain.java:168)
		at org.apache.catalina.core.ApplicationFilterChain.doFilter(ApplicationFilterChain.java:144)
		at pms.filter.TenantFilter.doFilter(TenantFilter.java:44)
		at org.apache.catalina.core.ApplicationFilterChain.internalDoFilter(ApplicationFilterChain.java:168)
		at org.apache.catalina.core.ApplicationFilterChain.doFilter(ApplicationFilterChain.java:144)
		at pms.filter.PaymentStatusFilter.doFilter(PaymentStatusFilter.java:69)
		at org.apache.catalina.core.ApplicationFilterChain.internalDoFilter(ApplicationFilterChain.java:168)
		at org.apache.catalina.core.ApplicationFilterChain.doFilter(ApplicationFilterChain.java:144)
		at pms.filter.AuthenticationFilter.doFilter(AuthenticationFilter.java:65)
		at org.apache.catalina.core.ApplicationFilterChain.internalDoFilter(ApplicationFilterChain.java:168)
		at org.apache.catalina.core.ApplicationFilterChain.doFilter(ApplicationFilterChain.java:144)
		at pms.filter.EncodingFilter.doFilter(EncodingFilter.java:43)
		at org.apache.catalina.core.ApplicationFilterChain.internalDoFilter(ApplicationFilterChain.java:168)
		at org.apache.catalina.core.ApplicationFilterChain.doFilter(ApplicationFilterChain.java:144)
		at org.apache.catalina.core.StandardWrapperValve.invoke(StandardWrapperValve.java:168)
		at org.apache.catalina.core.StandardContextValve.invoke(StandardContextValve.java:90)
		at org.apache.catalina.authenticator.AuthenticatorBase.invoke(AuthenticatorBase.java:482)
		at org.apache.catalina.core.StandardHostValve.invoke(StandardHostValve.java:130)
		at org.apache.catalina.valves.ErrorReportValve.invoke(ErrorReportValve.java:93)
		at org.apache.catalina.valves.AbstractAccessLogValve.invoke(AbstractAccessLogValve.java:656)
		at org.apache.catalina.core.StandardEngineValve.invoke(StandardEngineValve.java:74)
		at org.apache.catalina.connector.CoyoteAdapter.service(CoyoteAdapter.java:346)
		at org.apache.coyote.http11.Http11Processor.service(Http11Processor.java:397)
		at org.apache.coyote.AbstractProcessorLight.process(AbstractProcessorLight.java:63)
		at org.apache.coyote.AbstractProtocol$ConnectionHandler.process(AbstractProtocol.java:935)
		at org.apache.tomcat.util.net.NioEndpoint$SocketProcessor.doRun(NioEndpoint.java:1826)
		at org.apache.tomcat.util.net.SocketProcessorBase.run(SocketProcessorBase.java:52)
		at org.apache.tomcat.util.threads.ThreadPoolExecutor.runWorker(ThreadPoolExecutor.java:1189)
		at org.apache.tomcat.util.threads.ThreadPoolExecutor$Worker.run(ThreadPoolExecutor.java:658)
		at org.apache.tomcat.util.threads.TaskThread$WrappingRunnable.run(TaskThread.java:63)
		at java.lang.Thread.run(Thread.java:748)
09-Apr-2026 12:41:09.067 SEVERE [http-nio-8080-exec-78] org.apache.catalina.core.ApplicationDispatcher.invoke Servlet.service() for servlet [jsp] threw exception
	java.lang.ClassNotFoundException: org.apache.jsp.production_002dcalendar_jsp
		at java.net.URLClassLoader.findClass(URLClassLoader.java:381)
		at org.apache.jasper.servlet.JasperLoader.loadClass(JasperLoader.java:119)
		at org.apache.jasper.servlet.JasperLoader.loadClass(JasperLoader.java:56)
		at org.apache.catalina.core.DefaultInstanceManager.newInstance(DefaultInstanceManager.java:150)
		at org.apache.jasper.servlet.JspServletWrapper.getServlet(JspServletWrapper.java:174)
		at org.apache.jasper.servlet.JspServletWrapper.service(JspServletWrapper.java:393)
		at org.apache.jasper.servlet.JspServlet.serviceJspFile(JspServlet.java:356)
		at org.apache.jasper.servlet.JspServlet.service(JspServlet.java:307)
		at javax.servlet.http.HttpServlet.service(HttpServlet.java:623)
		at org.apache.catalina.core.ApplicationFilterChain.internalDoFilter(ApplicationFilterChain.java:199)
		at org.apache.catalina.core.ApplicationFilterChain.doFilter(ApplicationFilterChain.java:144)
		at org.apache.tomcat.websocket.server.WsFilter.doFilter(WsFilter.java:51)
		at org.apache.catalina.core.ApplicationFilterChain.internalDoFilter(ApplicationFilterChain.java:168)
		at org.apache.catalina.core.ApplicationFilterChain.doFilter(ApplicationFilterChain.java:144)
		at org.apache.catalina.core.ApplicationDispatcher.invoke(ApplicationDispatcher.java:621)
		at org.apache.catalina.core.ApplicationDispatcher.processRequest(ApplicationDispatcher.java:401)
		at org.apache.catalina.core.ApplicationDispatcher.doForward(ApplicationDispatcher.java:340)
		at org.apache.catalina.core.ApplicationDispatcher.forward(ApplicationDispatcher.java:285)
		at pms.controllers.WorkOrderController.processRequest(WorkOrderController.java:372)
		at pms.controllers.WorkOrderController.doGet(WorkOrderController.java:476)
		at javax.servlet.http.HttpServlet.service(HttpServlet.java:529)
		at javax.servlet.http.HttpServlet.service(HttpServlet.java:623)
		at org.apache.catalina.core.ApplicationFilterChain.internalDoFilter(ApplicationFilterChain.java:199)
		at org.apache.catalina.core.ApplicationFilterChain.doFilter(ApplicationFilterChain.java:144)
		at org.apache.tomcat.websocket.server.WsFilter.doFilter(WsFilter.java:51)
		at org.apache.catalina.core.ApplicationFilterChain.internalDoFilter(ApplicationFilterChain.java:168)
		at org.apache.catalina.core.ApplicationFilterChain.doFilter(ApplicationFilterChain.java:144)
		at pms.filter.TenantFilter.doFilter(TenantFilter.java:44)
		at org.apache.catalina.core.ApplicationFilterChain.internalDoFilter(ApplicationFilterChain.java:168)
		at org.apache.catalina.core.ApplicationFilterChain.doFilter(ApplicationFilterChain.java:144)
		at pms.filter.PaymentStatusFilter.doFilter(PaymentStatusFilter.java:69)
		at org.apache.catalina.core.ApplicationFilterChain.internalDoFilter(ApplicationFilterChain.java:168)
		at org.apache.catalina.core.ApplicationFilterChain.doFilter(ApplicationFilterChain.java:144)
		at pms.filter.AuthenticationFilter.doFilter(AuthenticationFilter.java:65)
		at org.apache.catalina.core.ApplicationFilterChain.internalDoFilter(ApplicationFilterChain.java:168)
		at org.apache.catalina.core.ApplicationFilterChain.doFilter(ApplicationFilterChain.java:144)
		at pms.filter.EncodingFilter.doFilter(EncodingFilter.java:43)
		at org.apache.catalina.core.ApplicationFilterChain.internalDoFilter(ApplicationFilterChain.java:168)
		at org.apache.catalina.core.ApplicationFilterChain.doFilter(ApplicationFilterChain.java:144)
		at org.apache.catalina.core.StandardWrapperValve.invoke(StandardWrapperValve.java:168)
		at org.apache.catalina.core.StandardContextValve.invoke(StandardContextValve.java:90)
		at org.apache.catalina.authenticator.AuthenticatorBase.invoke(AuthenticatorBase.java:482)
		at org.apache.catalina.core.StandardHostValve.invoke(StandardHostValve.java:130)
		at org.apache.catalina.valves.ErrorReportValve.invoke(ErrorReportValve.java:93)
		at org.apache.catalina.valves.AbstractAccessLogValve.invoke(AbstractAccessLogValve.java:656)
		at org.apache.catalina.core.StandardEngineValve.invoke(StandardEngineValve.java:74)
		at org.apache.catalina.connector.CoyoteAdapter.service(CoyoteAdapter.java:346)
		at org.apache.coyote.http11.Http11Processor.service(Http11Processor.java:397)
		at org.apache.coyote.AbstractProcessorLight.process(AbstractProcessorLight.java:63)
		at org.apache.coyote.AbstractProtocol$ConnectionHandler.process(AbstractProtocol.java:935)
		at org.apache.tomcat.util.net.NioEndpoint$SocketProcessor.doRun(NioEndpoint.java:1826)
		at org.apache.tomcat.util.net.SocketProcessorBase.run(SocketProcessorBase.java:52)
		at org.apache.tomcat.util.threads.ThreadPoolExecutor.runWorker(ThreadPoolExecutor.java:1189)
		at org.apache.tomcat.util.threads.ThreadPoolExecutor$Worker.run(ThreadPoolExecutor.java:658)
		at org.apache.tomcat.util.threads.TaskThread$WrappingRunnable.run(TaskThread.java:63)
		at java.lang.Thread.run(Thread.java:748)
09-Apr-2026 12:41:09.068 SEVERE [http-nio-8080-exec-78] org.apache.catalina.core.StandardWrapperValve.invoke Servlet.service() for servlet [WorkOrderController] in context with path [/production-management-system] threw exception [org.apache.jasper.JasperException: java.lang.ClassNotFoundException: org.apache.jsp.production_002dcalendar_jsp] with root cause
	java.lang.ClassNotFoundException: org.apache.jsp.production_002dcalendar_jsp
		at java.net.URLClassLoader.findClass(URLClassLoader.java:381)
		at org.apache.jasper.servlet.JasperLoader.loadClass(JasperLoader.java:119)
		at org.apache.jasper.servlet.JasperLoader.loadClass(JasperLoader.java:56)
		at org.apache.catalina.core.DefaultInstanceManager.newInstance(DefaultInstanceManager.java:150)
		at org.apache.jasper.servlet.JspServletWrapper.getServlet(JspServletWrapper.java:174)
		at org.apache.jasper.servlet.JspServletWrapper.service(JspServletWrapper.java:393)
		at org.apache.jasper.servlet.JspServlet.serviceJspFile(JspServlet.java:356)
		at org.apache.jasper.servlet.JspServlet.service(JspServlet.java:307)
		at javax.servlet.http.HttpServlet.service(HttpServlet.java:623)
		at org.apache.catalina.core.ApplicationFilterChain.internalDoFilter(ApplicationFilterChain.java:199)
		at org.apache.catalina.core.ApplicationFilterChain.doFilter(ApplicationFilterChain.java:144)
		at org.apache.tomcat.websocket.server.WsFilter.doFilter(WsFilter.java:51)
		at org.apache.catalina.core.ApplicationFilterChain.internalDoFilter(ApplicationFilterChain.java:168)
		at org.apache.catalina.core.ApplicationFilterChain.doFilter(ApplicationFilterChain.java:144)
		at org.apache.catalina.core.ApplicationDispatcher.invoke(ApplicationDispatcher.java:621)
		at org.apache.catalina.core.ApplicationDispatcher.processRequest(ApplicationDispatcher.java:401)
		at org.apache.catalina.core.ApplicationDispatcher.doForward(ApplicationDispatcher.java:340)
		at org.apache.catalina.core.ApplicationDispatcher.forward(ApplicationDispatcher.java:285)
		at pms.controllers.WorkOrderController.processRequest(WorkOrderController.java:372)
		at pms.controllers.WorkOrderController.doGet(WorkOrderController.java:476)
		at javax.servlet.http.HttpServlet.service(HttpServlet.java:529)
		at javax.servlet.http.HttpServlet.service(HttpServlet.java:623)
		at org.apache.catalina.core.ApplicationFilterChain.internalDoFilter(ApplicationFilterChain.java:199)
		at org.apache.catalina.core.ApplicationFilterChain.doFilter(ApplicationFilterChain.java:144)
		at org.apache.tomcat.websocket.server.WsFilter.doFilter(WsFilter.java:51)
		at org.apache.catalina.core.ApplicationFilterChain.internalDoFilter(ApplicationFilterChain.java:168)
		at org.apache.catalina.core.ApplicationFilterChain.doFilter(ApplicationFilterChain.java:144)
		at pms.filter.TenantFilter.doFilter(TenantFilter.java:44)
		at org.apache.catalina.core.ApplicationFilterChain.internalDoFilter(ApplicationFilterChain.java:168)
		at org.apache.catalina.core.ApplicationFilterChain.doFilter(ApplicationFilterChain.java:144)
		at pms.filter.PaymentStatusFilter.doFilter(PaymentStatusFilter.java:69)
		at org.apache.catalina.core.ApplicationFilterChain.internalDoFilter(ApplicationFilterChain.java:168)
		at org.apache.catalina.core.ApplicationFilterChain.doFilter(ApplicationFilterChain.java:144)
		at pms.filter.AuthenticationFilter.doFilter(AuthenticationFilter.java:65)
		at org.apache.catalina.core.ApplicationFilterChain.internalDoFilter(ApplicationFilterChain.java:168)
		at org.apache.catalina.core.ApplicationFilterChain.doFilter(ApplicationFilterChain.java:144)
		at pms.filter.EncodingFilter.doFilter(EncodingFilter.java:43)
		at org.apache.catalina.core.ApplicationFilterChain.internalDoFilter(ApplicationFilterChain.java:168)
		at org.apache.catalina.core.ApplicationFilterChain.doFilter(ApplicationFilterChain.java:144)
		at org.apache.catalina.core.StandardWrapperValve.invoke(StandardWrapperValve.java:168)
		at org.apache.catalina.core.StandardContextValve.invoke(StandardContextValve.java:90)
		at org.apache.catalina.authenticator.AuthenticatorBase.invoke(AuthenticatorBase.java:482)
		at org.apache.catalina.core.StandardHostValve.invoke(StandardHostValve.java:130)
		at org.apache.catalina.valves.ErrorReportValve.invoke(ErrorReportValve.java:93)
		at org.apache.catalina.valves.AbstractAccessLogValve.invoke(AbstractAccessLogValve.java:656)
		at org.apache.catalina.core.StandardEngineValve.invoke(StandardEngineValve.java:74)
		at org.apache.catalina.connector.CoyoteAdapter.service(CoyoteAdapter.java:346)
		at org.apache.coyote.http11.Http11Processor.service(Http11Processor.java:397)
		at org.apache.coyote.AbstractProcessorLight.process(AbstractProcessorLight.java:63)
		at org.apache.coyote.AbstractProtocol$ConnectionHandler.process(AbstractProtocol.java:935)
		at org.apache.tomcat.util.net.NioEndpoint$SocketProcessor.doRun(NioEndpoint.java:1826)
		at org.apache.tomcat.util.net.SocketProcessorBase.run(SocketProcessorBase.java:52)
		at org.apache.tomcat.util.threads.ThreadPoolExecutor.runWorker(ThreadPoolExecutor.java:1189)
		at org.apache.tomcat.util.threads.ThreadPoolExecutor$Worker.run(ThreadPoolExecutor.java:658)
		at org.apache.tomcat.util.threads.TaskThread$WrappingRunnable.run(TaskThread.java:63)
		at java.lang.Thread.run(Thread.java:748)
09-Apr-2026 12:41:18.851 SEVERE [http-nio-8080-exec-76] org.apache.catalina.core.ApplicationDispatcher.invoke Servlet.service() for servlet [jsp] threw exception
	org.apache.jasper.JasperException: Unable to compile class for JSP: 

An error occurred at line: [405] in the jsp file: [/production-calendar.jsp]
wo cannot be resolved
402:     for (WorkOrderDTO wo : workOrders) {
403:         if (!firstWo) out.print(",");
404:         firstWo = false;
405:         String st    = wo.getStatus() != null ? wo.getStatus() : "";
406:         String pname = wo.getProductName() != null ? wo.getProductName().replace("\"","\\\"") : "";
407:         String cname = wo.getCustomerName() != null ? wo.getCustomerName().replace("\"","\\\"") : "";
408:         String rname = wo.getRoutingName() != null ? wo.getRoutingName().replace("\"","\\\"") : "";


An error occurred at line: [405] in the jsp file: [/production-calendar.jsp]
wo cannot be resolved
402:     for (WorkOrderDTO wo : workOrders) {
403:         if (!firstWo) out.print(",");
404:         firstWo = false;
405:         String st    = wo.getStatus() != null ? wo.getStatus() : "";
406:         String pname = wo.getProductName() != null ? wo.getProductName().replace("\"","\\\"") : "";
407:         String cname = wo.getCustomerName() != null ? wo.getCustomerName().replace("\"","\\\"") : "";
408:         String rname = wo.getRoutingName() != null ? wo.getRoutingName().replace("\"","\\\"") : "";


An error occurred at line: [406] in the jsp file: [/production-calendar.jsp]
wo cannot be resolved
403:         if (!firstWo) out.print(",");
404:         firstWo = false;
405:         String st    = wo.getStatus() != null ? wo.getStatus() : "";
406:         String pname = wo.getProductName() != null ? wo.getProductName().replace("\"","\\\"") : "";
407:         String cname = wo.getCustomerName() != null ? wo.getCustomerName().replace("\"","\\\"") : "";
408:         String rname = wo.getRoutingName() != null ? wo.getRoutingName().replace("\"","\\\"") : "";
409:         String wnotes = wo.getNotes() != null ? wo.getNotes().replace("\"","\\\"").replace("\n"," ") : "";


An error occurred at line: [406] in the jsp file: [/production-calendar.jsp]
wo cannot be resolved
403:         if (!firstWo) out.print(",");
404:         firstWo = false;
405:         String st    = wo.getStatus() != null ? wo.getStatus() : "";
406:         String pname = wo.getProductName() != null ? wo.getProductName().replace("\"","\\\"") : "";
407:         String cname = wo.getCustomerName() != null ? wo.getCustomerName().replace("\"","\\\"") : "";
408:         String rname = wo.getRoutingName() != null ? wo.getRoutingName().replace("\"","\\\"") : "";
409:         String wnotes = wo.getNotes() != null ? wo.getNotes().replace("\"","\\\"").replace("\n"," ") : "";


An error occurred at line: [407] in the jsp file: [/production-calendar.jsp]
wo cannot be resolved
404:         firstWo = false;
405:         String st    = wo.getStatus() != null ? wo.getStatus() : "";
406:         String pname = wo.getProductName() != null ? wo.getProductName().replace("\"","\\\"") : "";
407:         String cname = wo.getCustomerName() != null ? wo.getCustomerName().replace("\"","\\\"") : "";
408:         String rname = wo.getRoutingName() != null ? wo.getRoutingName().replace("\"","\\\"") : "";
409:         String wnotes = wo.getNotes() != null ? wo.getNotes().replace("\"","\\\"").replace("\n"," ") : "";
410: 


An error occurred at line: [407] in the jsp file: [/production-calendar.jsp]
wo cannot be resolved
404:         firstWo = false;
405:         String st    = wo.getStatus() != null ? wo.getStatus() : "";
406:         String pname = wo.getProductName() != null ? wo.getProductName().replace("\"","\\\"") : "";
407:         String cname = wo.getCustomerName() != null ? wo.getCustomerName().replace("\"","\\\"") : "";
408:         String rname = wo.getRoutingName() != null ? wo.getRoutingName().replace("\"","\\\"") : "";
409:         String wnotes = wo.getNotes() != null ? wo.getNotes().replace("\"","\\\"").replace("\n"," ") : "";
410: 


An error occurred at line: [408] in the jsp file: [/production-calendar.jsp]
wo cannot be resolved
405:         String st    = wo.getStatus() != null ? wo.getStatus() : "";
406:         String pname = wo.getProductName() != null ? wo.getProductName().replace("\"","\\\"") : "";
407:         String cname = wo.getCustomerName() != null ? wo.getCustomerName().replace("\"","\\\"") : "";
408:         String rname = wo.getRoutingName() != null ? wo.getRoutingName().replace("\"","\\\"") : "";
409:         String wnotes = wo.getNotes() != null ? wo.getNotes().replace("\"","\\\"").replace("\n"," ") : "";
410: 
411:         // Determine appear dates for JS (minimal: start, end for ranged; single for others)


An error occurred at line: [408] in the jsp file: [/production-calendar.jsp]
wo cannot be resolved
405:         String st    = wo.getStatus() != null ? wo.getStatus() : "";
406:         String pname = wo.getProductName() != null ? wo.getProductName().replace("\"","\\\"") : "";
407:         String cname = wo.getCustomerName() != null ? wo.getCustomerName().replace("\"","\\\"") : "";
408:         String rname = wo.getRoutingName() != null ? wo.getRoutingName().replace("\"","\\\"") : "";
409:         String wnotes = wo.getNotes() != null ? wo.getNotes().replace("\"","\\\"").replace("\n"," ") : "";
410: 
411:         // Determine appear dates for JS (minimal: start, end for ranged; single for others)


An error occurred at line: [409] in the jsp file: [/production-calendar.jsp]
wo cannot be resolved
406:         String pname = wo.getProductName() != null ? wo.getProductName().replace("\"","\\\"") : "";
407:         String cname = wo.getCustomerName() != null ? wo.getCustomerName().replace("\"","\\\"") : "";
408:         String rname = wo.getRoutingName() != null ? wo.getRoutingName().replace("\"","\\\"") : "";
409:         String wnotes = wo.getNotes() != null ? wo.getNotes().replace("\"","\\\"").replace("\n"," ") : "";
410: 
411:         // Determine appear dates for JS (minimal: start, end for ranged; single for others)
412:         String appearStart = "";


An error occurred at line: [409] in the jsp file: [/production-calendar.jsp]
wo cannot be resolved
406:         String pname = wo.getProductName() != null ? wo.getProductName().replace("\"","\\\"") : "";
407:         String cname = wo.getCustomerName() != null ? wo.getCustomerName().replace("\"","\\\"") : "";
408:         String rname = wo.getRoutingName() != null ? wo.getRoutingName().replace("\"","\\\"") : "";
409:         String wnotes = wo.getNotes() != null ? wo.getNotes().replace("\"","\\\"").replace("\n"," ") : "";
410: 
411:         // Determine appear dates for JS (minimal: start, end for ranged; single for others)
412:         String appearStart = "";


An error occurred at line: [415] in the jsp file: [/production-calendar.jsp]
wo cannot be resolved
412:         String appearStart = "";
413:         String appearEnd   = "";
414:         if (st.equalsIgnoreCase("InProgress") || st.equalsIgnoreCase("In Progress")) {
415:             appearStart = wo.getStart_date() != null && !wo.getStart_date().isEmpty() ? wo.getStart_date().split(" ")[0] : (wo.getCreated_date() != null ? wo.getCreated_date().split(" ")[0] : "");
416:             appearEnd   = wo.getDue_date() != null && !wo.getDue_date().isEmpty() ? wo.getDue_date().split(" ")[0] : appearStart;
417:         } else if (st.equalsIgnoreCase("Done") || st.equalsIgnoreCase("Completed")) {
418:             appearStart = wo.getCompleted_date() != null && !wo.getCompleted_date().isEmpty() ? wo.getCompleted_date().split(" ")[0] : "";


An error occurred at line: [415] in the jsp file: [/production-calendar.jsp]
wo cannot be resolved
412:         String appearStart = "";
413:         String appearEnd   = "";
414:         if (st.equalsIgnoreCase("InProgress") || st.equalsIgnoreCase("In Progress")) {
415:             appearStart = wo.getStart_date() != null && !wo.getStart_date().isEmpty() ? wo.getStart_date().split(" ")[0] : (wo.getCreated_date() != null ? wo.getCreated_date().split(" ")[0] : "");
416:             appearEnd   = wo.getDue_date() != null && !wo.getDue_date().isEmpty() ? wo.getDue_date().split(" ")[0] : appearStart;
417:         } else if (st.equalsIgnoreCase("Done") || st.equalsIgnoreCase("Completed")) {
418:             appearStart = wo.getCompleted_date() != null && !wo.getCompleted_date().isEmpty() ? wo.getCompleted_date().split(" ")[0] : "";


An error occurred at line: [415] in the jsp file: [/production-calendar.jsp]
wo cannot be resolved
412:         String appearStart = "";
413:         String appearEnd   = "";
414:         if (st.equalsIgnoreCase("InProgress") || st.equalsIgnoreCase("In Progress")) {
415:             appearStart = wo.getStart_date() != null && !wo.getStart_date().isEmpty() ? wo.getStart_date().split(" ")[0] : (wo.getCreated_date() != null ? wo.getCreated_date().split(" ")[0] : "");
416:             appearEnd   = wo.getDue_date() != null && !wo.getDue_date().isEmpty() ? wo.getDue_date().split(" ")[0] : appearStart;
417:         } else if (st.equalsIgnoreCase("Done") || st.equalsIgnoreCase("Completed")) {
418:             appearStart = wo.getCompleted_date() != null && !wo.getCompleted_date().isEmpty() ? wo.getCompleted_date().split(" ")[0] : "";


An error occurred at line: [415] in the jsp file: [/production-calendar.jsp]
wo cannot be resolved
412:         String appearStart = "";
413:         String appearEnd   = "";
414:         if (st.equalsIgnoreCase("InProgress") || st.equalsIgnoreCase("In Progress")) {
415:             appearStart = wo.getStart_date() != null && !wo.getStart_date().isEmpty() ? wo.getStart_date().split(" ")[0] : (wo.getCreated_date() != null ? wo.getCreated_date().split(" ")[0] : "");
416:             appearEnd   = wo.getDue_date() != null && !wo.getDue_date().isEmpty() ? wo.getDue_date().split(" ")[0] : appearStart;
417:         } else if (st.equalsIgnoreCase("Done") || st.equalsIgnoreCase("Completed")) {
418:             appearStart = wo.getCompleted_date() != null && !wo.getCompleted_date().isEmpty() ? wo.getCompleted_date().split(" ")[0] : "";


An error occurred at line: [415] in the jsp file: [/production-calendar.jsp]
wo cannot be resolved
412:         String appearStart = "";
413:         String appearEnd   = "";
414:         if (st.equalsIgnoreCase("InProgress") || st.equalsIgnoreCase("In Progress")) {
415:             appearStart = wo.getStart_date() != null && !wo.getStart_date().isEmpty() ? wo.getStart_date().split(" ")[0] : (wo.getCreated_date() != null ? wo.getCreated_date().split(" ")[0] : "");
416:             appearEnd   = wo.getDue_date() != null && !wo.getDue_date().isEmpty() ? wo.getDue_date().split(" ")[0] : appearStart;
417:         } else if (st.equalsIgnoreCase("Done") || st.equalsIgnoreCase("Completed")) {
418:             appearStart = wo.getCompleted_date() != null && !wo.getCompleted_date().isEmpty() ? wo.getCompleted_date().split(" ")[0] : "";


An error occurred at line: [416] in the jsp file: [/production-calendar.jsp]
wo cannot be resolved
413:         String appearEnd   = "";
414:         if (st.equalsIgnoreCase("InProgress") || st.equalsIgnoreCase("In Progress")) {
415:             appearStart = wo.getStart_date() != null && !wo.getStart_date().isEmpty() ? wo.getStart_date().split(" ")[0] : (wo.getCreated_date() != null ? wo.getCreated_date().split(" ")[0] : "");
416:             appearEnd   = wo.getDue_date() != null && !wo.getDue_date().isEmpty() ? wo.getDue_date().split(" ")[0] : appearStart;
417:         } else if (st.equalsIgnoreCase("Done") || st.equalsIgnoreCase("Completed")) {
418:             appearStart = wo.getCompleted_date() != null && !wo.getCompleted_date().isEmpty() ? wo.getCompleted_date().split(" ")[0] : "";
419:             appearEnd   = appearStart;


An error occurred at line: [416] in the jsp file: [/production-calendar.jsp]
wo cannot be resolved
413:         String appearEnd   = "";
414:         if (st.equalsIgnoreCase("InProgress") || st.equalsIgnoreCase("In Progress")) {
415:             appearStart = wo.getStart_date() != null && !wo.getStart_date().isEmpty() ? wo.getStart_date().split(" ")[0] : (wo.getCreated_date() != null ? wo.getCreated_date().split(" ")[0] : "");
416:             appearEnd   = wo.getDue_date() != null && !wo.getDue_date().isEmpty() ? wo.getDue_date().split(" ")[0] : appearStart;
417:         } else if (st.equalsIgnoreCase("Done") || st.equalsIgnoreCase("Completed")) {
418:             appearStart = wo.getCompleted_date() != null && !wo.getCompleted_date().isEmpty() ? wo.getCompleted_date().split(" ")[0] : "";
419:             appearEnd   = appearStart;


An error occurred at line: [416] in the jsp file: [/production-calendar.jsp]
wo cannot be resolved
413:         String appearEnd   = "";
414:         if (st.equalsIgnoreCase("InProgress") || st.equalsIgnoreCase("In Progress")) {
415:             appearStart = wo.getStart_date() != null && !wo.getStart_date().isEmpty() ? wo.getStart_date().split(" ")[0] : (wo.getCreated_date() != null ? wo.getCreated_date().split(" ")[0] : "");
416:             appearEnd   = wo.getDue_date() != null && !wo.getDue_date().isEmpty() ? wo.getDue_date().split(" ")[0] : appearStart;
417:         } else if (st.equalsIgnoreCase("Done") || st.equalsIgnoreCase("Completed")) {
418:             appearStart = wo.getCompleted_date() != null && !wo.getCompleted_date().isEmpty() ? wo.getCompleted_date().split(" ")[0] : "";
419:             appearEnd   = appearStart;


An error occurred at line: [418] in the jsp file: [/production-calendar.jsp]
wo cannot be resolved
415:             appearStart = wo.getStart_date() != null && !wo.getStart_date().isEmpty() ? wo.getStart_date().split(" ")[0] : (wo.getCreated_date() != null ? wo.getCreated_date().split(" ")[0] : "");
416:             appearEnd   = wo.getDue_date() != null && !wo.getDue_date().isEmpty() ? wo.getDue_date().split(" ")[0] : appearStart;
417:         } else if (st.equalsIgnoreCase("Done") || st.equalsIgnoreCase("Completed")) {
418:             appearStart = wo.getCompleted_date() != null && !wo.getCompleted_date().isEmpty() ? wo.getCompleted_date().split(" ")[0] : "";
419:             appearEnd   = appearStart;
420:         } else if (st.equalsIgnoreCase("Cancelled")) {
421:             appearStart = wo.getDue_date() != null && !wo.getDue_date().isEmpty() ? wo.getDue_date().split(" ")[0] : (wo.getCreated_date() != null ? wo.getCreated_date().split(" ")[0] : "");


An error occurred at line: [418] in the jsp file: [/production-calendar.jsp]
wo cannot be resolved
415:             appearStart = wo.getStart_date() != null && !wo.getStart_date().isEmpty() ? wo.getStart_date().split(" ")[0] : (wo.getCreated_date() != null ? wo.getCreated_date().split(" ")[0] : "");
416:             appearEnd   = wo.getDue_date() != null && !wo.getDue_date().isEmpty() ? wo.getDue_date().split(" ")[0] : appearStart;
417:         } else if (st.equalsIgnoreCase("Done") || st.equalsIgnoreCase("Completed")) {
418:             appearStart = wo.getCompleted_date() != null && !wo.getCompleted_date().isEmpty() ? wo.getCompleted_date().split(" ")[0] : "";
419:             appearEnd   = appearStart;
420:         } else if (st.equalsIgnoreCase("Cancelled")) {
421:             appearStart = wo.getDue_date() != null && !wo.getDue_date().isEmpty() ? wo.getDue_date().split(" ")[0] : (wo.getCreated_date() != null ? wo.getCreated_date().split(" ")[0] : "");


An error occurred at line: [418] in the jsp file: [/production-calendar.jsp]
wo cannot be resolved
415:             appearStart = wo.getStart_date() != null && !wo.getStart_date().isEmpty() ? wo.getStart_date().split(" ")[0] : (wo.getCreated_date() != null ? wo.getCreated_date().split(" ")[0] : "");
416:             appearEnd   = wo.getDue_date() != null && !wo.getDue_date().isEmpty() ? wo.getDue_date().split(" ")[0] : appearStart;
417:         } else if (st.equalsIgnoreCase("Done") || st.equalsIgnoreCase("Completed")) {
418:             appearStart = wo.getCompleted_date() != null && !wo.getCompleted_date().isEmpty() ? wo.getCompleted_date().split(" ")[0] : "";
419:             appearEnd   = appearStart;
420:         } else if (st.equalsIgnoreCase("Cancelled")) {
421:             appearStart = wo.getDue_date() != null && !wo.getDue_date().isEmpty() ? wo.getDue_date().split(" ")[0] : (wo.getCreated_date() != null ? wo.getCreated_date().split(" ")[0] : "");


An error occurred at line: [421] in the jsp file: [/production-calendar.jsp]
wo cannot be resolved
418:             appearStart = wo.getCompleted_date() != null && !wo.getCompleted_date().isEmpty() ? wo.getCompleted_date().split(" ")[0] : "";
419:             appearEnd   = appearStart;
420:         } else if (st.equalsIgnoreCase("Cancelled")) {
421:             appearStart = wo.getDue_date() != null && !wo.getDue_date().isEmpty() ? wo.getDue_date().split(" ")[0] : (wo.getCreated_date() != null ? wo.getCreated_date().split(" ")[0] : "");
422:             appearEnd   = appearStart;
423:         } else {
424:             appearStart = wo.getStart_date() != null && !wo.getStart_date().isEmpty() ? wo.getStart_date().split(" ")[0] : (wo.getCreated_date() != null ? wo.getCreated_date().split(" ")[0] : "");


An error occurred at line: [421] in the jsp file: [/production-calendar.jsp]
wo cannot be resolved
418:             appearStart = wo.getCompleted_date() != null && !wo.getCompleted_date().isEmpty() ? wo.getCompleted_date().split(" ")[0] : "";
419:             appearEnd   = appearStart;
420:         } else if (st.equalsIgnoreCase("Cancelled")) {
421:             appearStart = wo.getDue_date() != null && !wo.getDue_date().isEmpty() ? wo.getDue_date().split(" ")[0] : (wo.getCreated_date() != null ? wo.getCreated_date().split(" ")[0] : "");
422:             appearEnd   = appearStart;
423:         } else {
424:             appearStart = wo.getStart_date() != null && !wo.getStart_date().isEmpty() ? wo.getStart_date().split(" ")[0] : (wo.getCreated_date() != null ? wo.getCreated_date().split(" ")[0] : "");


An error occurred at line: [421] in the jsp file: [/production-calendar.jsp]
wo cannot be resolved
418:             appearStart = wo.getCompleted_date() != null && !wo.getCompleted_date().isEmpty() ? wo.getCompleted_date().split(" ")[0] : "";
419:             appearEnd   = appearStart;
420:         } else if (st.equalsIgnoreCase("Cancelled")) {
421:             appearStart = wo.getDue_date() != null && !wo.getDue_date().isEmpty() ? wo.getDue_date().split(" ")[0] : (wo.getCreated_date() != null ? wo.getCreated_date().split(" ")[0] : "");
422:             appearEnd   = appearStart;
423:         } else {
424:             appearStart = wo.getStart_date() != null && !wo.getStart_date().isEmpty() ? wo.getStart_date().split(" ")[0] : (wo.getCreated_date() != null ? wo.getCreated_date().split(" ")[0] : "");


An error occurred at line: [421] in the jsp file: [/production-calendar.jsp]
wo cannot be resolved
418:             appearStart = wo.getCompleted_date() != null && !wo.getCompleted_date().isEmpty() ? wo.getCompleted_date().split(" ")[0] : "";
419:             appearEnd   = appearStart;
420:         } else if (st.equalsIgnoreCase("Cancelled")) {
421:             appearStart = wo.getDue_date() != null && !wo.getDue_date().isEmpty() ? wo.getDue_date().split(" ")[0] : (wo.getCreated_date() != null ? wo.getCreated_date().split(" ")[0] : "");
422:             appearEnd   = appearStart;
423:         } else {
424:             appearStart = wo.getStart_date() != null && !wo.getStart_date().isEmpty() ? wo.getStart_date().split(" ")[0] : (wo.getCreated_date() != null ? wo.getCreated_date().split(" ")[0] : "");


An error occurred at line: [421] in the jsp file: [/production-calendar.jsp]
wo cannot be resolved
418:             appearStart = wo.getCompleted_date() != null && !wo.getCompleted_date().isEmpty() ? wo.getCompleted_date().split(" ")[0] : "";
419:             appearEnd   = appearStart;
420:         } else if (st.equalsIgnoreCase("Cancelled")) {
421:             appearStart = wo.getDue_date() != null && !wo.getDue_date().isEmpty() ? wo.getDue_date().split(" ")[0] : (wo.getCreated_date() != null ? wo.getCreated_date().split(" ")[0] : "");
422:             appearEnd   = appearStart;
423:         } else {
424:             appearStart = wo.getStart_date() != null && !wo.getStart_date().isEmpty() ? wo.getStart_date().split(" ")[0] : (wo.getCreated_date() != null ? wo.getCreated_date().split(" ")[0] : "");


An error occurred at line: [424] in the jsp file: [/production-calendar.jsp]
wo cannot be resolved
421:             appearStart = wo.getDue_date() != null && !wo.getDue_date().isEmpty() ? wo.getDue_date().split(" ")[0] : (wo.getCreated_date() != null ? wo.getCreated_date().split(" ")[0] : "");
422:             appearEnd   = appearStart;
423:         } else {
424:             appearStart = wo.getStart_date() != null && !wo.getStart_date().isEmpty() ? wo.getStart_date().split(" ")[0] : (wo.getCreated_date() != null ? wo.getCreated_date().split(" ")[0] : "");
425:             appearEnd   = appearStart;
426:         }
427: <%


An error occurred at line: [424] in the jsp file: [/production-calendar.jsp]
wo cannot be resolved
421:             appearStart = wo.getDue_date() != null && !wo.getDue_date().isEmpty() ? wo.getDue_date().split(" ")[0] : (wo.getCreated_date() != null ? wo.getCreated_date().split(" ")[0] : "");
422:             appearEnd   = appearStart;
423:         } else {
424:             appearStart = wo.getStart_date() != null && !wo.getStart_date().isEmpty() ? wo.getStart_date().split(" ")[0] : (wo.getCreated_date() != null ? wo.getCreated_date().split(" ")[0] : "");
425:             appearEnd   = appearStart;
426:         }
427: <%


An error occurred at line: [424] in the jsp file: [/production-calendar.jsp]
wo cannot be resolved
421:             appearStart = wo.getDue_date() != null && !wo.getDue_date().isEmpty() ? wo.getDue_date().split(" ")[0] : (wo.getCreated_date() != null ? wo.getCreated_date().split(" ")[0] : "");
422:             appearEnd   = appearStart;
423:         } else {
424:             appearStart = wo.getStart_date() != null && !wo.getStart_date().isEmpty() ? wo.getStart_date().split(" ")[0] : (wo.getCreated_date() != null ? wo.getCreated_date().split(" ")[0] : "");
425:             appearEnd   = appearStart;
426:         }
427: <%


An error occurred at line: [424] in the jsp file: [/production-calendar.jsp]
wo cannot be resolved
421:             appearStart = wo.getDue_date() != null && !wo.getDue_date().isEmpty() ? wo.getDue_date().split(" ")[0] : (wo.getCreated_date() != null ? wo.getCreated_date().split(" ")[0] : "");
422:             appearEnd   = appearStart;
423:         } else {
424:             appearStart = wo.getStart_date() != null && !wo.getStart_date().isEmpty() ? wo.getStart_date().split(" ")[0] : (wo.getCreated_date() != null ? wo.getCreated_date().split(" ")[0] : "");
425:             appearEnd   = appearStart;
426:         }
427: <%


An error occurred at line: [424] in the jsp file: [/production-calendar.jsp]
wo cannot be resolved
421:             appearStart = wo.getDue_date() != null && !wo.getDue_date().isEmpty() ? wo.getDue_date().split(" ")[0] : (wo.getCreated_date() != null ? wo.getCreated_date().split(" ")[0] : "");
422:             appearEnd   = appearStart;
423:         } else {
424:             appearStart = wo.getStart_date() != null && !wo.getStart_date().isEmpty() ? wo.getStart_date().split(" ")[0] : (wo.getCreated_date() != null ? wo.getCreated_date().split(" ")[0] : "");
425:             appearEnd   = appearStart;
426:         }
427: <%


An error occurred at line: [427] in the jsp file: [/production-calendar.jsp]
Syntax error on token "%", @ expected
424:             appearStart = wo.getStart_date() != null && !wo.getStart_date().isEmpty() ? wo.getStart_date().split(" ")[0] : (wo.getCreated_date() != null ? wo.getCreated_date().split(" ")[0] : "");
425:             appearEnd   = appearStart;
426:         }
427: <%
428:         // Compute status label and badge class inline
429:         String statusLbl = st;
430:         String badgeCls = "bg-slate-100 text-slate-600";


An error occurred at line: [429] in the jsp file: [/production-calendar.jsp]
Syntax error, insert "?" to complete Wildcard
426:         }
427: <%
428:         // Compute status label and badge class inline
429:         String statusLbl = st;
430:         String badgeCls = "bg-slate-100 text-slate-600";
431:         if ("New".equalsIgnoreCase(st)) { statusLbl = "Má»›i"; badgeCls = "bg-blue-100 text-blue-700"; }
432:         else if ("Ready".equalsIgnoreCase(st)) { statusLbl = "Chá»� SX"; badgeCls = "bg-sky-100 text-sky-700"; }


An error occurred at line: [429] in the jsp file: [/production-calendar.jsp]
Syntax error, insert ", TypeArgument1" to complete TypeArgumentList1
426:         }
427: <%
428:         // Compute status label and badge class inline
429:         String statusLbl = st;
430:         String badgeCls = "bg-slate-100 text-slate-600";
431:         if ("New".equalsIgnoreCase(st)) { statusLbl = "Má»›i"; badgeCls = "bg-blue-100 text-blue-700"; }
432:         else if ("Ready".equalsIgnoreCase(st)) { statusLbl = "Chá»� SX"; badgeCls = "bg-sky-100 text-sky-700"; }


An error occurred at line: [429] in the jsp file: [/production-calendar.jsp]
Syntax error, insert "super ( ) ;" to complete Statement
426:         }
427: <%
428:         // Compute status label and badge class inline
429:         String statusLbl = st;
430:         String badgeCls = "bg-slate-100 text-slate-600";
431:         if ("New".equalsIgnoreCase(st)) { statusLbl = "Má»›i"; badgeCls = "bg-blue-100 text-blue-700"; }
432:         else if ("Ready".equalsIgnoreCase(st)) { statusLbl = "Chá»� SX"; badgeCls = "bg-sky-100 text-sky-700"; }


Stacktrace:
		at org.apache.jasper.compiler.DefaultErrorHandler.javacError(DefaultErrorHandler.java:72)
		at org.apache.jasper.compiler.ErrorDispatcher.javacError(ErrorDispatcher.java:192)
		at org.apache.jasper.compiler.JDTCompiler.generateClass(JDTCompiler.java:573)
		at org.apache.jasper.compiler.Compiler.compile(Compiler.java:372)
		at org.apache.jasper.compiler.Compiler.compile(Compiler.java:344)
		at org.apache.jasper.compiler.Compiler.compile(Compiler.java:330)
		at org.apache.jasper.JspCompilationContext.compile(JspCompilationContext.java:591)
		at org.apache.jasper.servlet.JspServletWrapper.service(JspServletWrapper.java:379)
		at org.apache.jasper.servlet.JspServlet.serviceJspFile(JspServlet.java:356)
		at org.apache.jasper.servlet.JspServlet.service(JspServlet.java:307)
		at javax.servlet.http.HttpServlet.service(HttpServlet.java:623)
		at org.apache.catalina.core.ApplicationFilterChain.internalDoFilter(ApplicationFilterChain.java:199)
		at org.apache.catalina.core.ApplicationFilterChain.doFilter(ApplicationFilterChain.java:144)
		at org.apache.tomcat.websocket.server.WsFilter.doFilter(WsFilter.java:51)
		at org.apache.catalina.core.ApplicationFilterChain.internalDoFilter(ApplicationFilterChain.java:168)
		at org.apache.catalina.core.ApplicationFilterChain.doFilter(ApplicationFilterChain.java:144)
		at org.apache.catalina.core.ApplicationDispatcher.invoke(ApplicationDispatcher.java:621)
		at org.apache.catalina.core.ApplicationDispatcher.processRequest(ApplicationDispatcher.java:401)
		at org.apache.catalina.core.ApplicationDispatcher.doForward(ApplicationDispatcher.java:340)
		at org.apache.catalina.core.ApplicationDispatcher.forward(ApplicationDispatcher.java:285)
		at pms.controllers.WorkOrderController.processRequest(WorkOrderController.java:359)
		at pms.controllers.WorkOrderController.doGet(WorkOrderController.java:476)
		at javax.servlet.http.HttpServlet.service(HttpServlet.java:529)
		at javax.servlet.http.HttpServlet.service(HttpServlet.java:623)
		at org.apache.catalina.core.ApplicationFilterChain.internalDoFilter(ApplicationFilterChain.java:199)
		at org.apache.catalina.core.ApplicationFilterChain.doFilter(ApplicationFilterChain.java:144)
		at org.apache.tomcat.websocket.server.WsFilter.doFilter(WsFilter.java:51)
		at org.apache.catalina.core.ApplicationFilterChain.internalDoFilter(ApplicationFilterChain.java:168)
		at org.apache.catalina.core.ApplicationFilterChain.doFilter(ApplicationFilterChain.java:144)
		at pms.filter.TenantFilter.doFilter(TenantFilter.java:44)
		at org.apache.catalina.core.ApplicationFilterChain.internalDoFilter(ApplicationFilterChain.java:168)
		at org.apache.catalina.core.ApplicationFilterChain.doFilter(ApplicationFilterChain.java:144)
		at pms.filter.PaymentStatusFilter.doFilter(PaymentStatusFilter.java:69)
		at org.apache.catalina.core.ApplicationFilterChain.internalDoFilter(ApplicationFilterChain.java:168)
		at org.apache.catalina.core.ApplicationFilterChain.doFilter(ApplicationFilterChain.java:144)
		at pms.filter.AuthenticationFilter.doFilter(AuthenticationFilter.java:65)
		at org.apache.catalina.core.ApplicationFilterChain.internalDoFilter(ApplicationFilterChain.java:168)
		at org.apache.catalina.core.ApplicationFilterChain.doFilter(ApplicationFilterChain.java:144)
		at pms.filter.EncodingFilter.doFilter(EncodingFilter.java:43)
		at org.apache.catalina.core.ApplicationFilterChain.internalDoFilter(ApplicationFilterChain.java:168)
		at org.apache.catalina.core.ApplicationFilterChain.doFilter(ApplicationFilterChain.java:144)
		at org.apache.catalina.core.StandardWrapperValve.invoke(StandardWrapperValve.java:168)
		at org.apache.catalina.core.StandardContextValve.invoke(StandardContextValve.java:90)
		at org.apache.catalina.authenticator.AuthenticatorBase.invoke(AuthenticatorBase.java:482)
		at org.apache.catalina.core.StandardHostValve.invoke(StandardHostValve.java:130)
		at org.apache.catalina.valves.ErrorReportValve.invoke(ErrorReportValve.java:93)
		at org.apache.catalina.valves.AbstractAccessLogValve.invoke(AbstractAccessLogValve.java:656)
		at org.apache.catalina.core.StandardEngineValve.invoke(StandardEngineValve.java:74)
		at org.apache.catalina.connector.CoyoteAdapter.service(CoyoteAdapter.java:346)
		at org.apache.coyote.http11.Http11Processor.service(Http11Processor.java:397)
		at org.apache.coyote.AbstractProcessorLight.process(AbstractProcessorLight.java:63)
		at org.apache.coyote.AbstractProtocol$ConnectionHandler.process(AbstractProtocol.java:935)
		at org.apache.tomcat.util.net.NioEndpoint$SocketProcessor.doRun(NioEndpoint.java:1826)
		at org.apache.tomcat.util.net.SocketProcessorBase.run(SocketProcessorBase.java:52)
		at org.apache.tomcat.util.threads.ThreadPoolExecutor.runWorker(ThreadPoolExecutor.java:1189)
		at org.apache.tomcat.util.threads.ThreadPoolExecutor$Worker.run(ThreadPoolExecutor.java:658)
		at org.apache.tomcat.util.threads.TaskThread$WrappingRunnable.run(TaskThread.java:63)
		at java.lang.Thread.run(Thread.java:748)
09-Apr-2026 12:41:19.366 SEVERE [http-nio-8080-exec-76] org.apache.catalina.core.ApplicationDispatcher.invoke Servlet.service() for servlet [jsp] threw exception
	java.lang.ClassNotFoundException: org.apache.jsp.production_002dcalendar_jsp
		at java.net.URLClassLoader.findClass(URLClassLoader.java:381)
		at org.apache.jasper.servlet.JasperLoader.loadClass(JasperLoader.java:119)
		at org.apache.jasper.servlet.JasperLoader.loadClass(JasperLoader.java:56)
		at org.apache.catalina.core.DefaultInstanceManager.newInstance(DefaultInstanceManager.java:150)
		at org.apache.jasper.servlet.JspServletWrapper.getServlet(JspServletWrapper.java:174)
		at org.apache.jasper.servlet.JspServletWrapper.service(JspServletWrapper.java:393)
		at org.apache.jasper.servlet.JspServlet.serviceJspFile(JspServlet.java:356)
		at org.apache.jasper.servlet.JspServlet.service(JspServlet.java:307)
		at javax.servlet.http.HttpServlet.service(HttpServlet.java:623)
		at org.apache.catalina.core.ApplicationFilterChain.internalDoFilter(ApplicationFilterChain.java:199)
		at org.apache.catalina.core.ApplicationFilterChain.doFilter(ApplicationFilterChain.java:144)
		at org.apache.tomcat.websocket.server.WsFilter.doFilter(WsFilter.java:51)
		at org.apache.catalina.core.ApplicationFilterChain.internalDoFilter(ApplicationFilterChain.java:168)
		at org.apache.catalina.core.ApplicationFilterChain.doFilter(ApplicationFilterChain.java:144)
		at org.apache.catalina.core.ApplicationDispatcher.invoke(ApplicationDispatcher.java:621)
		at org.apache.catalina.core.ApplicationDispatcher.processRequest(ApplicationDispatcher.java:401)
		at org.apache.catalina.core.ApplicationDispatcher.doForward(ApplicationDispatcher.java:340)
		at org.apache.catalina.core.ApplicationDispatcher.forward(ApplicationDispatcher.java:285)
		at pms.controllers.WorkOrderController.processRequest(WorkOrderController.java:372)
		at pms.controllers.WorkOrderController.doGet(WorkOrderController.java:476)
		at javax.servlet.http.HttpServlet.service(HttpServlet.java:529)
		at javax.servlet.http.HttpServlet.service(HttpServlet.java:623)
		at org.apache.catalina.core.ApplicationFilterChain.internalDoFilter(ApplicationFilterChain.java:199)
		at org.apache.catalina.core.ApplicationFilterChain.doFilter(ApplicationFilterChain.java:144)
		at org.apache.tomcat.websocket.server.WsFilter.doFilter(WsFilter.java:51)
		at org.apache.catalina.core.ApplicationFilterChain.internalDoFilter(ApplicationFilterChain.java:168)
		at org.apache.catalina.core.ApplicationFilterChain.doFilter(ApplicationFilterChain.java:144)
		at pms.filter.TenantFilter.doFilter(TenantFilter.java:44)
		at org.apache.catalina.core.ApplicationFilterChain.internalDoFilter(ApplicationFilterChain.java:168)
		at org.apache.catalina.core.ApplicationFilterChain.doFilter(ApplicationFilterChain.java:144)
		at pms.filter.PaymentStatusFilter.doFilter(PaymentStatusFilter.java:69)
		at org.apache.catalina.core.ApplicationFilterChain.internalDoFilter(ApplicationFilterChain.java:168)
		at org.apache.catalina.core.ApplicationFilterChain.doFilter(ApplicationFilterChain.java:144)
		at pms.filter.AuthenticationFilter.doFilter(AuthenticationFilter.java:65)
		at org.apache.catalina.core.ApplicationFilterChain.internalDoFilter(ApplicationFilterChain.java:168)
		at org.apache.catalina.core.ApplicationFilterChain.doFilter(ApplicationFilterChain.java:144)
		at pms.filter.EncodingFilter.doFilter(EncodingFilter.java:43)
		at org.apache.catalina.core.ApplicationFilterChain.internalDoFilter(ApplicationFilterChain.java:168)
		at org.apache.catalina.core.ApplicationFilterChain.doFilter(ApplicationFilterChain.java:144)
		at org.apache.catalina.core.StandardWrapperValve.invoke(StandardWrapperValve.java:168)
		at org.apache.catalina.core.StandardContextValve.invoke(StandardContextValve.java:90)
		at org.apache.catalina.authenticator.AuthenticatorBase.invoke(AuthenticatorBase.java:482)
		at org.apache.catalina.core.StandardHostValve.invoke(StandardHostValve.java:130)
		at org.apache.catalina.valves.ErrorReportValve.invoke(ErrorReportValve.java:93)
		at org.apache.catalina.valves.AbstractAccessLogValve.invoke(AbstractAccessLogValve.java:656)
		at org.apache.catalina.core.StandardEngineValve.invoke(StandardEngineValve.java:74)
		at org.apache.catalina.connector.CoyoteAdapter.service(CoyoteAdapter.java:346)
		at org.apache.coyote.http11.Http11Processor.service(Http11Processor.java:397)
		at org.apache.coyote.AbstractProcessorLight.process(AbstractProcessorLight.java:63)
		at org.apache.coyote.AbstractProtocol$ConnectionHandler.process(AbstractProtocol.java:935)
		at org.apache.tomcat.util.net.NioEndpoint$SocketProcessor.doRun(NioEndpoint.java:1826)
		at org.apache.tomcat.util.net.SocketProcessorBase.run(SocketProcessorBase.java:52)
		at org.apache.tomcat.util.threads.ThreadPoolExecutor.runWorker(ThreadPoolExecutor.java:1189)
		at org.apache.tomcat.util.threads.ThreadPoolExecutor$Worker.run(ThreadPoolExecutor.java:658)
		at org.apache.tomcat.util.threads.TaskThread$WrappingRunnable.run(TaskThread.java:63)
		at java.lang.Thread.run(Thread.java:748)
09-Apr-2026 12:41:19.366 SEVERE [http-nio-8080-exec-76] org.apache.catalina.core.StandardWrapperValve.invoke Servlet.service() for servlet [WorkOrderController] in context with path [/production-management-system] threw exception [org.apache.jasper.JasperException: java.lang.ClassNotFoundException: org.apache.jsp.production_002dcalendar_jsp] with root cause
	java.lang.ClassNotFoundException: org.apache.jsp.production_002dcalendar_jsp
		at java.net.URLClassLoader.findClass(URLClassLoader.java:381)
		at org.apache.jasper.servlet.JasperLoader.loadClass(JasperLoader.java:119)
		at org.apache.jasper.servlet.JasperLoader.loadClass(JasperLoader.java:56)
		at org.apache.catalina.core.DefaultInstanceManager.newInstance(DefaultInstanceManager.java:150)
		at org.apache.jasper.servlet.JspServletWrapper.getServlet(JspServletWrapper.java:174)
		at org.apache.jasper.servlet.JspServletWrapper.service(JspServletWrapper.java:393)
		at org.apache.jasper.servlet.JspServlet.serviceJspFile(JspServlet.java:356)
		at org.apache.jasper.servlet.JspServlet.service(JspServlet.java:307)
		at javax.servlet.http.HttpServlet.service(HttpServlet.java:623)
		at org.apache.catalina.core.ApplicationFilterChain.internalDoFilter(ApplicationFilterChain.java:199)
		at org.apache.catalina.core.ApplicationFilterChain.doFilter(ApplicationFilterChain.java:144)
		at org.apache.tomcat.websocket.server.WsFilter.doFilter(WsFilter.java:51)
		at org.apache.catalina.core.ApplicationFilterChain.internalDoFilter(ApplicationFilterChain.java:168)
		at org.apache.catalina.core.ApplicationFilterChain.doFilter(ApplicationFilterChain.java:144)
		at org.apache.catalina.core.ApplicationDispatcher.invoke(ApplicationDispatcher.java:621)
		at org.apache.catalina.core.ApplicationDispatcher.processRequest(ApplicationDispatcher.java:401)
		at org.apache.catalina.core.ApplicationDispatcher.doForward(ApplicationDispatcher.java:340)
		at org.apache.catalina.core.ApplicationDispatcher.forward(ApplicationDispatcher.java:285)
		at pms.controllers.WorkOrderController.processRequest(WorkOrderController.java:372)
		at pms.controllers.WorkOrderController.doGet(WorkOrderController.java:476)
		at javax.servlet.http.HttpServlet.service(HttpServlet.java:529)
		at javax.servlet.http.HttpServlet.service(HttpServlet.java:623)
		at org.apache.catalina.core.ApplicationFilterChain.internalDoFilter(ApplicationFilterChain.java:199)
		at org.apache.catalina.core.ApplicationFilterChain.doFilter(ApplicationFilterChain.java:144)
		at org.apache.tomcat.websocket.server.WsFilter.doFilter(WsFilter.java:51)
		at org.apache.catalina.core.ApplicationFilterChain.internalDoFilter(ApplicationFilterChain.java:168)
		at org.apache.catalina.core.ApplicationFilterChain.doFilter(ApplicationFilterChain.java:144)
		at pms.filter.TenantFilter.doFilter(TenantFilter.java:44)
		at org.apache.catalina.core.ApplicationFilterChain.internalDoFilter(ApplicationFilterChain.java:168)
		at org.apache.catalina.core.ApplicationFilterChain.doFilter(ApplicationFilterChain.java:144)
		at pms.filter.PaymentStatusFilter.doFilter(PaymentStatusFilter.java:69)
		at org.apache.catalina.core.ApplicationFilterChain.internalDoFilter(ApplicationFilterChain.java:168)
		at org.apache.catalina.core.ApplicationFilterChain.doFilter(ApplicationFilterChain.java:144)
		at pms.filter.AuthenticationFilter.doFilter(AuthenticationFilter.java:65)
		at org.apache.catalina.core.ApplicationFilterChain.internalDoFilter(ApplicationFilterChain.java:168)
		at org.apache.catalina.core.ApplicationFilterChain.doFilter(ApplicationFilterChain.java:144)
		at pms.filter.EncodingFilter.doFilter(EncodingFilter.java:43)
		at org.apache.catalina.core.ApplicationFilterChain.internalDoFilter(ApplicationFilterChain.java:168)
		at org.apache.catalina.core.ApplicationFilterChain.doFilter(ApplicationFilterChain.java:144)
		at org.apache.catalina.core.StandardWrapperValve.invoke(StandardWrapperValve.java:168)
		at org.apache.catalina.core.StandardContextValve.invoke(StandardContextValve.java:90)
		at org.apache.catalina.authenticator.AuthenticatorBase.invoke(AuthenticatorBase.java:482)
		at org.apache.catalina.core.StandardHostValve.invoke(StandardHostValve.java:130)
		at org.apache.catalina.valves.ErrorReportValve.invoke(ErrorReportValve.java:93)
		at org.apache.catalina.valves.AbstractAccessLogValve.invoke(AbstractAccessLogValve.java:656)
		at org.apache.catalina.core.StandardEngineValve.invoke(StandardEngineValve.java:74)
		at org.apache.catalina.connector.CoyoteAdapter.service(CoyoteAdapter.java:346)
		at org.apache.coyote.http11.Http11Processor.service(Http11Processor.java:397)
		at org.apache.coyote.AbstractProcessorLight.process(AbstractProcessorLight.java:63)
		at org.apache.coyote.AbstractProtocol$ConnectionHandler.process(AbstractProtocol.java:935)
		at org.apache.tomcat.util.net.NioEndpoint$SocketProcessor.doRun(NioEndpoint.java:1826)
		at org.apache.tomcat.util.net.SocketProcessorBase.run(SocketProcessorBase.java:52)
		at org.apache.tomcat.util.threads.ThreadPoolExecutor.runWorker(ThreadPoolExecutor.java:1189)
		at org.apache.tomcat.util.threads.ThreadPoolExecutor$Worker.run(ThreadPoolExecutor.java:658)
		at org.apache.tomcat.util.threads.TaskThread$WrappingRunnable.run(TaskThread.java:63)
		at java.lang.Thread.run(Thread.java:748)
09-Apr-2026 12:42:51.307 WARNING [http-nio-8080-exec-84] org.apache.catalina.session.StandardSession.doWriteObject Cannot serialize session attribute [eList] for session [531317CE311D07534A9FDAC12BB601A0]
	java.io.NotSerializableException: pms.model.UserDTO
		at java.io.ObjectOutputStream.writeObject0(ObjectOutputStream.java:1184)
		at java.io.ObjectOutputStream.writeObject(ObjectOutputStream.java:348)
		at java.util.ArrayList.writeObject(ArrayList.java:766)
		at sun.reflect.NativeMethodAccessorImpl.invoke0(Native Method)
		at sun.reflect.NativeMethodAccessorImpl.invoke(NativeMethodAccessorImpl.java:62)
		at sun.reflect.DelegatingMethodAccessorImpl.invoke(DelegatingMethodAccessorImpl.java:43)
		at java.lang.reflect.Method.invoke(Method.java:498)
		at java.io.ObjectStreamClass.invokeWriteObject(ObjectStreamClass.java:1128)
		at java.io.ObjectOutputStream.writeSerialData(ObjectOutputStream.java:1496)
		at java.io.ObjectOutputStream.writeOrdinaryObject(ObjectOutputStream.java:1432)
		at java.io.ObjectOutputStream.writeObject0(ObjectOutputStream.java:1178)
		at java.io.ObjectOutputStream.writeObject(ObjectOutputStream.java:348)
		at org.apache.catalina.session.StandardSession.doWriteObject(StandardSession.java:1376)
		at org.apache.catalina.session.StandardSession.writeObjectData(StandardSession.java:852)
		at org.apache.catalina.session.StandardManager.doUnload(StandardManager.java:306)
		at org.apache.catalina.session.StandardManager.unload(StandardManager.java:258)
		at org.apache.catalina.session.StandardManager.stopInternal(StandardManager.java:373)
		at org.apache.catalina.util.LifecycleBase.stop(LifecycleBase.java:235)
		at org.apache.catalina.core.StandardContext.stopInternal(StandardContext.java:4723)
		at org.apache.catalina.util.LifecycleBase.stop(LifecycleBase.java:235)
		at org.apache.catalina.manager.ManagerServlet.undeploy(ManagerServlet.java:1404)
		at org.apache.catalina.manager.ManagerServlet.doGet(ManagerServlet.java:332)
		at javax.servlet.http.HttpServlet.service(HttpServlet.java:529)
		at javax.servlet.http.HttpServlet.service(HttpServlet.java:623)
		at org.apache.catalina.core.ApplicationFilterChain.internalDoFilter(ApplicationFilterChain.java:199)
		at org.apache.catalina.core.ApplicationFilterChain.doFilter(ApplicationFilterChain.java:144)
		at org.apache.tomcat.websocket.server.WsFilter.doFilter(WsFilter.java:51)
		at org.apache.catalina.core.ApplicationFilterChain.internalDoFilter(ApplicationFilterChain.java:168)
		at org.apache.catalina.core.ApplicationFilterChain.doFilter(ApplicationFilterChain.java:144)
		at org.apache.catalina.filters.HttpHeaderSecurityFilter.doFilter(HttpHeaderSecurityFilter.java:129)
		at org.apache.catalina.core.ApplicationFilterChain.internalDoFilter(ApplicationFilterChain.java:168)
		at org.apache.catalina.core.ApplicationFilterChain.doFilter(ApplicationFilterChain.java:144)
		at org.apache.catalina.core.StandardWrapperValve.invoke(StandardWrapperValve.java:168)
		at org.apache.catalina.core.StandardContextValve.invoke(StandardContextValve.java:90)
		at org.apache.catalina.authenticator.AuthenticatorBase.invoke(AuthenticatorBase.java:597)
		at org.apache.catalina.valves.RequestFilterValve.process(RequestFilterValve.java:354)
		at org.apache.catalina.valves.RemoteAddrValve.invoke(RemoteAddrValve.java:54)
		at org.apache.catalina.core.StandardHostValve.invoke(StandardHostValve.java:130)
		at org.apache.catalina.valves.ErrorReportValve.invoke(ErrorReportValve.java:93)
		at org.apache.catalina.valves.AbstractAccessLogValve.invoke(AbstractAccessLogValve.java:656)
		at org.apache.catalina.core.StandardEngineValve.invoke(StandardEngineValve.java:74)
		at org.apache.catalina.connector.CoyoteAdapter.service(CoyoteAdapter.java:346)
		at org.apache.coyote.http11.Http11Processor.service(Http11Processor.java:397)
		at org.apache.coyote.AbstractProcessorLight.process(AbstractProcessorLight.java:63)
		at org.apache.coyote.AbstractProtocol$ConnectionHandler.process(AbstractProtocol.java:935)
		at org.apache.tomcat.util.net.NioEndpoint$SocketProcessor.doRun(NioEndpoint.java:1826)
		at org.apache.tomcat.util.net.SocketProcessorBase.run(SocketProcessorBase.java:52)
		at org.apache.tomcat.util.threads.ThreadPoolExecutor.runWorker(ThreadPoolExecutor.java:1189)
		at org.apache.tomcat.util.threads.ThreadPoolExecutor$Worker.run(ThreadPoolExecutor.java:658)
		at org.apache.tomcat.util.threads.TaskThread$WrappingRunnable.run(TaskThread.java:63)
		at java.lang.Thread.run(Thread.java:748)
09-Apr-2026 12:47:30.153 WARNING [http-nio-8080-exec-93] org.apache.catalina.session.StandardSession.doWriteObject Cannot serialize session attribute [eList] for session [55A3D184EBA27E8865142076922B60BE]
	java.io.NotSerializableException: pms.model.UserDTO
		at java.io.ObjectOutputStream.writeObject0(ObjectOutputStream.java:1184)
		at java.io.ObjectOutputStream.writeObject(ObjectOutputStream.java:348)
		at java.util.ArrayList.writeObject(ArrayList.java:766)
		at sun.reflect.GeneratedMethodAccessor61.invoke(Unknown Source)
		at sun.reflect.DelegatingMethodAccessorImpl.invoke(DelegatingMethodAccessorImpl.java:43)
		at java.lang.reflect.Method.invoke(Method.java:498)
		at java.io.ObjectStreamClass.invokeWriteObject(ObjectStreamClass.java:1128)
		at java.io.ObjectOutputStream.writeSerialData(ObjectOutputStream.java:1496)
		at java.io.ObjectOutputStream.writeOrdinaryObject(ObjectOutputStream.java:1432)
		at java.io.ObjectOutputStream.writeObject0(ObjectOutputStream.java:1178)
		at java.io.ObjectOutputStream.writeObject(ObjectOutputStream.java:348)
		at org.apache.catalina.session.StandardSession.doWriteObject(StandardSession.java:1376)
		at org.apache.catalina.session.StandardSession.writeObjectData(StandardSession.java:852)
		at org.apache.catalina.session.StandardManager.doUnload(StandardManager.java:306)
		at org.apache.catalina.session.StandardManager.unload(StandardManager.java:258)
		at org.apache.catalina.session.StandardManager.stopInternal(StandardManager.java:373)
		at org.apache.catalina.util.LifecycleBase.stop(LifecycleBase.java:235)
		at org.apache.catalina.core.StandardContext.stopInternal(StandardContext.java:4723)
		at org.apache.catalina.util.LifecycleBase.stop(LifecycleBase.java:235)
		at org.apache.catalina.manager.ManagerServlet.undeploy(ManagerServlet.java:1404)
		at org.apache.catalina.manager.ManagerServlet.doGet(ManagerServlet.java:332)
		at javax.servlet.http.HttpServlet.service(HttpServlet.java:529)
		at javax.servlet.http.HttpServlet.service(HttpServlet.java:623)
		at org.apache.catalina.core.ApplicationFilterChain.internalDoFilter(ApplicationFilterChain.java:199)
		at org.apache.catalina.core.ApplicationFilterChain.doFilter(ApplicationFilterChain.java:144)
		at org.apache.tomcat.websocket.server.WsFilter.doFilter(WsFilter.java:51)
		at org.apache.catalina.core.ApplicationFilterChain.internalDoFilter(ApplicationFilterChain.java:168)
		at org.apache.catalina.core.ApplicationFilterChain.doFilter(ApplicationFilterChain.java:144)
		at org.apache.catalina.filters.HttpHeaderSecurityFilter.doFilter(HttpHeaderSecurityFilter.java:129)
		at org.apache.catalina.core.ApplicationFilterChain.internalDoFilter(ApplicationFilterChain.java:168)
		at org.apache.catalina.core.ApplicationFilterChain.doFilter(ApplicationFilterChain.java:144)
		at org.apache.catalina.core.StandardWrapperValve.invoke(StandardWrapperValve.java:168)
		at org.apache.catalina.core.StandardContextValve.invoke(StandardContextValve.java:90)
		at org.apache.catalina.authenticator.AuthenticatorBase.invoke(AuthenticatorBase.java:597)
		at org.apache.catalina.valves.RequestFilterValve.process(RequestFilterValve.java:354)
		at org.apache.catalina.valves.RemoteAddrValve.invoke(RemoteAddrValve.java:54)
		at org.apache.catalina.core.StandardHostValve.invoke(StandardHostValve.java:130)
		at org.apache.catalina.valves.ErrorReportValve.invoke(ErrorReportValve.java:93)
		at org.apache.catalina.valves.AbstractAccessLogValve.invoke(AbstractAccessLogValve.java:656)
		at org.apache.catalina.core.StandardEngineValve.invoke(StandardEngineValve.java:74)
		at org.apache.catalina.connector.CoyoteAdapter.service(CoyoteAdapter.java:346)
		at org.apache.coyote.http11.Http11Processor.service(Http11Processor.java:397)
		at org.apache.coyote.AbstractProcessorLight.process(AbstractProcessorLight.java:63)
		at org.apache.coyote.AbstractProtocol$ConnectionHandler.process(AbstractProtocol.java:935)
		at org.apache.tomcat.util.net.NioEndpoint$SocketProcessor.doRun(NioEndpoint.java:1826)
		at org.apache.tomcat.util.net.SocketProcessorBase.run(SocketProcessorBase.java:52)
		at org.apache.tomcat.util.threads.ThreadPoolExecutor.runWorker(ThreadPoolExecutor.java:1189)
		at org.apache.tomcat.util.threads.ThreadPoolExecutor$Worker.run(ThreadPoolExecutor.java:658)
		at org.apache.tomcat.util.threads.TaskThread$WrappingRunnable.run(TaskThread.java:63)
		at java.lang.Thread.run(Thread.java:748)
09-Apr-2026 12:47:41.551 SEVERE [http-nio-8080-exec-99] org.apache.catalina.core.ApplicationDispatcher.invoke Servlet.service() for servlet [jsp] threw exception
	org.apache.el.parser.ParseException: Encountered " "?" "? "" at line 1, column 16.
Was expecting one of:
    "}" ...
    "." ...
    "(" ...
    "[" ...
    ";" ...
    ">" ...
    "gt" ...
    "<" ...
    "lt" ...
    ">=" ...
    "ge" ...
    "<=" ...
    "le" ...
    "==" ...
    "eq" ...
    "!=" ...
    "ne" ...
    "&&" ...
    "and" ...
    "||" ...
    "or" ...
    "*" ...
    "+" ...
    "-" ...
    "/" ...
    "div" ...
    "%" ...
    "mod" ...
    "+=" ...
    
		at org.apache.el.parser.ELParser.generateParseException(ELParser.java:4222)
		at org.apache.el.parser.ELParser.jj_consume_token(ELParser.java:4066)
		at org.apache.el.parser.ELParser.DynamicExpression(ELParser.java:177)
		at org.apache.el.parser.ELParser.CompositeExpression(ELParser.java:48)
		at org.apache.el.lang.ExpressionBuilder.createNodeInternal(ExpressionBuilder.java:108)
		at org.apache.el.lang.ExpressionBuilder.build(ExpressionBuilder.java:167)
		at org.apache.el.lang.ExpressionBuilder.createValueExpression(ExpressionBuilder.java:220)
		at org.apache.el.ExpressionFactoryImpl.createValueExpression(ExpressionFactoryImpl.java:62)
		at org.apache.jasper.compiler.Validator$ValidateVisitor.prepareExpression(Validator.java:1434)
		at org.apache.jasper.compiler.Validator$ValidateVisitor.visit(Validator.java:670)
		at org.apache.jasper.compiler.Node$ELExpression.accept(Node.java:885)
		at org.apache.jasper.compiler.Node$Nodes.visit(Node.java:2241)
		at org.apache.jasper.compiler.Node$Visitor.visitBody(Node.java:2297)
		at org.apache.jasper.compiler.Node$Visitor.visit(Node.java:2303)
		at org.apache.jasper.compiler.Node$Root.accept(Node.java:436)
		at org.apache.jasper.compiler.Node$Nodes.visit(Node.java:2241)
		at org.apache.jasper.compiler.Validator.validateExDirectives(Validator.java:1644)
		at org.apache.jasper.compiler.Compiler.generateJava(Compiler.java:210)
		at org.apache.jasper.compiler.Compiler.compile(Compiler.java:366)
		at org.apache.jasper.compiler.Compiler.compile(Compiler.java:344)
		at org.apache.jasper.compiler.Compiler.compile(Compiler.java:330)
		at org.apache.jasper.JspCompilationContext.compile(JspCompilationContext.java:591)
		at org.apache.jasper.servlet.JspServletWrapper.service(JspServletWrapper.java:379)
		at org.apache.jasper.servlet.JspServlet.serviceJspFile(JspServlet.java:356)
		at org.apache.jasper.servlet.JspServlet.service(JspServlet.java:307)
		at javax.servlet.http.HttpServlet.service(HttpServlet.java:623)
		at org.apache.catalina.core.ApplicationFilterChain.internalDoFilter(ApplicationFilterChain.java:199)
		at org.apache.catalina.core.ApplicationFilterChain.doFilter(ApplicationFilterChain.java:144)
		at org.apache.tomcat.websocket.server.WsFilter.doFilter(WsFilter.java:51)
		at org.apache.catalina.core.ApplicationFilterChain.internalDoFilter(ApplicationFilterChain.java:168)
		at org.apache.catalina.core.ApplicationFilterChain.doFilter(ApplicationFilterChain.java:144)
		at org.apache.catalina.core.ApplicationDispatcher.invoke(ApplicationDispatcher.java:621)
		at org.apache.catalina.core.ApplicationDispatcher.processRequest(ApplicationDispatcher.java:401)
		at org.apache.catalina.core.ApplicationDispatcher.doForward(ApplicationDispatcher.java:340)
		at org.apache.catalina.core.ApplicationDispatcher.forward(ApplicationDispatcher.java:285)
		at pms.controllers.WorkOrderController.processRequest(WorkOrderController.java:359)
		at pms.controllers.WorkOrderController.doGet(WorkOrderController.java:476)
		at javax.servlet.http.HttpServlet.service(HttpServlet.java:529)
		at javax.servlet.http.HttpServlet.service(HttpServlet.java:623)
		at org.apache.catalina.core.ApplicationFilterChain.internalDoFilter(ApplicationFilterChain.java:199)
		at org.apache.catalina.core.ApplicationFilterChain.doFilter(ApplicationFilterChain.java:144)
		at org.apache.tomcat.websocket.server.WsFilter.doFilter(WsFilter.java:51)
		at org.apache.catalina.core.ApplicationFilterChain.internalDoFilter(ApplicationFilterChain.java:168)
		at org.apache.catalina.core.ApplicationFilterChain.doFilter(ApplicationFilterChain.java:144)
		at pms.filter.TenantFilter.doFilter(TenantFilter.java:44)
		at org.apache.catalina.core.ApplicationFilterChain.internalDoFilter(ApplicationFilterChain.java:168)
		at org.apache.catalina.core.ApplicationFilterChain.doFilter(ApplicationFilterChain.java:144)
		at pms.filter.PaymentStatusFilter.doFilter(PaymentStatusFilter.java:69)
		at org.apache.catalina.core.ApplicationFilterChain.internalDoFilter(ApplicationFilterChain.java:168)
		at org.apache.catalina.core.ApplicationFilterChain.doFilter(ApplicationFilterChain.java:144)
		at pms.filter.AuthenticationFilter.doFilter(AuthenticationFilter.java:65)
		at org.apache.catalina.core.ApplicationFilterChain.internalDoFilter(ApplicationFilterChain.java:168)
		at org.apache.catalina.core.ApplicationFilterChain.doFilter(ApplicationFilterChain.java:144)
		at pms.filter.EncodingFilter.doFilter(EncodingFilter.java:43)
		at org.apache.catalina.core.ApplicationFilterChain.internalDoFilter(ApplicationFilterChain.java:168)
		at org.apache.catalina.core.ApplicationFilterChain.doFilter(ApplicationFilterChain.java:144)
		at org.apache.catalina.core.StandardWrapperValve.invoke(StandardWrapperValve.java:168)
		at org.apache.catalina.core.StandardContextValve.invoke(StandardContextValve.java:90)
		at org.apache.catalina.authenticator.AuthenticatorBase.invoke(AuthenticatorBase.java:482)
		at org.apache.catalina.core.StandardHostValve.invoke(StandardHostValve.java:130)
		at org.apache.catalina.valves.ErrorReportValve.invoke(ErrorReportValve.java:93)
		at org.apache.catalina.valves.AbstractAccessLogValve.invoke(AbstractAccessLogValve.java:656)
		at org.apache.catalina.core.StandardEngineValve.invoke(StandardEngineValve.java:74)
		at org.apache.catalina.connector.CoyoteAdapter.service(CoyoteAdapter.java:346)
		at org.apache.coyote.http11.Http11Processor.service(Http11Processor.java:397)
		at org.apache.coyote.AbstractProcessorLight.process(AbstractProcessorLight.java:63)
		at org.apache.coyote.AbstractProtocol$ConnectionHandler.process(AbstractProtocol.java:935)
		at org.apache.tomcat.util.net.NioEndpoint$SocketProcessor.doRun(NioEndpoint.java:1826)
		at org.apache.tomcat.util.net.SocketProcessorBase.run(SocketProcessorBase.java:52)
		at org.apache.tomcat.util.threads.ThreadPoolExecutor.runWorker(ThreadPoolExecutor.java:1189)
		at org.apache.tomcat.util.threads.ThreadPoolExecutor$Worker.run(ThreadPoolExecutor.java:658)
		at org.apache.tomcat.util.threads.TaskThread$WrappingRunnable.run(TaskThread.java:63)
		at java.lang.Thread.run(Thread.java:748)
09-Apr-2026 12:47:41.700 SEVERE [http-nio-8080-exec-99] org.apache.catalina.core.ApplicationDispatcher.invoke Servlet.service() for servlet [jsp] threw exception
	java.lang.ClassNotFoundException: org.apache.jsp.production_002dcalendar_jsp
		at java.net.URLClassLoader.findClass(URLClassLoader.java:381)
		at org.apache.jasper.servlet.JasperLoader.loadClass(JasperLoader.java:119)
		at org.apache.jasper.servlet.JasperLoader.loadClass(JasperLoader.java:56)
		at org.apache.catalina.core.DefaultInstanceManager.newInstance(DefaultInstanceManager.java:150)
		at org.apache.jasper.servlet.JspServletWrapper.getServlet(JspServletWrapper.java:174)
		at org.apache.jasper.servlet.JspServletWrapper.service(JspServletWrapper.java:393)
		at org.apache.jasper.servlet.JspServlet.serviceJspFile(JspServlet.java:356)
		at org.apache.jasper.servlet.JspServlet.service(JspServlet.java:307)
		at javax.servlet.http.HttpServlet.service(HttpServlet.java:623)
		at org.apache.catalina.core.ApplicationFilterChain.internalDoFilter(ApplicationFilterChain.java:199)
		at org.apache.catalina.core.ApplicationFilterChain.doFilter(ApplicationFilterChain.java:144)
		at org.apache.tomcat.websocket.server.WsFilter.doFilter(WsFilter.java:51)
		at org.apache.catalina.core.ApplicationFilterChain.internalDoFilter(ApplicationFilterChain.java:168)
		at org.apache.catalina.core.ApplicationFilterChain.doFilter(ApplicationFilterChain.java:144)
		at org.apache.catalina.core.ApplicationDispatcher.invoke(ApplicationDispatcher.java:621)
		at org.apache.catalina.core.ApplicationDispatcher.processRequest(ApplicationDispatcher.java:401)
		at org.apache.catalina.core.ApplicationDispatcher.doForward(ApplicationDispatcher.java:340)
		at org.apache.catalina.core.ApplicationDispatcher.forward(ApplicationDispatcher.java:285)
		at pms.controllers.WorkOrderController.processRequest(WorkOrderController.java:372)
		at pms.controllers.WorkOrderController.doGet(WorkOrderController.java:476)
		at javax.servlet.http.HttpServlet.service(HttpServlet.java:529)
		at javax.servlet.http.HttpServlet.service(HttpServlet.java:623)
		at org.apache.catalina.core.ApplicationFilterChain.internalDoFilter(ApplicationFilterChain.java:199)
		at org.apache.catalina.core.ApplicationFilterChain.doFilter(ApplicationFilterChain.java:144)
		at org.apache.tomcat.websocket.server.WsFilter.doFilter(WsFilter.java:51)
		at org.apache.catalina.core.ApplicationFilterChain.internalDoFilter(ApplicationFilterChain.java:168)
		at org.apache.catalina.core.ApplicationFilterChain.doFilter(ApplicationFilterChain.java:144)
		at pms.filter.TenantFilter.doFilter(TenantFilter.java:44)
		at org.apache.catalina.core.ApplicationFilterChain.internalDoFilter(ApplicationFilterChain.java:168)
		at org.apache.catalina.core.ApplicationFilterChain.doFilter(ApplicationFilterChain.java:144)
		at pms.filter.PaymentStatusFilter.doFilter(PaymentStatusFilter.java:69)
		at org.apache.catalina.core.ApplicationFilterChain.internalDoFilter(ApplicationFilterChain.java:168)
		at org.apache.catalina.core.ApplicationFilterChain.doFilter(ApplicationFilterChain.java:144)
		at pms.filter.AuthenticationFilter.doFilter(AuthenticationFilter.java:65)
		at org.apache.catalina.core.ApplicationFilterChain.internalDoFilter(ApplicationFilterChain.java:168)
		at org.apache.catalina.core.ApplicationFilterChain.doFilter(ApplicationFilterChain.java:144)
		at pms.filter.EncodingFilter.doFilter(EncodingFilter.java:43)
		at org.apache.catalina.core.ApplicationFilterChain.internalDoFilter(ApplicationFilterChain.java:168)
		at org.apache.catalina.core.ApplicationFilterChain.doFilter(ApplicationFilterChain.java:144)
		at org.apache.catalina.core.StandardWrapperValve.invoke(StandardWrapperValve.java:168)
		at org.apache.catalina.core.StandardContextValve.invoke(StandardContextValve.java:90)
		at org.apache.catalina.authenticator.AuthenticatorBase.invoke(AuthenticatorBase.java:482)
		at org.apache.catalina.core.StandardHostValve.invoke(StandardHostValve.java:130)
		at org.apache.catalina.valves.ErrorReportValve.invoke(ErrorReportValve.java:93)
		at org.apache.catalina.valves.AbstractAccessLogValve.invoke(AbstractAccessLogValve.java:656)
		at org.apache.catalina.core.StandardEngineValve.invoke(StandardEngineValve.java:74)
		at org.apache.catalina.connector.CoyoteAdapter.service(CoyoteAdapter.java:346)
		at org.apache.coyote.http11.Http11Processor.service(Http11Processor.java:397)
		at org.apache.coyote.AbstractProcessorLight.process(AbstractProcessorLight.java:63)
		at org.apache.coyote.AbstractProtocol$ConnectionHandler.process(AbstractProtocol.java:935)
		at org.apache.tomcat.util.net.NioEndpoint$SocketProcessor.doRun(NioEndpoint.java:1826)
		at org.apache.tomcat.util.net.SocketProcessorBase.run(SocketProcessorBase.java:52)
		at org.apache.tomcat.util.threads.ThreadPoolExecutor.runWorker(ThreadPoolExecutor.java:1189)
		at org.apache.tomcat.util.threads.ThreadPoolExecutor$Worker.run(ThreadPoolExecutor.java:658)
		at org.apache.tomcat.util.threads.TaskThread$WrappingRunnable.run(TaskThread.java:63)
		at java.lang.Thread.run(Thread.java:748)
09-Apr-2026 12:47:41.700 SEVERE [http-nio-8080-exec-99] org.apache.catalina.core.StandardWrapperValve.invoke Servlet.service() for servlet [WorkOrderController] in context with path [/production-management-system] threw exception [org.apache.jasper.JasperException: java.lang.ClassNotFoundException: org.apache.jsp.production_002dcalendar_jsp] with root cause
	java.lang.ClassNotFoundException: org.apache.jsp.production_002dcalendar_jsp
		at java.net.URLClassLoader.findClass(URLClassLoader.java:381)
		at org.apache.jasper.servlet.JasperLoader.loadClass(JasperLoader.java:119)
		at org.apache.jasper.servlet.JasperLoader.loadClass(JasperLoader.java:56)
		at org.apache.catalina.core.DefaultInstanceManager.newInstance(DefaultInstanceManager.java:150)
		at org.apache.jasper.servlet.JspServletWrapper.getServlet(JspServletWrapper.java:174)
		at org.apache.jasper.servlet.JspServletWrapper.service(JspServletWrapper.java:393)
		at org.apache.jasper.servlet.JspServlet.serviceJspFile(JspServlet.java:356)
		at org.apache.jasper.servlet.JspServlet.service(JspServlet.java:307)
		at javax.servlet.http.HttpServlet.service(HttpServlet.java:623)
		at org.apache.catalina.core.ApplicationFilterChain.internalDoFilter(ApplicationFilterChain.java:199)
		at org.apache.catalina.core.ApplicationFilterChain.doFilter(ApplicationFilterChain.java:144)
		at org.apache.tomcat.websocket.server.WsFilter.doFilter(WsFilter.java:51)
		at org.apache.catalina.core.ApplicationFilterChain.internalDoFilter(ApplicationFilterChain.java:168)
		at org.apache.catalina.core.ApplicationFilterChain.doFilter(ApplicationFilterChain.java:144)
		at org.apache.catalina.core.ApplicationDispatcher.invoke(ApplicationDispatcher.java:621)
		at org.apache.catalina.core.ApplicationDispatcher.processRequest(ApplicationDispatcher.java:401)
		at org.apache.catalina.core.ApplicationDispatcher.doForward(ApplicationDispatcher.java:340)
		at org.apache.catalina.core.ApplicationDispatcher.forward(ApplicationDispatcher.java:285)
		at pms.controllers.WorkOrderController.processRequest(WorkOrderController.java:372)
		at pms.controllers.WorkOrderController.doGet(WorkOrderController.java:476)
		at javax.servlet.http.HttpServlet.service(HttpServlet.java:529)
		at javax.servlet.http.HttpServlet.service(HttpServlet.java:623)
		at org.apache.catalina.core.ApplicationFilterChain.internalDoFilter(ApplicationFilterChain.java:199)
		at org.apache.catalina.core.ApplicationFilterChain.doFilter(ApplicationFilterChain.java:144)
		at org.apache.tomcat.websocket.server.WsFilter.doFilter(WsFilter.java:51)
		at org.apache.catalina.core.ApplicationFilterChain.internalDoFilter(ApplicationFilterChain.java:168)
		at org.apache.catalina.core.ApplicationFilterChain.doFilter(ApplicationFilterChain.java:144)
		at pms.filter.TenantFilter.doFilter(TenantFilter.java:44)
		at org.apache.catalina.core.ApplicationFilterChain.internalDoFilter(ApplicationFilterChain.java:168)
		at org.apache.catalina.core.ApplicationFilterChain.doFilter(ApplicationFilterChain.java:144)
		at pms.filter.PaymentStatusFilter.doFilter(PaymentStatusFilter.java:69)
		at org.apache.catalina.core.ApplicationFilterChain.internalDoFilter(ApplicationFilterChain.java:168)
		at org.apache.catalina.core.ApplicationFilterChain.doFilter(ApplicationFilterChain.java:144)
		at pms.filter.AuthenticationFilter.doFilter(AuthenticationFilter.java:65)
		at org.apache.catalina.core.ApplicationFilterChain.internalDoFilter(ApplicationFilterChain.java:168)
		at org.apache.catalina.core.ApplicationFilterChain.doFilter(ApplicationFilterChain.java:144)
		at pms.filter.EncodingFilter.doFilter(EncodingFilter.java:43)
		at org.apache.catalina.core.ApplicationFilterChain.internalDoFilter(ApplicationFilterChain.java:168)
		at org.apache.catalina.core.ApplicationFilterChain.doFilter(ApplicationFilterChain.java:144)
		at org.apache.catalina.core.StandardWrapperValve.invoke(StandardWrapperValve.java:168)
		at org.apache.catalina.core.StandardContextValve.invoke(StandardContextValve.java:90)
		at org.apache.catalina.authenticator.AuthenticatorBase.invoke(AuthenticatorBase.java:482)
		at org.apache.catalina.core.StandardHostValve.invoke(StandardHostValve.java:130)
		at org.apache.catalina.valves.ErrorReportValve.invoke(ErrorReportValve.java:93)
		at org.apache.catalina.valves.AbstractAccessLogValve.invoke(AbstractAccessLogValve.java:656)
		at org.apache.catalina.core.StandardEngineValve.invoke(StandardEngineValve.java:74)
		at org.apache.catalina.connector.CoyoteAdapter.service(CoyoteAdapter.java:346)
		at org.apache.coyote.http11.Http11Processor.service(Http11Processor.java:397)
		at org.apache.coyote.AbstractProcessorLight.process(AbstractProcessorLight.java:63)
		at org.apache.coyote.AbstractProtocol$ConnectionHandler.process(AbstractProtocol.java:935)
		at org.apache.tomcat.util.net.NioEndpoint$SocketProcessor.doRun(NioEndpoint.java:1826)
		at org.apache.tomcat.util.net.SocketProcessorBase.run(SocketProcessorBase.java:52)
		at org.apache.tomcat.util.threads.ThreadPoolExecutor.runWorker(ThreadPoolExecutor.java:1189)
		at org.apache.tomcat.util.threads.ThreadPoolExecutor$Worker.run(ThreadPoolExecutor.java:658)
		at org.apache.tomcat.util.threads.TaskThread$WrappingRunnable.run(TaskThread.java:63)
		at java.lang.Thread.run(Thread.java:748)
09-Apr-2026 12:49:06.965 WARNING [http-nio-8080-exec-103] org.apache.catalina.session.StandardSession.doWriteObject Cannot serialize session attribute [eList] for session [E53AF1200FD364D69EE8F00AC06F6A5E]
	java.io.NotSerializableException: pms.model.UserDTO
		at java.io.ObjectOutputStream.writeObject0(ObjectOutputStream.java:1184)
		at java.io.ObjectOutputStream.writeObject(ObjectOutputStream.java:348)
		at java.util.ArrayList.writeObject(ArrayList.java:766)
		at sun.reflect.GeneratedMethodAccessor61.invoke(Unknown Source)
		at sun.reflect.DelegatingMethodAccessorImpl.invoke(DelegatingMethodAccessorImpl.java:43)
		at java.lang.reflect.Method.invoke(Method.java:498)
		at java.io.ObjectStreamClass.invokeWriteObject(ObjectStreamClass.java:1128)
		at java.io.ObjectOutputStream.writeSerialData(ObjectOutputStream.java:1496)
		at java.io.ObjectOutputStream.writeOrdinaryObject(ObjectOutputStream.java:1432)
		at java.io.ObjectOutputStream.writeObject0(ObjectOutputStream.java:1178)
		at java.io.ObjectOutputStream.writeObject(ObjectOutputStream.java:348)
		at org.apache.catalina.session.StandardSession.doWriteObject(StandardSession.java:1376)
		at org.apache.catalina.session.StandardSession.writeObjectData(StandardSession.java:852)
		at org.apache.catalina.session.StandardManager.doUnload(StandardManager.java:306)
		at org.apache.catalina.session.StandardManager.unload(StandardManager.java:258)
		at org.apache.catalina.session.StandardManager.stopInternal(StandardManager.java:373)
		at org.apache.catalina.util.LifecycleBase.stop(LifecycleBase.java:235)
		at org.apache.catalina.core.StandardContext.stopInternal(StandardContext.java:4723)
		at org.apache.catalina.util.LifecycleBase.stop(LifecycleBase.java:235)
		at org.apache.catalina.manager.ManagerServlet.undeploy(ManagerServlet.java:1404)
		at org.apache.catalina.manager.ManagerServlet.doGet(ManagerServlet.java:332)
		at javax.servlet.http.HttpServlet.service(HttpServlet.java:529)
		at javax.servlet.http.HttpServlet.service(HttpServlet.java:623)
		at org.apache.catalina.core.ApplicationFilterChain.internalDoFilter(ApplicationFilterChain.java:199)
		at org.apache.catalina.core.ApplicationFilterChain.doFilter(ApplicationFilterChain.java:144)
		at org.apache.tomcat.websocket.server.WsFilter.doFilter(WsFilter.java:51)
		at org.apache.catalina.core.ApplicationFilterChain.internalDoFilter(ApplicationFilterChain.java:168)
		at org.apache.catalina.core.ApplicationFilterChain.doFilter(ApplicationFilterChain.java:144)
		at org.apache.catalina.filters.HttpHeaderSecurityFilter.doFilter(HttpHeaderSecurityFilter.java:129)
		at org.apache.catalina.core.ApplicationFilterChain.internalDoFilter(ApplicationFilterChain.java:168)
		at org.apache.catalina.core.ApplicationFilterChain.doFilter(ApplicationFilterChain.java:144)
		at org.apache.catalina.core.StandardWrapperValve.invoke(StandardWrapperValve.java:168)
		at org.apache.catalina.core.StandardContextValve.invoke(StandardContextValve.java:90)
		at org.apache.catalina.authenticator.AuthenticatorBase.invoke(AuthenticatorBase.java:597)
		at org.apache.catalina.valves.RequestFilterValve.process(RequestFilterValve.java:354)
		at org.apache.catalina.valves.RemoteAddrValve.invoke(RemoteAddrValve.java:54)
		at org.apache.catalina.core.StandardHostValve.invoke(StandardHostValve.java:130)
		at org.apache.catalina.valves.ErrorReportValve.invoke(ErrorReportValve.java:93)
		at org.apache.catalina.valves.AbstractAccessLogValve.invoke(AbstractAccessLogValve.java:656)
		at org.apache.catalina.core.StandardEngineValve.invoke(StandardEngineValve.java:74)
		at org.apache.catalina.connector.CoyoteAdapter.service(CoyoteAdapter.java:346)
		at org.apache.coyote.http11.Http11Processor.service(Http11Processor.java:397)
		at org.apache.coyote.AbstractProcessorLight.process(AbstractProcessorLight.java:63)
		at org.apache.coyote.AbstractProtocol$ConnectionHandler.process(AbstractProtocol.java:935)
		at org.apache.tomcat.util.net.NioEndpoint$SocketProcessor.doRun(NioEndpoint.java:1826)
		at org.apache.tomcat.util.net.SocketProcessorBase.run(SocketProcessorBase.java:52)
		at org.apache.tomcat.util.threads.ThreadPoolExecutor.runWorker(ThreadPoolExecutor.java:1189)
		at org.apache.tomcat.util.threads.ThreadPoolExecutor$Worker.run(ThreadPoolExecutor.java:658)
		at org.apache.tomcat.util.threads.TaskThread$WrappingRunnable.run(TaskThread.java:63)
		at java.lang.Thread.run(Thread.java:748)
09-Apr-2026 14:04:16.177 WARNING [http-nio-8080-exec-190] org.apache.catalina.session.StandardSession.doWriteObject Cannot serialize session attribute [eList] for session [60602FABAECAE53E68D4A95E6B948ABF]
	java.io.NotSerializableException: pms.model.UserDTO
		at java.io.ObjectOutputStream.writeObject0(ObjectOutputStream.java:1184)
		at java.io.ObjectOutputStream.writeObject(ObjectOutputStream.java:348)
		at java.util.ArrayList.writeObject(ArrayList.java:766)
		at sun.reflect.GeneratedMethodAccessor61.invoke(Unknown Source)
		at sun.reflect.DelegatingMethodAccessorImpl.invoke(DelegatingMethodAccessorImpl.java:43)
		at java.lang.reflect.Method.invoke(Method.java:498)
		at java.io.ObjectStreamClass.invokeWriteObject(ObjectStreamClass.java:1128)
		at java.io.ObjectOutputStream.writeSerialData(ObjectOutputStream.java:1496)
		at java.io.ObjectOutputStream.writeOrdinaryObject(ObjectOutputStream.java:1432)
		at java.io.ObjectOutputStream.writeObject0(ObjectOutputStream.java:1178)
		at java.io.ObjectOutputStream.writeObject(ObjectOutputStream.java:348)
		at org.apache.catalina.session.StandardSession.doWriteObject(StandardSession.java:1376)
		at org.apache.catalina.session.StandardSession.writeObjectData(StandardSession.java:852)
		at org.apache.catalina.session.StandardManager.doUnload(StandardManager.java:306)
		at org.apache.catalina.session.StandardManager.unload(StandardManager.java:258)
		at org.apache.catalina.session.StandardManager.stopInternal(StandardManager.java:373)
		at org.apache.catalina.util.LifecycleBase.stop(LifecycleBase.java:235)
		at org.apache.catalina.core.StandardContext.stopInternal(StandardContext.java:4723)
		at org.apache.catalina.util.LifecycleBase.stop(LifecycleBase.java:235)
		at org.apache.catalina.core.StandardContext.reload(StandardContext.java:3260)
		at org.apache.catalina.manager.ManagerServlet.reload(ManagerServlet.java:1033)
		at org.apache.catalina.manager.ManagerServlet.doGet(ManagerServlet.java:316)
		at javax.servlet.http.HttpServlet.service(HttpServlet.java:529)
		at javax.servlet.http.HttpServlet.service(HttpServlet.java:623)
		at org.apache.catalina.core.ApplicationFilterChain.internalDoFilter(ApplicationFilterChain.java:199)
		at org.apache.catalina.core.ApplicationFilterChain.doFilter(ApplicationFilterChain.java:144)
		at org.apache.tomcat.websocket.server.WsFilter.doFilter(WsFilter.java:51)
		at org.apache.catalina.core.ApplicationFilterChain.internalDoFilter(ApplicationFilterChain.java:168)
		at org.apache.catalina.core.ApplicationFilterChain.doFilter(ApplicationFilterChain.java:144)
		at org.apache.catalina.filters.HttpHeaderSecurityFilter.doFilter(HttpHeaderSecurityFilter.java:129)
		at org.apache.catalina.core.ApplicationFilterChain.internalDoFilter(ApplicationFilterChain.java:168)
		at org.apache.catalina.core.ApplicationFilterChain.doFilter(ApplicationFilterChain.java:144)
		at org.apache.catalina.core.StandardWrapperValve.invoke(StandardWrapperValve.java:168)
		at org.apache.catalina.core.StandardContextValve.invoke(StandardContextValve.java:90)
		at org.apache.catalina.authenticator.AuthenticatorBase.invoke(AuthenticatorBase.java:597)
		at org.apache.catalina.valves.RequestFilterValve.process(RequestFilterValve.java:354)
		at org.apache.catalina.valves.RemoteAddrValve.invoke(RemoteAddrValve.java:54)
		at org.apache.catalina.core.StandardHostValve.invoke(StandardHostValve.java:130)
		at org.apache.catalina.valves.ErrorReportValve.invoke(ErrorReportValve.java:93)
		at org.apache.catalina.valves.AbstractAccessLogValve.invoke(AbstractAccessLogValve.java:656)
		at org.apache.catalina.core.StandardEngineValve.invoke(StandardEngineValve.java:74)
		at org.apache.catalina.connector.CoyoteAdapter.service(CoyoteAdapter.java:346)
		at org.apache.coyote.http11.Http11Processor.service(Http11Processor.java:397)
		at org.apache.coyote.AbstractProcessorLight.process(AbstractProcessorLight.java:63)
		at org.apache.coyote.AbstractProtocol$ConnectionHandler.process(AbstractProtocol.java:935)
		at org.apache.tomcat.util.net.NioEndpoint$SocketProcessor.doRun(NioEndpoint.java:1826)
		at org.apache.tomcat.util.net.SocketProcessorBase.run(SocketProcessorBase.java:52)
		at org.apache.tomcat.util.threads.ThreadPoolExecutor.runWorker(ThreadPoolExecutor.java:1189)
		at org.apache.tomcat.util.threads.ThreadPoolExecutor$Worker.run(ThreadPoolExecutor.java:658)
		at org.apache.tomcat.util.threads.TaskThread$WrappingRunnable.run(TaskThread.java:63)
		at java.lang.Thread.run(Thread.java:748)
09-Apr-2026 14:04:16.939 WARNING [http-nio-8080-exec-190] org.apache.catalina.session.StandardSession.doReadObject Cannot deserialize session attribute [eList] for session [60602FABAECAE53E68D4A95E6B948ABF]
09-Apr-2026 14:26:38.307 WARNING [http-nio-8080-exec-224] org.apache.catalina.session.StandardSession.doWriteObject Cannot serialize session attribute [eList] for session [7FCB2F13BFFE5D0222C7F4B5F73C812B]
	java.io.NotSerializableException: pms.model.UserDTO
		at java.io.ObjectOutputStream.writeObject0(ObjectOutputStream.java:1184)
		at java.io.ObjectOutputStream.writeObject(ObjectOutputStream.java:348)
		at java.util.ArrayList.writeObject(ArrayList.java:766)
		at sun.reflect.GeneratedMethodAccessor61.invoke(Unknown Source)
		at sun.reflect.DelegatingMethodAccessorImpl.invoke(DelegatingMethodAccessorImpl.java:43)
		at java.lang.reflect.Method.invoke(Method.java:498)
		at java.io.ObjectStreamClass.invokeWriteObject(ObjectStreamClass.java:1128)
		at java.io.ObjectOutputStream.writeSerialData(ObjectOutputStream.java:1496)
		at java.io.ObjectOutputStream.writeOrdinaryObject(ObjectOutputStream.java:1432)
		at java.io.ObjectOutputStream.writeObject0(ObjectOutputStream.java:1178)
		at java.io.ObjectOutputStream.writeObject(ObjectOutputStream.java:348)
		at org.apache.catalina.session.StandardSession.doWriteObject(StandardSession.java:1376)
		at org.apache.catalina.session.StandardSession.writeObjectData(StandardSession.java:852)
		at org.apache.catalina.session.StandardManager.doUnload(StandardManager.java:306)
		at org.apache.catalina.session.StandardManager.unload(StandardManager.java:258)
		at org.apache.catalina.session.StandardManager.stopInternal(StandardManager.java:373)
		at org.apache.catalina.util.LifecycleBase.stop(LifecycleBase.java:235)
		at org.apache.catalina.core.StandardContext.stopInternal(StandardContext.java:4723)
		at org.apache.catalina.util.LifecycleBase.stop(LifecycleBase.java:235)
		at org.apache.catalina.core.StandardContext.reload(StandardContext.java:3260)
		at org.apache.catalina.manager.ManagerServlet.reload(ManagerServlet.java:1033)
		at org.apache.catalina.manager.ManagerServlet.doGet(ManagerServlet.java:316)
		at javax.servlet.http.HttpServlet.service(HttpServlet.java:529)
		at javax.servlet.http.HttpServlet.service(HttpServlet.java:623)
		at org.apache.catalina.core.ApplicationFilterChain.internalDoFilter(ApplicationFilterChain.java:199)
		at org.apache.catalina.core.ApplicationFilterChain.doFilter(ApplicationFilterChain.java:144)
		at org.apache.tomcat.websocket.server.WsFilter.doFilter(WsFilter.java:51)
		at org.apache.catalina.core.ApplicationFilterChain.internalDoFilter(ApplicationFilterChain.java:168)
		at org.apache.catalina.core.ApplicationFilterChain.doFilter(ApplicationFilterChain.java:144)
		at org.apache.catalina.filters.HttpHeaderSecurityFilter.doFilter(HttpHeaderSecurityFilter.java:129)
		at org.apache.catalina.core.ApplicationFilterChain.internalDoFilter(ApplicationFilterChain.java:168)
		at org.apache.catalina.core.ApplicationFilterChain.doFilter(ApplicationFilterChain.java:144)
		at org.apache.catalina.core.StandardWrapperValve.invoke(StandardWrapperValve.java:168)
		at org.apache.catalina.core.StandardContextValve.invoke(StandardContextValve.java:90)
		at org.apache.catalina.authenticator.AuthenticatorBase.invoke(AuthenticatorBase.java:597)
		at org.apache.catalina.valves.RequestFilterValve.process(RequestFilterValve.java:354)
		at org.apache.catalina.valves.RemoteAddrValve.invoke(RemoteAddrValve.java:54)
		at org.apache.catalina.core.StandardHostValve.invoke(StandardHostValve.java:130)
		at org.apache.catalina.valves.ErrorReportValve.invoke(ErrorReportValve.java:93)
		at org.apache.catalina.valves.AbstractAccessLogValve.invoke(AbstractAccessLogValve.java:656)
		at org.apache.catalina.core.StandardEngineValve.invoke(StandardEngineValve.java:74)
		at org.apache.catalina.connector.CoyoteAdapter.service(CoyoteAdapter.java:346)
		at org.apache.coyote.http11.Http11Processor.service(Http11Processor.java:397)
		at org.apache.coyote.AbstractProcessorLight.process(AbstractProcessorLight.java:63)
		at org.apache.coyote.AbstractProtocol$ConnectionHandler.process(AbstractProtocol.java:935)
		at org.apache.tomcat.util.net.NioEndpoint$SocketProcessor.doRun(NioEndpoint.java:1826)
		at org.apache.tomcat.util.net.SocketProcessorBase.run(SocketProcessorBase.java:52)
		at org.apache.tomcat.util.threads.ThreadPoolExecutor.runWorker(ThreadPoolExecutor.java:1189)
		at org.apache.tomcat.util.threads.ThreadPoolExecutor$Worker.run(ThreadPoolExecutor.java:658)
		at org.apache.tomcat.util.threads.TaskThread$WrappingRunnable.run(TaskThread.java:63)
		at java.lang.Thread.run(Thread.java:748)
09-Apr-2026 14:26:39.025 WARNING [http-nio-8080-exec-224] org.apache.catalina.session.StandardSession.doReadObject Cannot deserialize session attribute [eList] for session [7FCB2F13BFFE5D0222C7F4B5F73C812B]
09-Apr-2026 14:34:31.846 WARNING [http-nio-8080-exec-233] org.apache.catalina.session.StandardSession.doWriteObject Cannot serialize session attribute [eList] for session [E51A9539752D6BB2D2A444C8D265F5D5]
	java.io.NotSerializableException: pms.model.UserDTO
		at java.io.ObjectOutputStream.writeObject0(ObjectOutputStream.java:1184)
		at java.io.ObjectOutputStream.writeObject(ObjectOutputStream.java:348)
		at java.util.ArrayList.writeObject(ArrayList.java:766)
		at sun.reflect.GeneratedMethodAccessor61.invoke(Unknown Source)
		at sun.reflect.DelegatingMethodAccessorImpl.invoke(DelegatingMethodAccessorImpl.java:43)
		at java.lang.reflect.Method.invoke(Method.java:498)
		at java.io.ObjectStreamClass.invokeWriteObject(ObjectStreamClass.java:1128)
		at java.io.ObjectOutputStream.writeSerialData(ObjectOutputStream.java:1496)
		at java.io.ObjectOutputStream.writeOrdinaryObject(ObjectOutputStream.java:1432)
		at java.io.ObjectOutputStream.writeObject0(ObjectOutputStream.java:1178)
		at java.io.ObjectOutputStream.writeObject(ObjectOutputStream.java:348)
		at org.apache.catalina.session.StandardSession.doWriteObject(StandardSession.java:1376)
		at org.apache.catalina.session.StandardSession.writeObjectData(StandardSession.java:852)
		at org.apache.catalina.session.StandardManager.doUnload(StandardManager.java:306)
		at org.apache.catalina.session.StandardManager.unload(StandardManager.java:258)
		at org.apache.catalina.session.StandardManager.stopInternal(StandardManager.java:373)
		at org.apache.catalina.util.LifecycleBase.stop(LifecycleBase.java:235)
		at org.apache.catalina.core.StandardContext.stopInternal(StandardContext.java:4723)
		at org.apache.catalina.util.LifecycleBase.stop(LifecycleBase.java:235)
		at org.apache.catalina.core.StandardContext.reload(StandardContext.java:3260)
		at org.apache.catalina.manager.ManagerServlet.reload(ManagerServlet.java:1033)
		at org.apache.catalina.manager.ManagerServlet.doGet(ManagerServlet.java:316)
		at javax.servlet.http.HttpServlet.service(HttpServlet.java:529)
		at javax.servlet.http.HttpServlet.service(HttpServlet.java:623)
		at org.apache.catalina.core.ApplicationFilterChain.internalDoFilter(ApplicationFilterChain.java:199)
		at org.apache.catalina.core.ApplicationFilterChain.doFilter(ApplicationFilterChain.java:144)
		at org.apache.tomcat.websocket.server.WsFilter.doFilter(WsFilter.java:51)
		at org.apache.catalina.core.ApplicationFilterChain.internalDoFilter(ApplicationFilterChain.java:168)
		at org.apache.catalina.core.ApplicationFilterChain.doFilter(ApplicationFilterChain.java:144)
		at org.apache.catalina.filters.HttpHeaderSecurityFilter.doFilter(HttpHeaderSecurityFilter.java:129)
		at org.apache.catalina.core.ApplicationFilterChain.internalDoFilter(ApplicationFilterChain.java:168)
		at org.apache.catalina.core.ApplicationFilterChain.doFilter(ApplicationFilterChain.java:144)
		at org.apache.catalina.core.StandardWrapperValve.invoke(StandardWrapperValve.java:168)
		at org.apache.catalina.core.StandardContextValve.invoke(StandardContextValve.java:90)
		at org.apache.catalina.authenticator.AuthenticatorBase.invoke(AuthenticatorBase.java:597)
		at org.apache.catalina.valves.RequestFilterValve.process(RequestFilterValve.java:354)
		at org.apache.catalina.valves.RemoteAddrValve.invoke(RemoteAddrValve.java:54)
		at org.apache.catalina.core.StandardHostValve.invoke(StandardHostValve.java:130)
		at org.apache.catalina.valves.ErrorReportValve.invoke(ErrorReportValve.java:93)
		at org.apache.catalina.valves.AbstractAccessLogValve.invoke(AbstractAccessLogValve.java:656)
		at org.apache.catalina.core.StandardEngineValve.invoke(StandardEngineValve.java:74)
		at org.apache.catalina.connector.CoyoteAdapter.service(CoyoteAdapter.java:346)
		at org.apache.coyote.http11.Http11Processor.service(Http11Processor.java:397)
		at org.apache.coyote.AbstractProcessorLight.process(AbstractProcessorLight.java:63)
		at org.apache.coyote.AbstractProtocol$ConnectionHandler.process(AbstractProtocol.java:935)
		at org.apache.tomcat.util.net.NioEndpoint$SocketProcessor.doRun(NioEndpoint.java:1826)
		at org.apache.tomcat.util.net.SocketProcessorBase.run(SocketProcessorBase.java:52)
		at org.apache.tomcat.util.threads.ThreadPoolExecutor.runWorker(ThreadPoolExecutor.java:1189)
		at org.apache.tomcat.util.threads.ThreadPoolExecutor$Worker.run(ThreadPoolExecutor.java:658)
		at org.apache.tomcat.util.threads.TaskThread$WrappingRunnable.run(TaskThread.java:63)
		at java.lang.Thread.run(Thread.java:748)
09-Apr-2026 14:34:32.370 WARNING [http-nio-8080-exec-233] org.apache.catalina.session.StandardSession.doReadObject Cannot deserialize session attribute [eList] for session [E51A9539752D6BB2D2A444C8D265F5D5]
09-Apr-2026 14:49:18.172 WARNING [http-nio-8080-exec-246] org.apache.catalina.session.StandardSession.doWriteObject Cannot serialize session attribute [eList] for session [2163D9D6524120246A19E9F525F768DF]
	java.io.NotSerializableException: pms.model.UserDTO
		at java.io.ObjectOutputStream.writeObject0(ObjectOutputStream.java:1184)
		at java.io.ObjectOutputStream.writeObject(ObjectOutputStream.java:348)
		at java.util.ArrayList.writeObject(ArrayList.java:766)
		at sun.reflect.GeneratedMethodAccessor61.invoke(Unknown Source)
		at sun.reflect.DelegatingMethodAccessorImpl.invoke(DelegatingMethodAccessorImpl.java:43)
		at java.lang.reflect.Method.invoke(Method.java:498)
		at java.io.ObjectStreamClass.invokeWriteObject(ObjectStreamClass.java:1128)
		at java.io.ObjectOutputStream.writeSerialData(ObjectOutputStream.java:1496)
		at java.io.ObjectOutputStream.writeOrdinaryObject(ObjectOutputStream.java:1432)
		at java.io.ObjectOutputStream.writeObject0(ObjectOutputStream.java:1178)
		at java.io.ObjectOutputStream.writeObject(ObjectOutputStream.java:348)
		at org.apache.catalina.session.StandardSession.doWriteObject(StandardSession.java:1376)
		at org.apache.catalina.session.StandardSession.writeObjectData(StandardSession.java:852)
		at org.apache.catalina.session.StandardManager.doUnload(StandardManager.java:306)
		at org.apache.catalina.session.StandardManager.unload(StandardManager.java:258)
		at org.apache.catalina.session.StandardManager.stopInternal(StandardManager.java:373)
		at org.apache.catalina.util.LifecycleBase.stop(LifecycleBase.java:235)
		at org.apache.catalina.core.StandardContext.stopInternal(StandardContext.java:4723)
		at org.apache.catalina.util.LifecycleBase.stop(LifecycleBase.java:235)
		at org.apache.catalina.core.StandardContext.reload(StandardContext.java:3260)
		at org.apache.catalina.manager.ManagerServlet.reload(ManagerServlet.java:1033)
		at org.apache.catalina.manager.ManagerServlet.doGet(ManagerServlet.java:316)
		at javax.servlet.http.HttpServlet.service(HttpServlet.java:529)
		at javax.servlet.http.HttpServlet.service(HttpServlet.java:623)
		at org.apache.catalina.core.ApplicationFilterChain.internalDoFilter(ApplicationFilterChain.java:199)
		at org.apache.catalina.core.ApplicationFilterChain.doFilter(ApplicationFilterChain.java:144)
		at org.apache.tomcat.websocket.server.WsFilter.doFilter(WsFilter.java:51)
		at org.apache.catalina.core.ApplicationFilterChain.internalDoFilter(ApplicationFilterChain.java:168)
		at org.apache.catalina.core.ApplicationFilterChain.doFilter(ApplicationFilterChain.java:144)
		at org.apache.catalina.filters.HttpHeaderSecurityFilter.doFilter(HttpHeaderSecurityFilter.java:129)
		at org.apache.catalina.core.ApplicationFilterChain.internalDoFilter(ApplicationFilterChain.java:168)
		at org.apache.catalina.core.ApplicationFilterChain.doFilter(ApplicationFilterChain.java:144)
		at org.apache.catalina.core.StandardWrapperValve.invoke(StandardWrapperValve.java:168)
		at org.apache.catalina.core.StandardContextValve.invoke(StandardContextValve.java:90)
		at org.apache.catalina.authenticator.AuthenticatorBase.invoke(AuthenticatorBase.java:597)
		at org.apache.catalina.valves.RequestFilterValve.process(RequestFilterValve.java:354)
		at org.apache.catalina.valves.RemoteAddrValve.invoke(RemoteAddrValve.java:54)
		at org.apache.catalina.core.StandardHostValve.invoke(StandardHostValve.java:130)
		at org.apache.catalina.valves.ErrorReportValve.invoke(ErrorReportValve.java:93)
		at org.apache.catalina.valves.AbstractAccessLogValve.invoke(AbstractAccessLogValve.java:656)
		at org.apache.catalina.core.StandardEngineValve.invoke(StandardEngineValve.java:74)
		at org.apache.catalina.connector.CoyoteAdapter.service(CoyoteAdapter.java:346)
		at org.apache.coyote.http11.Http11Processor.service(Http11Processor.java:397)
		at org.apache.coyote.AbstractProcessorLight.process(AbstractProcessorLight.java:63)
		at org.apache.coyote.AbstractProtocol$ConnectionHandler.process(AbstractProtocol.java:935)
		at org.apache.tomcat.util.net.NioEndpoint$SocketProcessor.doRun(NioEndpoint.java:1826)
		at org.apache.tomcat.util.net.SocketProcessorBase.run(SocketProcessorBase.java:52)
		at org.apache.tomcat.util.threads.ThreadPoolExecutor.runWorker(ThreadPoolExecutor.java:1189)
		at org.apache.tomcat.util.threads.ThreadPoolExecutor$Worker.run(ThreadPoolExecutor.java:658)
		at org.apache.tomcat.util.threads.TaskThread$WrappingRunnable.run(TaskThread.java:63)
		at java.lang.Thread.run(Thread.java:748)
09-Apr-2026 14:49:18.672 WARNING [http-nio-8080-exec-246] org.apache.catalina.session.StandardSession.doReadObject Cannot deserialize session attribute [eList] for session [2163D9D6524120246A19E9F525F768DF]
09-Apr-2026 14:52:07.878 SEVERE [http-nio-8080-exec-257] org.apache.catalina.core.ApplicationDispatcher.invoke Servlet.service() for servlet [DashboardController] threw exception
	java.lang.UnsupportedClassVersionError: pms/model/DashboardDAO has been compiled by a more recent version of the Java Runtime (class file version 68.0), this version of the Java Runtime only recognizes class file versions up to 52.0 (unable to load class [pms.model.DashboardDAO])
		at org.apache.catalina.loader.WebappClassLoaderBase.findClassInternal(WebappClassLoaderBase.java:2350)
		at org.apache.catalina.loader.WebappClassLoaderBase.findClassInternal(WebappClassLoaderBase.java:2216)
		at org.apache.catalina.loader.WebappClassLoaderBase.findClass(WebappClassLoaderBase.java:824)
		at org.apache.catalina.loader.WebappClassLoaderBase.loadClass(WebappClassLoaderBase.java:1315)
		at org.apache.catalina.loader.WebappClassLoaderBase.loadClass(WebappClassLoaderBase.java:1163)
		at pms.controllers.DashboardController.viewDashboard(DashboardController.java:71)
		at pms.controllers.DashboardController.processRequest(DashboardController.java:48)
		at pms.controllers.DashboardController.doPost(DashboardController.java:122)
		at javax.servlet.http.HttpServlet.service(HttpServlet.java:555)
		at javax.servlet.http.HttpServlet.service(HttpServlet.java:623)
		at org.apache.catalina.core.ApplicationFilterChain.internalDoFilter(ApplicationFilterChain.java:199)
		at org.apache.catalina.core.ApplicationFilterChain.doFilter(ApplicationFilterChain.java:144)
		at org.apache.tomcat.websocket.server.WsFilter.doFilter(WsFilter.java:51)
		at org.apache.catalina.core.ApplicationFilterChain.internalDoFilter(ApplicationFilterChain.java:168)
		at org.apache.catalina.core.ApplicationFilterChain.doFilter(ApplicationFilterChain.java:144)
		at org.apache.catalina.core.ApplicationDispatcher.invoke(ApplicationDispatcher.java:621)
		at org.apache.catalina.core.ApplicationDispatcher.processRequest(ApplicationDispatcher.java:401)
		at org.apache.catalina.core.ApplicationDispatcher.doForward(ApplicationDispatcher.java:340)
		at org.apache.catalina.core.ApplicationDispatcher.forward(ApplicationDispatcher.java:285)
		at pms.controllers.UserController.processRequest(UserController.java:132)
		at pms.controllers.UserController.doPost(UserController.java:611)
		at javax.servlet.http.HttpServlet.service(HttpServlet.java:555)
		at javax.servlet.http.HttpServlet.service(HttpServlet.java:623)
		at org.apache.catalina.core.ApplicationFilterChain.internalDoFilter(ApplicationFilterChain.java:199)
		at org.apache.catalina.core.ApplicationFilterChain.doFilter(ApplicationFilterChain.java:144)
		at org.apache.tomcat.websocket.server.WsFilter.doFilter(WsFilter.java:51)
		at org.apache.catalina.core.ApplicationFilterChain.internalDoFilter(ApplicationFilterChain.java:168)
		at org.apache.catalina.core.ApplicationFilterChain.doFilter(ApplicationFilterChain.java:144)
		at org.apache.catalina.core.ApplicationDispatcher.invoke(ApplicationDispatcher.java:621)
		at org.apache.catalina.core.ApplicationDispatcher.processRequest(ApplicationDispatcher.java:401)
		at org.apache.catalina.core.ApplicationDispatcher.doForward(ApplicationDispatcher.java:340)
		at org.apache.catalina.core.ApplicationDispatcher.forward(ApplicationDispatcher.java:285)
		at pms.controllers.MainController.processRequest(MainController.java:105)
		at pms.controllers.MainController.doPost(MainController.java:119)
		at javax.servlet.http.HttpServlet.service(HttpServlet.java:555)
		at javax.servlet.http.HttpServlet.service(HttpServlet.java:623)
		at org.apache.catalina.core.ApplicationFilterChain.internalDoFilter(ApplicationFilterChain.java:199)
		at org.apache.catalina.core.ApplicationFilterChain.doFilter(ApplicationFilterChain.java:144)
		at org.apache.tomcat.websocket.server.WsFilter.doFilter(WsFilter.java:51)
		at org.apache.catalina.core.ApplicationFilterChain.internalDoFilter(ApplicationFilterChain.java:168)
		at org.apache.catalina.core.ApplicationFilterChain.doFilter(ApplicationFilterChain.java:144)
		at pms.filter.TenantFilter.doFilter(TenantFilter.java:44)
		at org.apache.catalina.core.ApplicationFilterChain.internalDoFilter(ApplicationFilterChain.java:168)
		at org.apache.catalina.core.ApplicationFilterChain.doFilter(ApplicationFilterChain.java:144)
		at pms.filter.PaymentStatusFilter.doFilter(PaymentStatusFilter.java:69)
		at org.apache.catalina.core.ApplicationFilterChain.internalDoFilter(ApplicationFilterChain.java:168)
		at org.apache.catalina.core.ApplicationFilterChain.doFilter(ApplicationFilterChain.java:144)
		at pms.filter.AuthenticationFilter.doFilter(AuthenticationFilter.java:65)
		at org.apache.catalina.core.ApplicationFilterChain.internalDoFilter(ApplicationFilterChain.java:168)
		at org.apache.catalina.core.ApplicationFilterChain.doFilter(ApplicationFilterChain.java:144)
		at pms.filter.EncodingFilter.doFilter(EncodingFilter.java:43)
		at org.apache.catalina.core.ApplicationFilterChain.internalDoFilter(ApplicationFilterChain.java:168)
		at org.apache.catalina.core.ApplicationFilterChain.doFilter(ApplicationFilterChain.java:144)
		at org.apache.catalina.core.StandardWrapperValve.invoke(StandardWrapperValve.java:168)
		at org.apache.catalina.core.StandardContextValve.invoke(StandardContextValve.java:90)
		at org.apache.catalina.authenticator.AuthenticatorBase.invoke(AuthenticatorBase.java:482)
		at org.apache.catalina.core.StandardHostValve.invoke(StandardHostValve.java:130)
		at org.apache.catalina.valves.ErrorReportValve.invoke(ErrorReportValve.java:93)
		at org.apache.catalina.valves.AbstractAccessLogValve.invoke(AbstractAccessLogValve.java:656)
		at org.apache.catalina.core.StandardEngineValve.invoke(StandardEngineValve.java:74)
		at org.apache.catalina.connector.CoyoteAdapter.service(CoyoteAdapter.java:346)
		at org.apache.coyote.http11.Http11Processor.service(Http11Processor.java:397)
		at org.apache.coyote.AbstractProcessorLight.process(AbstractProcessorLight.java:63)
		at org.apache.coyote.AbstractProtocol$ConnectionHandler.process(AbstractProtocol.java:935)
		at org.apache.tomcat.util.net.NioEndpoint$SocketProcessor.doRun(NioEndpoint.java:1826)
		at org.apache.tomcat.util.net.SocketProcessorBase.run(SocketProcessorBase.java:52)
		at org.apache.tomcat.util.threads.ThreadPoolExecutor.runWorker(ThreadPoolExecutor.java:1189)
		at org.apache.tomcat.util.threads.ThreadPoolExecutor$Worker.run(ThreadPoolExecutor.java:658)
		at org.apache.tomcat.util.threads.TaskThread$WrappingRunnable.run(TaskThread.java:63)
		at java.lang.Thread.run(Thread.java:748)
09-Apr-2026 14:52:07.878 SEVERE [http-nio-8080-exec-257] org.apache.catalina.core.ApplicationDispatcher.invoke Servlet.service() for servlet [UserController] threw exception
	java.lang.UnsupportedClassVersionError: pms/model/DashboardDAO has been compiled by a more recent version of the Java Runtime (class file version 68.0), this version of the Java Runtime only recognizes class file versions up to 52.0 (unable to load class [pms.model.DashboardDAO])
		at org.apache.catalina.loader.WebappClassLoaderBase.findClassInternal(WebappClassLoaderBase.java:2350)
		at org.apache.catalina.loader.WebappClassLoaderBase.findClassInternal(WebappClassLoaderBase.java:2216)
		at org.apache.catalina.loader.WebappClassLoaderBase.findClass(WebappClassLoaderBase.java:824)
		at org.apache.catalina.loader.WebappClassLoaderBase.loadClass(WebappClassLoaderBase.java:1315)
		at org.apache.catalina.loader.WebappClassLoaderBase.loadClass(WebappClassLoaderBase.java:1163)
		at pms.controllers.DashboardController.viewDashboard(DashboardController.java:71)
		at pms.controllers.DashboardController.processRequest(DashboardController.java:48)
		at pms.controllers.DashboardController.doPost(DashboardController.java:122)
		at javax.servlet.http.HttpServlet.service(HttpServlet.java:555)
		at javax.servlet.http.HttpServlet.service(HttpServlet.java:623)
		at org.apache.catalina.core.ApplicationFilterChain.internalDoFilter(ApplicationFilterChain.java:199)
		at org.apache.catalina.core.ApplicationFilterChain.doFilter(ApplicationFilterChain.java:144)
		at org.apache.tomcat.websocket.server.WsFilter.doFilter(WsFilter.java:51)
		at org.apache.catalina.core.ApplicationFilterChain.internalDoFilter(ApplicationFilterChain.java:168)
		at org.apache.catalina.core.ApplicationFilterChain.doFilter(ApplicationFilterChain.java:144)
		at org.apache.catalina.core.ApplicationDispatcher.invoke(ApplicationDispatcher.java:621)
		at org.apache.catalina.core.ApplicationDispatcher.processRequest(ApplicationDispatcher.java:401)
		at org.apache.catalina.core.ApplicationDispatcher.doForward(ApplicationDispatcher.java:340)
		at org.apache.catalina.core.ApplicationDispatcher.forward(ApplicationDispatcher.java:285)
		at pms.controllers.UserController.processRequest(UserController.java:132)
		at pms.controllers.UserController.doPost(UserController.java:611)
		at javax.servlet.http.HttpServlet.service(HttpServlet.java:555)
		at javax.servlet.http.HttpServlet.service(HttpServlet.java:623)
		at org.apache.catalina.core.ApplicationFilterChain.internalDoFilter(ApplicationFilterChain.java:199)
		at org.apache.catalina.core.ApplicationFilterChain.doFilter(ApplicationFilterChain.java:144)
		at org.apache.tomcat.websocket.server.WsFilter.doFilter(WsFilter.java:51)
		at org.apache.catalina.core.ApplicationFilterChain.internalDoFilter(ApplicationFilterChain.java:168)
		at org.apache.catalina.core.ApplicationFilterChain.doFilter(ApplicationFilterChain.java:144)
		at org.apache.catalina.core.ApplicationDispatcher.invoke(ApplicationDispatcher.java:621)
		at org.apache.catalina.core.ApplicationDispatcher.processRequest(ApplicationDispatcher.java:401)
		at org.apache.catalina.core.ApplicationDispatcher.doForward(ApplicationDispatcher.java:340)
		at org.apache.catalina.core.ApplicationDispatcher.forward(ApplicationDispatcher.java:285)
		at pms.controllers.MainController.processRequest(MainController.java:105)
		at pms.controllers.MainController.doPost(MainController.java:119)
		at javax.servlet.http.HttpServlet.service(HttpServlet.java:555)
		at javax.servlet.http.HttpServlet.service(HttpServlet.java:623)
		at org.apache.catalina.core.ApplicationFilterChain.internalDoFilter(ApplicationFilterChain.java:199)
		at org.apache.catalina.core.ApplicationFilterChain.doFilter(ApplicationFilterChain.java:144)
		at org.apache.tomcat.websocket.server.WsFilter.doFilter(WsFilter.java:51)
		at org.apache.catalina.core.ApplicationFilterChain.internalDoFilter(ApplicationFilterChain.java:168)
		at org.apache.catalina.core.ApplicationFilterChain.doFilter(ApplicationFilterChain.java:144)
		at pms.filter.TenantFilter.doFilter(TenantFilter.java:44)
		at org.apache.catalina.core.ApplicationFilterChain.internalDoFilter(ApplicationFilterChain.java:168)
		at org.apache.catalina.core.ApplicationFilterChain.doFilter(ApplicationFilterChain.java:144)
		at pms.filter.PaymentStatusFilter.doFilter(PaymentStatusFilter.java:69)
		at org.apache.catalina.core.ApplicationFilterChain.internalDoFilter(ApplicationFilterChain.java:168)
		at org.apache.catalina.core.ApplicationFilterChain.doFilter(ApplicationFilterChain.java:144)
		at pms.filter.AuthenticationFilter.doFilter(AuthenticationFilter.java:65)
		at org.apache.catalina.core.ApplicationFilterChain.internalDoFilter(ApplicationFilterChain.java:168)
		at org.apache.catalina.core.ApplicationFilterChain.doFilter(ApplicationFilterChain.java:144)
		at pms.filter.EncodingFilter.doFilter(EncodingFilter.java:43)
		at org.apache.catalina.core.ApplicationFilterChain.internalDoFilter(ApplicationFilterChain.java:168)
		at org.apache.catalina.core.ApplicationFilterChain.doFilter(ApplicationFilterChain.java:144)
		at org.apache.catalina.core.StandardWrapperValve.invoke(StandardWrapperValve.java:168)
		at org.apache.catalina.core.StandardContextValve.invoke(StandardContextValve.java:90)
		at org.apache.catalina.authenticator.AuthenticatorBase.invoke(AuthenticatorBase.java:482)
		at org.apache.catalina.core.StandardHostValve.invoke(StandardHostValve.java:130)
		at org.apache.catalina.valves.ErrorReportValve.invoke(ErrorReportValve.java:93)
		at org.apache.catalina.valves.AbstractAccessLogValve.invoke(AbstractAccessLogValve.java:656)
		at org.apache.catalina.core.StandardEngineValve.invoke(StandardEngineValve.java:74)
		at org.apache.catalina.connector.CoyoteAdapter.service(CoyoteAdapter.java:346)
		at org.apache.coyote.http11.Http11Processor.service(Http11Processor.java:397)
		at org.apache.coyote.AbstractProcessorLight.process(AbstractProcessorLight.java:63)
		at org.apache.coyote.AbstractProtocol$ConnectionHandler.process(AbstractProtocol.java:935)
		at org.apache.tomcat.util.net.NioEndpoint$SocketProcessor.doRun(NioEndpoint.java:1826)
		at org.apache.tomcat.util.net.SocketProcessorBase.run(SocketProcessorBase.java:52)
		at org.apache.tomcat.util.threads.ThreadPoolExecutor.runWorker(ThreadPoolExecutor.java:1189)
		at org.apache.tomcat.util.threads.ThreadPoolExecutor$Worker.run(ThreadPoolExecutor.java:658)
		at org.apache.tomcat.util.threads.TaskThread$WrappingRunnable.run(TaskThread.java:63)
		at java.lang.Thread.run(Thread.java:748)
09-Apr-2026 14:52:07.878 SEVERE [http-nio-8080-exec-257] org.apache.catalina.core.StandardWrapperValve.invoke Servlet.service() for servlet [MainController] in context with path [/production-management-system] threw exception [Servlet execution threw an exception] with root cause
	java.lang.UnsupportedClassVersionError: pms/model/DashboardDAO has been compiled by a more recent version of the Java Runtime (class file version 68.0), this version of the Java Runtime only recognizes class file versions up to 52.0 (unable to load class [pms.model.DashboardDAO])
		at org.apache.catalina.loader.WebappClassLoaderBase.findClassInternal(WebappClassLoaderBase.java:2350)
		at org.apache.catalina.loader.WebappClassLoaderBase.findClassInternal(WebappClassLoaderBase.java:2216)
		at org.apache.catalina.loader.WebappClassLoaderBase.findClass(WebappClassLoaderBase.java:824)
		at org.apache.catalina.loader.WebappClassLoaderBase.loadClass(WebappClassLoaderBase.java:1315)
		at org.apache.catalina.loader.WebappClassLoaderBase.loadClass(WebappClassLoaderBase.java:1163)
		at pms.controllers.DashboardController.viewDashboard(DashboardController.java:71)
		at pms.controllers.DashboardController.processRequest(DashboardController.java:48)
		at pms.controllers.DashboardController.doPost(DashboardController.java:122)
		at javax.servlet.http.HttpServlet.service(HttpServlet.java:555)
		at javax.servlet.http.HttpServlet.service(HttpServlet.java:623)
		at org.apache.catalina.core.ApplicationFilterChain.internalDoFilter(ApplicationFilterChain.java:199)
		at org.apache.catalina.core.ApplicationFilterChain.doFilter(ApplicationFilterChain.java:144)
		at org.apache.tomcat.websocket.server.WsFilter.doFilter(WsFilter.java:51)
		at org.apache.catalina.core.ApplicationFilterChain.internalDoFilter(ApplicationFilterChain.java:168)
		at org.apache.catalina.core.ApplicationFilterChain.doFilter(ApplicationFilterChain.java:144)
		at org.apache.catalina.core.ApplicationDispatcher.invoke(ApplicationDispatcher.java:621)
		at org.apache.catalina.core.ApplicationDispatcher.processRequest(ApplicationDispatcher.java:401)
		at org.apache.catalina.core.ApplicationDispatcher.doForward(ApplicationDispatcher.java:340)
		at org.apache.catalina.core.ApplicationDispatcher.forward(ApplicationDispatcher.java:285)
		at pms.controllers.UserController.processRequest(UserController.java:132)
		at pms.controllers.UserController.doPost(UserController.java:611)
		at javax.servlet.http.HttpServlet.service(HttpServlet.java:555)
		at javax.servlet.http.HttpServlet.service(HttpServlet.java:623)
		at org.apache.catalina.core.ApplicationFilterChain.internalDoFilter(ApplicationFilterChain.java:199)
		at org.apache.catalina.core.ApplicationFilterChain.doFilter(ApplicationFilterChain.java:144)
		at org.apache.tomcat.websocket.server.WsFilter.doFilter(WsFilter.java:51)
		at org.apache.catalina.core.ApplicationFilterChain.internalDoFilter(ApplicationFilterChain.java:168)
		at org.apache.catalina.core.ApplicationFilterChain.doFilter(ApplicationFilterChain.java:144)
		at org.apache.catalina.core.ApplicationDispatcher.invoke(ApplicationDispatcher.java:621)
		at org.apache.catalina.core.ApplicationDispatcher.processRequest(ApplicationDispatcher.java:401)
		at org.apache.catalina.core.ApplicationDispatcher.doForward(ApplicationDispatcher.java:340)
		at org.apache.catalina.core.ApplicationDispatcher.forward(ApplicationDispatcher.java:285)
		at pms.controllers.MainController.processRequest(MainController.java:105)
		at pms.controllers.MainController.doPost(MainController.java:119)
		at javax.servlet.http.HttpServlet.service(HttpServlet.java:555)
		at javax.servlet.http.HttpServlet.service(HttpServlet.java:623)
		at org.apache.catalina.core.ApplicationFilterChain.internalDoFilter(ApplicationFilterChain.java:199)
		at org.apache.catalina.core.ApplicationFilterChain.doFilter(ApplicationFilterChain.java:144)
		at org.apache.tomcat.websocket.server.WsFilter.doFilter(WsFilter.java:51)
		at org.apache.catalina.core.ApplicationFilterChain.internalDoFilter(ApplicationFilterChain.java:168)
		at org.apache.catalina.core.ApplicationFilterChain.doFilter(ApplicationFilterChain.java:144)
		at pms.filter.TenantFilter.doFilter(TenantFilter.java:44)
		at org.apache.catalina.core.ApplicationFilterChain.internalDoFilter(ApplicationFilterChain.java:168)
		at org.apache.catalina.core.ApplicationFilterChain.doFilter(ApplicationFilterChain.java:144)
		at pms.filter.PaymentStatusFilter.doFilter(PaymentStatusFilter.java:69)
		at org.apache.catalina.core.ApplicationFilterChain.internalDoFilter(ApplicationFilterChain.java:168)
		at org.apache.catalina.core.ApplicationFilterChain.doFilter(ApplicationFilterChain.java:144)
		at pms.filter.AuthenticationFilter.doFilter(AuthenticationFilter.java:65)
		at org.apache.catalina.core.ApplicationFilterChain.internalDoFilter(ApplicationFilterChain.java:168)
		at org.apache.catalina.core.ApplicationFilterChain.doFilter(ApplicationFilterChain.java:144)
		at pms.filter.EncodingFilter.doFilter(EncodingFilter.java:43)
		at org.apache.catalina.core.ApplicationFilterChain.internalDoFilter(ApplicationFilterChain.java:168)
		at org.apache.catalina.core.ApplicationFilterChain.doFilter(ApplicationFilterChain.java:144)
		at org.apache.catalina.core.StandardWrapperValve.invoke(StandardWrapperValve.java:168)
		at org.apache.catalina.core.StandardContextValve.invoke(StandardContextValve.java:90)
		at org.apache.catalina.authenticator.AuthenticatorBase.invoke(AuthenticatorBase.java:482)
		at org.apache.catalina.core.StandardHostValve.invoke(StandardHostValve.java:130)
		at org.apache.catalina.valves.ErrorReportValve.invoke(ErrorReportValve.java:93)
		at org.apache.catalina.valves.AbstractAccessLogValve.invoke(AbstractAccessLogValve.java:656)
		at org.apache.catalina.core.StandardEngineValve.invoke(StandardEngineValve.java:74)
		at org.apache.catalina.connector.CoyoteAdapter.service(CoyoteAdapter.java:346)
		at org.apache.coyote.http11.Http11Processor.service(Http11Processor.java:397)
		at org.apache.coyote.AbstractProcessorLight.process(AbstractProcessorLight.java:63)
		at org.apache.coyote.AbstractProtocol$ConnectionHandler.process(AbstractProtocol.java:935)
		at org.apache.tomcat.util.net.NioEndpoint$SocketProcessor.doRun(NioEndpoint.java:1826)
		at org.apache.tomcat.util.net.SocketProcessorBase.run(SocketProcessorBase.java:52)
		at org.apache.tomcat.util.threads.ThreadPoolExecutor.runWorker(ThreadPoolExecutor.java:1189)
		at org.apache.tomcat.util.threads.ThreadPoolExecutor$Worker.run(ThreadPoolExecutor.java:658)
		at org.apache.tomcat.util.threads.TaskThread$WrappingRunnable.run(TaskThread.java:63)
		at java.lang.Thread.run(Thread.java:748)
09-Apr-2026 14:52:13.851 SEVERE [http-nio-8080-exec-260] org.apache.catalina.core.ApplicationDispatcher.invoke Servlet.service() for servlet [DashboardController] threw exception
	java.lang.UnsupportedClassVersionError: pms/model/DashboardDAO
		at pms.controllers.DashboardController.viewDashboard(DashboardController.java:71)
		at pms.controllers.DashboardController.processRequest(DashboardController.java:48)
		at pms.controllers.DashboardController.doPost(DashboardController.java:122)
		at javax.servlet.http.HttpServlet.service(HttpServlet.java:555)
		at javax.servlet.http.HttpServlet.service(HttpServlet.java:623)
		at org.apache.catalina.core.ApplicationFilterChain.internalDoFilter(ApplicationFilterChain.java:199)
		at org.apache.catalina.core.ApplicationFilterChain.doFilter(ApplicationFilterChain.java:144)
		at org.apache.tomcat.websocket.server.WsFilter.doFilter(WsFilter.java:51)
		at org.apache.catalina.core.ApplicationFilterChain.internalDoFilter(ApplicationFilterChain.java:168)
		at org.apache.catalina.core.ApplicationFilterChain.doFilter(ApplicationFilterChain.java:144)
		at org.apache.catalina.core.ApplicationDispatcher.invoke(ApplicationDispatcher.java:621)
		at org.apache.catalina.core.ApplicationDispatcher.processRequest(ApplicationDispatcher.java:401)
		at org.apache.catalina.core.ApplicationDispatcher.doForward(ApplicationDispatcher.java:340)
		at org.apache.catalina.core.ApplicationDispatcher.forward(ApplicationDispatcher.java:285)
		at pms.controllers.UserController.processRequest(UserController.java:132)
		at pms.controllers.UserController.doPost(UserController.java:611)
		at javax.servlet.http.HttpServlet.service(HttpServlet.java:555)
		at javax.servlet.http.HttpServlet.service(HttpServlet.java:623)
		at org.apache.catalina.core.ApplicationFilterChain.internalDoFilter(ApplicationFilterChain.java:199)
		at org.apache.catalina.core.ApplicationFilterChain.doFilter(ApplicationFilterChain.java:144)
		at org.apache.tomcat.websocket.server.WsFilter.doFilter(WsFilter.java:51)
		at org.apache.catalina.core.ApplicationFilterChain.internalDoFilter(ApplicationFilterChain.java:168)
		at org.apache.catalina.core.ApplicationFilterChain.doFilter(ApplicationFilterChain.java:144)
		at org.apache.catalina.core.ApplicationDispatcher.invoke(ApplicationDispatcher.java:621)
		at org.apache.catalina.core.ApplicationDispatcher.processRequest(ApplicationDispatcher.java:401)
		at org.apache.catalina.core.ApplicationDispatcher.doForward(ApplicationDispatcher.java:340)
		at org.apache.catalina.core.ApplicationDispatcher.forward(ApplicationDispatcher.java:285)
		at pms.controllers.MainController.processRequest(MainController.java:105)
		at pms.controllers.MainController.doPost(MainController.java:119)
		at javax.servlet.http.HttpServlet.service(HttpServlet.java:555)
		at javax.servlet.http.HttpServlet.service(HttpServlet.java:623)
		at org.apache.catalina.core.ApplicationFilterChain.internalDoFilter(ApplicationFilterChain.java:199)
		at org.apache.catalina.core.ApplicationFilterChain.doFilter(ApplicationFilterChain.java:144)
		at org.apache.tomcat.websocket.server.WsFilter.doFilter(WsFilter.java:51)
		at org.apache.catalina.core.ApplicationFilterChain.internalDoFilter(ApplicationFilterChain.java:168)
		at org.apache.catalina.core.ApplicationFilterChain.doFilter(ApplicationFilterChain.java:144)
		at pms.filter.TenantFilter.doFilter(TenantFilter.java:44)
		at org.apache.catalina.core.ApplicationFilterChain.internalDoFilter(ApplicationFilterChain.java:168)
		at org.apache.catalina.core.ApplicationFilterChain.doFilter(ApplicationFilterChain.java:144)
		at pms.filter.PaymentStatusFilter.doFilter(PaymentStatusFilter.java:69)
		at org.apache.catalina.core.ApplicationFilterChain.internalDoFilter(ApplicationFilterChain.java:168)
		at org.apache.catalina.core.ApplicationFilterChain.doFilter(ApplicationFilterChain.java:144)
		at pms.filter.AuthenticationFilter.doFilter(AuthenticationFilter.java:65)
		at org.apache.catalina.core.ApplicationFilterChain.internalDoFilter(ApplicationFilterChain.java:168)
		at org.apache.catalina.core.ApplicationFilterChain.doFilter(ApplicationFilterChain.java:144)
		at pms.filter.EncodingFilter.doFilter(EncodingFilter.java:43)
		at org.apache.catalina.core.ApplicationFilterChain.internalDoFilter(ApplicationFilterChain.java:168)
		at org.apache.catalina.core.ApplicationFilterChain.doFilter(ApplicationFilterChain.java:144)
		at org.apache.catalina.core.StandardWrapperValve.invoke(StandardWrapperValve.java:168)
		at org.apache.catalina.core.StandardContextValve.invoke(StandardContextValve.java:90)
		at org.apache.catalina.authenticator.AuthenticatorBase.invoke(AuthenticatorBase.java:482)
		at org.apache.catalina.core.StandardHostValve.invoke(StandardHostValve.java:130)
		at org.apache.catalina.valves.ErrorReportValve.invoke(ErrorReportValve.java:93)
		at org.apache.catalina.valves.AbstractAccessLogValve.invoke(AbstractAccessLogValve.java:656)
		at org.apache.catalina.core.StandardEngineValve.invoke(StandardEngineValve.java:74)
		at org.apache.catalina.connector.CoyoteAdapter.service(CoyoteAdapter.java:346)
		at org.apache.coyote.http11.Http11Processor.service(Http11Processor.java:397)
		at org.apache.coyote.AbstractProcessorLight.process(AbstractProcessorLight.java:63)
		at org.apache.coyote.AbstractProtocol$ConnectionHandler.process(AbstractProtocol.java:935)
		at org.apache.tomcat.util.net.NioEndpoint$SocketProcessor.doRun(NioEndpoint.java:1826)
		at org.apache.tomcat.util.net.SocketProcessorBase.run(SocketProcessorBase.java:52)
		at org.apache.tomcat.util.threads.ThreadPoolExecutor.runWorker(ThreadPoolExecutor.java:1189)
		at org.apache.tomcat.util.threads.ThreadPoolExecutor$Worker.run(ThreadPoolExecutor.java:658)
		at org.apache.tomcat.util.threads.TaskThread$WrappingRunnable.run(TaskThread.java:63)
		at java.lang.Thread.run(Thread.java:748)
09-Apr-2026 14:52:13.851 SEVERE [http-nio-8080-exec-260] org.apache.catalina.core.ApplicationDispatcher.invoke Servlet.service() for servlet [UserController] threw exception
	java.lang.UnsupportedClassVersionError: pms/model/DashboardDAO
		at pms.controllers.DashboardController.viewDashboard(DashboardController.java:71)
		at pms.controllers.DashboardController.processRequest(DashboardController.java:48)
		at pms.controllers.DashboardController.doPost(DashboardController.java:122)
		at javax.servlet.http.HttpServlet.service(HttpServlet.java:555)
		at javax.servlet.http.HttpServlet.service(HttpServlet.java:623)
		at org.apache.catalina.core.ApplicationFilterChain.internalDoFilter(ApplicationFilterChain.java:199)
		at org.apache.catalina.core.ApplicationFilterChain.doFilter(ApplicationFilterChain.java:144)
		at org.apache.tomcat.websocket.server.WsFilter.doFilter(WsFilter.java:51)
		at org.apache.catalina.core.ApplicationFilterChain.internalDoFilter(ApplicationFilterChain.java:168)
		at org.apache.catalina.core.ApplicationFilterChain.doFilter(ApplicationFilterChain.java:144)
		at org.apache.catalina.core.ApplicationDispatcher.invoke(ApplicationDispatcher.java:621)
		at org.apache.catalina.core.ApplicationDispatcher.processRequest(ApplicationDispatcher.java:401)
		at org.apache.catalina.core.ApplicationDispatcher.doForward(ApplicationDispatcher.java:340)
		at org.apache.catalina.core.ApplicationDispatcher.forward(ApplicationDispatcher.java:285)
		at pms.controllers.UserController.processRequest(UserController.java:132)
		at pms.controllers.UserController.doPost(UserController.java:611)
		at javax.servlet.http.HttpServlet.service(HttpServlet.java:555)
		at javax.servlet.http.HttpServlet.service(HttpServlet.java:623)
		at org.apache.catalina.core.ApplicationFilterChain.internalDoFilter(ApplicationFilterChain.java:199)
		at org.apache.catalina.core.ApplicationFilterChain.doFilter(ApplicationFilterChain.java:144)
		at org.apache.tomcat.websocket.server.WsFilter.doFilter(WsFilter.java:51)
		at org.apache.catalina.core.ApplicationFilterChain.internalDoFilter(ApplicationFilterChain.java:168)
		at org.apache.catalina.core.ApplicationFilterChain.doFilter(ApplicationFilterChain.java:144)
		at org.apache.catalina.core.ApplicationDispatcher.invoke(ApplicationDispatcher.java:621)
		at org.apache.catalina.core.ApplicationDispatcher.processRequest(ApplicationDispatcher.java:401)
		at org.apache.catalina.core.ApplicationDispatcher.doForward(ApplicationDispatcher.java:340)
		at org.apache.catalina.core.ApplicationDispatcher.forward(ApplicationDispatcher.java:285)
		at pms.controllers.MainController.processRequest(MainController.java:105)
		at pms.controllers.MainController.doPost(MainController.java:119)
		at javax.servlet.http.HttpServlet.service(HttpServlet.java:555)
		at javax.servlet.http.HttpServlet.service(HttpServlet.java:623)
		at org.apache.catalina.core.ApplicationFilterChain.internalDoFilter(ApplicationFilterChain.java:199)
		at org.apache.catalina.core.ApplicationFilterChain.doFilter(ApplicationFilterChain.java:144)
		at org.apache.tomcat.websocket.server.WsFilter.doFilter(WsFilter.java:51)
		at org.apache.catalina.core.ApplicationFilterChain.internalDoFilter(ApplicationFilterChain.java:168)
		at org.apache.catalina.core.ApplicationFilterChain.doFilter(ApplicationFilterChain.java:144)
		at pms.filter.TenantFilter.doFilter(TenantFilter.java:44)
		at org.apache.catalina.core.ApplicationFilterChain.internalDoFilter(ApplicationFilterChain.java:168)
		at org.apache.catalina.core.ApplicationFilterChain.doFilter(ApplicationFilterChain.java:144)
		at pms.filter.PaymentStatusFilter.doFilter(PaymentStatusFilter.java:69)
		at org.apache.catalina.core.ApplicationFilterChain.internalDoFilter(ApplicationFilterChain.java:168)
		at org.apache.catalina.core.ApplicationFilterChain.doFilter(ApplicationFilterChain.java:144)
		at pms.filter.AuthenticationFilter.doFilter(AuthenticationFilter.java:65)
		at org.apache.catalina.core.ApplicationFilterChain.internalDoFilter(ApplicationFilterChain.java:168)
		at org.apache.catalina.core.ApplicationFilterChain.doFilter(ApplicationFilterChain.java:144)
		at pms.filter.EncodingFilter.doFilter(EncodingFilter.java:43)
		at org.apache.catalina.core.ApplicationFilterChain.internalDoFilter(ApplicationFilterChain.java:168)
		at org.apache.catalina.core.ApplicationFilterChain.doFilter(ApplicationFilterChain.java:144)
		at org.apache.catalina.core.StandardWrapperValve.invoke(StandardWrapperValve.java:168)
		at org.apache.catalina.core.StandardContextValve.invoke(StandardContextValve.java:90)
		at org.apache.catalina.authenticator.AuthenticatorBase.invoke(AuthenticatorBase.java:482)
		at org.apache.catalina.core.StandardHostValve.invoke(StandardHostValve.java:130)
		at org.apache.catalina.valves.ErrorReportValve.invoke(ErrorReportValve.java:93)
		at org.apache.catalina.valves.AbstractAccessLogValve.invoke(AbstractAccessLogValve.java:656)
		at org.apache.catalina.core.StandardEngineValve.invoke(StandardEngineValve.java:74)
		at org.apache.catalina.connector.CoyoteAdapter.service(CoyoteAdapter.java:346)
		at org.apache.coyote.http11.Http11Processor.service(Http11Processor.java:397)
		at org.apache.coyote.AbstractProcessorLight.process(AbstractProcessorLight.java:63)
		at org.apache.coyote.AbstractProtocol$ConnectionHandler.process(AbstractProtocol.java:935)
		at org.apache.tomcat.util.net.NioEndpoint$SocketProcessor.doRun(NioEndpoint.java:1826)
		at org.apache.tomcat.util.net.SocketProcessorBase.run(SocketProcessorBase.java:52)
		at org.apache.tomcat.util.threads.ThreadPoolExecutor.runWorker(ThreadPoolExecutor.java:1189)
		at org.apache.tomcat.util.threads.ThreadPoolExecutor$Worker.run(ThreadPoolExecutor.java:658)
		at org.apache.tomcat.util.threads.TaskThread$WrappingRunnable.run(TaskThread.java:63)
		at java.lang.Thread.run(Thread.java:748)
09-Apr-2026 14:52:13.851 SEVERE [http-nio-8080-exec-260] org.apache.catalina.core.StandardWrapperValve.invoke Servlet.service() for servlet [MainController] in context with path [/production-management-system] threw exception [Servlet execution threw an exception] with root cause
	java.lang.UnsupportedClassVersionError: pms/model/DashboardDAO
		at pms.controllers.DashboardController.viewDashboard(DashboardController.java:71)
		at pms.controllers.DashboardController.processRequest(DashboardController.java:48)
		at pms.controllers.DashboardController.doPost(DashboardController.java:122)
		at javax.servlet.http.HttpServlet.service(HttpServlet.java:555)
		at javax.servlet.http.HttpServlet.service(HttpServlet.java:623)
		at org.apache.catalina.core.ApplicationFilterChain.internalDoFilter(ApplicationFilterChain.java:199)
		at org.apache.catalina.core.ApplicationFilterChain.doFilter(ApplicationFilterChain.java:144)
		at org.apache.tomcat.websocket.server.WsFilter.doFilter(WsFilter.java:51)
		at org.apache.catalina.core.ApplicationFilterChain.internalDoFilter(ApplicationFilterChain.java:168)
		at org.apache.catalina.core.ApplicationFilterChain.doFilter(ApplicationFilterChain.java:144)
		at org.apache.catalina.core.ApplicationDispatcher.invoke(ApplicationDispatcher.java:621)
		at org.apache.catalina.core.ApplicationDispatcher.processRequest(ApplicationDispatcher.java:401)
		at org.apache.catalina.core.ApplicationDispatcher.doForward(ApplicationDispatcher.java:340)
		at org.apache.catalina.core.ApplicationDispatcher.forward(ApplicationDispatcher.java:285)
		at pms.controllers.UserController.processRequest(UserController.java:132)
		at pms.controllers.UserController.doPost(UserController.java:611)
		at javax.servlet.http.HttpServlet.service(HttpServlet.java:555)
		at javax.servlet.http.HttpServlet.service(HttpServlet.java:623)
		at org.apache.catalina.core.ApplicationFilterChain.internalDoFilter(ApplicationFilterChain.java:199)
		at org.apache.catalina.core.ApplicationFilterChain.doFilter(ApplicationFilterChain.java:144)
		at org.apache.tomcat.websocket.server.WsFilter.doFilter(WsFilter.java:51)
		at org.apache.catalina.core.ApplicationFilterChain.internalDoFilter(ApplicationFilterChain.java:168)
		at org.apache.catalina.core.ApplicationFilterChain.doFilter(ApplicationFilterChain.java:144)
		at org.apache.catalina.core.ApplicationDispatcher.invoke(ApplicationDispatcher.java:621)
		at org.apache.catalina.core.ApplicationDispatcher.processRequest(ApplicationDispatcher.java:401)
		at org.apache.catalina.core.ApplicationDispatcher.doForward(ApplicationDispatcher.java:340)
		at org.apache.catalina.core.ApplicationDispatcher.forward(ApplicationDispatcher.java:285)
		at pms.controllers.MainController.processRequest(MainController.java:105)
		at pms.controllers.MainController.doPost(MainController.java:119)
		at javax.servlet.http.HttpServlet.service(HttpServlet.java:555)
		at javax.servlet.http.HttpServlet.service(HttpServlet.java:623)
		at org.apache.catalina.core.ApplicationFilterChain.internalDoFilter(ApplicationFilterChain.java:199)
		at org.apache.catalina.core.ApplicationFilterChain.doFilter(ApplicationFilterChain.java:144)
		at org.apache.tomcat.websocket.server.WsFilter.doFilter(WsFilter.java:51)
		at org.apache.catalina.core.ApplicationFilterChain.internalDoFilter(ApplicationFilterChain.java:168)
		at org.apache.catalina.core.ApplicationFilterChain.doFilter(ApplicationFilterChain.java:144)
		at pms.filter.TenantFilter.doFilter(TenantFilter.java:44)
		at org.apache.catalina.core.ApplicationFilterChain.internalDoFilter(ApplicationFilterChain.java:168)
		at org.apache.catalina.core.ApplicationFilterChain.doFilter(ApplicationFilterChain.java:144)
		at pms.filter.PaymentStatusFilter.doFilter(PaymentStatusFilter.java:69)
		at org.apache.catalina.core.ApplicationFilterChain.internalDoFilter(ApplicationFilterChain.java:168)
		at org.apache.catalina.core.ApplicationFilterChain.doFilter(ApplicationFilterChain.java:144)
		at pms.filter.AuthenticationFilter.doFilter(AuthenticationFilter.java:65)
		at org.apache.catalina.core.ApplicationFilterChain.internalDoFilter(ApplicationFilterChain.java:168)
		at org.apache.catalina.core.ApplicationFilterChain.doFilter(ApplicationFilterChain.java:144)
		at pms.filter.EncodingFilter.doFilter(EncodingFilter.java:43)
		at org.apache.catalina.core.ApplicationFilterChain.internalDoFilter(ApplicationFilterChain.java:168)
		at org.apache.catalina.core.ApplicationFilterChain.doFilter(ApplicationFilterChain.java:144)
		at org.apache.catalina.core.StandardWrapperValve.invoke(StandardWrapperValve.java:168)
		at org.apache.catalina.core.StandardContextValve.invoke(StandardContextValve.java:90)
		at org.apache.catalina.authenticator.AuthenticatorBase.invoke(AuthenticatorBase.java:482)
		at org.apache.catalina.core.StandardHostValve.invoke(StandardHostValve.java:130)
		at org.apache.catalina.valves.ErrorReportValve.invoke(ErrorReportValve.java:93)
		at org.apache.catalina.valves.AbstractAccessLogValve.invoke(AbstractAccessLogValve.java:656)
		at org.apache.catalina.core.StandardEngineValve.invoke(StandardEngineValve.java:74)
		at org.apache.catalina.connector.CoyoteAdapter.service(CoyoteAdapter.java:346)
		at org.apache.coyote.http11.Http11Processor.service(Http11Processor.java:397)
		at org.apache.coyote.AbstractProcessorLight.process(AbstractProcessorLight.java:63)
		at org.apache.coyote.AbstractProtocol$ConnectionHandler.process(AbstractProtocol.java:935)
		at org.apache.tomcat.util.net.NioEndpoint$SocketProcessor.doRun(NioEndpoint.java:1826)
		at org.apache.tomcat.util.net.SocketProcessorBase.run(SocketProcessorBase.java:52)
		at org.apache.tomcat.util.threads.ThreadPoolExecutor.runWorker(ThreadPoolExecutor.java:1189)
		at org.apache.tomcat.util.threads.ThreadPoolExecutor$Worker.run(ThreadPoolExecutor.java:658)
		at org.apache.tomcat.util.threads.TaskThread$WrappingRunnable.run(TaskThread.java:63)
		at java.lang.Thread.run(Thread.java:748)
09-Apr-2026 14:52:26.136 SEVERE [http-nio-8080-exec-259] org.apache.catalina.core.ApplicationDispatcher.invoke Servlet.service() for servlet [DashboardController] threw exception
	java.lang.UnsupportedClassVersionError: pms/model/DashboardDAO
		at pms.controllers.DashboardController.viewDashboard(DashboardController.java:71)
		at pms.controllers.DashboardController.processRequest(DashboardController.java:48)
		at pms.controllers.DashboardController.doPost(DashboardController.java:122)
		at javax.servlet.http.HttpServlet.service(HttpServlet.java:555)
		at javax.servlet.http.HttpServlet.service(HttpServlet.java:623)
		at org.apache.catalina.core.ApplicationFilterChain.internalDoFilter(ApplicationFilterChain.java:199)
		at org.apache.catalina.core.ApplicationFilterChain.doFilter(ApplicationFilterChain.java:144)
		at org.apache.tomcat.websocket.server.WsFilter.doFilter(WsFilter.java:51)
		at org.apache.catalina.core.ApplicationFilterChain.internalDoFilter(ApplicationFilterChain.java:168)
		at org.apache.catalina.core.ApplicationFilterChain.doFilter(ApplicationFilterChain.java:144)
		at org.apache.catalina.core.ApplicationDispatcher.invoke(ApplicationDispatcher.java:621)
		at org.apache.catalina.core.ApplicationDispatcher.processRequest(ApplicationDispatcher.java:401)
		at org.apache.catalina.core.ApplicationDispatcher.doForward(ApplicationDispatcher.java:340)
		at org.apache.catalina.core.ApplicationDispatcher.forward(ApplicationDispatcher.java:285)
		at pms.controllers.UserController.processRequest(UserController.java:132)
		at pms.controllers.UserController.doPost(UserController.java:611)
		at javax.servlet.http.HttpServlet.service(HttpServlet.java:555)
		at javax.servlet.http.HttpServlet.service(HttpServlet.java:623)
		at org.apache.catalina.core.ApplicationFilterChain.internalDoFilter(ApplicationFilterChain.java:199)
		at org.apache.catalina.core.ApplicationFilterChain.doFilter(ApplicationFilterChain.java:144)
		at org.apache.tomcat.websocket.server.WsFilter.doFilter(WsFilter.java:51)
		at org.apache.catalina.core.ApplicationFilterChain.internalDoFilter(ApplicationFilterChain.java:168)
		at org.apache.catalina.core.ApplicationFilterChain.doFilter(ApplicationFilterChain.java:144)
		at org.apache.catalina.core.ApplicationDispatcher.invoke(ApplicationDispatcher.java:621)
		at org.apache.catalina.core.ApplicationDispatcher.processRequest(ApplicationDispatcher.java:401)
		at org.apache.catalina.core.ApplicationDispatcher.doForward(ApplicationDispatcher.java:340)
		at org.apache.catalina.core.ApplicationDispatcher.forward(ApplicationDispatcher.java:285)
		at pms.controllers.MainController.processRequest(MainController.java:105)
		at pms.controllers.MainController.doPost(MainController.java:119)
		at javax.servlet.http.HttpServlet.service(HttpServlet.java:555)
		at javax.servlet.http.HttpServlet.service(HttpServlet.java:623)
		at org.apache.catalina.core.ApplicationFilterChain.internalDoFilter(ApplicationFilterChain.java:199)
		at org.apache.catalina.core.ApplicationFilterChain.doFilter(ApplicationFilterChain.java:144)
		at org.apache.tomcat.websocket.server.WsFilter.doFilter(WsFilter.java:51)
		at org.apache.catalina.core.ApplicationFilterChain.internalDoFilter(ApplicationFilterChain.java:168)
		at org.apache.catalina.core.ApplicationFilterChain.doFilter(ApplicationFilterChain.java:144)
		at pms.filter.TenantFilter.doFilter(TenantFilter.java:44)
		at org.apache.catalina.core.ApplicationFilterChain.internalDoFilter(ApplicationFilterChain.java:168)
		at org.apache.catalina.core.ApplicationFilterChain.doFilter(ApplicationFilterChain.java:144)
		at pms.filter.PaymentStatusFilter.doFilter(PaymentStatusFilter.java:69)
		at org.apache.catalina.core.ApplicationFilterChain.internalDoFilter(ApplicationFilterChain.java:168)
		at org.apache.catalina.core.ApplicationFilterChain.doFilter(ApplicationFilterChain.java:144)
		at pms.filter.AuthenticationFilter.doFilter(AuthenticationFilter.java:65)
		at org.apache.catalina.core.ApplicationFilterChain.internalDoFilter(ApplicationFilterChain.java:168)
		at org.apache.catalina.core.ApplicationFilterChain.doFilter(ApplicationFilterChain.java:144)
		at pms.filter.EncodingFilter.doFilter(EncodingFilter.java:43)
		at org.apache.catalina.core.ApplicationFilterChain.internalDoFilter(ApplicationFilterChain.java:168)
		at org.apache.catalina.core.ApplicationFilterChain.doFilter(ApplicationFilterChain.java:144)
		at org.apache.catalina.core.StandardWrapperValve.invoke(StandardWrapperValve.java:168)
		at org.apache.catalina.core.StandardContextValve.invoke(StandardContextValve.java:90)
		at org.apache.catalina.authenticator.AuthenticatorBase.invoke(AuthenticatorBase.java:482)
		at org.apache.catalina.core.StandardHostValve.invoke(StandardHostValve.java:130)
		at org.apache.catalina.valves.ErrorReportValve.invoke(ErrorReportValve.java:93)
		at org.apache.catalina.valves.AbstractAccessLogValve.invoke(AbstractAccessLogValve.java:656)
		at org.apache.catalina.core.StandardEngineValve.invoke(StandardEngineValve.java:74)
		at org.apache.catalina.connector.CoyoteAdapter.service(CoyoteAdapter.java:346)
		at org.apache.coyote.http11.Http11Processor.service(Http11Processor.java:397)
		at org.apache.coyote.AbstractProcessorLight.process(AbstractProcessorLight.java:63)
		at org.apache.coyote.AbstractProtocol$ConnectionHandler.process(AbstractProtocol.java:935)
		at org.apache.tomcat.util.net.NioEndpoint$SocketProcessor.doRun(NioEndpoint.java:1826)
		at org.apache.tomcat.util.net.SocketProcessorBase.run(SocketProcessorBase.java:52)
		at org.apache.tomcat.util.threads.ThreadPoolExecutor.runWorker(ThreadPoolExecutor.java:1189)
		at org.apache.tomcat.util.threads.ThreadPoolExecutor$Worker.run(ThreadPoolExecutor.java:658)
		at org.apache.tomcat.util.threads.TaskThread$WrappingRunnable.run(TaskThread.java:63)
		at java.lang.Thread.run(Thread.java:748)
09-Apr-2026 14:52:26.136 SEVERE [http-nio-8080-exec-259] org.apache.catalina.core.ApplicationDispatcher.invoke Servlet.service() for servlet [UserController] threw exception
	java.lang.UnsupportedClassVersionError: pms/model/DashboardDAO
		at pms.controllers.DashboardController.viewDashboard(DashboardController.java:71)
		at pms.controllers.DashboardController.processRequest(DashboardController.java:48)
		at pms.controllers.DashboardController.doPost(DashboardController.java:122)
		at javax.servlet.http.HttpServlet.service(HttpServlet.java:555)
		at javax.servlet.http.HttpServlet.service(HttpServlet.java:623)
		at org.apache.catalina.core.ApplicationFilterChain.internalDoFilter(ApplicationFilterChain.java:199)
		at org.apache.catalina.core.ApplicationFilterChain.doFilter(ApplicationFilterChain.java:144)
		at org.apache.tomcat.websocket.server.WsFilter.doFilter(WsFilter.java:51)
		at org.apache.catalina.core.ApplicationFilterChain.internalDoFilter(ApplicationFilterChain.java:168)
		at org.apache.catalina.core.ApplicationFilterChain.doFilter(ApplicationFilterChain.java:144)
		at org.apache.catalina.core.ApplicationDispatcher.invoke(ApplicationDispatcher.java:621)
		at org.apache.catalina.core.ApplicationDispatcher.processRequest(ApplicationDispatcher.java:401)
		at org.apache.catalina.core.ApplicationDispatcher.doForward(ApplicationDispatcher.java:340)
		at org.apache.catalina.core.ApplicationDispatcher.forward(ApplicationDispatcher.java:285)
		at pms.controllers.UserController.processRequest(UserController.java:132)
		at pms.controllers.UserController.doPost(UserController.java:611)
		at javax.servlet.http.HttpServlet.service(HttpServlet.java:555)
		at javax.servlet.http.HttpServlet.service(HttpServlet.java:623)
		at org.apache.catalina.core.ApplicationFilterChain.internalDoFilter(ApplicationFilterChain.java:199)
		at org.apache.catalina.core.ApplicationFilterChain.doFilter(ApplicationFilterChain.java:144)
		at org.apache.tomcat.websocket.server.WsFilter.doFilter(WsFilter.java:51)
		at org.apache.catalina.core.ApplicationFilterChain.internalDoFilter(ApplicationFilterChain.java:168)
		at org.apache.catalina.core.ApplicationFilterChain.doFilter(ApplicationFilterChain.java:144)
		at org.apache.catalina.core.ApplicationDispatcher.invoke(ApplicationDispatcher.java:621)
		at org.apache.catalina.core.ApplicationDispatcher.processRequest(ApplicationDispatcher.java:401)
		at org.apache.catalina.core.ApplicationDispatcher.doForward(ApplicationDispatcher.java:340)
		at org.apache.catalina.core.ApplicationDispatcher.forward(ApplicationDispatcher.java:285)
		at pms.controllers.MainController.processRequest(MainController.java:105)
		at pms.controllers.MainController.doPost(MainController.java:119)
		at javax.servlet.http.HttpServlet.service(HttpServlet.java:555)
		at javax.servlet.http.HttpServlet.service(HttpServlet.java:623)
		at org.apache.catalina.core.ApplicationFilterChain.internalDoFilter(ApplicationFilterChain.java:199)
		at org.apache.catalina.core.ApplicationFilterChain.doFilter(ApplicationFilterChain.java:144)
		at org.apache.tomcat.websocket.server.WsFilter.doFilter(WsFilter.java:51)
		at org.apache.catalina.core.ApplicationFilterChain.internalDoFilter(ApplicationFilterChain.java:168)
		at org.apache.catalina.core.ApplicationFilterChain.doFilter(ApplicationFilterChain.java:144)
		at pms.filter.TenantFilter.doFilter(TenantFilter.java:44)
		at org.apache.catalina.core.ApplicationFilterChain.internalDoFilter(ApplicationFilterChain.java:168)
		at org.apache.catalina.core.ApplicationFilterChain.doFilter(ApplicationFilterChain.java:144)
		at pms.filter.PaymentStatusFilter.doFilter(PaymentStatusFilter.java:69)
		at org.apache.catalina.core.ApplicationFilterChain.internalDoFilter(ApplicationFilterChain.java:168)
		at org.apache.catalina.core.ApplicationFilterChain.doFilter(ApplicationFilterChain.java:144)
		at pms.filter.AuthenticationFilter.doFilter(AuthenticationFilter.java:65)
		at org.apache.catalina.core.ApplicationFilterChain.internalDoFilter(ApplicationFilterChain.java:168)
		at org.apache.catalina.core.ApplicationFilterChain.doFilter(ApplicationFilterChain.java:144)
		at pms.filter.EncodingFilter.doFilter(EncodingFilter.java:43)
		at org.apache.catalina.core.ApplicationFilterChain.internalDoFilter(ApplicationFilterChain.java:168)
		at org.apache.catalina.core.ApplicationFilterChain.doFilter(ApplicationFilterChain.java:144)
		at org.apache.catalina.core.StandardWrapperValve.invoke(StandardWrapperValve.java:168)
		at org.apache.catalina.core.StandardContextValve.invoke(StandardContextValve.java:90)
		at org.apache.catalina.authenticator.AuthenticatorBase.invoke(AuthenticatorBase.java:482)
		at org.apache.catalina.core.StandardHostValve.invoke(StandardHostValve.java:130)
		at org.apache.catalina.valves.ErrorReportValve.invoke(ErrorReportValve.java:93)
		at org.apache.catalina.valves.AbstractAccessLogValve.invoke(AbstractAccessLogValve.java:656)
		at org.apache.catalina.core.StandardEngineValve.invoke(StandardEngineValve.java:74)
		at org.apache.catalina.connector.CoyoteAdapter.service(CoyoteAdapter.java:346)
		at org.apache.coyote.http11.Http11Processor.service(Http11Processor.java:397)
		at org.apache.coyote.AbstractProcessorLight.process(AbstractProcessorLight.java:63)
		at org.apache.coyote.AbstractProtocol$ConnectionHandler.process(AbstractProtocol.java:935)
		at org.apache.tomcat.util.net.NioEndpoint$SocketProcessor.doRun(NioEndpoint.java:1826)
		at org.apache.tomcat.util.net.SocketProcessorBase.run(SocketProcessorBase.java:52)
		at org.apache.tomcat.util.threads.ThreadPoolExecutor.runWorker(ThreadPoolExecutor.java:1189)
		at org.apache.tomcat.util.threads.ThreadPoolExecutor$Worker.run(ThreadPoolExecutor.java:658)
		at org.apache.tomcat.util.threads.TaskThread$WrappingRunnable.run(TaskThread.java:63)
		at java.lang.Thread.run(Thread.java:748)
09-Apr-2026 14:52:26.137 SEVERE [http-nio-8080-exec-259] org.apache.catalina.core.StandardWrapperValve.invoke Servlet.service() for servlet [MainController] in context with path [/production-management-system] threw exception [Servlet execution threw an exception] with root cause
	java.lang.UnsupportedClassVersionError: pms/model/DashboardDAO
		at pms.controllers.DashboardController.viewDashboard(DashboardController.java:71)
		at pms.controllers.DashboardController.processRequest(DashboardController.java:48)
		at pms.controllers.DashboardController.doPost(DashboardController.java:122)
		at javax.servlet.http.HttpServlet.service(HttpServlet.java:555)
		at javax.servlet.http.HttpServlet.service(HttpServlet.java:623)
		at org.apache.catalina.core.ApplicationFilterChain.internalDoFilter(ApplicationFilterChain.java:199)
		at org.apache.catalina.core.ApplicationFilterChain.doFilter(ApplicationFilterChain.java:144)
		at org.apache.tomcat.websocket.server.WsFilter.doFilter(WsFilter.java:51)
		at org.apache.catalina.core.ApplicationFilterChain.internalDoFilter(ApplicationFilterChain.java:168)
		at org.apache.catalina.core.ApplicationFilterChain.doFilter(ApplicationFilterChain.java:144)
		at org.apache.catalina.core.ApplicationDispatcher.invoke(ApplicationDispatcher.java:621)
		at org.apache.catalina.core.ApplicationDispatcher.processRequest(ApplicationDispatcher.java:401)
		at org.apache.catalina.core.ApplicationDispatcher.doForward(ApplicationDispatcher.java:340)
		at org.apache.catalina.core.ApplicationDispatcher.forward(ApplicationDispatcher.java:285)
		at pms.controllers.UserController.processRequest(UserController.java:132)
		at pms.controllers.UserController.doPost(UserController.java:611)
		at javax.servlet.http.HttpServlet.service(HttpServlet.java:555)
		at javax.servlet.http.HttpServlet.service(HttpServlet.java:623)
		at org.apache.catalina.core.ApplicationFilterChain.internalDoFilter(ApplicationFilterChain.java:199)
		at org.apache.catalina.core.ApplicationFilterChain.doFilter(ApplicationFilterChain.java:144)
		at org.apache.tomcat.websocket.server.WsFilter.doFilter(WsFilter.java:51)
		at org.apache.catalina.core.ApplicationFilterChain.internalDoFilter(ApplicationFilterChain.java:168)
		at org.apache.catalina.core.ApplicationFilterChain.doFilter(ApplicationFilterChain.java:144)
		at org.apache.catalina.core.ApplicationDispatcher.invoke(ApplicationDispatcher.java:621)
		at org.apache.catalina.core.ApplicationDispatcher.processRequest(ApplicationDispatcher.java:401)
		at org.apache.catalina.core.ApplicationDispatcher.doForward(ApplicationDispatcher.java:340)
		at org.apache.catalina.core.ApplicationDispatcher.forward(ApplicationDispatcher.java:285)
		at pms.controllers.MainController.processRequest(MainController.java:105)
		at pms.controllers.MainController.doPost(MainController.java:119)
		at javax.servlet.http.HttpServlet.service(HttpServlet.java:555)
		at javax.servlet.http.HttpServlet.service(HttpServlet.java:623)
		at org.apache.catalina.core.ApplicationFilterChain.internalDoFilter(ApplicationFilterChain.java:199)
		at org.apache.catalina.core.ApplicationFilterChain.doFilter(ApplicationFilterChain.java:144)
		at org.apache.tomcat.websocket.server.WsFilter.doFilter(WsFilter.java:51)
		at org.apache.catalina.core.ApplicationFilterChain.internalDoFilter(ApplicationFilterChain.java:168)
		at org.apache.catalina.core.ApplicationFilterChain.doFilter(ApplicationFilterChain.java:144)
		at pms.filter.TenantFilter.doFilter(TenantFilter.java:44)
		at org.apache.catalina.core.ApplicationFilterChain.internalDoFilter(ApplicationFilterChain.java:168)
		at org.apache.catalina.core.ApplicationFilterChain.doFilter(ApplicationFilterChain.java:144)
		at pms.filter.PaymentStatusFilter.doFilter(PaymentStatusFilter.java:69)
		at org.apache.catalina.core.ApplicationFilterChain.internalDoFilter(ApplicationFilterChain.java:168)
		at org.apache.catalina.core.ApplicationFilterChain.doFilter(ApplicationFilterChain.java:144)
		at pms.filter.AuthenticationFilter.doFilter(AuthenticationFilter.java:65)
		at org.apache.catalina.core.ApplicationFilterChain.internalDoFilter(ApplicationFilterChain.java:168)
		at org.apache.catalina.core.ApplicationFilterChain.doFilter(ApplicationFilterChain.java:144)
		at pms.filter.EncodingFilter.doFilter(EncodingFilter.java:43)
		at org.apache.catalina.core.ApplicationFilterChain.internalDoFilter(ApplicationFilterChain.java:168)
		at org.apache.catalina.core.ApplicationFilterChain.doFilter(ApplicationFilterChain.java:144)
		at org.apache.catalina.core.StandardWrapperValve.invoke(StandardWrapperValve.java:168)
		at org.apache.catalina.core.StandardContextValve.invoke(StandardContextValve.java:90)
		at org.apache.catalina.authenticator.AuthenticatorBase.invoke(AuthenticatorBase.java:482)
		at org.apache.catalina.core.StandardHostValve.invoke(StandardHostValve.java:130)
		at org.apache.catalina.valves.ErrorReportValve.invoke(ErrorReportValve.java:93)
		at org.apache.catalina.valves.AbstractAccessLogValve.invoke(AbstractAccessLogValve.java:656)
		at org.apache.catalina.core.StandardEngineValve.invoke(StandardEngineValve.java:74)
		at org.apache.catalina.connector.CoyoteAdapter.service(CoyoteAdapter.java:346)
		at org.apache.coyote.http11.Http11Processor.service(Http11Processor.java:397)
		at org.apache.coyote.AbstractProcessorLight.process(AbstractProcessorLight.java:63)
		at org.apache.coyote.AbstractProtocol$ConnectionHandler.process(AbstractProtocol.java:935)
		at org.apache.tomcat.util.net.NioEndpoint$SocketProcessor.doRun(NioEndpoint.java:1826)
		at org.apache.tomcat.util.net.SocketProcessorBase.run(SocketProcessorBase.java:52)
		at org.apache.tomcat.util.threads.ThreadPoolExecutor.runWorker(ThreadPoolExecutor.java:1189)
		at org.apache.tomcat.util.threads.ThreadPoolExecutor$Worker.run(ThreadPoolExecutor.java:658)
		at org.apache.tomcat.util.threads.TaskThread$WrappingRunnable.run(TaskThread.java:63)
		at java.lang.Thread.run(Thread.java:748)
09-Apr-2026 14:55:25.161 WARNING [http-nio-8080-exec-268] org.apache.catalina.session.StandardSession.doWriteObject Cannot serialize session attribute [eList] for session [4DABA88CA3D83B2AEE457A2DCC9C783E]
	java.io.NotSerializableException: pms.model.UserDTO
		at java.io.ObjectOutputStream.writeObject0(ObjectOutputStream.java:1184)
		at java.io.ObjectOutputStream.writeObject(ObjectOutputStream.java:348)
		at java.util.ArrayList.writeObject(ArrayList.java:766)
		at sun.reflect.GeneratedMethodAccessor61.invoke(Unknown Source)
		at sun.reflect.DelegatingMethodAccessorImpl.invoke(DelegatingMethodAccessorImpl.java:43)
		at java.lang.reflect.Method.invoke(Method.java:498)
		at java.io.ObjectStreamClass.invokeWriteObject(ObjectStreamClass.java:1128)
		at java.io.ObjectOutputStream.writeSerialData(ObjectOutputStream.java:1496)
		at java.io.ObjectOutputStream.writeOrdinaryObject(ObjectOutputStream.java:1432)
		at java.io.ObjectOutputStream.writeObject0(ObjectOutputStream.java:1178)
		at java.io.ObjectOutputStream.writeObject(ObjectOutputStream.java:348)
		at org.apache.catalina.session.StandardSession.doWriteObject(StandardSession.java:1376)
		at org.apache.catalina.session.StandardSession.writeObjectData(StandardSession.java:852)
		at org.apache.catalina.session.StandardManager.doUnload(StandardManager.java:306)
		at org.apache.catalina.session.StandardManager.unload(StandardManager.java:258)
		at org.apache.catalina.session.StandardManager.stopInternal(StandardManager.java:373)
		at org.apache.catalina.util.LifecycleBase.stop(LifecycleBase.java:235)
		at org.apache.catalina.core.StandardContext.stopInternal(StandardContext.java:4723)
		at org.apache.catalina.util.LifecycleBase.stop(LifecycleBase.java:235)
		at org.apache.catalina.manager.ManagerServlet.undeploy(ManagerServlet.java:1404)
		at org.apache.catalina.manager.ManagerServlet.doGet(ManagerServlet.java:332)
		at javax.servlet.http.HttpServlet.service(HttpServlet.java:529)
		at javax.servlet.http.HttpServlet.service(HttpServlet.java:623)
		at org.apache.catalina.core.ApplicationFilterChain.internalDoFilter(ApplicationFilterChain.java:199)
		at org.apache.catalina.core.ApplicationFilterChain.doFilter(ApplicationFilterChain.java:144)
		at org.apache.tomcat.websocket.server.WsFilter.doFilter(WsFilter.java:51)
		at org.apache.catalina.core.ApplicationFilterChain.internalDoFilter(ApplicationFilterChain.java:168)
		at org.apache.catalina.core.ApplicationFilterChain.doFilter(ApplicationFilterChain.java:144)
		at org.apache.catalina.filters.HttpHeaderSecurityFilter.doFilter(HttpHeaderSecurityFilter.java:129)
		at org.apache.catalina.core.ApplicationFilterChain.internalDoFilter(ApplicationFilterChain.java:168)
		at org.apache.catalina.core.ApplicationFilterChain.doFilter(ApplicationFilterChain.java:144)
		at org.apache.catalina.core.StandardWrapperValve.invoke(StandardWrapperValve.java:168)
		at org.apache.catalina.core.StandardContextValve.invoke(StandardContextValve.java:90)
		at org.apache.catalina.authenticator.AuthenticatorBase.invoke(AuthenticatorBase.java:597)
		at org.apache.catalina.valves.RequestFilterValve.process(RequestFilterValve.java:354)
		at org.apache.catalina.valves.RemoteAddrValve.invoke(RemoteAddrValve.java:54)
		at org.apache.catalina.core.StandardHostValve.invoke(StandardHostValve.java:130)
		at org.apache.catalina.valves.ErrorReportValve.invoke(ErrorReportValve.java:93)
		at org.apache.catalina.valves.AbstractAccessLogValve.invoke(AbstractAccessLogValve.java:656)
		at org.apache.catalina.core.StandardEngineValve.invoke(StandardEngineValve.java:74)
		at org.apache.catalina.connector.CoyoteAdapter.service(CoyoteAdapter.java:346)
		at org.apache.coyote.http11.Http11Processor.service(Http11Processor.java:397)
		at org.apache.coyote.AbstractProcessorLight.process(AbstractProcessorLight.java:63)
		at org.apache.coyote.AbstractProtocol$ConnectionHandler.process(AbstractProtocol.java:935)
		at org.apache.tomcat.util.net.NioEndpoint$SocketProcessor.doRun(NioEndpoint.java:1826)
		at org.apache.tomcat.util.net.SocketProcessorBase.run(SocketProcessorBase.java:52)
		at org.apache.tomcat.util.threads.ThreadPoolExecutor.runWorker(ThreadPoolExecutor.java:1189)
		at org.apache.tomcat.util.threads.ThreadPoolExecutor$Worker.run(ThreadPoolExecutor.java:658)
		at org.apache.tomcat.util.threads.TaskThread$WrappingRunnable.run(TaskThread.java:63)
		at java.lang.Thread.run(Thread.java:748)
09-Apr-2026 15:01:53.408 WARNING [http-nio-8080-exec-275] org.apache.catalina.session.StandardSession.doWriteObject Cannot serialize session attribute [eList] for session [3008C0F9DC7E6B19F51641C7B178F25F]
	java.io.NotSerializableException: pms.model.UserDTO
		at java.io.ObjectOutputStream.writeObject0(ObjectOutputStream.java:1184)
		at java.io.ObjectOutputStream.writeObject(ObjectOutputStream.java:348)
		at java.util.ArrayList.writeObject(ArrayList.java:766)
		at sun.reflect.GeneratedMethodAccessor61.invoke(Unknown Source)
		at sun.reflect.DelegatingMethodAccessorImpl.invoke(DelegatingMethodAccessorImpl.java:43)
		at java.lang.reflect.Method.invoke(Method.java:498)
		at java.io.ObjectStreamClass.invokeWriteObject(ObjectStreamClass.java:1128)
		at java.io.ObjectOutputStream.writeSerialData(ObjectOutputStream.java:1496)
		at java.io.ObjectOutputStream.writeOrdinaryObject(ObjectOutputStream.java:1432)
		at java.io.ObjectOutputStream.writeObject0(ObjectOutputStream.java:1178)
		at java.io.ObjectOutputStream.writeObject(ObjectOutputStream.java:348)
		at org.apache.catalina.session.StandardSession.doWriteObject(StandardSession.java:1376)
		at org.apache.catalina.session.StandardSession.writeObjectData(StandardSession.java:852)
		at org.apache.catalina.session.StandardManager.doUnload(StandardManager.java:306)
		at org.apache.catalina.session.StandardManager.unload(StandardManager.java:258)
		at org.apache.catalina.session.StandardManager.stopInternal(StandardManager.java:373)
		at org.apache.catalina.util.LifecycleBase.stop(LifecycleBase.java:235)
		at org.apache.catalina.core.StandardContext.stopInternal(StandardContext.java:4723)
		at org.apache.catalina.util.LifecycleBase.stop(LifecycleBase.java:235)
		at org.apache.catalina.manager.ManagerServlet.undeploy(ManagerServlet.java:1404)
		at org.apache.catalina.manager.ManagerServlet.doGet(ManagerServlet.java:332)
		at javax.servlet.http.HttpServlet.service(HttpServlet.java:529)
		at javax.servlet.http.HttpServlet.service(HttpServlet.java:623)
		at org.apache.catalina.core.ApplicationFilterChain.internalDoFilter(ApplicationFilterChain.java:199)
		at org.apache.catalina.core.ApplicationFilterChain.doFilter(ApplicationFilterChain.java:144)
		at org.apache.tomcat.websocket.server.WsFilter.doFilter(WsFilter.java:51)
		at org.apache.catalina.core.ApplicationFilterChain.internalDoFilter(ApplicationFilterChain.java:168)
		at org.apache.catalina.core.ApplicationFilterChain.doFilter(ApplicationFilterChain.java:144)
		at org.apache.catalina.filters.HttpHeaderSecurityFilter.doFilter(HttpHeaderSecurityFilter.java:129)
		at org.apache.catalina.core.ApplicationFilterChain.internalDoFilter(ApplicationFilterChain.java:168)
		at org.apache.catalina.core.ApplicationFilterChain.doFilter(ApplicationFilterChain.java:144)
		at org.apache.catalina.core.StandardWrapperValve.invoke(StandardWrapperValve.java:168)
		at org.apache.catalina.core.StandardContextValve.invoke(StandardContextValve.java:90)
		at org.apache.catalina.authenticator.AuthenticatorBase.invoke(AuthenticatorBase.java:597)
		at org.apache.catalina.valves.RequestFilterValve.process(RequestFilterValve.java:354)
		at org.apache.catalina.valves.RemoteAddrValve.invoke(RemoteAddrValve.java:54)
		at org.apache.catalina.core.StandardHostValve.invoke(StandardHostValve.java:130)
		at org.apache.catalina.valves.ErrorReportValve.invoke(ErrorReportValve.java:93)
		at org.apache.catalina.valves.AbstractAccessLogValve.invoke(AbstractAccessLogValve.java:656)
		at org.apache.catalina.core.StandardEngineValve.invoke(StandardEngineValve.java:74)
		at org.apache.catalina.connector.CoyoteAdapter.service(CoyoteAdapter.java:346)
		at org.apache.coyote.http11.Http11Processor.service(Http11Processor.java:397)
		at org.apache.coyote.AbstractProcessorLight.process(AbstractProcessorLight.java:63)
		at org.apache.coyote.AbstractProtocol$ConnectionHandler.process(AbstractProtocol.java:935)
		at org.apache.tomcat.util.net.NioEndpoint$SocketProcessor.doRun(NioEndpoint.java:1826)
		at org.apache.tomcat.util.net.SocketProcessorBase.run(SocketProcessorBase.java:52)
		at org.apache.tomcat.util.threads.ThreadPoolExecutor.runWorker(ThreadPoolExecutor.java:1189)
		at org.apache.tomcat.util.threads.ThreadPoolExecutor$Worker.run(ThreadPoolExecutor.java:658)
		at org.apache.tomcat.util.threads.TaskThread$WrappingRunnable.run(TaskThread.java:63)
		at java.lang.Thread.run(Thread.java:748)
09-Apr-2026 15:15:02.667 WARNING [http-nio-8080-exec-282] org.apache.catalina.session.StandardSession.doWriteObject Cannot serialize session attribute [eList] for session [E823DD535985B0CF4DAA38F3C6DD656F]
	java.io.NotSerializableException: pms.model.UserDTO
		at java.io.ObjectOutputStream.writeObject0(ObjectOutputStream.java:1184)
		at java.io.ObjectOutputStream.writeObject(ObjectOutputStream.java:348)
		at java.util.ArrayList.writeObject(ArrayList.java:766)
		at sun.reflect.GeneratedMethodAccessor61.invoke(Unknown Source)
		at sun.reflect.DelegatingMethodAccessorImpl.invoke(DelegatingMethodAccessorImpl.java:43)
		at java.lang.reflect.Method.invoke(Method.java:498)
		at java.io.ObjectStreamClass.invokeWriteObject(ObjectStreamClass.java:1128)
		at java.io.ObjectOutputStream.writeSerialData(ObjectOutputStream.java:1496)
		at java.io.ObjectOutputStream.writeOrdinaryObject(ObjectOutputStream.java:1432)
		at java.io.ObjectOutputStream.writeObject0(ObjectOutputStream.java:1178)
		at java.io.ObjectOutputStream.writeObject(ObjectOutputStream.java:348)
		at org.apache.catalina.session.StandardSession.doWriteObject(StandardSession.java:1376)
		at org.apache.catalina.session.StandardSession.writeObjectData(StandardSession.java:852)
		at org.apache.catalina.session.StandardManager.doUnload(StandardManager.java:306)
		at org.apache.catalina.session.StandardManager.unload(StandardManager.java:258)
		at org.apache.catalina.session.StandardManager.stopInternal(StandardManager.java:373)
		at org.apache.catalina.util.LifecycleBase.stop(LifecycleBase.java:235)
		at org.apache.catalina.core.StandardContext.stopInternal(StandardContext.java:4723)
		at org.apache.catalina.util.LifecycleBase.stop(LifecycleBase.java:235)
		at org.apache.catalina.core.StandardContext.reload(StandardContext.java:3260)
		at org.apache.catalina.manager.ManagerServlet.reload(ManagerServlet.java:1033)
		at org.apache.catalina.manager.ManagerServlet.doGet(ManagerServlet.java:316)
		at javax.servlet.http.HttpServlet.service(HttpServlet.java:529)
		at javax.servlet.http.HttpServlet.service(HttpServlet.java:623)
		at org.apache.catalina.core.ApplicationFilterChain.internalDoFilter(ApplicationFilterChain.java:199)
		at org.apache.catalina.core.ApplicationFilterChain.doFilter(ApplicationFilterChain.java:144)
		at org.apache.tomcat.websocket.server.WsFilter.doFilter(WsFilter.java:51)
		at org.apache.catalina.core.ApplicationFilterChain.internalDoFilter(ApplicationFilterChain.java:168)
		at org.apache.catalina.core.ApplicationFilterChain.doFilter(ApplicationFilterChain.java:144)
		at org.apache.catalina.filters.HttpHeaderSecurityFilter.doFilter(HttpHeaderSecurityFilter.java:129)
		at org.apache.catalina.core.ApplicationFilterChain.internalDoFilter(ApplicationFilterChain.java:168)
		at org.apache.catalina.core.ApplicationFilterChain.doFilter(ApplicationFilterChain.java:144)
		at org.apache.catalina.core.StandardWrapperValve.invoke(StandardWrapperValve.java:168)
		at org.apache.catalina.core.StandardContextValve.invoke(StandardContextValve.java:90)
		at org.apache.catalina.authenticator.AuthenticatorBase.invoke(AuthenticatorBase.java:597)
		at org.apache.catalina.valves.RequestFilterValve.process(RequestFilterValve.java:354)
		at org.apache.catalina.valves.RemoteAddrValve.invoke(RemoteAddrValve.java:54)
		at org.apache.catalina.core.StandardHostValve.invoke(StandardHostValve.java:130)
		at org.apache.catalina.valves.ErrorReportValve.invoke(ErrorReportValve.java:93)
		at org.apache.catalina.valves.AbstractAccessLogValve.invoke(AbstractAccessLogValve.java:656)
		at org.apache.catalina.core.StandardEngineValve.invoke(StandardEngineValve.java:74)
		at org.apache.catalina.connector.CoyoteAdapter.service(CoyoteAdapter.java:346)
		at org.apache.coyote.http11.Http11Processor.service(Http11Processor.java:397)
		at org.apache.coyote.AbstractProcessorLight.process(AbstractProcessorLight.java:63)
		at org.apache.coyote.AbstractProtocol$ConnectionHandler.process(AbstractProtocol.java:935)
		at org.apache.tomcat.util.net.NioEndpoint$SocketProcessor.doRun(NioEndpoint.java:1826)
		at org.apache.tomcat.util.net.SocketProcessorBase.run(SocketProcessorBase.java:52)
		at org.apache.tomcat.util.threads.ThreadPoolExecutor.runWorker(ThreadPoolExecutor.java:1189)
		at org.apache.tomcat.util.threads.ThreadPoolExecutor$Worker.run(ThreadPoolExecutor.java:658)
		at org.apache.tomcat.util.threads.TaskThread$WrappingRunnable.run(TaskThread.java:63)
		at java.lang.Thread.run(Thread.java:748)
09-Apr-2026 15:15:03.265 WARNING [http-nio-8080-exec-282] org.apache.catalina.session.StandardSession.doReadObject Cannot deserialize session attribute [eList] for session [E823DD535985B0CF4DAA38F3C6DD656F]
09-Apr-2026 15:18:06.748 WARNING [main] org.apache.catalina.session.StandardSession.doWriteObject Cannot serialize session attribute [eList] for session [049F152FBDC0AA28EEBAA847EC0F268B]
	java.io.NotSerializableException: pms.model.UserDTO
		at java.io.ObjectOutputStream.writeObject0(ObjectOutputStream.java:1184)
		at java.io.ObjectOutputStream.writeObject(ObjectOutputStream.java:348)
		at java.util.ArrayList.writeObject(ArrayList.java:766)
		at sun.reflect.GeneratedMethodAccessor61.invoke(Unknown Source)
		at sun.reflect.DelegatingMethodAccessorImpl.invoke(DelegatingMethodAccessorImpl.java:43)
		at java.lang.reflect.Method.invoke(Method.java:498)
		at java.io.ObjectStreamClass.invokeWriteObject(ObjectStreamClass.java:1128)
		at java.io.ObjectOutputStream.writeSerialData(ObjectOutputStream.java:1496)
		at java.io.ObjectOutputStream.writeOrdinaryObject(ObjectOutputStream.java:1432)
		at java.io.ObjectOutputStream.writeObject0(ObjectOutputStream.java:1178)
		at java.io.ObjectOutputStream.writeObject(ObjectOutputStream.java:348)
		at org.apache.catalina.session.StandardSession.doWriteObject(StandardSession.java:1376)
		at org.apache.catalina.session.StandardSession.writeObjectData(StandardSession.java:852)
		at org.apache.catalina.session.StandardManager.doUnload(StandardManager.java:306)
		at org.apache.catalina.session.StandardManager.unload(StandardManager.java:258)
		at org.apache.catalina.session.StandardManager.stopInternal(StandardManager.java:373)
		at org.apache.catalina.util.LifecycleBase.stop(LifecycleBase.java:235)
		at org.apache.catalina.core.StandardContext.stopInternal(StandardContext.java:4723)
		at org.apache.catalina.util.LifecycleBase.stop(LifecycleBase.java:235)
		at org.apache.catalina.core.ContainerBase$StopChild.call(ContainerBase.java:1219)
		at org.apache.catalina.core.ContainerBase$StopChild.call(ContainerBase.java:1208)
		at java.util.concurrent.FutureTask.run(FutureTask.java:266)
		at org.apache.tomcat.util.threads.InlineExecutorService.execute(InlineExecutorService.java:76)
		at java.util.concurrent.AbstractExecutorService.submit(AbstractExecutorService.java:134)
		at org.apache.catalina.core.ContainerBase.stopInternal(ContainerBase.java:814)
		at org.apache.catalina.util.LifecycleBase.stop(LifecycleBase.java:235)
		at org.apache.catalina.core.ContainerBase$StopChild.call(ContainerBase.java:1219)
		at org.apache.catalina.core.ContainerBase$StopChild.call(ContainerBase.java:1208)
		at java.util.concurrent.FutureTask.run(FutureTask.java:266)
		at org.apache.tomcat.util.threads.InlineExecutorService.execute(InlineExecutorService.java:76)
		at java.util.concurrent.AbstractExecutorService.submit(AbstractExecutorService.java:134)
		at org.apache.catalina.core.ContainerBase.stopInternal(ContainerBase.java:814)
		at org.apache.catalina.util.LifecycleBase.stop(LifecycleBase.java:235)
		at org.apache.catalina.core.StandardService.stopInternal(StandardService.java:468)
		at org.apache.catalina.util.LifecycleBase.stop(LifecycleBase.java:235)
		at org.apache.catalina.core.StandardServer.stopInternal(StandardServer.java:919)
		at org.apache.catalina.util.LifecycleBase.stop(LifecycleBase.java:235)
		at org.apache.catalina.startup.Catalina.stop(Catalina.java:814)
		at org.apache.catalina.startup.Catalina.start(Catalina.java:778)
		at sun.reflect.NativeMethodAccessorImpl.invoke0(Native Method)
		at sun.reflect.NativeMethodAccessorImpl.invoke(NativeMethodAccessorImpl.java:62)
		at sun.reflect.DelegatingMethodAccessorImpl.invoke(DelegatingMethodAccessorImpl.java:43)
		at java.lang.reflect.Method.invoke(Method.java:498)
		at org.apache.catalina.startup.Bootstrap.start(Bootstrap.java:345)
		at org.apache.catalina.startup.Bootstrap.main(Bootstrap.java:476)
09-Apr-2026 15:18:06.751 INFO [main] org.apache.catalina.core.ApplicationContext.log SessionListener: contextDestroyed()
09-Apr-2026 15:18:06.751 INFO [main] org.apache.catalina.core.ApplicationContext.log ContextListener: contextDestroyed()
