22-Mar-2026 03:23:59.823 INFO [main] org.apache.catalina.core.ApplicationContext.log ContextListener: contextInitialized()
22-Mar-2026 03:23:59.823 INFO [main] org.apache.catalina.core.ApplicationContext.log SessionListener: contextInitialized()
22-Mar-2026 03:23:59.825 INFO [main] org.apache.catalina.core.ApplicationContext.log ContextListener: attributeAdded('StockTicker', 'async.Stockticker@babafc2')
22-Mar-2026 03:25:40.561 WARNING [Catalina-utility-2] org.apache.catalina.session.StandardSession.doWriteObject Cannot serialize session attribute [eList] for session [D68A9C1BF5EA3D1CE4C9AE0A75CCB7AA]
	java.io.NotSerializableException: pms.model.UserDTO
		at java.io.ObjectOutputStream.writeObject0(ObjectOutputStream.java:1184)
		at java.io.ObjectOutputStream.writeObject(ObjectOutputStream.java:348)
		at java.util.ArrayList.writeObject(ArrayList.java:766)
		at sun.reflect.NativeMethodAccessorImpl.invoke0(Native Method)
		at sun.reflect.NativeMethodAccessorImpl.invoke(NativeMethodAccessorImpl.java:62)
		at sun.reflect.DelegatingMethodAccessorImpl.invoke(DelegatingMethodAccessorImpl.java:43)
		at java.lang.reflect.Method.invoke(Method.java:498)
		at java.io.ObjectStreamClass.invokeWriteObject(ObjectStreamClass.java:1128)
		at java.io.ObjectOutputStream.writeSerialData(ObjectOutputStream.java:1496)
		at java.io.ObjectOutputStream.writeOrdinaryObject(ObjectOutputStream.java:1432)
		at java.io.ObjectOutputStream.writeObject0(ObjectOutputStream.java:1178)
		at java.io.ObjectOutputStream.writeObject(ObjectOutputStream.java:348)
		at org.apache.catalina.session.StandardSession.doWriteObject(StandardSession.java:1376)
		at org.apache.catalina.session.StandardSession.writeObjectData(StandardSession.java:852)
		at org.apache.catalina.session.StandardManager.doUnload(StandardManager.java:306)
		at org.apache.catalina.session.StandardManager.unload(StandardManager.java:258)
		at org.apache.catalina.session.StandardManager.stopInternal(StandardManager.java:373)
		at org.apache.catalina.util.LifecycleBase.stop(LifecycleBase.java:235)
		at org.apache.catalina.core.StandardContext.stopInternal(StandardContext.java:4723)
		at org.apache.catalina.util.LifecycleBase.stop(LifecycleBase.java:235)
		at org.apache.catalina.core.ContainerBase.removeChild(ContainerBase.java:659)
		at org.apache.catalina.startup.HostConfig.undeploy(HostConfig.java:1437)
		at org.apache.catalina.startup.HostConfig.checkResources(HostConfig.java:1366)
		at org.apache.catalina.startup.HostConfig.check(HostConfig.java:1615)
		at org.apache.catalina.startup.HostConfig.lifecycleEvent(HostConfig.java:308)
		at org.apache.catalina.util.LifecycleBase.fireLifecycleEvent(LifecycleBase.java:109)
		at org.apache.catalina.core.ContainerBase.backgroundProcess(ContainerBase.java:973)
		at org.apache.catalina.core.ContainerBase$ContainerBackgroundProcessor.processChildren(ContainerBase.java:1172)
		at org.apache.catalina.core.ContainerBase$ContainerBackgroundProcessor.processChildren(ContainerBase.java:1176)
		at org.apache.catalina.core.ContainerBase$ContainerBackgroundProcessor.run(ContainerBase.java:1154)
		at java.util.concurrent.Executors$RunnableAdapter.call(Executors.java:511)
		at java.util.concurrent.FutureTask.runAndReset(FutureTask.java:308)
		at java.util.concurrent.ScheduledThreadPoolExecutor$ScheduledFutureTask.access$301(ScheduledThreadPoolExecutor.java:180)
		at java.util.concurrent.ScheduledThreadPoolExecutor$ScheduledFutureTask.run(ScheduledThreadPoolExecutor.java:294)
		at java.util.concurrent.ThreadPoolExecutor.runWorker(ThreadPoolExecutor.java:1149)
		at java.util.concurrent.ThreadPoolExecutor$Worker.run(ThreadPoolExecutor.java:624)
		at org.apache.tomcat.util.threads.TaskThread$WrappingRunnable.run(TaskThread.java:63)
		at java.lang.Thread.run(Thread.java:748)
22-Mar-2026 03:33:45.238 WARNING [http-nio-8080-exec-40] org.apache.catalina.session.StandardSession.doWriteObject Cannot serialize session attribute [eList] for session [CCE1694566C1C4C5D64E1068AED3FFC7]
	java.io.NotSerializableException: pms.model.UserDTO
		at java.io.ObjectOutputStream.writeObject0(ObjectOutputStream.java:1184)
		at java.io.ObjectOutputStream.writeObject(ObjectOutputStream.java:348)
		at java.util.ArrayList.writeObject(ArrayList.java:766)
		at sun.reflect.NativeMethodAccessorImpl.invoke0(Native Method)
		at sun.reflect.NativeMethodAccessorImpl.invoke(NativeMethodAccessorImpl.java:62)
		at sun.reflect.DelegatingMethodAccessorImpl.invoke(DelegatingMethodAccessorImpl.java:43)
		at java.lang.reflect.Method.invoke(Method.java:498)
		at java.io.ObjectStreamClass.invokeWriteObject(ObjectStreamClass.java:1128)
		at java.io.ObjectOutputStream.writeSerialData(ObjectOutputStream.java:1496)
		at java.io.ObjectOutputStream.writeOrdinaryObject(ObjectOutputStream.java:1432)
		at java.io.ObjectOutputStream.writeObject0(ObjectOutputStream.java:1178)
		at java.io.ObjectOutputStream.writeObject(ObjectOutputStream.java:348)
		at org.apache.catalina.session.StandardSession.doWriteObject(StandardSession.java:1376)
		at org.apache.catalina.session.StandardSession.writeObjectData(StandardSession.java:852)
		at org.apache.catalina.session.StandardManager.doUnload(StandardManager.java:306)
		at org.apache.catalina.session.StandardManager.unload(StandardManager.java:258)
		at org.apache.catalina.session.StandardManager.stopInternal(StandardManager.java:373)
		at org.apache.catalina.util.LifecycleBase.stop(LifecycleBase.java:235)
		at org.apache.catalina.core.StandardContext.stopInternal(StandardContext.java:4723)
		at org.apache.catalina.util.LifecycleBase.stop(LifecycleBase.java:235)
		at org.apache.catalina.manager.ManagerServlet.undeploy(ManagerServlet.java:1404)
		at org.apache.catalina.manager.ManagerServlet.doGet(ManagerServlet.java:332)
		at javax.servlet.http.HttpServlet.service(HttpServlet.java:529)
		at javax.servlet.http.HttpServlet.service(HttpServlet.java:623)
		at org.apache.catalina.core.ApplicationFilterChain.internalDoFilter(ApplicationFilterChain.java:199)
		at org.apache.catalina.core.ApplicationFilterChain.doFilter(ApplicationFilterChain.java:144)
		at org.apache.tomcat.websocket.server.WsFilter.doFilter(WsFilter.java:51)
		at org.apache.catalina.core.ApplicationFilterChain.internalDoFilter(ApplicationFilterChain.java:168)
		at org.apache.catalina.core.ApplicationFilterChain.doFilter(ApplicationFilterChain.java:144)
		at org.apache.catalina.filters.HttpHeaderSecurityFilter.doFilter(HttpHeaderSecurityFilter.java:129)
		at org.apache.catalina.core.ApplicationFilterChain.internalDoFilter(ApplicationFilterChain.java:168)
		at org.apache.catalina.core.ApplicationFilterChain.doFilter(ApplicationFilterChain.java:144)
		at org.apache.catalina.core.StandardWrapperValve.invoke(StandardWrapperValve.java:168)
		at org.apache.catalina.core.StandardContextValve.invoke(StandardContextValve.java:90)
		at org.apache.catalina.authenticator.AuthenticatorBase.invoke(AuthenticatorBase.java:597)
		at org.apache.catalina.valves.RequestFilterValve.process(RequestFilterValve.java:354)
		at org.apache.catalina.valves.RemoteAddrValve.invoke(RemoteAddrValve.java:54)
		at org.apache.catalina.core.StandardHostValve.invoke(StandardHostValve.java:130)
		at org.apache.catalina.valves.ErrorReportValve.invoke(ErrorReportValve.java:93)
		at org.apache.catalina.valves.AbstractAccessLogValve.invoke(AbstractAccessLogValve.java:656)
		at org.apache.catalina.core.StandardEngineValve.invoke(StandardEngineValve.java:74)
		at org.apache.catalina.connector.CoyoteAdapter.service(CoyoteAdapter.java:346)
		at org.apache.coyote.http11.Http11Processor.service(Http11Processor.java:397)
		at org.apache.coyote.AbstractProcessorLight.process(AbstractProcessorLight.java:63)
		at org.apache.coyote.AbstractProtocol$ConnectionHandler.process(AbstractProtocol.java:935)
		at org.apache.tomcat.util.net.NioEndpoint$SocketProcessor.doRun(NioEndpoint.java:1826)
		at org.apache.tomcat.util.net.SocketProcessorBase.run(SocketProcessorBase.java:52)
		at org.apache.tomcat.util.threads.ThreadPoolExecutor.runWorker(ThreadPoolExecutor.java:1189)
		at org.apache.tomcat.util.threads.ThreadPoolExecutor$Worker.run(ThreadPoolExecutor.java:658)
		at org.apache.tomcat.util.threads.TaskThread$WrappingRunnable.run(TaskThread.java:63)
		at java.lang.Thread.run(Thread.java:748)
22-Mar-2026 03:45:19.347 WARNING [http-nio-8080-exec-43] org.apache.catalina.session.StandardSession.doWriteObject Cannot serialize session attribute [eList] for session [F81BCAFA16276BEC5A17BC850975D239]
	java.io.NotSerializableException: pms.model.UserDTO
		at java.io.ObjectOutputStream.writeObject0(ObjectOutputStream.java:1184)
		at java.io.ObjectOutputStream.writeObject(ObjectOutputStream.java:348)
		at java.util.ArrayList.writeObject(ArrayList.java:766)
		at sun.reflect.NativeMethodAccessorImpl.invoke0(Native Method)
		at sun.reflect.NativeMethodAccessorImpl.invoke(NativeMethodAccessorImpl.java:62)
		at sun.reflect.DelegatingMethodAccessorImpl.invoke(DelegatingMethodAccessorImpl.java:43)
		at java.lang.reflect.Method.invoke(Method.java:498)
		at java.io.ObjectStreamClass.invokeWriteObject(ObjectStreamClass.java:1128)
		at java.io.ObjectOutputStream.writeSerialData(ObjectOutputStream.java:1496)
		at java.io.ObjectOutputStream.writeOrdinaryObject(ObjectOutputStream.java:1432)
		at java.io.ObjectOutputStream.writeObject0(ObjectOutputStream.java:1178)
		at java.io.ObjectOutputStream.writeObject(ObjectOutputStream.java:348)
		at org.apache.catalina.session.StandardSession.doWriteObject(StandardSession.java:1376)
		at org.apache.catalina.session.StandardSession.writeObjectData(StandardSession.java:852)
		at org.apache.catalina.session.StandardManager.doUnload(StandardManager.java:306)
		at org.apache.catalina.session.StandardManager.unload(StandardManager.java:258)
		at org.apache.catalina.session.StandardManager.stopInternal(StandardManager.java:373)
		at org.apache.catalina.util.LifecycleBase.stop(LifecycleBase.java:235)
		at org.apache.catalina.core.StandardContext.stopInternal(StandardContext.java:4723)
		at org.apache.catalina.util.LifecycleBase.stop(LifecycleBase.java:235)
		at org.apache.catalina.manager.ManagerServlet.undeploy(ManagerServlet.java:1404)
		at org.apache.catalina.manager.ManagerServlet.doGet(ManagerServlet.java:332)
		at javax.servlet.http.HttpServlet.service(HttpServlet.java:529)
		at javax.servlet.http.HttpServlet.service(HttpServlet.java:623)
		at org.apache.catalina.core.ApplicationFilterChain.internalDoFilter(ApplicationFilterChain.java:199)
		at org.apache.catalina.core.ApplicationFilterChain.doFilter(ApplicationFilterChain.java:144)
		at org.apache.tomcat.websocket.server.WsFilter.doFilter(WsFilter.java:51)
		at org.apache.catalina.core.ApplicationFilterChain.internalDoFilter(ApplicationFilterChain.java:168)
		at org.apache.catalina.core.ApplicationFilterChain.doFilter(ApplicationFilterChain.java:144)
		at org.apache.catalina.filters.HttpHeaderSecurityFilter.doFilter(HttpHeaderSecurityFilter.java:129)
		at org.apache.catalina.core.ApplicationFilterChain.internalDoFilter(ApplicationFilterChain.java:168)
		at org.apache.catalina.core.ApplicationFilterChain.doFilter(ApplicationFilterChain.java:144)
		at org.apache.catalina.core.StandardWrapperValve.invoke(StandardWrapperValve.java:168)
		at org.apache.catalina.core.StandardContextValve.invoke(StandardContextValve.java:90)
		at org.apache.catalina.authenticator.AuthenticatorBase.invoke(AuthenticatorBase.java:597)
		at org.apache.catalina.valves.RequestFilterValve.process(RequestFilterValve.java:354)
		at org.apache.catalina.valves.RemoteAddrValve.invoke(RemoteAddrValve.java:54)
		at org.apache.catalina.core.StandardHostValve.invoke(StandardHostValve.java:130)
		at org.apache.catalina.valves.ErrorReportValve.invoke(ErrorReportValve.java:93)
		at org.apache.catalina.valves.AbstractAccessLogValve.invoke(AbstractAccessLogValve.java:656)
		at org.apache.catalina.core.StandardEngineValve.invoke(StandardEngineValve.java:74)
		at org.apache.catalina.connector.CoyoteAdapter.service(CoyoteAdapter.java:346)
		at org.apache.coyote.http11.Http11Processor.service(Http11Processor.java:397)
		at org.apache.coyote.AbstractProcessorLight.process(AbstractProcessorLight.java:63)
		at org.apache.coyote.AbstractProtocol$ConnectionHandler.process(AbstractProtocol.java:935)
		at org.apache.tomcat.util.net.NioEndpoint$SocketProcessor.doRun(NioEndpoint.java:1826)
		at org.apache.tomcat.util.net.SocketProcessorBase.run(SocketProcessorBase.java:52)
		at org.apache.tomcat.util.threads.ThreadPoolExecutor.runWorker(ThreadPoolExecutor.java:1189)
		at org.apache.tomcat.util.threads.ThreadPoolExecutor$Worker.run(ThreadPoolExecutor.java:658)
		at org.apache.tomcat.util.threads.TaskThread$WrappingRunnable.run(TaskThread.java:63)
		at java.lang.Thread.run(Thread.java:748)
22-Mar-2026 05:28:09.370 INFO [main] org.apache.catalina.core.ApplicationContext.log ContextListener: contextInitialized()
22-Mar-2026 05:28:09.370 INFO [main] org.apache.catalina.core.ApplicationContext.log SessionListener: contextInitialized()
22-Mar-2026 05:28:09.372 INFO [main] org.apache.catalina.core.ApplicationContext.log ContextListener: attributeAdded('StockTicker', 'async.Stockticker@372b0d86')
22-Mar-2026 05:28:22.773 SEVERE [http-nio-8080-exec-5] org.apache.catalina.core.ApplicationDispatcher.invoke Servlet.service() for servlet [LoginController] threw exception
	javax.persistence.PersistenceException: No Persistence provider for EntityManager named PE_Prj301PU
		at javax.persistence.Persistence.createEntityManagerFactory(Persistence.java:86)
		at javax.persistence.Persistence.createEntityManagerFactory(Persistence.java:55)
		at pe.model.UserDao.<init>(UserDao.java:17)
		at pe.controllers.LoginController.processRequest(LoginController.java:40)
		at pe.controllers.LoginController.doPost(LoginController.java:84)
		at javax.servlet.http.HttpServlet.service(HttpServlet.java:555)
		at javax.servlet.http.HttpServlet.service(HttpServlet.java:623)
		at org.apache.catalina.core.ApplicationFilterChain.internalDoFilter(ApplicationFilterChain.java:199)
		at org.apache.catalina.core.ApplicationFilterChain.doFilter(ApplicationFilterChain.java:144)
		at org.apache.tomcat.websocket.server.WsFilter.doFilter(WsFilter.java:51)
		at org.apache.catalina.core.ApplicationFilterChain.internalDoFilter(ApplicationFilterChain.java:168)
		at org.apache.catalina.core.ApplicationFilterChain.doFilter(ApplicationFilterChain.java:144)
		at org.apache.catalina.core.ApplicationDispatcher.invoke(ApplicationDispatcher.java:621)
		at org.apache.catalina.core.ApplicationDispatcher.processRequest(ApplicationDispatcher.java:401)
		at org.apache.catalina.core.ApplicationDispatcher.doForward(ApplicationDispatcher.java:340)
		at org.apache.catalina.core.ApplicationDispatcher.forward(ApplicationDispatcher.java:285)
		at pe.controllers.MainController.processRequest(MainController.java:50)
		at pe.controllers.MainController.doPost(MainController.java:80)
		at javax.servlet.http.HttpServlet.service(HttpServlet.java:555)
		at javax.servlet.http.HttpServlet.service(HttpServlet.java:623)
		at org.apache.catalina.core.ApplicationFilterChain.internalDoFilter(ApplicationFilterChain.java:199)
		at org.apache.catalina.core.ApplicationFilterChain.doFilter(ApplicationFilterChain.java:144)
		at org.apache.tomcat.websocket.server.WsFilter.doFilter(WsFilter.java:51)
		at org.apache.catalina.core.ApplicationFilterChain.internalDoFilter(ApplicationFilterChain.java:168)
		at org.apache.catalina.core.ApplicationFilterChain.doFilter(ApplicationFilterChain.java:144)
		at org.apache.catalina.core.StandardWrapperValve.invoke(StandardWrapperValve.java:168)
		at org.apache.catalina.core.StandardContextValve.invoke(StandardContextValve.java:90)
		at org.apache.catalina.authenticator.AuthenticatorBase.invoke(AuthenticatorBase.java:482)
		at org.apache.catalina.core.StandardHostValve.invoke(StandardHostValve.java:130)
		at org.apache.catalina.valves.ErrorReportValve.invoke(ErrorReportValve.java:93)
		at org.apache.catalina.valves.AbstractAccessLogValve.invoke(AbstractAccessLogValve.java:656)
		at org.apache.catalina.core.StandardEngineValve.invoke(StandardEngineValve.java:74)
		at org.apache.catalina.connector.CoyoteAdapter.service(CoyoteAdapter.java:346)
		at org.apache.coyote.http11.Http11Processor.service(Http11Processor.java:397)
		at org.apache.coyote.AbstractProcessorLight.process(AbstractProcessorLight.java:63)
		at org.apache.coyote.AbstractProtocol$ConnectionHandler.process(AbstractProtocol.java:935)
		at org.apache.tomcat.util.net.NioEndpoint$SocketProcessor.doRun(NioEndpoint.java:1826)
		at org.apache.tomcat.util.net.SocketProcessorBase.run(SocketProcessorBase.java:52)
		at org.apache.tomcat.util.threads.ThreadPoolExecutor.runWorker(ThreadPoolExecutor.java:1189)
		at org.apache.tomcat.util.threads.ThreadPoolExecutor$Worker.run(ThreadPoolExecutor.java:658)
		at org.apache.tomcat.util.threads.TaskThread$WrappingRunnable.run(TaskThread.java:63)
		at java.lang.Thread.run(Thread.java:748)
22-Mar-2026 05:28:22.773 SEVERE [http-nio-8080-exec-5] org.apache.catalina.core.StandardWrapperValve.invoke Servlet.service() for servlet [MainController] in context with path [/PE_PRJ301] threw exception
	javax.persistence.PersistenceException: No Persistence provider for EntityManager named PE_Prj301PU
		at javax.persistence.Persistence.createEntityManagerFactory(Persistence.java:86)
		at javax.persistence.Persistence.createEntityManagerFactory(Persistence.java:55)
		at pe.model.UserDao.<init>(UserDao.java:17)
		at pe.controllers.LoginController.processRequest(LoginController.java:40)
		at pe.controllers.LoginController.doPost(LoginController.java:84)
		at javax.servlet.http.HttpServlet.service(HttpServlet.java:555)
		at javax.servlet.http.HttpServlet.service(HttpServlet.java:623)
		at org.apache.catalina.core.ApplicationFilterChain.internalDoFilter(ApplicationFilterChain.java:199)
		at org.apache.catalina.core.ApplicationFilterChain.doFilter(ApplicationFilterChain.java:144)
		at org.apache.tomcat.websocket.server.WsFilter.doFilter(WsFilter.java:51)
		at org.apache.catalina.core.ApplicationFilterChain.internalDoFilter(ApplicationFilterChain.java:168)
		at org.apache.catalina.core.ApplicationFilterChain.doFilter(ApplicationFilterChain.java:144)
		at org.apache.catalina.core.ApplicationDispatcher.invoke(ApplicationDispatcher.java:621)
		at org.apache.catalina.core.ApplicationDispatcher.processRequest(ApplicationDispatcher.java:401)
		at org.apache.catalina.core.ApplicationDispatcher.doForward(ApplicationDispatcher.java:340)
		at org.apache.catalina.core.ApplicationDispatcher.forward(ApplicationDispatcher.java:285)
		at pe.controllers.MainController.processRequest(MainController.java:50)
		at pe.controllers.MainController.doPost(MainController.java:80)
		at javax.servlet.http.HttpServlet.service(HttpServlet.java:555)
		at javax.servlet.http.HttpServlet.service(HttpServlet.java:623)
		at org.apache.catalina.core.ApplicationFilterChain.internalDoFilter(ApplicationFilterChain.java:199)
		at org.apache.catalina.core.ApplicationFilterChain.doFilter(ApplicationFilterChain.java:144)
		at org.apache.tomcat.websocket.server.WsFilter.doFilter(WsFilter.java:51)
		at org.apache.catalina.core.ApplicationFilterChain.internalDoFilter(ApplicationFilterChain.java:168)
		at org.apache.catalina.core.ApplicationFilterChain.doFilter(ApplicationFilterChain.java:144)
		at org.apache.catalina.core.StandardWrapperValve.invoke(StandardWrapperValve.java:168)
		at org.apache.catalina.core.StandardContextValve.invoke(StandardContextValve.java:90)
		at org.apache.catalina.authenticator.AuthenticatorBase.invoke(AuthenticatorBase.java:482)
		at org.apache.catalina.core.StandardHostValve.invoke(StandardHostValve.java:130)
		at org.apache.catalina.valves.ErrorReportValve.invoke(ErrorReportValve.java:93)
		at org.apache.catalina.valves.AbstractAccessLogValve.invoke(AbstractAccessLogValve.java:656)
		at org.apache.catalina.core.StandardEngineValve.invoke(StandardEngineValve.java:74)
		at org.apache.catalina.connector.CoyoteAdapter.service(CoyoteAdapter.java:346)
		at org.apache.coyote.http11.Http11Processor.service(Http11Processor.java:397)
		at org.apache.coyote.AbstractProcessorLight.process(AbstractProcessorLight.java:63)
		at org.apache.coyote.AbstractProtocol$ConnectionHandler.process(AbstractProtocol.java:935)
		at org.apache.tomcat.util.net.NioEndpoint$SocketProcessor.doRun(NioEndpoint.java:1826)
		at org.apache.tomcat.util.net.SocketProcessorBase.run(SocketProcessorBase.java:52)
		at org.apache.tomcat.util.threads.ThreadPoolExecutor.runWorker(ThreadPoolExecutor.java:1189)
		at org.apache.tomcat.util.threads.ThreadPoolExecutor$Worker.run(ThreadPoolExecutor.java:658)
		at org.apache.tomcat.util.threads.TaskThread$WrappingRunnable.run(TaskThread.java:63)
		at java.lang.Thread.run(Thread.java:748)
22-Mar-2026 05:33:09.576 SEVERE [http-nio-8080-exec-13] org.apache.catalina.core.ApplicationDispatcher.invoke Servlet.service() for servlet [jsp] threw exception
	javax.el.PropertyNotFoundException: Property [fullName] not found on type [pe.model.UserDto]
		at javax.el.BeanELResolver$BeanProperties.get(BeanELResolver.java:253)
		at javax.el.BeanELResolver$BeanProperties.access$300(BeanELResolver.java:206)
		at javax.el.BeanELResolver.property(BeanELResolver.java:322)
		at javax.el.BeanELResolver.getValue(BeanELResolver.java:93)
		at org.apache.jasper.el.JasperELResolver.getValue(JasperELResolver.java:123)
		at org.apache.el.parser.AstValue.getValue(AstValue.java:163)
		at org.apache.el.ValueExpressionImpl.getValue(ValueExpressionImpl.java:151)
		at org.apache.jasper.runtime.PageContextImpl.proprietaryEvaluate(PageContextImpl.java:663)
		at org.apache.jsp.houseList_jsp._jspService(houseList_jsp.java:147)
		at org.apache.jasper.runtime.HttpJspBase.service(HttpJspBase.java:64)
		at javax.servlet.http.HttpServlet.service(HttpServlet.java:623)
		at org.apache.jasper.servlet.JspServletWrapper.service(JspServletWrapper.java:446)
		at org.apache.jasper.servlet.JspServlet.serviceJspFile(JspServlet.java:356)
		at org.apache.jasper.servlet.JspServlet.service(JspServlet.java:307)
		at javax.servlet.http.HttpServlet.service(HttpServlet.java:623)
		at org.apache.catalina.core.ApplicationFilterChain.internalDoFilter(ApplicationFilterChain.java:199)
		at org.apache.catalina.core.ApplicationFilterChain.doFilter(ApplicationFilterChain.java:144)
		at org.apache.tomcat.websocket.server.WsFilter.doFilter(WsFilter.java:51)
		at org.apache.catalina.core.ApplicationFilterChain.internalDoFilter(ApplicationFilterChain.java:168)
		at org.apache.catalina.core.ApplicationFilterChain.doFilter(ApplicationFilterChain.java:144)
		at org.apache.catalina.core.ApplicationDispatcher.invoke(ApplicationDispatcher.java:621)
		at org.apache.catalina.core.ApplicationDispatcher.processRequest(ApplicationDispatcher.java:401)
		at org.apache.catalina.core.ApplicationDispatcher.doForward(ApplicationDispatcher.java:340)
		at org.apache.catalina.core.ApplicationDispatcher.forward(ApplicationDispatcher.java:285)
		at pe.controllers.LoginController.processRequest(LoginController.java:53)
		at pe.controllers.LoginController.doPost(LoginController.java:84)
		at javax.servlet.http.HttpServlet.service(HttpServlet.java:555)
		at javax.servlet.http.HttpServlet.service(HttpServlet.java:623)
		at org.apache.catalina.core.ApplicationFilterChain.internalDoFilter(ApplicationFilterChain.java:199)
		at org.apache.catalina.core.ApplicationFilterChain.doFilter(ApplicationFilterChain.java:144)
		at org.apache.tomcat.websocket.server.WsFilter.doFilter(WsFilter.java:51)
		at org.apache.catalina.core.ApplicationFilterChain.internalDoFilter(ApplicationFilterChain.java:168)
		at org.apache.catalina.core.ApplicationFilterChain.doFilter(ApplicationFilterChain.java:144)
		at org.apache.catalina.core.ApplicationDispatcher.invoke(ApplicationDispatcher.java:621)
		at org.apache.catalina.core.ApplicationDispatcher.processRequest(ApplicationDispatcher.java:401)
		at org.apache.catalina.core.ApplicationDispatcher.doForward(ApplicationDispatcher.java:340)
		at org.apache.catalina.core.ApplicationDispatcher.forward(ApplicationDispatcher.java:285)
		at pe.controllers.MainController.processRequest(MainController.java:50)
		at pe.controllers.MainController.doPost(MainController.java:80)
		at javax.servlet.http.HttpServlet.service(HttpServlet.java:555)
		at javax.servlet.http.HttpServlet.service(HttpServlet.java:623)
		at org.apache.catalina.core.ApplicationFilterChain.internalDoFilter(ApplicationFilterChain.java:199)
		at org.apache.catalina.core.ApplicationFilterChain.doFilter(ApplicationFilterChain.java:144)
		at org.apache.tomcat.websocket.server.WsFilter.doFilter(WsFilter.java:51)
		at org.apache.catalina.core.ApplicationFilterChain.internalDoFilter(ApplicationFilterChain.java:168)
		at org.apache.catalina.core.ApplicationFilterChain.doFilter(ApplicationFilterChain.java:144)
		at org.apache.catalina.core.StandardWrapperValve.invoke(StandardWrapperValve.java:168)
		at org.apache.catalina.core.StandardContextValve.invoke(StandardContextValve.java:90)
		at org.apache.catalina.authenticator.AuthenticatorBase.invoke(AuthenticatorBase.java:482)
		at org.apache.catalina.core.StandardHostValve.invoke(StandardHostValve.java:130)
		at org.apache.catalina.valves.ErrorReportValve.invoke(ErrorReportValve.java:93)
		at org.apache.catalina.valves.AbstractAccessLogValve.invoke(AbstractAccessLogValve.java:656)
		at org.apache.catalina.core.StandardEngineValve.invoke(StandardEngineValve.java:74)
		at org.apache.catalina.connector.CoyoteAdapter.service(CoyoteAdapter.java:346)
		at org.apache.coyote.http11.Http11Processor.service(Http11Processor.java:397)
		at org.apache.coyote.AbstractProcessorLight.process(AbstractProcessorLight.java:63)
		at org.apache.coyote.AbstractProtocol$ConnectionHandler.process(AbstractProtocol.java:935)
		at org.apache.tomcat.util.net.NioEndpoint$SocketProcessor.doRun(NioEndpoint.java:1826)
		at org.apache.tomcat.util.net.SocketProcessorBase.run(SocketProcessorBase.java:52)
		at org.apache.tomcat.util.threads.ThreadPoolExecutor.runWorker(ThreadPoolExecutor.java:1189)
		at org.apache.tomcat.util.threads.ThreadPoolExecutor$Worker.run(ThreadPoolExecutor.java:658)
		at org.apache.tomcat.util.threads.TaskThread$WrappingRunnable.run(TaskThread.java:63)
		at java.lang.Thread.run(Thread.java:748)
22-Mar-2026 05:33:09.576 SEVERE [http-nio-8080-exec-13] org.apache.catalina.core.ApplicationDispatcher.invoke Servlet.service() for servlet [LoginController] threw exception
	javax.el.PropertyNotFoundException: Property [fullName] not found on type [pe.model.UserDto]
		at javax.el.BeanELResolver$BeanProperties.get(BeanELResolver.java:253)
		at javax.el.BeanELResolver$BeanProperties.access$300(BeanELResolver.java:206)
		at javax.el.BeanELResolver.property(BeanELResolver.java:322)
		at javax.el.BeanELResolver.getValue(BeanELResolver.java:93)
		at org.apache.jasper.el.JasperELResolver.getValue(JasperELResolver.java:123)
		at org.apache.el.parser.AstValue.getValue(AstValue.java:163)
		at org.apache.el.ValueExpressionImpl.getValue(ValueExpressionImpl.java:151)
		at org.apache.jasper.runtime.PageContextImpl.proprietaryEvaluate(PageContextImpl.java:663)
		at org.apache.jsp.houseList_jsp._jspService(houseList_jsp.java:147)
		at org.apache.jasper.runtime.HttpJspBase.service(HttpJspBase.java:64)
		at javax.servlet.http.HttpServlet.service(HttpServlet.java:623)
		at org.apache.jasper.servlet.JspServletWrapper.service(JspServletWrapper.java:446)
		at org.apache.jasper.servlet.JspServlet.serviceJspFile(JspServlet.java:356)
		at org.apache.jasper.servlet.JspServlet.service(JspServlet.java:307)
		at javax.servlet.http.HttpServlet.service(HttpServlet.java:623)
		at org.apache.catalina.core.ApplicationFilterChain.internalDoFilter(ApplicationFilterChain.java:199)
		at org.apache.catalina.core.ApplicationFilterChain.doFilter(ApplicationFilterChain.java:144)
		at org.apache.tomcat.websocket.server.WsFilter.doFilter(WsFilter.java:51)
		at org.apache.catalina.core.ApplicationFilterChain.internalDoFilter(ApplicationFilterChain.java:168)
		at org.apache.catalina.core.ApplicationFilterChain.doFilter(ApplicationFilterChain.java:144)
		at org.apache.catalina.core.ApplicationDispatcher.invoke(ApplicationDispatcher.java:621)
		at org.apache.catalina.core.ApplicationDispatcher.processRequest(ApplicationDispatcher.java:401)
		at org.apache.catalina.core.ApplicationDispatcher.doForward(ApplicationDispatcher.java:340)
		at org.apache.catalina.core.ApplicationDispatcher.forward(ApplicationDispatcher.java:285)
		at pe.controllers.LoginController.processRequest(LoginController.java:53)
		at pe.controllers.LoginController.doPost(LoginController.java:84)
		at javax.servlet.http.HttpServlet.service(HttpServlet.java:555)
		at javax.servlet.http.HttpServlet.service(HttpServlet.java:623)
		at org.apache.catalina.core.ApplicationFilterChain.internalDoFilter(ApplicationFilterChain.java:199)
		at org.apache.catalina.core.ApplicationFilterChain.doFilter(ApplicationFilterChain.java:144)
		at org.apache.tomcat.websocket.server.WsFilter.doFilter(WsFilter.java:51)
		at org.apache.catalina.core.ApplicationFilterChain.internalDoFilter(ApplicationFilterChain.java:168)
		at org.apache.catalina.core.ApplicationFilterChain.doFilter(ApplicationFilterChain.java:144)
		at org.apache.catalina.core.ApplicationDispatcher.invoke(ApplicationDispatcher.java:621)
		at org.apache.catalina.core.ApplicationDispatcher.processRequest(ApplicationDispatcher.java:401)
		at org.apache.catalina.core.ApplicationDispatcher.doForward(ApplicationDispatcher.java:340)
		at org.apache.catalina.core.ApplicationDispatcher.forward(ApplicationDispatcher.java:285)
		at pe.controllers.MainController.processRequest(MainController.java:50)
		at pe.controllers.MainController.doPost(MainController.java:80)
		at javax.servlet.http.HttpServlet.service(HttpServlet.java:555)
		at javax.servlet.http.HttpServlet.service(HttpServlet.java:623)
		at org.apache.catalina.core.ApplicationFilterChain.internalDoFilter(ApplicationFilterChain.java:199)
		at org.apache.catalina.core.ApplicationFilterChain.doFilter(ApplicationFilterChain.java:144)
		at org.apache.tomcat.websocket.server.WsFilter.doFilter(WsFilter.java:51)
		at org.apache.catalina.core.ApplicationFilterChain.internalDoFilter(ApplicationFilterChain.java:168)
		at org.apache.catalina.core.ApplicationFilterChain.doFilter(ApplicationFilterChain.java:144)
		at org.apache.catalina.core.StandardWrapperValve.invoke(StandardWrapperValve.java:168)
		at org.apache.catalina.core.StandardContextValve.invoke(StandardContextValve.java:90)
		at org.apache.catalina.authenticator.AuthenticatorBase.invoke(AuthenticatorBase.java:482)
		at org.apache.catalina.core.StandardHostValve.invoke(StandardHostValve.java:130)
		at org.apache.catalina.valves.ErrorReportValve.invoke(ErrorReportValve.java:93)
		at org.apache.catalina.valves.AbstractAccessLogValve.invoke(AbstractAccessLogValve.java:656)
		at org.apache.catalina.core.StandardEngineValve.invoke(StandardEngineValve.java:74)
		at org.apache.catalina.connector.CoyoteAdapter.service(CoyoteAdapter.java:346)
		at org.apache.coyote.http11.Http11Processor.service(Http11Processor.java:397)
		at org.apache.coyote.AbstractProcessorLight.process(AbstractProcessorLight.java:63)
		at org.apache.coyote.AbstractProtocol$ConnectionHandler.process(AbstractProtocol.java:935)
		at org.apache.tomcat.util.net.NioEndpoint$SocketProcessor.doRun(NioEndpoint.java:1826)
		at org.apache.tomcat.util.net.SocketProcessorBase.run(SocketProcessorBase.java:52)
		at org.apache.tomcat.util.threads.ThreadPoolExecutor.runWorker(ThreadPoolExecutor.java:1189)
		at org.apache.tomcat.util.threads.ThreadPoolExecutor$Worker.run(ThreadPoolExecutor.java:658)
		at org.apache.tomcat.util.threads.TaskThread$WrappingRunnable.run(TaskThread.java:63)
		at java.lang.Thread.run(Thread.java:748)
22-Mar-2026 05:33:09.576 SEVERE [http-nio-8080-exec-13] org.apache.catalina.core.StandardWrapperValve.invoke Servlet.service() for servlet [MainController] in context with path [/PE_PRJ301] threw exception [javax.el.PropertyNotFoundException: Property [fullName] not found on type [pe.model.UserDto]] with root cause
	javax.el.PropertyNotFoundException: Property [fullName] not found on type [pe.model.UserDto]
		at javax.el.BeanELResolver$BeanProperties.get(BeanELResolver.java:253)
		at javax.el.BeanELResolver$BeanProperties.access$300(BeanELResolver.java:206)
		at javax.el.BeanELResolver.property(BeanELResolver.java:322)
		at javax.el.BeanELResolver.getValue(BeanELResolver.java:93)
		at org.apache.jasper.el.JasperELResolver.getValue(JasperELResolver.java:123)
		at org.apache.el.parser.AstValue.getValue(AstValue.java:163)
		at org.apache.el.ValueExpressionImpl.getValue(ValueExpressionImpl.java:151)
		at org.apache.jasper.runtime.PageContextImpl.proprietaryEvaluate(PageContextImpl.java:663)
		at org.apache.jsp.houseList_jsp._jspService(houseList_jsp.java:147)
		at org.apache.jasper.runtime.HttpJspBase.service(HttpJspBase.java:64)
		at javax.servlet.http.HttpServlet.service(HttpServlet.java:623)
		at org.apache.jasper.servlet.JspServletWrapper.service(JspServletWrapper.java:446)
		at org.apache.jasper.servlet.JspServlet.serviceJspFile(JspServlet.java:356)
		at org.apache.jasper.servlet.JspServlet.service(JspServlet.java:307)
		at javax.servlet.http.HttpServlet.service(HttpServlet.java:623)
		at org.apache.catalina.core.ApplicationFilterChain.internalDoFilter(ApplicationFilterChain.java:199)
		at org.apache.catalina.core.ApplicationFilterChain.doFilter(ApplicationFilterChain.java:144)
		at org.apache.tomcat.websocket.server.WsFilter.doFilter(WsFilter.java:51)
		at org.apache.catalina.core.ApplicationFilterChain.internalDoFilter(ApplicationFilterChain.java:168)
		at org.apache.catalina.core.ApplicationFilterChain.doFilter(ApplicationFilterChain.java:144)
		at org.apache.catalina.core.ApplicationDispatcher.invoke(ApplicationDispatcher.java:621)
		at org.apache.catalina.core.ApplicationDispatcher.processRequest(ApplicationDispatcher.java:401)
		at org.apache.catalina.core.ApplicationDispatcher.doForward(ApplicationDispatcher.java:340)
		at org.apache.catalina.core.ApplicationDispatcher.forward(ApplicationDispatcher.java:285)
		at pe.controllers.LoginController.processRequest(LoginController.java:53)
		at pe.controllers.LoginController.doPost(LoginController.java:84)
		at javax.servlet.http.HttpServlet.service(HttpServlet.java:555)
		at javax.servlet.http.HttpServlet.service(HttpServlet.java:623)
		at org.apache.catalina.core.ApplicationFilterChain.internalDoFilter(ApplicationFilterChain.java:199)
		at org.apache.catalina.core.ApplicationFilterChain.doFilter(ApplicationFilterChain.java:144)
		at org.apache.tomcat.websocket.server.WsFilter.doFilter(WsFilter.java:51)
		at org.apache.catalina.core.ApplicationFilterChain.internalDoFilter(ApplicationFilterChain.java:168)
		at org.apache.catalina.core.ApplicationFilterChain.doFilter(ApplicationFilterChain.java:144)
		at org.apache.catalina.core.ApplicationDispatcher.invoke(ApplicationDispatcher.java:621)
		at org.apache.catalina.core.ApplicationDispatcher.processRequest(ApplicationDispatcher.java:401)
		at org.apache.catalina.core.ApplicationDispatcher.doForward(ApplicationDispatcher.java:340)
		at org.apache.catalina.core.ApplicationDispatcher.forward(ApplicationDispatcher.java:285)
		at pe.controllers.MainController.processRequest(MainController.java:50)
		at pe.controllers.MainController.doPost(MainController.java:80)
		at javax.servlet.http.HttpServlet.service(HttpServlet.java:555)
		at javax.servlet.http.HttpServlet.service(HttpServlet.java:623)
		at org.apache.catalina.core.ApplicationFilterChain.internalDoFilter(ApplicationFilterChain.java:199)
		at org.apache.catalina.core.ApplicationFilterChain.doFilter(ApplicationFilterChain.java:144)
		at org.apache.tomcat.websocket.server.WsFilter.doFilter(WsFilter.java:51)
		at org.apache.catalina.core.ApplicationFilterChain.internalDoFilter(ApplicationFilterChain.java:168)
		at org.apache.catalina.core.ApplicationFilterChain.doFilter(ApplicationFilterChain.java:144)
		at org.apache.catalina.core.StandardWrapperValve.invoke(StandardWrapperValve.java:168)
		at org.apache.catalina.core.StandardContextValve.invoke(StandardContextValve.java:90)
		at org.apache.catalina.authenticator.AuthenticatorBase.invoke(AuthenticatorBase.java:482)
		at org.apache.catalina.core.StandardHostValve.invoke(StandardHostValve.java:130)
		at org.apache.catalina.valves.ErrorReportValve.invoke(ErrorReportValve.java:93)
		at org.apache.catalina.valves.AbstractAccessLogValve.invoke(AbstractAccessLogValve.java:656)
		at org.apache.catalina.core.StandardEngineValve.invoke(StandardEngineValve.java:74)
		at org.apache.catalina.connector.CoyoteAdapter.service(CoyoteAdapter.java:346)
		at org.apache.coyote.http11.Http11Processor.service(Http11Processor.java:397)
		at org.apache.coyote.AbstractProcessorLight.process(AbstractProcessorLight.java:63)
		at org.apache.coyote.AbstractProtocol$ConnectionHandler.process(AbstractProtocol.java:935)
		at org.apache.tomcat.util.net.NioEndpoint$SocketProcessor.doRun(NioEndpoint.java:1826)
		at org.apache.tomcat.util.net.SocketProcessorBase.run(SocketProcessorBase.java:52)
		at org.apache.tomcat.util.threads.ThreadPoolExecutor.runWorker(ThreadPoolExecutor.java:1189)
		at org.apache.tomcat.util.threads.ThreadPoolExecutor$Worker.run(ThreadPoolExecutor.java:658)
		at org.apache.tomcat.util.threads.TaskThread$WrappingRunnable.run(TaskThread.java:63)
		at java.lang.Thread.run(Thread.java:748)
22-Mar-2026 05:36:11.339 SEVERE [http-nio-8080-exec-30] org.apache.catalina.core.StandardWrapperValve.invoke Servlet.service() for servlet [jsp] in context with path [/PE_PRJ301] threw exception [javax.el.PropertyNotFoundException: Property [fullName] not found on type [pe.model.UserDto]] with root cause
	javax.el.PropertyNotFoundException: Property [fullName] not found on type [pe.model.UserDto]
		at javax.el.BeanELResolver$BeanProperties.get(BeanELResolver.java:253)
		at javax.el.BeanELResolver$BeanProperties.access$300(BeanELResolver.java:206)
		at javax.el.BeanELResolver.property(BeanELResolver.java:322)
		at javax.el.BeanELResolver.getValue(BeanELResolver.java:93)
		at org.apache.jasper.el.JasperELResolver.getValue(JasperELResolver.java:123)
		at org.apache.el.parser.AstValue.getValue(AstValue.java:163)
		at org.apache.el.ValueExpressionImpl.getValue(ValueExpressionImpl.java:151)
		at org.apache.jasper.runtime.PageContextImpl.proprietaryEvaluate(PageContextImpl.java:663)
		at org.apache.jsp.search_jsp._jspService(search_jsp.java:149)
		at org.apache.jasper.runtime.HttpJspBase.service(HttpJspBase.java:64)
		at javax.servlet.http.HttpServlet.service(HttpServlet.java:623)
		at org.apache.jasper.servlet.JspServletWrapper.service(JspServletWrapper.java:446)
		at org.apache.jasper.servlet.JspServlet.serviceJspFile(JspServlet.java:356)
		at org.apache.jasper.servlet.JspServlet.service(JspServlet.java:307)
		at javax.servlet.http.HttpServlet.service(HttpServlet.java:623)
		at org.apache.catalina.core.ApplicationFilterChain.internalDoFilter(ApplicationFilterChain.java:199)
		at org.apache.catalina.core.ApplicationFilterChain.doFilter(ApplicationFilterChain.java:144)
		at org.apache.tomcat.websocket.server.WsFilter.doFilter(WsFilter.java:51)
		at org.apache.catalina.core.ApplicationFilterChain.internalDoFilter(ApplicationFilterChain.java:168)
		at org.apache.catalina.core.ApplicationFilterChain.doFilter(ApplicationFilterChain.java:144)
		at org.apache.catalina.core.StandardWrapperValve.invoke(StandardWrapperValve.java:168)
		at org.apache.catalina.core.StandardContextValve.invoke(StandardContextValve.java:90)
		at org.apache.catalina.authenticator.AuthenticatorBase.invoke(AuthenticatorBase.java:482)
		at org.apache.catalina.core.StandardHostValve.invoke(StandardHostValve.java:130)
		at org.apache.catalina.valves.ErrorReportValve.invoke(ErrorReportValve.java:93)
		at org.apache.catalina.valves.AbstractAccessLogValve.invoke(AbstractAccessLogValve.java:656)
		at org.apache.catalina.core.StandardEngineValve.invoke(StandardEngineValve.java:74)
		at org.apache.catalina.connector.CoyoteAdapter.service(CoyoteAdapter.java:346)
		at org.apache.coyote.http11.Http11Processor.service(Http11Processor.java:397)
		at org.apache.coyote.AbstractProcessorLight.process(AbstractProcessorLight.java:63)
		at org.apache.coyote.AbstractProtocol$ConnectionHandler.process(AbstractProtocol.java:935)
		at org.apache.tomcat.util.net.NioEndpoint$SocketProcessor.doRun(NioEndpoint.java:1826)
		at org.apache.tomcat.util.net.SocketProcessorBase.run(SocketProcessorBase.java:52)
		at org.apache.tomcat.util.threads.ThreadPoolExecutor.runWorker(ThreadPoolExecutor.java:1189)
		at org.apache.tomcat.util.threads.ThreadPoolExecutor$Worker.run(ThreadPoolExecutor.java:658)
		at org.apache.tomcat.util.threads.TaskThread$WrappingRunnable.run(TaskThread.java:63)
		at java.lang.Thread.run(Thread.java:748)
22-Mar-2026 05:44:55.865 INFO [main] org.apache.catalina.core.ApplicationContext.log SessionListener: contextDestroyed()
22-Mar-2026 05:44:55.865 INFO [main] org.apache.catalina.core.ApplicationContext.log ContextListener: contextDestroyed()
22-Mar-2026 05:47:22.140 INFO [main] org.apache.catalina.core.ApplicationContext.log ContextListener: contextInitialized()
22-Mar-2026 05:47:22.140 INFO [main] org.apache.catalina.core.ApplicationContext.log SessionListener: contextInitialized()
22-Mar-2026 05:47:22.142 INFO [main] org.apache.catalina.core.ApplicationContext.log ContextListener: attributeAdded('StockTicker', 'async.Stockticker@372b0d86')
22-Mar-2026 05:50:02.438 INFO [main] org.apache.catalina.core.ApplicationContext.log SessionListener: contextDestroyed()
22-Mar-2026 05:50:02.440 INFO [main] org.apache.catalina.core.ApplicationContext.log ContextListener: contextDestroyed()
22-Mar-2026 05:50:12.543 INFO [main] org.apache.catalina.core.ApplicationContext.log ContextListener: contextInitialized()
22-Mar-2026 05:50:12.543 INFO [main] org.apache.catalina.core.ApplicationContext.log SessionListener: contextInitialized()
22-Mar-2026 05:50:12.546 INFO [main] org.apache.catalina.core.ApplicationContext.log ContextListener: attributeAdded('StockTicker', 'async.Stockticker@340fc1aa')
22-Mar-2026 05:58:55.396 INFO [main] org.apache.catalina.core.ApplicationContext.log SessionListener: contextDestroyed()
22-Mar-2026 05:58:55.396 INFO [main] org.apache.catalina.core.ApplicationContext.log ContextListener: contextDestroyed()
22-Mar-2026 05:59:32.549 INFO [main] org.apache.catalina.core.ApplicationContext.log ContextListener: contextInitialized()
22-Mar-2026 05:59:32.549 INFO [main] org.apache.catalina.core.ApplicationContext.log SessionListener: contextInitialized()
22-Mar-2026 05:59:32.549 INFO [main] org.apache.catalina.core.ApplicationContext.log ContextListener: attributeAdded('StockTicker', 'async.Stockticker@372b0d86')
22-Mar-2026 07:59:44.404 INFO [main] org.apache.catalina.core.ApplicationContext.log ContextListener: contextInitialized()
22-Mar-2026 07:59:44.404 INFO [main] org.apache.catalina.core.ApplicationContext.log SessionListener: contextInitialized()
22-Mar-2026 07:59:44.406 INFO [main] org.apache.catalina.core.ApplicationContext.log ContextListener: attributeAdded('StockTicker', 'async.Stockticker@5528a42c')
22-Mar-2026 08:22:22.278 SEVERE [http-nio-8080-exec-9] org.apache.catalina.core.ApplicationDispatcher.invoke Servlet.service() for servlet [jsp] threw exception
	org.apache.jasper.JasperException: /houseList.jsp (line: [150], column: [0]) Unterminated [&lt;c:forEach] tag
		at org.apache.jasper.compiler.DefaultErrorHandler.jspError(DefaultErrorHandler.java:31)
		at org.apache.jasper.compiler.ErrorDispatcher.dispatch(ErrorDispatcher.java:268)
		at org.apache.jasper.compiler.ErrorDispatcher.jspError(ErrorDispatcher.java:91)
		at org.apache.jasper.compiler.Parser.parseBody(Parser.java:1581)
		at org.apache.jasper.compiler.Parser.parseOptionalBody(Parser.java:953)
		at org.apache.jasper.compiler.Parser.parseCustomTag(Parser.java:1213)
		at org.apache.jasper.compiler.Parser.parseElements(Parser.java:1384)
		at org.apache.jasper.compiler.Parser.parse(Parser.java:137)
		at org.apache.jasper.compiler.ParserController.doParse(ParserController.java:243)
		at org.apache.jasper.compiler.ParserController.parse(ParserController.java:106)
		at org.apache.jasper.compiler.Compiler.generateJava(Compiler.java:193)
		at org.apache.jasper.compiler.Compiler.compile(Compiler.java:366)
		at org.apache.jasper.compiler.Compiler.compile(Compiler.java:344)
		at org.apache.jasper.compiler.Compiler.compile(Compiler.java:330)
		at org.apache.jasper.JspCompilationContext.compile(JspCompilationContext.java:591)
		at org.apache.jasper.servlet.JspServletWrapper.service(JspServletWrapper.java:379)
		at org.apache.jasper.servlet.JspServlet.serviceJspFile(JspServlet.java:356)
		at org.apache.jasper.servlet.JspServlet.service(JspServlet.java:307)
		at javax.servlet.http.HttpServlet.service(HttpServlet.java:623)
		at org.apache.catalina.core.ApplicationFilterChain.internalDoFilter(ApplicationFilterChain.java:199)
		at org.apache.catalina.core.ApplicationFilterChain.doFilter(ApplicationFilterChain.java:144)
		at org.apache.tomcat.websocket.server.WsFilter.doFilter(WsFilter.java:51)
		at org.apache.catalina.core.ApplicationFilterChain.internalDoFilter(ApplicationFilterChain.java:168)
		at org.apache.catalina.core.ApplicationFilterChain.doFilter(ApplicationFilterChain.java:144)
		at org.apache.catalina.core.ApplicationDispatcher.invoke(ApplicationDispatcher.java:621)
		at org.apache.catalina.core.ApplicationDispatcher.processRequest(ApplicationDispatcher.java:401)
		at org.apache.catalina.core.ApplicationDispatcher.doForward(ApplicationDispatcher.java:340)
		at org.apache.catalina.core.ApplicationDispatcher.forward(ApplicationDispatcher.java:285)
		at pe.controllers.LoginController.processRequest(LoginController.java:53)
		at pe.controllers.LoginController.doPost(LoginController.java:84)
		at javax.servlet.http.HttpServlet.service(HttpServlet.java:555)
		at javax.servlet.http.HttpServlet.service(HttpServlet.java:623)
		at org.apache.catalina.core.ApplicationFilterChain.internalDoFilter(ApplicationFilterChain.java:199)
		at org.apache.catalina.core.ApplicationFilterChain.doFilter(ApplicationFilterChain.java:144)
		at org.apache.tomcat.websocket.server.WsFilter.doFilter(WsFilter.java:51)
		at org.apache.catalina.core.ApplicationFilterChain.internalDoFilter(ApplicationFilterChain.java:168)
		at org.apache.catalina.core.ApplicationFilterChain.doFilter(ApplicationFilterChain.java:144)
		at org.apache.catalina.core.ApplicationDispatcher.invoke(ApplicationDispatcher.java:621)
		at org.apache.catalina.core.ApplicationDispatcher.processRequest(ApplicationDispatcher.java:401)
		at org.apache.catalina.core.ApplicationDispatcher.doForward(ApplicationDispatcher.java:340)
		at org.apache.catalina.core.ApplicationDispatcher.forward(ApplicationDispatcher.java:285)
		at pe.controllers.MainController.processRequest(MainController.java:52)
		at pe.controllers.MainController.doPost(MainController.java:82)
		at javax.servlet.http.HttpServlet.service(HttpServlet.java:555)
		at javax.servlet.http.HttpServlet.service(HttpServlet.java:623)
		at org.apache.catalina.core.ApplicationFilterChain.internalDoFilter(ApplicationFilterChain.java:199)
		at org.apache.catalina.core.ApplicationFilterChain.doFilter(ApplicationFilterChain.java:144)
		at org.apache.tomcat.websocket.server.WsFilter.doFilter(WsFilter.java:51)
		at org.apache.catalina.core.ApplicationFilterChain.internalDoFilter(ApplicationFilterChain.java:168)
		at org.apache.catalina.core.ApplicationFilterChain.doFilter(ApplicationFilterChain.java:144)
		at org.apache.catalina.core.StandardWrapperValve.invoke(StandardWrapperValve.java:168)
		at org.apache.catalina.core.StandardContextValve.invoke(StandardContextValve.java:90)
		at org.apache.catalina.authenticator.AuthenticatorBase.invoke(AuthenticatorBase.java:482)
		at org.apache.catalina.core.StandardHostValve.invoke(StandardHostValve.java:130)
		at org.apache.catalina.valves.ErrorReportValve.invoke(ErrorReportValve.java:93)
		at org.apache.catalina.valves.AbstractAccessLogValve.invoke(AbstractAccessLogValve.java:656)
		at org.apache.catalina.core.StandardEngineValve.invoke(StandardEngineValve.java:74)
		at org.apache.catalina.connector.CoyoteAdapter.service(CoyoteAdapter.java:346)
		at org.apache.coyote.http11.Http11Processor.service(Http11Processor.java:397)
		at org.apache.coyote.AbstractProcessorLight.process(AbstractProcessorLight.java:63)
		at org.apache.coyote.AbstractProtocol$ConnectionHandler.process(AbstractProtocol.java:935)
		at org.apache.tomcat.util.net.NioEndpoint$SocketProcessor.doRun(NioEndpoint.java:1826)
		at org.apache.tomcat.util.net.SocketProcessorBase.run(SocketProcessorBase.java:52)
		at org.apache.tomcat.util.threads.ThreadPoolExecutor.runWorker(ThreadPoolExecutor.java:1189)
		at org.apache.tomcat.util.threads.ThreadPoolExecutor$Worker.run(ThreadPoolExecutor.java:658)
		at org.apache.tomcat.util.threads.TaskThread$WrappingRunnable.run(TaskThread.java:63)
		at java.lang.Thread.run(Thread.java:748)
22-Mar-2026 08:22:22.278 SEVERE [http-nio-8080-exec-9] org.apache.catalina.core.ApplicationDispatcher.invoke Servlet.service() for servlet [LoginController] threw exception
	org.apache.jasper.JasperException: /houseList.jsp (line: [150], column: [0]) Unterminated [&lt;c:forEach] tag
		at org.apache.jasper.compiler.DefaultErrorHandler.jspError(DefaultErrorHandler.java:31)
		at org.apache.jasper.compiler.ErrorDispatcher.dispatch(ErrorDispatcher.java:268)
		at org.apache.jasper.compiler.ErrorDispatcher.jspError(ErrorDispatcher.java:91)
		at org.apache.jasper.compiler.Parser.parseBody(Parser.java:1581)
		at org.apache.jasper.compiler.Parser.parseOptionalBody(Parser.java:953)
		at org.apache.jasper.compiler.Parser.parseCustomTag(Parser.java:1213)
		at org.apache.jasper.compiler.Parser.parseElements(Parser.java:1384)
		at org.apache.jasper.compiler.Parser.parse(Parser.java:137)
		at org.apache.jasper.compiler.ParserController.doParse(ParserController.java:243)
		at org.apache.jasper.compiler.ParserController.parse(ParserController.java:106)
		at org.apache.jasper.compiler.Compiler.generateJava(Compiler.java:193)
		at org.apache.jasper.compiler.Compiler.compile(Compiler.java:366)
		at org.apache.jasper.compiler.Compiler.compile(Compiler.java:344)
		at org.apache.jasper.compiler.Compiler.compile(Compiler.java:330)
		at org.apache.jasper.JspCompilationContext.compile(JspCompilationContext.java:591)
		at org.apache.jasper.servlet.JspServletWrapper.service(JspServletWrapper.java:379)
		at org.apache.jasper.servlet.JspServlet.serviceJspFile(JspServlet.java:356)
		at org.apache.jasper.servlet.JspServlet.service(JspServlet.java:307)
		at javax.servlet.http.HttpServlet.service(HttpServlet.java:623)
		at org.apache.catalina.core.ApplicationFilterChain.internalDoFilter(ApplicationFilterChain.java:199)
		at org.apache.catalina.core.ApplicationFilterChain.doFilter(ApplicationFilterChain.java:144)
		at org.apache.tomcat.websocket.server.WsFilter.doFilter(WsFilter.java:51)
		at org.apache.catalina.core.ApplicationFilterChain.internalDoFilter(ApplicationFilterChain.java:168)
		at org.apache.catalina.core.ApplicationFilterChain.doFilter(ApplicationFilterChain.java:144)
		at org.apache.catalina.core.ApplicationDispatcher.invoke(ApplicationDispatcher.java:621)
		at org.apache.catalina.core.ApplicationDispatcher.processRequest(ApplicationDispatcher.java:401)
		at org.apache.catalina.core.ApplicationDispatcher.doForward(ApplicationDispatcher.java:340)
		at org.apache.catalina.core.ApplicationDispatcher.forward(ApplicationDispatcher.java:285)
		at pe.controllers.LoginController.processRequest(LoginController.java:53)
		at pe.controllers.LoginController.doPost(LoginController.java:84)
		at javax.servlet.http.HttpServlet.service(HttpServlet.java:555)
		at javax.servlet.http.HttpServlet.service(HttpServlet.java:623)
		at org.apache.catalina.core.ApplicationFilterChain.internalDoFilter(ApplicationFilterChain.java:199)
		at org.apache.catalina.core.ApplicationFilterChain.doFilter(ApplicationFilterChain.java:144)
		at org.apache.tomcat.websocket.server.WsFilter.doFilter(WsFilter.java:51)
		at org.apache.catalina.core.ApplicationFilterChain.internalDoFilter(ApplicationFilterChain.java:168)
		at org.apache.catalina.core.ApplicationFilterChain.doFilter(ApplicationFilterChain.java:144)
		at org.apache.catalina.core.ApplicationDispatcher.invoke(ApplicationDispatcher.java:621)
		at org.apache.catalina.core.ApplicationDispatcher.processRequest(ApplicationDispatcher.java:401)
		at org.apache.catalina.core.ApplicationDispatcher.doForward(ApplicationDispatcher.java:340)
		at org.apache.catalina.core.ApplicationDispatcher.forward(ApplicationDispatcher.java:285)
		at pe.controllers.MainController.processRequest(MainController.java:52)
		at pe.controllers.MainController.doPost(MainController.java:82)
		at javax.servlet.http.HttpServlet.service(HttpServlet.java:555)
		at javax.servlet.http.HttpServlet.service(HttpServlet.java:623)
		at org.apache.catalina.core.ApplicationFilterChain.internalDoFilter(ApplicationFilterChain.java:199)
		at org.apache.catalina.core.ApplicationFilterChain.doFilter(ApplicationFilterChain.java:144)
		at org.apache.tomcat.websocket.server.WsFilter.doFilter(WsFilter.java:51)
		at org.apache.catalina.core.ApplicationFilterChain.internalDoFilter(ApplicationFilterChain.java:168)
		at org.apache.catalina.core.ApplicationFilterChain.doFilter(ApplicationFilterChain.java:144)
		at org.apache.catalina.core.StandardWrapperValve.invoke(StandardWrapperValve.java:168)
		at org.apache.catalina.core.StandardContextValve.invoke(StandardContextValve.java:90)
		at org.apache.catalina.authenticator.AuthenticatorBase.invoke(AuthenticatorBase.java:482)
		at org.apache.catalina.core.StandardHostValve.invoke(StandardHostValve.java:130)
		at org.apache.catalina.valves.ErrorReportValve.invoke(ErrorReportValve.java:93)
		at org.apache.catalina.valves.AbstractAccessLogValve.invoke(AbstractAccessLogValve.java:656)
		at org.apache.catalina.core.StandardEngineValve.invoke(StandardEngineValve.java:74)
		at org.apache.catalina.connector.CoyoteAdapter.service(CoyoteAdapter.java:346)
		at org.apache.coyote.http11.Http11Processor.service(Http11Processor.java:397)
		at org.apache.coyote.AbstractProcessorLight.process(AbstractProcessorLight.java:63)
		at org.apache.coyote.AbstractProtocol$ConnectionHandler.process(AbstractProtocol.java:935)
		at org.apache.tomcat.util.net.NioEndpoint$SocketProcessor.doRun(NioEndpoint.java:1826)
		at org.apache.tomcat.util.net.SocketProcessorBase.run(SocketProcessorBase.java:52)
		at org.apache.tomcat.util.threads.ThreadPoolExecutor.runWorker(ThreadPoolExecutor.java:1189)
		at org.apache.tomcat.util.threads.ThreadPoolExecutor$Worker.run(ThreadPoolExecutor.java:658)
		at org.apache.tomcat.util.threads.TaskThread$WrappingRunnable.run(TaskThread.java:63)
		at java.lang.Thread.run(Thread.java:748)
22-Mar-2026 08:22:22.280 SEVERE [http-nio-8080-exec-9] org.apache.catalina.core.StandardWrapperValve.invoke Servlet.service() for servlet [MainController] in context with path [/ex-06] threw exception [/houseList.jsp (line: [150], column: [0]) Unterminated [&lt;c:forEach] tag] with root cause
	org.apache.jasper.JasperException: /houseList.jsp (line: [150], column: [0]) Unterminated [&lt;c:forEach] tag
		at org.apache.jasper.compiler.DefaultErrorHandler.jspError(DefaultErrorHandler.java:31)
		at org.apache.jasper.compiler.ErrorDispatcher.dispatch(ErrorDispatcher.java:268)
		at org.apache.jasper.compiler.ErrorDispatcher.jspError(ErrorDispatcher.java:91)
		at org.apache.jasper.compiler.Parser.parseBody(Parser.java:1581)
		at org.apache.jasper.compiler.Parser.parseOptionalBody(Parser.java:953)
		at org.apache.jasper.compiler.Parser.parseCustomTag(Parser.java:1213)
		at org.apache.jasper.compiler.Parser.parseElements(Parser.java:1384)
		at org.apache.jasper.compiler.Parser.parse(Parser.java:137)
		at org.apache.jasper.compiler.ParserController.doParse(ParserController.java:243)
		at org.apache.jasper.compiler.ParserController.parse(ParserController.java:106)
		at org.apache.jasper.compiler.Compiler.generateJava(Compiler.java:193)
		at org.apache.jasper.compiler.Compiler.compile(Compiler.java:366)
		at org.apache.jasper.compiler.Compiler.compile(Compiler.java:344)
		at org.apache.jasper.compiler.Compiler.compile(Compiler.java:330)
		at org.apache.jasper.JspCompilationContext.compile(JspCompilationContext.java:591)
		at org.apache.jasper.servlet.JspServletWrapper.service(JspServletWrapper.java:379)
		at org.apache.jasper.servlet.JspServlet.serviceJspFile(JspServlet.java:356)
		at org.apache.jasper.servlet.JspServlet.service(JspServlet.java:307)
		at javax.servlet.http.HttpServlet.service(HttpServlet.java:623)
		at org.apache.catalina.core.ApplicationFilterChain.internalDoFilter(ApplicationFilterChain.java:199)
		at org.apache.catalina.core.ApplicationFilterChain.doFilter(ApplicationFilterChain.java:144)
		at org.apache.tomcat.websocket.server.WsFilter.doFilter(WsFilter.java:51)
		at org.apache.catalina.core.ApplicationFilterChain.internalDoFilter(ApplicationFilterChain.java:168)
		at org.apache.catalina.core.ApplicationFilterChain.doFilter(ApplicationFilterChain.java:144)
		at org.apache.catalina.core.ApplicationDispatcher.invoke(ApplicationDispatcher.java:621)
		at org.apache.catalina.core.ApplicationDispatcher.processRequest(ApplicationDispatcher.java:401)
		at org.apache.catalina.core.ApplicationDispatcher.doForward(ApplicationDispatcher.java:340)
		at org.apache.catalina.core.ApplicationDispatcher.forward(ApplicationDispatcher.java:285)
		at pe.controllers.LoginController.processRequest(LoginController.java:53)
		at pe.controllers.LoginController.doPost(LoginController.java:84)
		at javax.servlet.http.HttpServlet.service(HttpServlet.java:555)
		at javax.servlet.http.HttpServlet.service(HttpServlet.java:623)
		at org.apache.catalina.core.ApplicationFilterChain.internalDoFilter(ApplicationFilterChain.java:199)
		at org.apache.catalina.core.ApplicationFilterChain.doFilter(ApplicationFilterChain.java:144)
		at org.apache.tomcat.websocket.server.WsFilter.doFilter(WsFilter.java:51)
		at org.apache.catalina.core.ApplicationFilterChain.internalDoFilter(ApplicationFilterChain.java:168)
		at org.apache.catalina.core.ApplicationFilterChain.doFilter(ApplicationFilterChain.java:144)
		at org.apache.catalina.core.ApplicationDispatcher.invoke(ApplicationDispatcher.java:621)
		at org.apache.catalina.core.ApplicationDispatcher.processRequest(ApplicationDispatcher.java:401)
		at org.apache.catalina.core.ApplicationDispatcher.doForward(ApplicationDispatcher.java:340)
		at org.apache.catalina.core.ApplicationDispatcher.forward(ApplicationDispatcher.java:285)
		at pe.controllers.MainController.processRequest(MainController.java:52)
		at pe.controllers.MainController.doPost(MainController.java:82)
		at javax.servlet.http.HttpServlet.service(HttpServlet.java:555)
		at javax.servlet.http.HttpServlet.service(HttpServlet.java:623)
		at org.apache.catalina.core.ApplicationFilterChain.internalDoFilter(ApplicationFilterChain.java:199)
		at org.apache.catalina.core.ApplicationFilterChain.doFilter(ApplicationFilterChain.java:144)
		at org.apache.tomcat.websocket.server.WsFilter.doFilter(WsFilter.java:51)
		at org.apache.catalina.core.ApplicationFilterChain.internalDoFilter(ApplicationFilterChain.java:168)
		at org.apache.catalina.core.ApplicationFilterChain.doFilter(ApplicationFilterChain.java:144)
		at org.apache.catalina.core.StandardWrapperValve.invoke(StandardWrapperValve.java:168)
		at org.apache.catalina.core.StandardContextValve.invoke(StandardContextValve.java:90)
		at org.apache.catalina.authenticator.AuthenticatorBase.invoke(AuthenticatorBase.java:482)
		at org.apache.catalina.core.StandardHostValve.invoke(StandardHostValve.java:130)
		at org.apache.catalina.valves.ErrorReportValve.invoke(ErrorReportValve.java:93)
		at org.apache.catalina.valves.AbstractAccessLogValve.invoke(AbstractAccessLogValve.java:656)
		at org.apache.catalina.core.StandardEngineValve.invoke(StandardEngineValve.java:74)
		at org.apache.catalina.connector.CoyoteAdapter.service(CoyoteAdapter.java:346)
		at org.apache.coyote.http11.Http11Processor.service(Http11Processor.java:397)
		at org.apache.coyote.AbstractProcessorLight.process(AbstractProcessorLight.java:63)
		at org.apache.coyote.AbstractProtocol$ConnectionHandler.process(AbstractProtocol.java:935)
		at org.apache.tomcat.util.net.NioEndpoint$SocketProcessor.doRun(NioEndpoint.java:1826)
		at org.apache.tomcat.util.net.SocketProcessorBase.run(SocketProcessorBase.java:52)
		at org.apache.tomcat.util.threads.ThreadPoolExecutor.runWorker(ThreadPoolExecutor.java:1189)
		at org.apache.tomcat.util.threads.ThreadPoolExecutor$Worker.run(ThreadPoolExecutor.java:658)
		at org.apache.tomcat.util.threads.TaskThread$WrappingRunnable.run(TaskThread.java:63)
		at java.lang.Thread.run(Thread.java:748)
22-Mar-2026 08:22:31.983 SEVERE [http-nio-8080-exec-4] org.apache.catalina.core.ApplicationDispatcher.invoke Servlet.service() for servlet [jsp] threw exception
	org.apache.jasper.JasperException: /houseList.jsp (line: [150], column: [0]) Unterminated [&lt;c:forEach] tag
		at org.apache.jasper.compiler.DefaultErrorHandler.jspError(DefaultErrorHandler.java:31)
		at org.apache.jasper.compiler.ErrorDispatcher.dispatch(ErrorDispatcher.java:268)
		at org.apache.jasper.compiler.ErrorDispatcher.jspError(ErrorDispatcher.java:91)
		at org.apache.jasper.compiler.Parser.parseBody(Parser.java:1581)
		at org.apache.jasper.compiler.Parser.parseOptionalBody(Parser.java:953)
		at org.apache.jasper.compiler.Parser.parseCustomTag(Parser.java:1213)
		at org.apache.jasper.compiler.Parser.parseElements(Parser.java:1384)
		at org.apache.jasper.compiler.Parser.parse(Parser.java:137)
		at org.apache.jasper.compiler.ParserController.doParse(ParserController.java:243)
		at org.apache.jasper.compiler.ParserController.parse(ParserController.java:106)
		at org.apache.jasper.compiler.Compiler.generateJava(Compiler.java:193)
		at org.apache.jasper.compiler.Compiler.compile(Compiler.java:366)
		at org.apache.jasper.compiler.Compiler.compile(Compiler.java:344)
		at org.apache.jasper.compiler.Compiler.compile(Compiler.java:330)
		at org.apache.jasper.JspCompilationContext.compile(JspCompilationContext.java:591)
		at org.apache.jasper.servlet.JspServletWrapper.service(JspServletWrapper.java:379)
		at org.apache.jasper.servlet.JspServlet.serviceJspFile(JspServlet.java:356)
		at org.apache.jasper.servlet.JspServlet.service(JspServlet.java:307)
		at javax.servlet.http.HttpServlet.service(HttpServlet.java:623)
		at org.apache.catalina.core.ApplicationFilterChain.internalDoFilter(ApplicationFilterChain.java:199)
		at org.apache.catalina.core.ApplicationFilterChain.doFilter(ApplicationFilterChain.java:144)
		at org.apache.tomcat.websocket.server.WsFilter.doFilter(WsFilter.java:51)
		at org.apache.catalina.core.ApplicationFilterChain.internalDoFilter(ApplicationFilterChain.java:168)
		at org.apache.catalina.core.ApplicationFilterChain.doFilter(ApplicationFilterChain.java:144)
		at org.apache.catalina.core.ApplicationDispatcher.invoke(ApplicationDispatcher.java:621)
		at org.apache.catalina.core.ApplicationDispatcher.processRequest(ApplicationDispatcher.java:401)
		at org.apache.catalina.core.ApplicationDispatcher.doForward(ApplicationDispatcher.java:340)
		at org.apache.catalina.core.ApplicationDispatcher.forward(ApplicationDispatcher.java:285)
		at pe.controllers.LoginController.processRequest(LoginController.java:53)
		at pe.controllers.LoginController.doPost(LoginController.java:84)
		at javax.servlet.http.HttpServlet.service(HttpServlet.java:555)
		at javax.servlet.http.HttpServlet.service(HttpServlet.java:623)
		at org.apache.catalina.core.ApplicationFilterChain.internalDoFilter(ApplicationFilterChain.java:199)
		at org.apache.catalina.core.ApplicationFilterChain.doFilter(ApplicationFilterChain.java:144)
		at org.apache.tomcat.websocket.server.WsFilter.doFilter(WsFilter.java:51)
		at org.apache.catalina.core.ApplicationFilterChain.internalDoFilter(ApplicationFilterChain.java:168)
		at org.apache.catalina.core.ApplicationFilterChain.doFilter(ApplicationFilterChain.java:144)
		at org.apache.catalina.core.ApplicationDispatcher.invoke(ApplicationDispatcher.java:621)
		at org.apache.catalina.core.ApplicationDispatcher.processRequest(ApplicationDispatcher.java:401)
		at org.apache.catalina.core.ApplicationDispatcher.doForward(ApplicationDispatcher.java:340)
		at org.apache.catalina.core.ApplicationDispatcher.forward(ApplicationDispatcher.java:285)
		at pe.controllers.MainController.processRequest(MainController.java:52)
		at pe.controllers.MainController.doPost(MainController.java:82)
		at javax.servlet.http.HttpServlet.service(HttpServlet.java:555)
		at javax.servlet.http.HttpServlet.service(HttpServlet.java:623)
		at org.apache.catalina.core.ApplicationFilterChain.internalDoFilter(ApplicationFilterChain.java:199)
		at org.apache.catalina.core.ApplicationFilterChain.doFilter(ApplicationFilterChain.java:144)
		at org.apache.tomcat.websocket.server.WsFilter.doFilter(WsFilter.java:51)
		at org.apache.catalina.core.ApplicationFilterChain.internalDoFilter(ApplicationFilterChain.java:168)
		at org.apache.catalina.core.ApplicationFilterChain.doFilter(ApplicationFilterChain.java:144)
		at org.apache.catalina.core.StandardWrapperValve.invoke(StandardWrapperValve.java:168)
		at org.apache.catalina.core.StandardContextValve.invoke(StandardContextValve.java:90)
		at org.apache.catalina.authenticator.AuthenticatorBase.invoke(AuthenticatorBase.java:482)
		at org.apache.catalina.core.StandardHostValve.invoke(StandardHostValve.java:130)
		at org.apache.catalina.valves.ErrorReportValve.invoke(ErrorReportValve.java:93)
		at org.apache.catalina.valves.AbstractAccessLogValve.invoke(AbstractAccessLogValve.java:656)
		at org.apache.catalina.core.StandardEngineValve.invoke(StandardEngineValve.java:74)
		at org.apache.catalina.connector.CoyoteAdapter.service(CoyoteAdapter.java:346)
		at org.apache.coyote.http11.Http11Processor.service(Http11Processor.java:397)
		at org.apache.coyote.AbstractProcessorLight.process(AbstractProcessorLight.java:63)
		at org.apache.coyote.AbstractProtocol$ConnectionHandler.process(AbstractProtocol.java:935)
		at org.apache.tomcat.util.net.NioEndpoint$SocketProcessor.doRun(NioEndpoint.java:1826)
		at org.apache.tomcat.util.net.SocketProcessorBase.run(SocketProcessorBase.java:52)
		at org.apache.tomcat.util.threads.ThreadPoolExecutor.runWorker(ThreadPoolExecutor.java:1189)
		at org.apache.tomcat.util.threads.ThreadPoolExecutor$Worker.run(ThreadPoolExecutor.java:658)
		at org.apache.tomcat.util.threads.TaskThread$WrappingRunnable.run(TaskThread.java:63)
		at java.lang.Thread.run(Thread.java:748)
22-Mar-2026 08:22:31.984 SEVERE [http-nio-8080-exec-4] org.apache.catalina.core.ApplicationDispatcher.invoke Servlet.service() for servlet [LoginController] threw exception
	org.apache.jasper.JasperException: /houseList.jsp (line: [150], column: [0]) Unterminated [&lt;c:forEach] tag
		at org.apache.jasper.compiler.DefaultErrorHandler.jspError(DefaultErrorHandler.java:31)
		at org.apache.jasper.compiler.ErrorDispatcher.dispatch(ErrorDispatcher.java:268)
		at org.apache.jasper.compiler.ErrorDispatcher.jspError(ErrorDispatcher.java:91)
		at org.apache.jasper.compiler.Parser.parseBody(Parser.java:1581)
		at org.apache.jasper.compiler.Parser.parseOptionalBody(Parser.java:953)
		at org.apache.jasper.compiler.Parser.parseCustomTag(Parser.java:1213)
		at org.apache.jasper.compiler.Parser.parseElements(Parser.java:1384)
		at org.apache.jasper.compiler.Parser.parse(Parser.java:137)
		at org.apache.jasper.compiler.ParserController.doParse(ParserController.java:243)
		at org.apache.jasper.compiler.ParserController.parse(ParserController.java:106)
		at org.apache.jasper.compiler.Compiler.generateJava(Compiler.java:193)
		at org.apache.jasper.compiler.Compiler.compile(Compiler.java:366)
		at org.apache.jasper.compiler.Compiler.compile(Compiler.java:344)
		at org.apache.jasper.compiler.Compiler.compile(Compiler.java:330)
		at org.apache.jasper.JspCompilationContext.compile(JspCompilationContext.java:591)
		at org.apache.jasper.servlet.JspServletWrapper.service(JspServletWrapper.java:379)
		at org.apache.jasper.servlet.JspServlet.serviceJspFile(JspServlet.java:356)
		at org.apache.jasper.servlet.JspServlet.service(JspServlet.java:307)
		at javax.servlet.http.HttpServlet.service(HttpServlet.java:623)
		at org.apache.catalina.core.ApplicationFilterChain.internalDoFilter(ApplicationFilterChain.java:199)
		at org.apache.catalina.core.ApplicationFilterChain.doFilter(ApplicationFilterChain.java:144)
		at org.apache.tomcat.websocket.server.WsFilter.doFilter(WsFilter.java:51)
		at org.apache.catalina.core.ApplicationFilterChain.internalDoFilter(ApplicationFilterChain.java:168)
		at org.apache.catalina.core.ApplicationFilterChain.doFilter(ApplicationFilterChain.java:144)
		at org.apache.catalina.core.ApplicationDispatcher.invoke(ApplicationDispatcher.java:621)
		at org.apache.catalina.core.ApplicationDispatcher.processRequest(ApplicationDispatcher.java:401)
		at org.apache.catalina.core.ApplicationDispatcher.doForward(ApplicationDispatcher.java:340)
		at org.apache.catalina.core.ApplicationDispatcher.forward(ApplicationDispatcher.java:285)
		at pe.controllers.LoginController.processRequest(LoginController.java:53)
		at pe.controllers.LoginController.doPost(LoginController.java:84)
		at javax.servlet.http.HttpServlet.service(HttpServlet.java:555)
		at javax.servlet.http.HttpServlet.service(HttpServlet.java:623)
		at org.apache.catalina.core.ApplicationFilterChain.internalDoFilter(ApplicationFilterChain.java:199)
		at org.apache.catalina.core.ApplicationFilterChain.doFilter(ApplicationFilterChain.java:144)
		at org.apache.tomcat.websocket.server.WsFilter.doFilter(WsFilter.java:51)
		at org.apache.catalina.core.ApplicationFilterChain.internalDoFilter(ApplicationFilterChain.java:168)
		at org.apache.catalina.core.ApplicationFilterChain.doFilter(ApplicationFilterChain.java:144)
		at org.apache.catalina.core.ApplicationDispatcher.invoke(ApplicationDispatcher.java:621)
		at org.apache.catalina.core.ApplicationDispatcher.processRequest(ApplicationDispatcher.java:401)
		at org.apache.catalina.core.ApplicationDispatcher.doForward(ApplicationDispatcher.java:340)
		at org.apache.catalina.core.ApplicationDispatcher.forward(ApplicationDispatcher.java:285)
		at pe.controllers.MainController.processRequest(MainController.java:52)
		at pe.controllers.MainController.doPost(MainController.java:82)
		at javax.servlet.http.HttpServlet.service(HttpServlet.java:555)
		at javax.servlet.http.HttpServlet.service(HttpServlet.java:623)
		at org.apache.catalina.core.ApplicationFilterChain.internalDoFilter(ApplicationFilterChain.java:199)
		at org.apache.catalina.core.ApplicationFilterChain.doFilter(ApplicationFilterChain.java:144)
		at org.apache.tomcat.websocket.server.WsFilter.doFilter(WsFilter.java:51)
		at org.apache.catalina.core.ApplicationFilterChain.internalDoFilter(ApplicationFilterChain.java:168)
		at org.apache.catalina.core.ApplicationFilterChain.doFilter(ApplicationFilterChain.java:144)
		at org.apache.catalina.core.StandardWrapperValve.invoke(StandardWrapperValve.java:168)
		at org.apache.catalina.core.StandardContextValve.invoke(StandardContextValve.java:90)
		at org.apache.catalina.authenticator.AuthenticatorBase.invoke(AuthenticatorBase.java:482)
		at org.apache.catalina.core.StandardHostValve.invoke(StandardHostValve.java:130)
		at org.apache.catalina.valves.ErrorReportValve.invoke(ErrorReportValve.java:93)
		at org.apache.catalina.valves.AbstractAccessLogValve.invoke(AbstractAccessLogValve.java:656)
		at org.apache.catalina.core.StandardEngineValve.invoke(StandardEngineValve.java:74)
		at org.apache.catalina.connector.CoyoteAdapter.service(CoyoteAdapter.java:346)
		at org.apache.coyote.http11.Http11Processor.service(Http11Processor.java:397)
		at org.apache.coyote.AbstractProcessorLight.process(AbstractProcessorLight.java:63)
		at org.apache.coyote.AbstractProtocol$ConnectionHandler.process(AbstractProtocol.java:935)
		at org.apache.tomcat.util.net.NioEndpoint$SocketProcessor.doRun(NioEndpoint.java:1826)
		at org.apache.tomcat.util.net.SocketProcessorBase.run(SocketProcessorBase.java:52)
		at org.apache.tomcat.util.threads.ThreadPoolExecutor.runWorker(ThreadPoolExecutor.java:1189)
		at org.apache.tomcat.util.threads.ThreadPoolExecutor$Worker.run(ThreadPoolExecutor.java:658)
		at org.apache.tomcat.util.threads.TaskThread$WrappingRunnable.run(TaskThread.java:63)
		at java.lang.Thread.run(Thread.java:748)
22-Mar-2026 08:22:31.985 SEVERE [http-nio-8080-exec-4] org.apache.catalina.core.StandardWrapperValve.invoke Servlet.service() for servlet [MainController] in context with path [/ex-06] threw exception [/houseList.jsp (line: [150], column: [0]) Unterminated [&lt;c:forEach] tag] with root cause
	org.apache.jasper.JasperException: /houseList.jsp (line: [150], column: [0]) Unterminated [&lt;c:forEach] tag
		at org.apache.jasper.compiler.DefaultErrorHandler.jspError(DefaultErrorHandler.java:31)
		at org.apache.jasper.compiler.ErrorDispatcher.dispatch(ErrorDispatcher.java:268)
		at org.apache.jasper.compiler.ErrorDispatcher.jspError(ErrorDispatcher.java:91)
		at org.apache.jasper.compiler.Parser.parseBody(Parser.java:1581)
		at org.apache.jasper.compiler.Parser.parseOptionalBody(Parser.java:953)
		at org.apache.jasper.compiler.Parser.parseCustomTag(Parser.java:1213)
		at org.apache.jasper.compiler.Parser.parseElements(Parser.java:1384)
		at org.apache.jasper.compiler.Parser.parse(Parser.java:137)
		at org.apache.jasper.compiler.ParserController.doParse(ParserController.java:243)
		at org.apache.jasper.compiler.ParserController.parse(ParserController.java:106)
		at org.apache.jasper.compiler.Compiler.generateJava(Compiler.java:193)
		at org.apache.jasper.compiler.Compiler.compile(Compiler.java:366)
		at org.apache.jasper.compiler.Compiler.compile(Compiler.java:344)
		at org.apache.jasper.compiler.Compiler.compile(Compiler.java:330)
		at org.apache.jasper.JspCompilationContext.compile(JspCompilationContext.java:591)
		at org.apache.jasper.servlet.JspServletWrapper.service(JspServletWrapper.java:379)
		at org.apache.jasper.servlet.JspServlet.serviceJspFile(JspServlet.java:356)
		at org.apache.jasper.servlet.JspServlet.service(JspServlet.java:307)
		at javax.servlet.http.HttpServlet.service(HttpServlet.java:623)
		at org.apache.catalina.core.ApplicationFilterChain.internalDoFilter(ApplicationFilterChain.java:199)
		at org.apache.catalina.core.ApplicationFilterChain.doFilter(ApplicationFilterChain.java:144)
		at org.apache.tomcat.websocket.server.WsFilter.doFilter(WsFilter.java:51)
		at org.apache.catalina.core.ApplicationFilterChain.internalDoFilter(ApplicationFilterChain.java:168)
		at org.apache.catalina.core.ApplicationFilterChain.doFilter(ApplicationFilterChain.java:144)
		at org.apache.catalina.core.ApplicationDispatcher.invoke(ApplicationDispatcher.java:621)
		at org.apache.catalina.core.ApplicationDispatcher.processRequest(ApplicationDispatcher.java:401)
		at org.apache.catalina.core.ApplicationDispatcher.doForward(ApplicationDispatcher.java:340)
		at org.apache.catalina.core.ApplicationDispatcher.forward(ApplicationDispatcher.java:285)
		at pe.controllers.LoginController.processRequest(LoginController.java:53)
		at pe.controllers.LoginController.doPost(LoginController.java:84)
		at javax.servlet.http.HttpServlet.service(HttpServlet.java:555)
		at javax.servlet.http.HttpServlet.service(HttpServlet.java:623)
		at org.apache.catalina.core.ApplicationFilterChain.internalDoFilter(ApplicationFilterChain.java:199)
		at org.apache.catalina.core.ApplicationFilterChain.doFilter(ApplicationFilterChain.java:144)
		at org.apache.tomcat.websocket.server.WsFilter.doFilter(WsFilter.java:51)
		at org.apache.catalina.core.ApplicationFilterChain.internalDoFilter(ApplicationFilterChain.java:168)
		at org.apache.catalina.core.ApplicationFilterChain.doFilter(ApplicationFilterChain.java:144)
		at org.apache.catalina.core.ApplicationDispatcher.invoke(ApplicationDispatcher.java:621)
		at org.apache.catalina.core.ApplicationDispatcher.processRequest(ApplicationDispatcher.java:401)
		at org.apache.catalina.core.ApplicationDispatcher.doForward(ApplicationDispatcher.java:340)
		at org.apache.catalina.core.ApplicationDispatcher.forward(ApplicationDispatcher.java:285)
		at pe.controllers.MainController.processRequest(MainController.java:52)
		at pe.controllers.MainController.doPost(MainController.java:82)
		at javax.servlet.http.HttpServlet.service(HttpServlet.java:555)
		at javax.servlet.http.HttpServlet.service(HttpServlet.java:623)
		at org.apache.catalina.core.ApplicationFilterChain.internalDoFilter(ApplicationFilterChain.java:199)
		at org.apache.catalina.core.ApplicationFilterChain.doFilter(ApplicationFilterChain.java:144)
		at org.apache.tomcat.websocket.server.WsFilter.doFilter(WsFilter.java:51)
		at org.apache.catalina.core.ApplicationFilterChain.internalDoFilter(ApplicationFilterChain.java:168)
		at org.apache.catalina.core.ApplicationFilterChain.doFilter(ApplicationFilterChain.java:144)
		at org.apache.catalina.core.StandardWrapperValve.invoke(StandardWrapperValve.java:168)
		at org.apache.catalina.core.StandardContextValve.invoke(StandardContextValve.java:90)
		at org.apache.catalina.authenticator.AuthenticatorBase.invoke(AuthenticatorBase.java:482)
		at org.apache.catalina.core.StandardHostValve.invoke(StandardHostValve.java:130)
		at org.apache.catalina.valves.ErrorReportValve.invoke(ErrorReportValve.java:93)
		at org.apache.catalina.valves.AbstractAccessLogValve.invoke(AbstractAccessLogValve.java:656)
		at org.apache.catalina.core.StandardEngineValve.invoke(StandardEngineValve.java:74)
		at org.apache.catalina.connector.CoyoteAdapter.service(CoyoteAdapter.java:346)
		at org.apache.coyote.http11.Http11Processor.service(Http11Processor.java:397)
		at org.apache.coyote.AbstractProcessorLight.process(AbstractProcessorLight.java:63)
		at org.apache.coyote.AbstractProtocol$ConnectionHandler.process(AbstractProtocol.java:935)
		at org.apache.tomcat.util.net.NioEndpoint$SocketProcessor.doRun(NioEndpoint.java:1826)
		at org.apache.tomcat.util.net.SocketProcessorBase.run(SocketProcessorBase.java:52)
		at org.apache.tomcat.util.threads.ThreadPoolExecutor.runWorker(ThreadPoolExecutor.java:1189)
		at org.apache.tomcat.util.threads.ThreadPoolExecutor$Worker.run(ThreadPoolExecutor.java:658)
		at org.apache.tomcat.util.threads.TaskThread$WrappingRunnable.run(TaskThread.java:63)
		at java.lang.Thread.run(Thread.java:748)
22-Mar-2026 08:23:12.317 SEVERE [http-nio-8080-exec-12] org.apache.catalina.core.ApplicationDispatcher.invoke Servlet.service() for servlet [jsp] threw exception
	org.apache.jasper.JasperException: /houseList.jsp (line: [150], column: [0]) Unterminated [&lt;c:forEach] tag
		at org.apache.jasper.compiler.DefaultErrorHandler.jspError(DefaultErrorHandler.java:31)
		at org.apache.jasper.compiler.ErrorDispatcher.dispatch(ErrorDispatcher.java:268)
		at org.apache.jasper.compiler.ErrorDispatcher.jspError(ErrorDispatcher.java:91)
		at org.apache.jasper.compiler.Parser.parseBody(Parser.java:1581)
		at org.apache.jasper.compiler.Parser.parseOptionalBody(Parser.java:953)
		at org.apache.jasper.compiler.Parser.parseCustomTag(Parser.java:1213)
		at org.apache.jasper.compiler.Parser.parseElements(Parser.java:1384)
		at org.apache.jasper.compiler.Parser.parse(Parser.java:137)
		at org.apache.jasper.compiler.ParserController.doParse(ParserController.java:243)
		at org.apache.jasper.compiler.ParserController.parse(ParserController.java:106)
		at org.apache.jasper.compiler.Compiler.generateJava(Compiler.java:193)
		at org.apache.jasper.compiler.Compiler.compile(Compiler.java:366)
		at org.apache.jasper.compiler.Compiler.compile(Compiler.java:344)
		at org.apache.jasper.compiler.Compiler.compile(Compiler.java:330)
		at org.apache.jasper.JspCompilationContext.compile(JspCompilationContext.java:591)
		at org.apache.jasper.servlet.JspServletWrapper.service(JspServletWrapper.java:379)
		at org.apache.jasper.servlet.JspServlet.serviceJspFile(JspServlet.java:356)
		at org.apache.jasper.servlet.JspServlet.service(JspServlet.java:307)
		at javax.servlet.http.HttpServlet.service(HttpServlet.java:623)
		at org.apache.catalina.core.ApplicationFilterChain.internalDoFilter(ApplicationFilterChain.java:199)
		at org.apache.catalina.core.ApplicationFilterChain.doFilter(ApplicationFilterChain.java:144)
		at org.apache.tomcat.websocket.server.WsFilter.doFilter(WsFilter.java:51)
		at org.apache.catalina.core.ApplicationFilterChain.internalDoFilter(ApplicationFilterChain.java:168)
		at org.apache.catalina.core.ApplicationFilterChain.doFilter(ApplicationFilterChain.java:144)
		at org.apache.catalina.core.ApplicationDispatcher.invoke(ApplicationDispatcher.java:621)
		at org.apache.catalina.core.ApplicationDispatcher.processRequest(ApplicationDispatcher.java:401)
		at org.apache.catalina.core.ApplicationDispatcher.doForward(ApplicationDispatcher.java:340)
		at org.apache.catalina.core.ApplicationDispatcher.forward(ApplicationDispatcher.java:285)
		at pe.controllers.LoginController.processRequest(LoginController.java:53)
		at pe.controllers.LoginController.doPost(LoginController.java:84)
		at javax.servlet.http.HttpServlet.service(HttpServlet.java:555)
		at javax.servlet.http.HttpServlet.service(HttpServlet.java:623)
		at org.apache.catalina.core.ApplicationFilterChain.internalDoFilter(ApplicationFilterChain.java:199)
		at org.apache.catalina.core.ApplicationFilterChain.doFilter(ApplicationFilterChain.java:144)
		at org.apache.tomcat.websocket.server.WsFilter.doFilter(WsFilter.java:51)
		at org.apache.catalina.core.ApplicationFilterChain.internalDoFilter(ApplicationFilterChain.java:168)
		at org.apache.catalina.core.ApplicationFilterChain.doFilter(ApplicationFilterChain.java:144)
		at org.apache.catalina.core.ApplicationDispatcher.invoke(ApplicationDispatcher.java:621)
		at org.apache.catalina.core.ApplicationDispatcher.processRequest(ApplicationDispatcher.java:401)
		at org.apache.catalina.core.ApplicationDispatcher.doForward(ApplicationDispatcher.java:340)
		at org.apache.catalina.core.ApplicationDispatcher.forward(ApplicationDispatcher.java:285)
		at pe.controllers.MainController.processRequest(MainController.java:52)
		at pe.controllers.MainController.doPost(MainController.java:82)
		at javax.servlet.http.HttpServlet.service(HttpServlet.java:555)
		at javax.servlet.http.HttpServlet.service(HttpServlet.java:623)
		at org.apache.catalina.core.ApplicationFilterChain.internalDoFilter(ApplicationFilterChain.java:199)
		at org.apache.catalina.core.ApplicationFilterChain.doFilter(ApplicationFilterChain.java:144)
		at org.apache.tomcat.websocket.server.WsFilter.doFilter(WsFilter.java:51)
		at org.apache.catalina.core.ApplicationFilterChain.internalDoFilter(ApplicationFilterChain.java:168)
		at org.apache.catalina.core.ApplicationFilterChain.doFilter(ApplicationFilterChain.java:144)
		at org.apache.catalina.core.StandardWrapperValve.invoke(StandardWrapperValve.java:168)
		at org.apache.catalina.core.StandardContextValve.invoke(StandardContextValve.java:90)
		at org.apache.catalina.authenticator.AuthenticatorBase.invoke(AuthenticatorBase.java:482)
		at org.apache.catalina.core.StandardHostValve.invoke(StandardHostValve.java:130)
		at org.apache.catalina.valves.ErrorReportValve.invoke(ErrorReportValve.java:93)
		at org.apache.catalina.valves.AbstractAccessLogValve.invoke(AbstractAccessLogValve.java:656)
		at org.apache.catalina.core.StandardEngineValve.invoke(StandardEngineValve.java:74)
		at org.apache.catalina.connector.CoyoteAdapter.service(CoyoteAdapter.java:346)
		at org.apache.coyote.http11.Http11Processor.service(Http11Processor.java:397)
		at org.apache.coyote.AbstractProcessorLight.process(AbstractProcessorLight.java:63)
		at org.apache.coyote.AbstractProtocol$ConnectionHandler.process(AbstractProtocol.java:935)
		at org.apache.tomcat.util.net.NioEndpoint$SocketProcessor.doRun(NioEndpoint.java:1826)
		at org.apache.tomcat.util.net.SocketProcessorBase.run(SocketProcessorBase.java:52)
		at org.apache.tomcat.util.threads.ThreadPoolExecutor.runWorker(ThreadPoolExecutor.java:1189)
		at org.apache.tomcat.util.threads.ThreadPoolExecutor$Worker.run(ThreadPoolExecutor.java:658)
		at org.apache.tomcat.util.threads.TaskThread$WrappingRunnable.run(TaskThread.java:63)
		at java.lang.Thread.run(Thread.java:748)
22-Mar-2026 08:23:12.317 SEVERE [http-nio-8080-exec-12] org.apache.catalina.core.ApplicationDispatcher.invoke Servlet.service() for servlet [LoginController] threw exception
	org.apache.jasper.JasperException: /houseList.jsp (line: [150], column: [0]) Unterminated [&lt;c:forEach] tag
		at org.apache.jasper.compiler.DefaultErrorHandler.jspError(DefaultErrorHandler.java:31)
		at org.apache.jasper.compiler.ErrorDispatcher.dispatch(ErrorDispatcher.java:268)
		at org.apache.jasper.compiler.ErrorDispatcher.jspError(ErrorDispatcher.java:91)
		at org.apache.jasper.compiler.Parser.parseBody(Parser.java:1581)
		at org.apache.jasper.compiler.Parser.parseOptionalBody(Parser.java:953)
		at org.apache.jasper.compiler.Parser.parseCustomTag(Parser.java:1213)
		at org.apache.jasper.compiler.Parser.parseElements(Parser.java:1384)
		at org.apache.jasper.compiler.Parser.parse(Parser.java:137)
		at org.apache.jasper.compiler.ParserController.doParse(ParserController.java:243)
		at org.apache.jasper.compiler.ParserController.parse(ParserController.java:106)
		at org.apache.jasper.compiler.Compiler.generateJava(Compiler.java:193)
		at org.apache.jasper.compiler.Compiler.compile(Compiler.java:366)
		at org.apache.jasper.compiler.Compiler.compile(Compiler.java:344)
		at org.apache.jasper.compiler.Compiler.compile(Compiler.java:330)
		at org.apache.jasper.JspCompilationContext.compile(JspCompilationContext.java:591)
		at org.apache.jasper.servlet.JspServletWrapper.service(JspServletWrapper.java:379)
		at org.apache.jasper.servlet.JspServlet.serviceJspFile(JspServlet.java:356)
		at org.apache.jasper.servlet.JspServlet.service(JspServlet.java:307)
		at javax.servlet.http.HttpServlet.service(HttpServlet.java:623)
		at org.apache.catalina.core.ApplicationFilterChain.internalDoFilter(ApplicationFilterChain.java:199)
		at org.apache.catalina.core.ApplicationFilterChain.doFilter(ApplicationFilterChain.java:144)
		at org.apache.tomcat.websocket.server.WsFilter.doFilter(WsFilter.java:51)
		at org.apache.catalina.core.ApplicationFilterChain.internalDoFilter(ApplicationFilterChain.java:168)
		at org.apache.catalina.core.ApplicationFilterChain.doFilter(ApplicationFilterChain.java:144)
		at org.apache.catalina.core.ApplicationDispatcher.invoke(ApplicationDispatcher.java:621)
		at org.apache.catalina.core.ApplicationDispatcher.processRequest(ApplicationDispatcher.java:401)
		at org.apache.catalina.core.ApplicationDispatcher.doForward(ApplicationDispatcher.java:340)
		at org.apache.catalina.core.ApplicationDispatcher.forward(ApplicationDispatcher.java:285)
		at pe.controllers.LoginController.processRequest(LoginController.java:53)
		at pe.controllers.LoginController.doPost(LoginController.java:84)
		at javax.servlet.http.HttpServlet.service(HttpServlet.java:555)
		at javax.servlet.http.HttpServlet.service(HttpServlet.java:623)
		at org.apache.catalina.core.ApplicationFilterChain.internalDoFilter(ApplicationFilterChain.java:199)
		at org.apache.catalina.core.ApplicationFilterChain.doFilter(ApplicationFilterChain.java:144)
		at org.apache.tomcat.websocket.server.WsFilter.doFilter(WsFilter.java:51)
		at org.apache.catalina.core.ApplicationFilterChain.internalDoFilter(ApplicationFilterChain.java:168)
		at org.apache.catalina.core.ApplicationFilterChain.doFilter(ApplicationFilterChain.java:144)
		at org.apache.catalina.core.ApplicationDispatcher.invoke(ApplicationDispatcher.java:621)
		at org.apache.catalina.core.ApplicationDispatcher.processRequest(ApplicationDispatcher.java:401)
		at org.apache.catalina.core.ApplicationDispatcher.doForward(ApplicationDispatcher.java:340)
		at org.apache.catalina.core.ApplicationDispatcher.forward(ApplicationDispatcher.java:285)
		at pe.controllers.MainController.processRequest(MainController.java:52)
		at pe.controllers.MainController.doPost(MainController.java:82)
		at javax.servlet.http.HttpServlet.service(HttpServlet.java:555)
		at javax.servlet.http.HttpServlet.service(HttpServlet.java:623)
		at org.apache.catalina.core.ApplicationFilterChain.internalDoFilter(ApplicationFilterChain.java:199)
		at org.apache.catalina.core.ApplicationFilterChain.doFilter(ApplicationFilterChain.java:144)
		at org.apache.tomcat.websocket.server.WsFilter.doFilter(WsFilter.java:51)
		at org.apache.catalina.core.ApplicationFilterChain.internalDoFilter(ApplicationFilterChain.java:168)
		at org.apache.catalina.core.ApplicationFilterChain.doFilter(ApplicationFilterChain.java:144)
		at org.apache.catalina.core.StandardWrapperValve.invoke(StandardWrapperValve.java:168)
		at org.apache.catalina.core.StandardContextValve.invoke(StandardContextValve.java:90)
		at org.apache.catalina.authenticator.AuthenticatorBase.invoke(AuthenticatorBase.java:482)
		at org.apache.catalina.core.StandardHostValve.invoke(StandardHostValve.java:130)
		at org.apache.catalina.valves.ErrorReportValve.invoke(ErrorReportValve.java:93)
		at org.apache.catalina.valves.AbstractAccessLogValve.invoke(AbstractAccessLogValve.java:656)
		at org.apache.catalina.core.StandardEngineValve.invoke(StandardEngineValve.java:74)
		at org.apache.catalina.connector.CoyoteAdapter.service(CoyoteAdapter.java:346)
		at org.apache.coyote.http11.Http11Processor.service(Http11Processor.java:397)
		at org.apache.coyote.AbstractProcessorLight.process(AbstractProcessorLight.java:63)
		at org.apache.coyote.AbstractProtocol$ConnectionHandler.process(AbstractProtocol.java:935)
		at org.apache.tomcat.util.net.NioEndpoint$SocketProcessor.doRun(NioEndpoint.java:1826)
		at org.apache.tomcat.util.net.SocketProcessorBase.run(SocketProcessorBase.java:52)
		at org.apache.tomcat.util.threads.ThreadPoolExecutor.runWorker(ThreadPoolExecutor.java:1189)
		at org.apache.tomcat.util.threads.ThreadPoolExecutor$Worker.run(ThreadPoolExecutor.java:658)
		at org.apache.tomcat.util.threads.TaskThread$WrappingRunnable.run(TaskThread.java:63)
		at java.lang.Thread.run(Thread.java:748)
22-Mar-2026 08:23:12.317 SEVERE [http-nio-8080-exec-12] org.apache.catalina.core.StandardWrapperValve.invoke Servlet.service() for servlet [MainController] in context with path [/ex-06] threw exception [/houseList.jsp (line: [150], column: [0]) Unterminated [&lt;c:forEach] tag] with root cause
	org.apache.jasper.JasperException: /houseList.jsp (line: [150], column: [0]) Unterminated [&lt;c:forEach] tag
		at org.apache.jasper.compiler.DefaultErrorHandler.jspError(DefaultErrorHandler.java:31)
		at org.apache.jasper.compiler.ErrorDispatcher.dispatch(ErrorDispatcher.java:268)
		at org.apache.jasper.compiler.ErrorDispatcher.jspError(ErrorDispatcher.java:91)
		at org.apache.jasper.compiler.Parser.parseBody(Parser.java:1581)
		at org.apache.jasper.compiler.Parser.parseOptionalBody(Parser.java:953)
		at org.apache.jasper.compiler.Parser.parseCustomTag(Parser.java:1213)
		at org.apache.jasper.compiler.Parser.parseElements(Parser.java:1384)
		at org.apache.jasper.compiler.Parser.parse(Parser.java:137)
		at org.apache.jasper.compiler.ParserController.doParse(ParserController.java:243)
		at org.apache.jasper.compiler.ParserController.parse(ParserController.java:106)
		at org.apache.jasper.compiler.Compiler.generateJava(Compiler.java:193)
		at org.apache.jasper.compiler.Compiler.compile(Compiler.java:366)
		at org.apache.jasper.compiler.Compiler.compile(Compiler.java:344)
		at org.apache.jasper.compiler.Compiler.compile(Compiler.java:330)
		at org.apache.jasper.JspCompilationContext.compile(JspCompilationContext.java:591)
		at org.apache.jasper.servlet.JspServletWrapper.service(JspServletWrapper.java:379)
		at org.apache.jasper.servlet.JspServlet.serviceJspFile(JspServlet.java:356)
		at org.apache.jasper.servlet.JspServlet.service(JspServlet.java:307)
		at javax.servlet.http.HttpServlet.service(HttpServlet.java:623)
		at org.apache.catalina.core.ApplicationFilterChain.internalDoFilter(ApplicationFilterChain.java:199)
		at org.apache.catalina.core.ApplicationFilterChain.doFilter(ApplicationFilterChain.java:144)
		at org.apache.tomcat.websocket.server.WsFilter.doFilter(WsFilter.java:51)
		at org.apache.catalina.core.ApplicationFilterChain.internalDoFilter(ApplicationFilterChain.java:168)
		at org.apache.catalina.core.ApplicationFilterChain.doFilter(ApplicationFilterChain.java:144)
		at org.apache.catalina.core.ApplicationDispatcher.invoke(ApplicationDispatcher.java:621)
		at org.apache.catalina.core.ApplicationDispatcher.processRequest(ApplicationDispatcher.java:401)
		at org.apache.catalina.core.ApplicationDispatcher.doForward(ApplicationDispatcher.java:340)
		at org.apache.catalina.core.ApplicationDispatcher.forward(ApplicationDispatcher.java:285)
		at pe.controllers.LoginController.processRequest(LoginController.java:53)
		at pe.controllers.LoginController.doPost(LoginController.java:84)
		at javax.servlet.http.HttpServlet.service(HttpServlet.java:555)
		at javax.servlet.http.HttpServlet.service(HttpServlet.java:623)
		at org.apache.catalina.core.ApplicationFilterChain.internalDoFilter(ApplicationFilterChain.java:199)
		at org.apache.catalina.core.ApplicationFilterChain.doFilter(ApplicationFilterChain.java:144)
		at org.apache.tomcat.websocket.server.WsFilter.doFilter(WsFilter.java:51)
		at org.apache.catalina.core.ApplicationFilterChain.internalDoFilter(ApplicationFilterChain.java:168)
		at org.apache.catalina.core.ApplicationFilterChain.doFilter(ApplicationFilterChain.java:144)
		at org.apache.catalina.core.ApplicationDispatcher.invoke(ApplicationDispatcher.java:621)
		at org.apache.catalina.core.ApplicationDispatcher.processRequest(ApplicationDispatcher.java:401)
		at org.apache.catalina.core.ApplicationDispatcher.doForward(ApplicationDispatcher.java:340)
		at org.apache.catalina.core.ApplicationDispatcher.forward(ApplicationDispatcher.java:285)
		at pe.controllers.MainController.processRequest(MainController.java:52)
		at pe.controllers.MainController.doPost(MainController.java:82)
		at javax.servlet.http.HttpServlet.service(HttpServlet.java:555)
		at javax.servlet.http.HttpServlet.service(HttpServlet.java:623)
		at org.apache.catalina.core.ApplicationFilterChain.internalDoFilter(ApplicationFilterChain.java:199)
		at org.apache.catalina.core.ApplicationFilterChain.doFilter(ApplicationFilterChain.java:144)
		at org.apache.tomcat.websocket.server.WsFilter.doFilter(WsFilter.java:51)
		at org.apache.catalina.core.ApplicationFilterChain.internalDoFilter(ApplicationFilterChain.java:168)
		at org.apache.catalina.core.ApplicationFilterChain.doFilter(ApplicationFilterChain.java:144)
		at org.apache.catalina.core.StandardWrapperValve.invoke(StandardWrapperValve.java:168)
		at org.apache.catalina.core.StandardContextValve.invoke(StandardContextValve.java:90)
		at org.apache.catalina.authenticator.AuthenticatorBase.invoke(AuthenticatorBase.java:482)
		at org.apache.catalina.core.StandardHostValve.invoke(StandardHostValve.java:130)
		at org.apache.catalina.valves.ErrorReportValve.invoke(ErrorReportValve.java:93)
		at org.apache.catalina.valves.AbstractAccessLogValve.invoke(AbstractAccessLogValve.java:656)
		at org.apache.catalina.core.StandardEngineValve.invoke(StandardEngineValve.java:74)
		at org.apache.catalina.connector.CoyoteAdapter.service(CoyoteAdapter.java:346)
		at org.apache.coyote.http11.Http11Processor.service(Http11Processor.java:397)
		at org.apache.coyote.AbstractProcessorLight.process(AbstractProcessorLight.java:63)
		at org.apache.coyote.AbstractProtocol$ConnectionHandler.process(AbstractProtocol.java:935)
		at org.apache.tomcat.util.net.NioEndpoint$SocketProcessor.doRun(NioEndpoint.java:1826)
		at org.apache.tomcat.util.net.SocketProcessorBase.run(SocketProcessorBase.java:52)
		at org.apache.tomcat.util.threads.ThreadPoolExecutor.runWorker(ThreadPoolExecutor.java:1189)
		at org.apache.tomcat.util.threads.ThreadPoolExecutor$Worker.run(ThreadPoolExecutor.java:658)
		at org.apache.tomcat.util.threads.TaskThread$WrappingRunnable.run(TaskThread.java:63)
		at java.lang.Thread.run(Thread.java:748)
22-Mar-2026 09:43:37.136 INFO [main] org.apache.catalina.core.ApplicationContext.log SessionListener: contextDestroyed()
22-Mar-2026 09:43:37.136 INFO [main] org.apache.catalina.core.ApplicationContext.log ContextListener: contextDestroyed()
22-Mar-2026 09:44:09.323 INFO [main] org.apache.catalina.core.ApplicationContext.log ContextListener: contextInitialized()
22-Mar-2026 09:44:09.323 INFO [main] org.apache.catalina.core.ApplicationContext.log SessionListener: contextInitialized()
22-Mar-2026 09:44:09.324 INFO [main] org.apache.catalina.core.ApplicationContext.log ContextListener: attributeAdded('StockTicker', 'async.Stockticker@4def42c3')
22-Mar-2026 09:57:40.542 SEVERE [http-nio-8080-exec-75] org.apache.catalina.core.ApplicationDispatcher.invoke Servlet.service() for servlet [LoginController] threw exception
	java.lang.RuntimeException: Uncompilable code - unreachable statement
		at pe.model.UsersDao.checkLogin(UsersDao.java:1)
		at pe.controllers.LoginController.processRequest(LoginController.java:41)
		at pe.controllers.LoginController.doPost(LoginController.java:83)
		at javax.servlet.http.HttpServlet.service(HttpServlet.java:555)
		at javax.servlet.http.HttpServlet.service(HttpServlet.java:623)
		at org.apache.catalina.core.ApplicationFilterChain.internalDoFilter(ApplicationFilterChain.java:199)
		at org.apache.catalina.core.ApplicationFilterChain.doFilter(ApplicationFilterChain.java:144)
		at org.apache.tomcat.websocket.server.WsFilter.doFilter(WsFilter.java:51)
		at org.apache.catalina.core.ApplicationFilterChain.internalDoFilter(ApplicationFilterChain.java:168)
		at org.apache.catalina.core.ApplicationFilterChain.doFilter(ApplicationFilterChain.java:144)
		at org.apache.catalina.core.ApplicationDispatcher.invoke(ApplicationDispatcher.java:621)
		at org.apache.catalina.core.ApplicationDispatcher.processRequest(ApplicationDispatcher.java:401)
		at org.apache.catalina.core.ApplicationDispatcher.doForward(ApplicationDispatcher.java:340)
		at org.apache.catalina.core.ApplicationDispatcher.forward(ApplicationDispatcher.java:285)
		at pe.controllers.MainController.processRequest(MainController.java:57)
		at pe.controllers.MainController.doPost(MainController.java:87)
		at javax.servlet.http.HttpServlet.service(HttpServlet.java:555)
		at javax.servlet.http.HttpServlet.service(HttpServlet.java:623)
		at org.apache.catalina.core.ApplicationFilterChain.internalDoFilter(ApplicationFilterChain.java:199)
		at org.apache.catalina.core.ApplicationFilterChain.doFilter(ApplicationFilterChain.java:144)
		at org.apache.tomcat.websocket.server.WsFilter.doFilter(WsFilter.java:51)
		at org.apache.catalina.core.ApplicationFilterChain.internalDoFilter(ApplicationFilterChain.java:168)
		at org.apache.catalina.core.ApplicationFilterChain.doFilter(ApplicationFilterChain.java:144)
		at org.apache.catalina.core.StandardWrapperValve.invoke(StandardWrapperValve.java:168)
		at org.apache.catalina.core.StandardContextValve.invoke(StandardContextValve.java:90)
		at org.apache.catalina.authenticator.AuthenticatorBase.invoke(AuthenticatorBase.java:482)
		at org.apache.catalina.core.StandardHostValve.invoke(StandardHostValve.java:130)
		at org.apache.catalina.valves.ErrorReportValve.invoke(ErrorReportValve.java:93)
		at org.apache.catalina.valves.AbstractAccessLogValve.invoke(AbstractAccessLogValve.java:656)
		at org.apache.catalina.core.StandardEngineValve.invoke(StandardEngineValve.java:74)
		at org.apache.catalina.connector.CoyoteAdapter.service(CoyoteAdapter.java:346)
		at org.apache.coyote.http11.Http11Processor.service(Http11Processor.java:397)
		at org.apache.coyote.AbstractProcessorLight.process(AbstractProcessorLight.java:63)
		at org.apache.coyote.AbstractProtocol$ConnectionHandler.process(AbstractProtocol.java:935)
		at org.apache.tomcat.util.net.NioEndpoint$SocketProcessor.doRun(NioEndpoint.java:1826)
		at org.apache.tomcat.util.net.SocketProcessorBase.run(SocketProcessorBase.java:52)
		at org.apache.tomcat.util.threads.ThreadPoolExecutor.runWorker(ThreadPoolExecutor.java:1189)
		at org.apache.tomcat.util.threads.ThreadPoolExecutor$Worker.run(ThreadPoolExecutor.java:658)
		at org.apache.tomcat.util.threads.TaskThread$WrappingRunnable.run(TaskThread.java:63)
		at java.lang.Thread.run(Thread.java:748)
22-Mar-2026 09:57:40.542 SEVERE [http-nio-8080-exec-75] org.apache.catalina.core.StandardWrapperValve.invoke Servlet.service() for servlet [MainController] in context with path [/PE_Prj301] threw exception
	java.lang.RuntimeException: Uncompilable code - unreachable statement
		at pe.model.UsersDao.checkLogin(UsersDao.java:1)
		at pe.controllers.LoginController.processRequest(LoginController.java:41)
		at pe.controllers.LoginController.doPost(LoginController.java:83)
		at javax.servlet.http.HttpServlet.service(HttpServlet.java:555)
		at javax.servlet.http.HttpServlet.service(HttpServlet.java:623)
		at org.apache.catalina.core.ApplicationFilterChain.internalDoFilter(ApplicationFilterChain.java:199)
		at org.apache.catalina.core.ApplicationFilterChain.doFilter(ApplicationFilterChain.java:144)
		at org.apache.tomcat.websocket.server.WsFilter.doFilter(WsFilter.java:51)
		at org.apache.catalina.core.ApplicationFilterChain.internalDoFilter(ApplicationFilterChain.java:168)
		at org.apache.catalina.core.ApplicationFilterChain.doFilter(ApplicationFilterChain.java:144)
		at org.apache.catalina.core.ApplicationDispatcher.invoke(ApplicationDispatcher.java:621)
		at org.apache.catalina.core.ApplicationDispatcher.processRequest(ApplicationDispatcher.java:401)
		at org.apache.catalina.core.ApplicationDispatcher.doForward(ApplicationDispatcher.java:340)
		at org.apache.catalina.core.ApplicationDispatcher.forward(ApplicationDispatcher.java:285)
		at pe.controllers.MainController.processRequest(MainController.java:57)
		at pe.controllers.MainController.doPost(MainController.java:87)
		at javax.servlet.http.HttpServlet.service(HttpServlet.java:555)
		at javax.servlet.http.HttpServlet.service(HttpServlet.java:623)
		at org.apache.catalina.core.ApplicationFilterChain.internalDoFilter(ApplicationFilterChain.java:199)
		at org.apache.catalina.core.ApplicationFilterChain.doFilter(ApplicationFilterChain.java:144)
		at org.apache.tomcat.websocket.server.WsFilter.doFilter(WsFilter.java:51)
		at org.apache.catalina.core.ApplicationFilterChain.internalDoFilter(ApplicationFilterChain.java:168)
		at org.apache.catalina.core.ApplicationFilterChain.doFilter(ApplicationFilterChain.java:144)
		at org.apache.catalina.core.StandardWrapperValve.invoke(StandardWrapperValve.java:168)
		at org.apache.catalina.core.StandardContextValve.invoke(StandardContextValve.java:90)
		at org.apache.catalina.authenticator.AuthenticatorBase.invoke(AuthenticatorBase.java:482)
		at org.apache.catalina.core.StandardHostValve.invoke(StandardHostValve.java:130)
		at org.apache.catalina.valves.ErrorReportValve.invoke(ErrorReportValve.java:93)
		at org.apache.catalina.valves.AbstractAccessLogValve.invoke(AbstractAccessLogValve.java:656)
		at org.apache.catalina.core.StandardEngineValve.invoke(StandardEngineValve.java:74)
		at org.apache.catalina.connector.CoyoteAdapter.service(CoyoteAdapter.java:346)
		at org.apache.coyote.http11.Http11Processor.service(Http11Processor.java:397)
		at org.apache.coyote.AbstractProcessorLight.process(AbstractProcessorLight.java:63)
		at org.apache.coyote.AbstractProtocol$ConnectionHandler.process(AbstractProtocol.java:935)
		at org.apache.tomcat.util.net.NioEndpoint$SocketProcessor.doRun(NioEndpoint.java:1826)
		at org.apache.tomcat.util.net.SocketProcessorBase.run(SocketProcessorBase.java:52)
		at org.apache.tomcat.util.threads.ThreadPoolExecutor.runWorker(ThreadPoolExecutor.java:1189)
		at org.apache.tomcat.util.threads.ThreadPoolExecutor$Worker.run(ThreadPoolExecutor.java:658)
		at org.apache.tomcat.util.threads.TaskThread$WrappingRunnable.run(TaskThread.java:63)
		at java.lang.Thread.run(Thread.java:748)
22-Mar-2026 10:00:20.972 SEVERE [http-nio-8080-exec-79] org.apache.catalina.core.ApplicationDispatcher.invoke Servlet.service() for servlet [LoginController] threw exception
	javax.persistence.PersistenceException: No Persistence provider for EntityManager named PE_PRJ301PU
		at javax.persistence.Persistence.createEntityManagerFactory(Persistence.java:86)
		at javax.persistence.Persistence.createEntityManagerFactory(Persistence.java:55)
		at pe.model.UsersDao.<init>(UsersDao.java:21)
		at pe.controllers.LoginController.processRequest(LoginController.java:40)
		at pe.controllers.LoginController.doPost(LoginController.java:83)
		at javax.servlet.http.HttpServlet.service(HttpServlet.java:555)
		at javax.servlet.http.HttpServlet.service(HttpServlet.java:623)
		at org.apache.catalina.core.ApplicationFilterChain.internalDoFilter(ApplicationFilterChain.java:199)
		at org.apache.catalina.core.ApplicationFilterChain.doFilter(ApplicationFilterChain.java:144)
		at org.apache.tomcat.websocket.server.WsFilter.doFilter(WsFilter.java:51)
		at org.apache.catalina.core.ApplicationFilterChain.internalDoFilter(ApplicationFilterChain.java:168)
		at org.apache.catalina.core.ApplicationFilterChain.doFilter(ApplicationFilterChain.java:144)
		at org.apache.catalina.core.ApplicationDispatcher.invoke(ApplicationDispatcher.java:621)
		at org.apache.catalina.core.ApplicationDispatcher.processRequest(ApplicationDispatcher.java:401)
		at org.apache.catalina.core.ApplicationDispatcher.doForward(ApplicationDispatcher.java:340)
		at org.apache.catalina.core.ApplicationDispatcher.forward(ApplicationDispatcher.java:285)
		at pe.controllers.MainController.processRequest(MainController.java:57)
		at pe.controllers.MainController.doPost(MainController.java:87)
		at javax.servlet.http.HttpServlet.service(HttpServlet.java:555)
		at javax.servlet.http.HttpServlet.service(HttpServlet.java:623)
		at org.apache.catalina.core.ApplicationFilterChain.internalDoFilter(ApplicationFilterChain.java:199)
		at org.apache.catalina.core.ApplicationFilterChain.doFilter(ApplicationFilterChain.java:144)
		at org.apache.tomcat.websocket.server.WsFilter.doFilter(WsFilter.java:51)
		at org.apache.catalina.core.ApplicationFilterChain.internalDoFilter(ApplicationFilterChain.java:168)
		at org.apache.catalina.core.ApplicationFilterChain.doFilter(ApplicationFilterChain.java:144)
		at org.apache.catalina.core.StandardWrapperValve.invoke(StandardWrapperValve.java:168)
		at org.apache.catalina.core.StandardContextValve.invoke(StandardContextValve.java:90)
		at org.apache.catalina.authenticator.AuthenticatorBase.invoke(AuthenticatorBase.java:482)
		at org.apache.catalina.core.StandardHostValve.invoke(StandardHostValve.java:130)
		at org.apache.catalina.valves.ErrorReportValve.invoke(ErrorReportValve.java:93)
		at org.apache.catalina.valves.AbstractAccessLogValve.invoke(AbstractAccessLogValve.java:656)
		at org.apache.catalina.core.StandardEngineValve.invoke(StandardEngineValve.java:74)
		at org.apache.catalina.connector.CoyoteAdapter.service(CoyoteAdapter.java:346)
		at org.apache.coyote.http11.Http11Processor.service(Http11Processor.java:397)
		at org.apache.coyote.AbstractProcessorLight.process(AbstractProcessorLight.java:63)
		at org.apache.coyote.AbstractProtocol$ConnectionHandler.process(AbstractProtocol.java:935)
		at org.apache.tomcat.util.net.NioEndpoint$SocketProcessor.doRun(NioEndpoint.java:1826)
		at org.apache.tomcat.util.net.SocketProcessorBase.run(SocketProcessorBase.java:52)
		at org.apache.tomcat.util.threads.ThreadPoolExecutor.runWorker(ThreadPoolExecutor.java:1189)
		at org.apache.tomcat.util.threads.ThreadPoolExecutor$Worker.run(ThreadPoolExecutor.java:658)
		at org.apache.tomcat.util.threads.TaskThread$WrappingRunnable.run(TaskThread.java:63)
		at java.lang.Thread.run(Thread.java:748)
22-Mar-2026 10:00:20.972 SEVERE [http-nio-8080-exec-79] org.apache.catalina.core.StandardWrapperValve.invoke Servlet.service() for servlet [MainController] in context with path [/PE_Prj301] threw exception
	javax.persistence.PersistenceException: No Persistence provider for EntityManager named PE_PRJ301PU
		at javax.persistence.Persistence.createEntityManagerFactory(Persistence.java:86)
		at javax.persistence.Persistence.createEntityManagerFactory(Persistence.java:55)
		at pe.model.UsersDao.<init>(UsersDao.java:21)
		at pe.controllers.LoginController.processRequest(LoginController.java:40)
		at pe.controllers.LoginController.doPost(LoginController.java:83)
		at javax.servlet.http.HttpServlet.service(HttpServlet.java:555)
		at javax.servlet.http.HttpServlet.service(HttpServlet.java:623)
		at org.apache.catalina.core.ApplicationFilterChain.internalDoFilter(ApplicationFilterChain.java:199)
		at org.apache.catalina.core.ApplicationFilterChain.doFilter(ApplicationFilterChain.java:144)
		at org.apache.tomcat.websocket.server.WsFilter.doFilter(WsFilter.java:51)
		at org.apache.catalina.core.ApplicationFilterChain.internalDoFilter(ApplicationFilterChain.java:168)
		at org.apache.catalina.core.ApplicationFilterChain.doFilter(ApplicationFilterChain.java:144)
		at org.apache.catalina.core.ApplicationDispatcher.invoke(ApplicationDispatcher.java:621)
		at org.apache.catalina.core.ApplicationDispatcher.processRequest(ApplicationDispatcher.java:401)
		at org.apache.catalina.core.ApplicationDispatcher.doForward(ApplicationDispatcher.java:340)
		at org.apache.catalina.core.ApplicationDispatcher.forward(ApplicationDispatcher.java:285)
		at pe.controllers.MainController.processRequest(MainController.java:57)
		at pe.controllers.MainController.doPost(MainController.java:87)
		at javax.servlet.http.HttpServlet.service(HttpServlet.java:555)
		at javax.servlet.http.HttpServlet.service(HttpServlet.java:623)
		at org.apache.catalina.core.ApplicationFilterChain.internalDoFilter(ApplicationFilterChain.java:199)
		at org.apache.catalina.core.ApplicationFilterChain.doFilter(ApplicationFilterChain.java:144)
		at org.apache.tomcat.websocket.server.WsFilter.doFilter(WsFilter.java:51)
		at org.apache.catalina.core.ApplicationFilterChain.internalDoFilter(ApplicationFilterChain.java:168)
		at org.apache.catalina.core.ApplicationFilterChain.doFilter(ApplicationFilterChain.java:144)
		at org.apache.catalina.core.StandardWrapperValve.invoke(StandardWrapperValve.java:168)
		at org.apache.catalina.core.StandardContextValve.invoke(StandardContextValve.java:90)
		at org.apache.catalina.authenticator.AuthenticatorBase.invoke(AuthenticatorBase.java:482)
		at org.apache.catalina.core.StandardHostValve.invoke(StandardHostValve.java:130)
		at org.apache.catalina.valves.ErrorReportValve.invoke(ErrorReportValve.java:93)
		at org.apache.catalina.valves.AbstractAccessLogValve.invoke(AbstractAccessLogValve.java:656)
		at org.apache.catalina.core.StandardEngineValve.invoke(StandardEngineValve.java:74)
		at org.apache.catalina.connector.CoyoteAdapter.service(CoyoteAdapter.java:346)
		at org.apache.coyote.http11.Http11Processor.service(Http11Processor.java:397)
		at org.apache.coyote.AbstractProcessorLight.process(AbstractProcessorLight.java:63)
		at org.apache.coyote.AbstractProtocol$ConnectionHandler.process(AbstractProtocol.java:935)
		at org.apache.tomcat.util.net.NioEndpoint$SocketProcessor.doRun(NioEndpoint.java:1826)
		at org.apache.tomcat.util.net.SocketProcessorBase.run(SocketProcessorBase.java:52)
		at org.apache.tomcat.util.threads.ThreadPoolExecutor.runWorker(ThreadPoolExecutor.java:1189)
		at org.apache.tomcat.util.threads.ThreadPoolExecutor$Worker.run(ThreadPoolExecutor.java:658)
		at org.apache.tomcat.util.threads.TaskThread$WrappingRunnable.run(TaskThread.java:63)
		at java.lang.Thread.run(Thread.java:748)
22-Mar-2026 10:05:12.250 SEVERE [http-nio-8080-exec-124] org.apache.catalina.core.ApplicationDispatcher.invoke Servlet.service() for servlet [jsp] threw exception
	javax.el.PropertyNotFoundException: Property [name] not found on type [pe.model.UsersDto]
		at javax.el.BeanELResolver$BeanProperties.get(BeanELResolver.java:253)
		at javax.el.BeanELResolver$BeanProperties.access$300(BeanELResolver.java:206)
		at javax.el.BeanELResolver.property(BeanELResolver.java:322)
		at javax.el.BeanELResolver.getValue(BeanELResolver.java:93)
		at org.apache.jasper.el.JasperELResolver.getValue(JasperELResolver.java:123)
		at org.apache.el.parser.AstValue.getValue(AstValue.java:163)
		at org.apache.el.ValueExpressionImpl.getValue(ValueExpressionImpl.java:151)
		at org.apache.jasper.runtime.PageContextImpl.proprietaryEvaluate(PageContextImpl.java:663)
		at org.apache.jsp.welcome_jsp._jspService(welcome_jsp.java:138)
		at org.apache.jasper.runtime.HttpJspBase.service(HttpJspBase.java:64)
		at javax.servlet.http.HttpServlet.service(HttpServlet.java:623)
		at org.apache.jasper.servlet.JspServletWrapper.service(JspServletWrapper.java:446)
		at org.apache.jasper.servlet.JspServlet.serviceJspFile(JspServlet.java:356)
		at org.apache.jasper.servlet.JspServlet.service(JspServlet.java:307)
		at javax.servlet.http.HttpServlet.service(HttpServlet.java:623)
		at org.apache.catalina.core.ApplicationFilterChain.internalDoFilter(ApplicationFilterChain.java:199)
		at org.apache.catalina.core.ApplicationFilterChain.doFilter(ApplicationFilterChain.java:144)
		at org.apache.tomcat.websocket.server.WsFilter.doFilter(WsFilter.java:51)
		at org.apache.catalina.core.ApplicationFilterChain.internalDoFilter(ApplicationFilterChain.java:168)
		at org.apache.catalina.core.ApplicationFilterChain.doFilter(ApplicationFilterChain.java:144)
		at org.apache.catalina.core.ApplicationDispatcher.invoke(ApplicationDispatcher.java:621)
		at org.apache.catalina.core.ApplicationDispatcher.processRequest(ApplicationDispatcher.java:401)
		at org.apache.catalina.core.ApplicationDispatcher.doForward(ApplicationDispatcher.java:340)
		at org.apache.catalina.core.ApplicationDispatcher.forward(ApplicationDispatcher.java:285)
		at pe.controllers.LoginController.processRequest(LoginController.java:47)
		at pe.controllers.LoginController.doPost(LoginController.java:83)
		at javax.servlet.http.HttpServlet.service(HttpServlet.java:555)
		at javax.servlet.http.HttpServlet.service(HttpServlet.java:623)
		at org.apache.catalina.core.ApplicationFilterChain.internalDoFilter(ApplicationFilterChain.java:199)
		at org.apache.catalina.core.ApplicationFilterChain.doFilter(ApplicationFilterChain.java:144)
		at org.apache.tomcat.websocket.server.WsFilter.doFilter(WsFilter.java:51)
		at org.apache.catalina.core.ApplicationFilterChain.internalDoFilter(ApplicationFilterChain.java:168)
		at org.apache.catalina.core.ApplicationFilterChain.doFilter(ApplicationFilterChain.java:144)
		at org.apache.catalina.core.ApplicationDispatcher.invoke(ApplicationDispatcher.java:621)
		at org.apache.catalina.core.ApplicationDispatcher.processRequest(ApplicationDispatcher.java:401)
		at org.apache.catalina.core.ApplicationDispatcher.doForward(ApplicationDispatcher.java:340)
		at org.apache.catalina.core.ApplicationDispatcher.forward(ApplicationDispatcher.java:285)
		at pe.controllers.MainController.processRequest(MainController.java:57)
		at pe.controllers.MainController.doPost(MainController.java:87)
		at javax.servlet.http.HttpServlet.service(HttpServlet.java:555)
		at javax.servlet.http.HttpServlet.service(HttpServlet.java:623)
		at org.apache.catalina.core.ApplicationFilterChain.internalDoFilter(ApplicationFilterChain.java:199)
		at org.apache.catalina.core.ApplicationFilterChain.doFilter(ApplicationFilterChain.java:144)
		at org.apache.tomcat.websocket.server.WsFilter.doFilter(WsFilter.java:51)
		at org.apache.catalina.core.ApplicationFilterChain.internalDoFilter(ApplicationFilterChain.java:168)
		at org.apache.catalina.core.ApplicationFilterChain.doFilter(ApplicationFilterChain.java:144)
		at org.apache.catalina.core.StandardWrapperValve.invoke(StandardWrapperValve.java:168)
		at org.apache.catalina.core.StandardContextValve.invoke(StandardContextValve.java:90)
		at org.apache.catalina.authenticator.AuthenticatorBase.invoke(AuthenticatorBase.java:482)
		at org.apache.catalina.core.StandardHostValve.invoke(StandardHostValve.java:130)
		at org.apache.catalina.valves.ErrorReportValve.invoke(ErrorReportValve.java:93)
		at org.apache.catalina.valves.AbstractAccessLogValve.invoke(AbstractAccessLogValve.java:656)
		at org.apache.catalina.core.StandardEngineValve.invoke(StandardEngineValve.java:74)
		at org.apache.catalina.connector.CoyoteAdapter.service(CoyoteAdapter.java:346)
		at org.apache.coyote.http11.Http11Processor.service(Http11Processor.java:397)
		at org.apache.coyote.AbstractProcessorLight.process(AbstractProcessorLight.java:63)
		at org.apache.coyote.AbstractProtocol$ConnectionHandler.process(AbstractProtocol.java:935)
		at org.apache.tomcat.util.net.NioEndpoint$SocketProcessor.doRun(NioEndpoint.java:1826)
		at org.apache.tomcat.util.net.SocketProcessorBase.run(SocketProcessorBase.java:52)
		at org.apache.tomcat.util.threads.ThreadPoolExecutor.runWorker(ThreadPoolExecutor.java:1189)
		at org.apache.tomcat.util.threads.ThreadPoolExecutor$Worker.run(ThreadPoolExecutor.java:658)
		at org.apache.tomcat.util.threads.TaskThread$WrappingRunnable.run(TaskThread.java:63)
		at java.lang.Thread.run(Thread.java:748)
22-Mar-2026 10:05:12.250 SEVERE [http-nio-8080-exec-124] org.apache.catalina.core.ApplicationDispatcher.invoke Servlet.service() for servlet [LoginController] threw exception
	javax.el.PropertyNotFoundException: Property [name] not found on type [pe.model.UsersDto]
		at javax.el.BeanELResolver$BeanProperties.get(BeanELResolver.java:253)
		at javax.el.BeanELResolver$BeanProperties.access$300(BeanELResolver.java:206)
		at javax.el.BeanELResolver.property(BeanELResolver.java:322)
		at javax.el.BeanELResolver.getValue(BeanELResolver.java:93)
		at org.apache.jasper.el.JasperELResolver.getValue(JasperELResolver.java:123)
		at org.apache.el.parser.AstValue.getValue(AstValue.java:163)
		at org.apache.el.ValueExpressionImpl.getValue(ValueExpressionImpl.java:151)
		at org.apache.jasper.runtime.PageContextImpl.proprietaryEvaluate(PageContextImpl.java:663)
		at org.apache.jsp.welcome_jsp._jspService(welcome_jsp.java:138)
		at org.apache.jasper.runtime.HttpJspBase.service(HttpJspBase.java:64)
		at javax.servlet.http.HttpServlet.service(HttpServlet.java:623)
		at org.apache.jasper.servlet.JspServletWrapper.service(JspServletWrapper.java:446)
		at org.apache.jasper.servlet.JspServlet.serviceJspFile(JspServlet.java:356)
		at org.apache.jasper.servlet.JspServlet.service(JspServlet.java:307)
		at javax.servlet.http.HttpServlet.service(HttpServlet.java:623)
		at org.apache.catalina.core.ApplicationFilterChain.internalDoFilter(ApplicationFilterChain.java:199)
		at org.apache.catalina.core.ApplicationFilterChain.doFilter(ApplicationFilterChain.java:144)
		at org.apache.tomcat.websocket.server.WsFilter.doFilter(WsFilter.java:51)
		at org.apache.catalina.core.ApplicationFilterChain.internalDoFilter(ApplicationFilterChain.java:168)
		at org.apache.catalina.core.ApplicationFilterChain.doFilter(ApplicationFilterChain.java:144)
		at org.apache.catalina.core.ApplicationDispatcher.invoke(ApplicationDispatcher.java:621)
		at org.apache.catalina.core.ApplicationDispatcher.processRequest(ApplicationDispatcher.java:401)
		at org.apache.catalina.core.ApplicationDispatcher.doForward(ApplicationDispatcher.java:340)
		at org.apache.catalina.core.ApplicationDispatcher.forward(ApplicationDispatcher.java:285)
		at pe.controllers.LoginController.processRequest(LoginController.java:47)
		at pe.controllers.LoginController.doPost(LoginController.java:83)
		at javax.servlet.http.HttpServlet.service(HttpServlet.java:555)
		at javax.servlet.http.HttpServlet.service(HttpServlet.java:623)
		at org.apache.catalina.core.ApplicationFilterChain.internalDoFilter(ApplicationFilterChain.java:199)
		at org.apache.catalina.core.ApplicationFilterChain.doFilter(ApplicationFilterChain.java:144)
		at org.apache.tomcat.websocket.server.WsFilter.doFilter(WsFilter.java:51)
		at org.apache.catalina.core.ApplicationFilterChain.internalDoFilter(ApplicationFilterChain.java:168)
		at org.apache.catalina.core.ApplicationFilterChain.doFilter(ApplicationFilterChain.java:144)
		at org.apache.catalina.core.ApplicationDispatcher.invoke(ApplicationDispatcher.java:621)
		at org.apache.catalina.core.ApplicationDispatcher.processRequest(ApplicationDispatcher.java:401)
		at org.apache.catalina.core.ApplicationDispatcher.doForward(ApplicationDispatcher.java:340)
		at org.apache.catalina.core.ApplicationDispatcher.forward(ApplicationDispatcher.java:285)
		at pe.controllers.MainController.processRequest(MainController.java:57)
		at pe.controllers.MainController.doPost(MainController.java:87)
		at javax.servlet.http.HttpServlet.service(HttpServlet.java:555)
		at javax.servlet.http.HttpServlet.service(HttpServlet.java:623)
		at org.apache.catalina.core.ApplicationFilterChain.internalDoFilter(ApplicationFilterChain.java:199)
		at org.apache.catalina.core.ApplicationFilterChain.doFilter(ApplicationFilterChain.java:144)
		at org.apache.tomcat.websocket.server.WsFilter.doFilter(WsFilter.java:51)
		at org.apache.catalina.core.ApplicationFilterChain.internalDoFilter(ApplicationFilterChain.java:168)
		at org.apache.catalina.core.ApplicationFilterChain.doFilter(ApplicationFilterChain.java:144)
		at org.apache.catalina.core.StandardWrapperValve.invoke(StandardWrapperValve.java:168)
		at org.apache.catalina.core.StandardContextValve.invoke(StandardContextValve.java:90)
		at org.apache.catalina.authenticator.AuthenticatorBase.invoke(AuthenticatorBase.java:482)
		at org.apache.catalina.core.StandardHostValve.invoke(StandardHostValve.java:130)
		at org.apache.catalina.valves.ErrorReportValve.invoke(ErrorReportValve.java:93)
		at org.apache.catalina.valves.AbstractAccessLogValve.invoke(AbstractAccessLogValve.java:656)
		at org.apache.catalina.core.StandardEngineValve.invoke(StandardEngineValve.java:74)
		at org.apache.catalina.connector.CoyoteAdapter.service(CoyoteAdapter.java:346)
		at org.apache.coyote.http11.Http11Processor.service(Http11Processor.java:397)
		at org.apache.coyote.AbstractProcessorLight.process(AbstractProcessorLight.java:63)
		at org.apache.coyote.AbstractProtocol$ConnectionHandler.process(AbstractProtocol.java:935)
		at org.apache.tomcat.util.net.NioEndpoint$SocketProcessor.doRun(NioEndpoint.java:1826)
		at org.apache.tomcat.util.net.SocketProcessorBase.run(SocketProcessorBase.java:52)
		at org.apache.tomcat.util.threads.ThreadPoolExecutor.runWorker(ThreadPoolExecutor.java:1189)
		at org.apache.tomcat.util.threads.ThreadPoolExecutor$Worker.run(ThreadPoolExecutor.java:658)
		at org.apache.tomcat.util.threads.TaskThread$WrappingRunnable.run(TaskThread.java:63)
		at java.lang.Thread.run(Thread.java:748)
22-Mar-2026 10:05:12.250 SEVERE [http-nio-8080-exec-124] org.apache.catalina.core.StandardWrapperValve.invoke Servlet.service() for servlet [MainController] in context with path [/PE_Prj301] threw exception [An exception occurred processing [/welcome.jsp] at line [20]

17:         
18: 
19: 
20:         <h1>Welcome to <span style="color: red">${user.name} !</span></h1>
21: 
22:         <ul>
23:             <li> <a href="MainController?action=Logout">Logout</a><br/></li>


Stacktrace:] with root cause
	javax.el.PropertyNotFoundException: Property [name] not found on type [pe.model.UsersDto]
		at javax.el.BeanELResolver$BeanProperties.get(BeanELResolver.java:253)
		at javax.el.BeanELResolver$BeanProperties.access$300(BeanELResolver.java:206)
		at javax.el.BeanELResolver.property(BeanELResolver.java:322)
		at javax.el.BeanELResolver.getValue(BeanELResolver.java:93)
		at org.apache.jasper.el.JasperELResolver.getValue(JasperELResolver.java:123)
		at org.apache.el.parser.AstValue.getValue(AstValue.java:163)
		at org.apache.el.ValueExpressionImpl.getValue(ValueExpressionImpl.java:151)
		at org.apache.jasper.runtime.PageContextImpl.proprietaryEvaluate(PageContextImpl.java:663)
		at org.apache.jsp.welcome_jsp._jspService(welcome_jsp.java:138)
		at org.apache.jasper.runtime.HttpJspBase.service(HttpJspBase.java:64)
		at javax.servlet.http.HttpServlet.service(HttpServlet.java:623)
		at org.apache.jasper.servlet.JspServletWrapper.service(JspServletWrapper.java:446)
		at org.apache.jasper.servlet.JspServlet.serviceJspFile(JspServlet.java:356)
		at org.apache.jasper.servlet.JspServlet.service(JspServlet.java:307)
		at javax.servlet.http.HttpServlet.service(HttpServlet.java:623)
		at org.apache.catalina.core.ApplicationFilterChain.internalDoFilter(ApplicationFilterChain.java:199)
		at org.apache.catalina.core.ApplicationFilterChain.doFilter(ApplicationFilterChain.java:144)
		at org.apache.tomcat.websocket.server.WsFilter.doFilter(WsFilter.java:51)
		at org.apache.catalina.core.ApplicationFilterChain.internalDoFilter(ApplicationFilterChain.java:168)
		at org.apache.catalina.core.ApplicationFilterChain.doFilter(ApplicationFilterChain.java:144)
		at org.apache.catalina.core.ApplicationDispatcher.invoke(ApplicationDispatcher.java:621)
		at org.apache.catalina.core.ApplicationDispatcher.processRequest(ApplicationDispatcher.java:401)
		at org.apache.catalina.core.ApplicationDispatcher.doForward(ApplicationDispatcher.java:340)
		at org.apache.catalina.core.ApplicationDispatcher.forward(ApplicationDispatcher.java:285)
		at pe.controllers.LoginController.processRequest(LoginController.java:47)
		at pe.controllers.LoginController.doPost(LoginController.java:83)
		at javax.servlet.http.HttpServlet.service(HttpServlet.java:555)
		at javax.servlet.http.HttpServlet.service(HttpServlet.java:623)
		at org.apache.catalina.core.ApplicationFilterChain.internalDoFilter(ApplicationFilterChain.java:199)
		at org.apache.catalina.core.ApplicationFilterChain.doFilter(ApplicationFilterChain.java:144)
		at org.apache.tomcat.websocket.server.WsFilter.doFilter(WsFilter.java:51)
		at org.apache.catalina.core.ApplicationFilterChain.internalDoFilter(ApplicationFilterChain.java:168)
		at org.apache.catalina.core.ApplicationFilterChain.doFilter(ApplicationFilterChain.java:144)
		at org.apache.catalina.core.ApplicationDispatcher.invoke(ApplicationDispatcher.java:621)
		at org.apache.catalina.core.ApplicationDispatcher.processRequest(ApplicationDispatcher.java:401)
		at org.apache.catalina.core.ApplicationDispatcher.doForward(ApplicationDispatcher.java:340)
		at org.apache.catalina.core.ApplicationDispatcher.forward(ApplicationDispatcher.java:285)
		at pe.controllers.MainController.processRequest(MainController.java:57)
		at pe.controllers.MainController.doPost(MainController.java:87)
		at javax.servlet.http.HttpServlet.service(HttpServlet.java:555)
		at javax.servlet.http.HttpServlet.service(HttpServlet.java:623)
		at org.apache.catalina.core.ApplicationFilterChain.internalDoFilter(ApplicationFilterChain.java:199)
		at org.apache.catalina.core.ApplicationFilterChain.doFilter(ApplicationFilterChain.java:144)
		at org.apache.tomcat.websocket.server.WsFilter.doFilter(WsFilter.java:51)
		at org.apache.catalina.core.ApplicationFilterChain.internalDoFilter(ApplicationFilterChain.java:168)
		at org.apache.catalina.core.ApplicationFilterChain.doFilter(ApplicationFilterChain.java:144)
		at org.apache.catalina.core.StandardWrapperValve.invoke(StandardWrapperValve.java:168)
		at org.apache.catalina.core.StandardContextValve.invoke(StandardContextValve.java:90)
		at org.apache.catalina.authenticator.AuthenticatorBase.invoke(AuthenticatorBase.java:482)
		at org.apache.catalina.core.StandardHostValve.invoke(StandardHostValve.java:130)
		at org.apache.catalina.valves.ErrorReportValve.invoke(ErrorReportValve.java:93)
		at org.apache.catalina.valves.AbstractAccessLogValve.invoke(AbstractAccessLogValve.java:656)
		at org.apache.catalina.core.StandardEngineValve.invoke(StandardEngineValve.java:74)
		at org.apache.catalina.connector.CoyoteAdapter.service(CoyoteAdapter.java:346)
		at org.apache.coyote.http11.Http11Processor.service(Http11Processor.java:397)
		at org.apache.coyote.AbstractProcessorLight.process(AbstractProcessorLight.java:63)
		at org.apache.coyote.AbstractProtocol$ConnectionHandler.process(AbstractProtocol.java:935)
		at org.apache.tomcat.util.net.NioEndpoint$SocketProcessor.doRun(NioEndpoint.java:1826)
		at org.apache.tomcat.util.net.SocketProcessorBase.run(SocketProcessorBase.java:52)
		at org.apache.tomcat.util.threads.ThreadPoolExecutor.runWorker(ThreadPoolExecutor.java:1189)
		at org.apache.tomcat.util.threads.ThreadPoolExecutor$Worker.run(ThreadPoolExecutor.java:658)
		at org.apache.tomcat.util.threads.TaskThread$WrappingRunnable.run(TaskThread.java:63)
		at java.lang.Thread.run(Thread.java:748)
22-Mar-2026 10:06:00.070 SEVERE [http-nio-8080-exec-128] org.apache.catalina.core.ApplicationDispatcher.invoke Servlet.service() for servlet [LoginController] threw exception
	java.lang.IllegalStateException: Cannot forward after response has been committed
		at org.apache.catalina.core.ApplicationDispatcher.doForward(ApplicationDispatcher.java:293)
		at org.apache.catalina.core.ApplicationDispatcher.forward(ApplicationDispatcher.java:285)
		at pe.controllers.LoginController.processRequest(LoginController.java:53)
		at pe.controllers.LoginController.doPost(LoginController.java:83)
		at javax.servlet.http.HttpServlet.service(HttpServlet.java:555)
		at javax.servlet.http.HttpServlet.service(HttpServlet.java:623)
		at org.apache.catalina.core.ApplicationFilterChain.internalDoFilter(ApplicationFilterChain.java:199)
		at org.apache.catalina.core.ApplicationFilterChain.doFilter(ApplicationFilterChain.java:144)
		at org.apache.tomcat.websocket.server.WsFilter.doFilter(WsFilter.java:51)
		at org.apache.catalina.core.ApplicationFilterChain.internalDoFilter(ApplicationFilterChain.java:168)
		at org.apache.catalina.core.ApplicationFilterChain.doFilter(ApplicationFilterChain.java:144)
		at org.apache.catalina.core.ApplicationDispatcher.invoke(ApplicationDispatcher.java:621)
		at org.apache.catalina.core.ApplicationDispatcher.processRequest(ApplicationDispatcher.java:401)
		at org.apache.catalina.core.ApplicationDispatcher.doForward(ApplicationDispatcher.java:340)
		at org.apache.catalina.core.ApplicationDispatcher.forward(ApplicationDispatcher.java:285)
		at pe.controllers.MainController.processRequest(MainController.java:57)
		at pe.controllers.MainController.doPost(MainController.java:87)
		at javax.servlet.http.HttpServlet.service(HttpServlet.java:555)
		at javax.servlet.http.HttpServlet.service(HttpServlet.java:623)
		at org.apache.catalina.core.ApplicationFilterChain.internalDoFilter(ApplicationFilterChain.java:199)
		at org.apache.catalina.core.ApplicationFilterChain.doFilter(ApplicationFilterChain.java:144)
		at org.apache.tomcat.websocket.server.WsFilter.doFilter(WsFilter.java:51)
		at org.apache.catalina.core.ApplicationFilterChain.internalDoFilter(ApplicationFilterChain.java:168)
		at org.apache.catalina.core.ApplicationFilterChain.doFilter(ApplicationFilterChain.java:144)
		at org.apache.catalina.core.StandardWrapperValve.invoke(StandardWrapperValve.java:168)
		at org.apache.catalina.core.StandardContextValve.invoke(StandardContextValve.java:90)
		at org.apache.catalina.authenticator.AuthenticatorBase.invoke(AuthenticatorBase.java:482)
		at org.apache.catalina.core.StandardHostValve.invoke(StandardHostValve.java:130)
		at org.apache.catalina.valves.ErrorReportValve.invoke(ErrorReportValve.java:93)
		at org.apache.catalina.valves.AbstractAccessLogValve.invoke(AbstractAccessLogValve.java:656)
		at org.apache.catalina.core.StandardEngineValve.invoke(StandardEngineValve.java:74)
		at org.apache.catalina.connector.CoyoteAdapter.service(CoyoteAdapter.java:346)
		at org.apache.coyote.http11.Http11Processor.service(Http11Processor.java:397)
		at org.apache.coyote.AbstractProcessorLight.process(AbstractProcessorLight.java:63)
		at org.apache.coyote.AbstractProtocol$ConnectionHandler.process(AbstractProtocol.java:935)
		at org.apache.tomcat.util.net.NioEndpoint$SocketProcessor.doRun(NioEndpoint.java:1826)
		at org.apache.tomcat.util.net.SocketProcessorBase.run(SocketProcessorBase.java:52)
		at org.apache.tomcat.util.threads.ThreadPoolExecutor.runWorker(ThreadPoolExecutor.java:1189)
		at org.apache.tomcat.util.threads.ThreadPoolExecutor$Worker.run(ThreadPoolExecutor.java:658)
		at org.apache.tomcat.util.threads.TaskThread$WrappingRunnable.run(TaskThread.java:63)
		at java.lang.Thread.run(Thread.java:748)
22-Mar-2026 10:06:00.070 SEVERE [http-nio-8080-exec-128] org.apache.catalina.core.StandardWrapperValve.invoke Servlet.service() for servlet [MainController] in context with path [/PE_Prj301] threw exception
	java.lang.IllegalStateException: Cannot forward after response has been committed
		at org.apache.catalina.core.ApplicationDispatcher.doForward(ApplicationDispatcher.java:293)
		at org.apache.catalina.core.ApplicationDispatcher.forward(ApplicationDispatcher.java:285)
		at pe.controllers.LoginController.processRequest(LoginController.java:53)
		at pe.controllers.LoginController.doPost(LoginController.java:83)
		at javax.servlet.http.HttpServlet.service(HttpServlet.java:555)
		at javax.servlet.http.HttpServlet.service(HttpServlet.java:623)
		at org.apache.catalina.core.ApplicationFilterChain.internalDoFilter(ApplicationFilterChain.java:199)
		at org.apache.catalina.core.ApplicationFilterChain.doFilter(ApplicationFilterChain.java:144)
		at org.apache.tomcat.websocket.server.WsFilter.doFilter(WsFilter.java:51)
		at org.apache.catalina.core.ApplicationFilterChain.internalDoFilter(ApplicationFilterChain.java:168)
		at org.apache.catalina.core.ApplicationFilterChain.doFilter(ApplicationFilterChain.java:144)
		at org.apache.catalina.core.ApplicationDispatcher.invoke(ApplicationDispatcher.java:621)
		at org.apache.catalina.core.ApplicationDispatcher.processRequest(ApplicationDispatcher.java:401)
		at org.apache.catalina.core.ApplicationDispatcher.doForward(ApplicationDispatcher.java:340)
		at org.apache.catalina.core.ApplicationDispatcher.forward(ApplicationDispatcher.java:285)
		at pe.controllers.MainController.processRequest(MainController.java:57)
		at pe.controllers.MainController.doPost(MainController.java:87)
		at javax.servlet.http.HttpServlet.service(HttpServlet.java:555)
		at javax.servlet.http.HttpServlet.service(HttpServlet.java:623)
		at org.apache.catalina.core.ApplicationFilterChain.internalDoFilter(ApplicationFilterChain.java:199)
		at org.apache.catalina.core.ApplicationFilterChain.doFilter(ApplicationFilterChain.java:144)
		at org.apache.tomcat.websocket.server.WsFilter.doFilter(WsFilter.java:51)
		at org.apache.catalina.core.ApplicationFilterChain.internalDoFilter(ApplicationFilterChain.java:168)
		at org.apache.catalina.core.ApplicationFilterChain.doFilter(ApplicationFilterChain.java:144)
		at org.apache.catalina.core.StandardWrapperValve.invoke(StandardWrapperValve.java:168)
		at org.apache.catalina.core.StandardContextValve.invoke(StandardContextValve.java:90)
		at org.apache.catalina.authenticator.AuthenticatorBase.invoke(AuthenticatorBase.java:482)
		at org.apache.catalina.core.StandardHostValve.invoke(StandardHostValve.java:130)
		at org.apache.catalina.valves.ErrorReportValve.invoke(ErrorReportValve.java:93)
		at org.apache.catalina.valves.AbstractAccessLogValve.invoke(AbstractAccessLogValve.java:656)
		at org.apache.catalina.core.StandardEngineValve.invoke(StandardEngineValve.java:74)
		at org.apache.catalina.connector.CoyoteAdapter.service(CoyoteAdapter.java:346)
		at org.apache.coyote.http11.Http11Processor.service(Http11Processor.java:397)
		at org.apache.coyote.AbstractProcessorLight.process(AbstractProcessorLight.java:63)
		at org.apache.coyote.AbstractProtocol$ConnectionHandler.process(AbstractProtocol.java:935)
		at org.apache.tomcat.util.net.NioEndpoint$SocketProcessor.doRun(NioEndpoint.java:1826)
		at org.apache.tomcat.util.net.SocketProcessorBase.run(SocketProcessorBase.java:52)
		at org.apache.tomcat.util.threads.ThreadPoolExecutor.runWorker(ThreadPoolExecutor.java:1189)
		at org.apache.tomcat.util.threads.ThreadPoolExecutor$Worker.run(ThreadPoolExecutor.java:658)
		at org.apache.tomcat.util.threads.TaskThread$WrappingRunnable.run(TaskThread.java:63)
		at java.lang.Thread.run(Thread.java:748)
22-Mar-2026 10:16:07.434 SEVERE [http-nio-8080-exec-129] org.apache.catalina.core.ApplicationDispatcher.invoke Servlet.service() for servlet [LoginController] threw exception
	java.lang.IllegalStateException: Cannot forward after response has been committed
		at org.apache.catalina.core.ApplicationDispatcher.doForward(ApplicationDispatcher.java:293)
		at org.apache.catalina.core.ApplicationDispatcher.forward(ApplicationDispatcher.java:285)
		at pe.controllers.LoginController.processRequest(LoginController.java:53)
		at pe.controllers.LoginController.doPost(LoginController.java:83)
		at javax.servlet.http.HttpServlet.service(HttpServlet.java:555)
		at javax.servlet.http.HttpServlet.service(HttpServlet.java:623)
		at org.apache.catalina.core.ApplicationFilterChain.internalDoFilter(ApplicationFilterChain.java:199)
		at org.apache.catalina.core.ApplicationFilterChain.doFilter(ApplicationFilterChain.java:144)
		at org.apache.tomcat.websocket.server.WsFilter.doFilter(WsFilter.java:51)
		at org.apache.catalina.core.ApplicationFilterChain.internalDoFilter(ApplicationFilterChain.java:168)
		at org.apache.catalina.core.ApplicationFilterChain.doFilter(ApplicationFilterChain.java:144)
		at org.apache.catalina.core.ApplicationDispatcher.invoke(ApplicationDispatcher.java:621)
		at org.apache.catalina.core.ApplicationDispatcher.processRequest(ApplicationDispatcher.java:401)
		at org.apache.catalina.core.ApplicationDispatcher.doForward(ApplicationDispatcher.java:340)
		at org.apache.catalina.core.ApplicationDispatcher.forward(ApplicationDispatcher.java:285)
		at pe.controllers.MainController.processRequest(MainController.java:57)
		at pe.controllers.MainController.doPost(MainController.java:87)
		at javax.servlet.http.HttpServlet.service(HttpServlet.java:555)
		at javax.servlet.http.HttpServlet.service(HttpServlet.java:623)
		at org.apache.catalina.core.ApplicationFilterChain.internalDoFilter(ApplicationFilterChain.java:199)
		at org.apache.catalina.core.ApplicationFilterChain.doFilter(ApplicationFilterChain.java:144)
		at org.apache.tomcat.websocket.server.WsFilter.doFilter(WsFilter.java:51)
		at org.apache.catalina.core.ApplicationFilterChain.internalDoFilter(ApplicationFilterChain.java:168)
		at org.apache.catalina.core.ApplicationFilterChain.doFilter(ApplicationFilterChain.java:144)
		at org.apache.catalina.core.StandardWrapperValve.invoke(StandardWrapperValve.java:168)
		at org.apache.catalina.core.StandardContextValve.invoke(StandardContextValve.java:90)
		at org.apache.catalina.authenticator.AuthenticatorBase.invoke(AuthenticatorBase.java:482)
		at org.apache.catalina.core.StandardHostValve.invoke(StandardHostValve.java:130)
		at org.apache.catalina.valves.ErrorReportValve.invoke(ErrorReportValve.java:93)
		at org.apache.catalina.valves.AbstractAccessLogValve.invoke(AbstractAccessLogValve.java:656)
		at org.apache.catalina.core.StandardEngineValve.invoke(StandardEngineValve.java:74)
		at org.apache.catalina.connector.CoyoteAdapter.service(CoyoteAdapter.java:346)
		at org.apache.coyote.http11.Http11Processor.service(Http11Processor.java:397)
		at org.apache.coyote.AbstractProcessorLight.process(AbstractProcessorLight.java:63)
		at org.apache.coyote.AbstractProtocol$ConnectionHandler.process(AbstractProtocol.java:935)
		at org.apache.tomcat.util.net.NioEndpoint$SocketProcessor.doRun(NioEndpoint.java:1826)
		at org.apache.tomcat.util.net.SocketProcessorBase.run(SocketProcessorBase.java:52)
		at org.apache.tomcat.util.threads.ThreadPoolExecutor.runWorker(ThreadPoolExecutor.java:1189)
		at org.apache.tomcat.util.threads.ThreadPoolExecutor$Worker.run(ThreadPoolExecutor.java:658)
		at org.apache.tomcat.util.threads.TaskThread$WrappingRunnable.run(TaskThread.java:63)
		at java.lang.Thread.run(Thread.java:748)
22-Mar-2026 10:16:07.434 SEVERE [http-nio-8080-exec-129] org.apache.catalina.core.StandardWrapperValve.invoke Servlet.service() for servlet [MainController] in context with path [/PE_Prj301] threw exception
	java.lang.IllegalStateException: Cannot forward after response has been committed
		at org.apache.catalina.core.ApplicationDispatcher.doForward(ApplicationDispatcher.java:293)
		at org.apache.catalina.core.ApplicationDispatcher.forward(ApplicationDispatcher.java:285)
		at pe.controllers.LoginController.processRequest(LoginController.java:53)
		at pe.controllers.LoginController.doPost(LoginController.java:83)
		at javax.servlet.http.HttpServlet.service(HttpServlet.java:555)
		at javax.servlet.http.HttpServlet.service(HttpServlet.java:623)
		at org.apache.catalina.core.ApplicationFilterChain.internalDoFilter(ApplicationFilterChain.java:199)
		at org.apache.catalina.core.ApplicationFilterChain.doFilter(ApplicationFilterChain.java:144)
		at org.apache.tomcat.websocket.server.WsFilter.doFilter(WsFilter.java:51)
		at org.apache.catalina.core.ApplicationFilterChain.internalDoFilter(ApplicationFilterChain.java:168)
		at org.apache.catalina.core.ApplicationFilterChain.doFilter(ApplicationFilterChain.java:144)
		at org.apache.catalina.core.ApplicationDispatcher.invoke(ApplicationDispatcher.java:621)
		at org.apache.catalina.core.ApplicationDispatcher.processRequest(ApplicationDispatcher.java:401)
		at org.apache.catalina.core.ApplicationDispatcher.doForward(ApplicationDispatcher.java:340)
		at org.apache.catalina.core.ApplicationDispatcher.forward(ApplicationDispatcher.java:285)
		at pe.controllers.MainController.processRequest(MainController.java:57)
		at pe.controllers.MainController.doPost(MainController.java:87)
		at javax.servlet.http.HttpServlet.service(HttpServlet.java:555)
		at javax.servlet.http.HttpServlet.service(HttpServlet.java:623)
		at org.apache.catalina.core.ApplicationFilterChain.internalDoFilter(ApplicationFilterChain.java:199)
		at org.apache.catalina.core.ApplicationFilterChain.doFilter(ApplicationFilterChain.java:144)
		at org.apache.tomcat.websocket.server.WsFilter.doFilter(WsFilter.java:51)
		at org.apache.catalina.core.ApplicationFilterChain.internalDoFilter(ApplicationFilterChain.java:168)
		at org.apache.catalina.core.ApplicationFilterChain.doFilter(ApplicationFilterChain.java:144)
		at org.apache.catalina.core.StandardWrapperValve.invoke(StandardWrapperValve.java:168)
		at org.apache.catalina.core.StandardContextValve.invoke(StandardContextValve.java:90)
		at org.apache.catalina.authenticator.AuthenticatorBase.invoke(AuthenticatorBase.java:482)
		at org.apache.catalina.core.StandardHostValve.invoke(StandardHostValve.java:130)
		at org.apache.catalina.valves.ErrorReportValve.invoke(ErrorReportValve.java:93)
		at org.apache.catalina.valves.AbstractAccessLogValve.invoke(AbstractAccessLogValve.java:656)
		at org.apache.catalina.core.StandardEngineValve.invoke(StandardEngineValve.java:74)
		at org.apache.catalina.connector.CoyoteAdapter.service(CoyoteAdapter.java:346)
		at org.apache.coyote.http11.Http11Processor.service(Http11Processor.java:397)
		at org.apache.coyote.AbstractProcessorLight.process(AbstractProcessorLight.java:63)
		at org.apache.coyote.AbstractProtocol$ConnectionHandler.process(AbstractProtocol.java:935)
		at org.apache.tomcat.util.net.NioEndpoint$SocketProcessor.doRun(NioEndpoint.java:1826)
		at org.apache.tomcat.util.net.SocketProcessorBase.run(SocketProcessorBase.java:52)
		at org.apache.tomcat.util.threads.ThreadPoolExecutor.runWorker(ThreadPoolExecutor.java:1189)
		at org.apache.tomcat.util.threads.ThreadPoolExecutor$Worker.run(ThreadPoolExecutor.java:658)
		at org.apache.tomcat.util.threads.TaskThread$WrappingRunnable.run(TaskThread.java:63)
		at java.lang.Thread.run(Thread.java:748)
22-Mar-2026 10:16:31.454 SEVERE [http-nio-8080-exec-142] org.apache.catalina.core.ApplicationDispatcher.invoke Servlet.service() for servlet [jsp] threw exception
	javax.el.PropertyNotFoundException: Property [id] not found on type [pe.model.OrdersDto]
		at javax.el.BeanELResolver$BeanProperties.get(BeanELResolver.java:253)
		at javax.el.BeanELResolver$BeanProperties.access$300(BeanELResolver.java:206)
		at javax.el.BeanELResolver.property(BeanELResolver.java:322)
		at javax.el.BeanELResolver.getValue(BeanELResolver.java:93)
		at org.apache.jasper.el.JasperELResolver.getValue(JasperELResolver.java:123)
		at org.apache.el.parser.AstValue.getValue(AstValue.java:163)
		at org.apache.el.ValueExpressionImpl.getValue(ValueExpressionImpl.java:151)
		at org.apache.jasper.runtime.PageContextImpl.proprietaryEvaluate(PageContextImpl.java:663)
		at org.apache.jsp.search_jsp._jspx_meth_c_005fforEach_005f0(search_jsp.java:366)
		at org.apache.jsp.search_jsp._jspx_meth_c_005fif_005f2(search_jsp.java:305)
		at org.apache.jsp.search_jsp._jspService(search_jsp.java:172)
		at org.apache.jasper.runtime.HttpJspBase.service(HttpJspBase.java:64)
		at javax.servlet.http.HttpServlet.service(HttpServlet.java:623)
		at org.apache.jasper.servlet.JspServletWrapper.service(JspServletWrapper.java:446)
		at org.apache.jasper.servlet.JspServlet.serviceJspFile(JspServlet.java:356)
		at org.apache.jasper.servlet.JspServlet.service(JspServlet.java:307)
		at javax.servlet.http.HttpServlet.service(HttpServlet.java:623)
		at org.apache.catalina.core.ApplicationFilterChain.internalDoFilter(ApplicationFilterChain.java:199)
		at org.apache.catalina.core.ApplicationFilterChain.doFilter(ApplicationFilterChain.java:144)
		at org.apache.tomcat.websocket.server.WsFilter.doFilter(WsFilter.java:51)
		at org.apache.catalina.core.ApplicationFilterChain.internalDoFilter(ApplicationFilterChain.java:168)
		at org.apache.catalina.core.ApplicationFilterChain.doFilter(ApplicationFilterChain.java:144)
		at org.apache.catalina.core.ApplicationDispatcher.invoke(ApplicationDispatcher.java:621)
		at org.apache.catalina.core.ApplicationDispatcher.processRequest(ApplicationDispatcher.java:401)
		at org.apache.catalina.core.ApplicationDispatcher.doForward(ApplicationDispatcher.java:340)
		at org.apache.catalina.core.ApplicationDispatcher.forward(ApplicationDispatcher.java:285)
		at pe.controllers.SearchController.processRequest(SearchController.java:55)
		at pe.controllers.SearchController.doPost(SearchController.java:84)
		at javax.servlet.http.HttpServlet.service(HttpServlet.java:555)
		at javax.servlet.http.HttpServlet.service(HttpServlet.java:623)
		at org.apache.catalina.core.ApplicationFilterChain.internalDoFilter(ApplicationFilterChain.java:199)
		at org.apache.catalina.core.ApplicationFilterChain.doFilter(ApplicationFilterChain.java:144)
		at org.apache.tomcat.websocket.server.WsFilter.doFilter(WsFilter.java:51)
		at org.apache.catalina.core.ApplicationFilterChain.internalDoFilter(ApplicationFilterChain.java:168)
		at org.apache.catalina.core.ApplicationFilterChain.doFilter(ApplicationFilterChain.java:144)
		at org.apache.catalina.core.ApplicationDispatcher.invoke(ApplicationDispatcher.java:621)
		at org.apache.catalina.core.ApplicationDispatcher.processRequest(ApplicationDispatcher.java:401)
		at org.apache.catalina.core.ApplicationDispatcher.doForward(ApplicationDispatcher.java:340)
		at org.apache.catalina.core.ApplicationDispatcher.forward(ApplicationDispatcher.java:285)
		at pe.controllers.MainController.processRequest(MainController.java:57)
		at pe.controllers.MainController.doPost(MainController.java:87)
		at javax.servlet.http.HttpServlet.service(HttpServlet.java:555)
		at javax.servlet.http.HttpServlet.service(HttpServlet.java:623)
		at org.apache.catalina.core.ApplicationFilterChain.internalDoFilter(ApplicationFilterChain.java:199)
		at org.apache.catalina.core.ApplicationFilterChain.doFilter(ApplicationFilterChain.java:144)
		at org.apache.tomcat.websocket.server.WsFilter.doFilter(WsFilter.java:51)
		at org.apache.catalina.core.ApplicationFilterChain.internalDoFilter(ApplicationFilterChain.java:168)
		at org.apache.catalina.core.ApplicationFilterChain.doFilter(ApplicationFilterChain.java:144)
		at org.apache.catalina.core.StandardWrapperValve.invoke(StandardWrapperValve.java:168)
		at org.apache.catalina.core.StandardContextValve.invoke(StandardContextValve.java:90)
		at org.apache.catalina.authenticator.AuthenticatorBase.invoke(AuthenticatorBase.java:482)
		at org.apache.catalina.core.StandardHostValve.invoke(StandardHostValve.java:130)
		at org.apache.catalina.valves.ErrorReportValve.invoke(ErrorReportValve.java:93)
		at org.apache.catalina.valves.AbstractAccessLogValve.invoke(AbstractAccessLogValve.java:656)
		at org.apache.catalina.core.StandardEngineValve.invoke(StandardEngineValve.java:74)
		at org.apache.catalina.connector.CoyoteAdapter.service(CoyoteAdapter.java:346)
		at org.apache.coyote.http11.Http11Processor.service(Http11Processor.java:397)
		at org.apache.coyote.AbstractProcessorLight.process(AbstractProcessorLight.java:63)
		at org.apache.coyote.AbstractProtocol$ConnectionHandler.process(AbstractProtocol.java:935)
		at org.apache.tomcat.util.net.NioEndpoint$SocketProcessor.doRun(NioEndpoint.java:1826)
		at org.apache.tomcat.util.net.SocketProcessorBase.run(SocketProcessorBase.java:52)
		at org.apache.tomcat.util.threads.ThreadPoolExecutor.runWorker(ThreadPoolExecutor.java:1189)
		at org.apache.tomcat.util.threads.ThreadPoolExecutor$Worker.run(ThreadPoolExecutor.java:658)
		at org.apache.tomcat.util.threads.TaskThread$WrappingRunnable.run(TaskThread.java:63)
		at java.lang.Thread.run(Thread.java:748)
22-Mar-2026 10:16:31.455 SEVERE [http-nio-8080-exec-142] org.apache.catalina.core.ApplicationDispatcher.invoke Servlet.service() for servlet [SearchController] threw exception
	javax.el.PropertyNotFoundException: Property [id] not found on type [pe.model.OrdersDto]
		at javax.el.BeanELResolver$BeanProperties.get(BeanELResolver.java:253)
		at javax.el.BeanELResolver$BeanProperties.access$300(BeanELResolver.java:206)
		at javax.el.BeanELResolver.property(BeanELResolver.java:322)
		at javax.el.BeanELResolver.getValue(BeanELResolver.java:93)
		at org.apache.jasper.el.JasperELResolver.getValue(JasperELResolver.java:123)
		at org.apache.el.parser.AstValue.getValue(AstValue.java:163)
		at org.apache.el.ValueExpressionImpl.getValue(ValueExpressionImpl.java:151)
		at org.apache.jasper.runtime.PageContextImpl.proprietaryEvaluate(PageContextImpl.java:663)
		at org.apache.jsp.search_jsp._jspx_meth_c_005fforEach_005f0(search_jsp.java:366)
		at org.apache.jsp.search_jsp._jspx_meth_c_005fif_005f2(search_jsp.java:305)
		at org.apache.jsp.search_jsp._jspService(search_jsp.java:172)
		at org.apache.jasper.runtime.HttpJspBase.service(HttpJspBase.java:64)
		at javax.servlet.http.HttpServlet.service(HttpServlet.java:623)
		at org.apache.jasper.servlet.JspServletWrapper.service(JspServletWrapper.java:446)
		at org.apache.jasper.servlet.JspServlet.serviceJspFile(JspServlet.java:356)
		at org.apache.jasper.servlet.JspServlet.service(JspServlet.java:307)
		at javax.servlet.http.HttpServlet.service(HttpServlet.java:623)
		at org.apache.catalina.core.ApplicationFilterChain.internalDoFilter(ApplicationFilterChain.java:199)
		at org.apache.catalina.core.ApplicationFilterChain.doFilter(ApplicationFilterChain.java:144)
		at org.apache.tomcat.websocket.server.WsFilter.doFilter(WsFilter.java:51)
		at org.apache.catalina.core.ApplicationFilterChain.internalDoFilter(ApplicationFilterChain.java:168)
		at org.apache.catalina.core.ApplicationFilterChain.doFilter(ApplicationFilterChain.java:144)
		at org.apache.catalina.core.ApplicationDispatcher.invoke(ApplicationDispatcher.java:621)
		at org.apache.catalina.core.ApplicationDispatcher.processRequest(ApplicationDispatcher.java:401)
		at org.apache.catalina.core.ApplicationDispatcher.doForward(ApplicationDispatcher.java:340)
		at org.apache.catalina.core.ApplicationDispatcher.forward(ApplicationDispatcher.java:285)
		at pe.controllers.SearchController.processRequest(SearchController.java:55)
		at pe.controllers.SearchController.doPost(SearchController.java:84)
		at javax.servlet.http.HttpServlet.service(HttpServlet.java:555)
		at javax.servlet.http.HttpServlet.service(HttpServlet.java:623)
		at org.apache.catalina.core.ApplicationFilterChain.internalDoFilter(ApplicationFilterChain.java:199)
		at org.apache.catalina.core.ApplicationFilterChain.doFilter(ApplicationFilterChain.java:144)
		at org.apache.tomcat.websocket.server.WsFilter.doFilter(WsFilter.java:51)
		at org.apache.catalina.core.ApplicationFilterChain.internalDoFilter(ApplicationFilterChain.java:168)
		at org.apache.catalina.core.ApplicationFilterChain.doFilter(ApplicationFilterChain.java:144)
		at org.apache.catalina.core.ApplicationDispatcher.invoke(ApplicationDispatcher.java:621)
		at org.apache.catalina.core.ApplicationDispatcher.processRequest(ApplicationDispatcher.java:401)
		at org.apache.catalina.core.ApplicationDispatcher.doForward(ApplicationDispatcher.java:340)
		at org.apache.catalina.core.ApplicationDispatcher.forward(ApplicationDispatcher.java:285)
		at pe.controllers.MainController.processRequest(MainController.java:57)
		at pe.controllers.MainController.doPost(MainController.java:87)
		at javax.servlet.http.HttpServlet.service(HttpServlet.java:555)
		at javax.servlet.http.HttpServlet.service(HttpServlet.java:623)
		at org.apache.catalina.core.ApplicationFilterChain.internalDoFilter(ApplicationFilterChain.java:199)
		at org.apache.catalina.core.ApplicationFilterChain.doFilter(ApplicationFilterChain.java:144)
		at org.apache.tomcat.websocket.server.WsFilter.doFilter(WsFilter.java:51)
		at org.apache.catalina.core.ApplicationFilterChain.internalDoFilter(ApplicationFilterChain.java:168)
		at org.apache.catalina.core.ApplicationFilterChain.doFilter(ApplicationFilterChain.java:144)
		at org.apache.catalina.core.StandardWrapperValve.invoke(StandardWrapperValve.java:168)
		at org.apache.catalina.core.StandardContextValve.invoke(StandardContextValve.java:90)
		at org.apache.catalina.authenticator.AuthenticatorBase.invoke(AuthenticatorBase.java:482)
		at org.apache.catalina.core.StandardHostValve.invoke(StandardHostValve.java:130)
		at org.apache.catalina.valves.ErrorReportValve.invoke(ErrorReportValve.java:93)
		at org.apache.catalina.valves.AbstractAccessLogValve.invoke(AbstractAccessLogValve.java:656)
		at org.apache.catalina.core.StandardEngineValve.invoke(StandardEngineValve.java:74)
		at org.apache.catalina.connector.CoyoteAdapter.service(CoyoteAdapter.java:346)
		at org.apache.coyote.http11.Http11Processor.service(Http11Processor.java:397)
		at org.apache.coyote.AbstractProcessorLight.process(AbstractProcessorLight.java:63)
		at org.apache.coyote.AbstractProtocol$ConnectionHandler.process(AbstractProtocol.java:935)
		at org.apache.tomcat.util.net.NioEndpoint$SocketProcessor.doRun(NioEndpoint.java:1826)
		at org.apache.tomcat.util.net.SocketProcessorBase.run(SocketProcessorBase.java:52)
		at org.apache.tomcat.util.threads.ThreadPoolExecutor.runWorker(ThreadPoolExecutor.java:1189)
		at org.apache.tomcat.util.threads.ThreadPoolExecutor$Worker.run(ThreadPoolExecutor.java:658)
		at org.apache.tomcat.util.threads.TaskThread$WrappingRunnable.run(TaskThread.java:63)
		at java.lang.Thread.run(Thread.java:748)
22-Mar-2026 10:16:31.455 SEVERE [http-nio-8080-exec-142] org.apache.catalina.core.StandardWrapperValve.invoke Servlet.service() for servlet [MainController] in context with path [/PE_Prj301] threw exception [An exception occurred processing [/search.jsp] at line [62]

59:                             <td>${x.totalAmount}</td>
60:                             <td>${x.status}</td>
61:                             <td>
62:                                 <a href="MainController?action=LoadUpdate&id=${x.id}&keyword=${param.keyword}">Update</a>
63:                             </td>
64:                         </tr>
65: 


Stacktrace:] with root cause
	javax.el.PropertyNotFoundException: Property [id] not found on type [pe.model.OrdersDto]
		at javax.el.BeanELResolver$BeanProperties.get(BeanELResolver.java:253)
		at javax.el.BeanELResolver$BeanProperties.access$300(BeanELResolver.java:206)
		at javax.el.BeanELResolver.property(BeanELResolver.java:322)
		at javax.el.BeanELResolver.getValue(BeanELResolver.java:93)
		at org.apache.jasper.el.JasperELResolver.getValue(JasperELResolver.java:123)
		at org.apache.el.parser.AstValue.getValue(AstValue.java:163)
		at org.apache.el.ValueExpressionImpl.getValue(ValueExpressionImpl.java:151)
		at org.apache.jasper.runtime.PageContextImpl.proprietaryEvaluate(PageContextImpl.java:663)
		at org.apache.jsp.search_jsp._jspx_meth_c_005fforEach_005f0(search_jsp.java:366)
		at org.apache.jsp.search_jsp._jspx_meth_c_005fif_005f2(search_jsp.java:305)
		at org.apache.jsp.search_jsp._jspService(search_jsp.java:172)
		at org.apache.jasper.runtime.HttpJspBase.service(HttpJspBase.java:64)
		at javax.servlet.http.HttpServlet.service(HttpServlet.java:623)
		at org.apache.jasper.servlet.JspServletWrapper.service(JspServletWrapper.java:446)
		at org.apache.jasper.servlet.JspServlet.serviceJspFile(JspServlet.java:356)
		at org.apache.jasper.servlet.JspServlet.service(JspServlet.java:307)
		at javax.servlet.http.HttpServlet.service(HttpServlet.java:623)
		at org.apache.catalina.core.ApplicationFilterChain.internalDoFilter(ApplicationFilterChain.java:199)
		at org.apache.catalina.core.ApplicationFilterChain.doFilter(ApplicationFilterChain.java:144)
		at org.apache.tomcat.websocket.server.WsFilter.doFilter(WsFilter.java:51)
		at org.apache.catalina.core.ApplicationFilterChain.internalDoFilter(ApplicationFilterChain.java:168)
		at org.apache.catalina.core.ApplicationFilterChain.doFilter(ApplicationFilterChain.java:144)
		at org.apache.catalina.core.ApplicationDispatcher.invoke(ApplicationDispatcher.java:621)
		at org.apache.catalina.core.ApplicationDispatcher.processRequest(ApplicationDispatcher.java:401)
		at org.apache.catalina.core.ApplicationDispatcher.doForward(ApplicationDispatcher.java:340)
		at org.apache.catalina.core.ApplicationDispatcher.forward(ApplicationDispatcher.java:285)
		at pe.controllers.SearchController.processRequest(SearchController.java:55)
		at pe.controllers.SearchController.doPost(SearchController.java:84)
		at javax.servlet.http.HttpServlet.service(HttpServlet.java:555)
		at javax.servlet.http.HttpServlet.service(HttpServlet.java:623)
		at org.apache.catalina.core.ApplicationFilterChain.internalDoFilter(ApplicationFilterChain.java:199)
		at org.apache.catalina.core.ApplicationFilterChain.doFilter(ApplicationFilterChain.java:144)
		at org.apache.tomcat.websocket.server.WsFilter.doFilter(WsFilter.java:51)
		at org.apache.catalina.core.ApplicationFilterChain.internalDoFilter(ApplicationFilterChain.java:168)
		at org.apache.catalina.core.ApplicationFilterChain.doFilter(ApplicationFilterChain.java:144)
		at org.apache.catalina.core.ApplicationDispatcher.invoke(ApplicationDispatcher.java:621)
		at org.apache.catalina.core.ApplicationDispatcher.processRequest(ApplicationDispatcher.java:401)
		at org.apache.catalina.core.ApplicationDispatcher.doForward(ApplicationDispatcher.java:340)
		at org.apache.catalina.core.ApplicationDispatcher.forward(ApplicationDispatcher.java:285)
		at pe.controllers.MainController.processRequest(MainController.java:57)
		at pe.controllers.MainController.doPost(MainController.java:87)
		at javax.servlet.http.HttpServlet.service(HttpServlet.java:555)
		at javax.servlet.http.HttpServlet.service(HttpServlet.java:623)
		at org.apache.catalina.core.ApplicationFilterChain.internalDoFilter(ApplicationFilterChain.java:199)
		at org.apache.catalina.core.ApplicationFilterChain.doFilter(ApplicationFilterChain.java:144)
		at org.apache.tomcat.websocket.server.WsFilter.doFilter(WsFilter.java:51)
		at org.apache.catalina.core.ApplicationFilterChain.internalDoFilter(ApplicationFilterChain.java:168)
		at org.apache.catalina.core.ApplicationFilterChain.doFilter(ApplicationFilterChain.java:144)
		at org.apache.catalina.core.StandardWrapperValve.invoke(StandardWrapperValve.java:168)
		at org.apache.catalina.core.StandardContextValve.invoke(StandardContextValve.java:90)
		at org.apache.catalina.authenticator.AuthenticatorBase.invoke(AuthenticatorBase.java:482)
		at org.apache.catalina.core.StandardHostValve.invoke(StandardHostValve.java:130)
		at org.apache.catalina.valves.ErrorReportValve.invoke(ErrorReportValve.java:93)
		at org.apache.catalina.valves.AbstractAccessLogValve.invoke(AbstractAccessLogValve.java:656)
		at org.apache.catalina.core.StandardEngineValve.invoke(StandardEngineValve.java:74)
		at org.apache.catalina.connector.CoyoteAdapter.service(CoyoteAdapter.java:346)
		at org.apache.coyote.http11.Http11Processor.service(Http11Processor.java:397)
		at org.apache.coyote.AbstractProcessorLight.process(AbstractProcessorLight.java:63)
		at org.apache.coyote.AbstractProtocol$ConnectionHandler.process(AbstractProtocol.java:935)
		at org.apache.tomcat.util.net.NioEndpoint$SocketProcessor.doRun(NioEndpoint.java:1826)
		at org.apache.tomcat.util.net.SocketProcessorBase.run(SocketProcessorBase.java:52)
		at org.apache.tomcat.util.threads.ThreadPoolExecutor.runWorker(ThreadPoolExecutor.java:1189)
		at org.apache.tomcat.util.threads.ThreadPoolExecutor$Worker.run(ThreadPoolExecutor.java:658)
		at org.apache.tomcat.util.threads.TaskThread$WrappingRunnable.run(TaskThread.java:63)
		at java.lang.Thread.run(Thread.java:748)
22-Mar-2026 10:17:57.426 SEVERE [http-nio-8080-exec-156] org.apache.catalina.core.ApplicationDispatcher.invoke Servlet.service() for servlet [LoginController] threw exception
	java.lang.IllegalStateException: Cannot forward after response has been committed
		at org.apache.catalina.core.ApplicationDispatcher.doForward(ApplicationDispatcher.java:293)
		at org.apache.catalina.core.ApplicationDispatcher.forward(ApplicationDispatcher.java:285)
		at pe.controllers.LoginController.processRequest(LoginController.java:53)
		at pe.controllers.LoginController.doPost(LoginController.java:83)
		at javax.servlet.http.HttpServlet.service(HttpServlet.java:555)
		at javax.servlet.http.HttpServlet.service(HttpServlet.java:623)
		at org.apache.catalina.core.ApplicationFilterChain.internalDoFilter(ApplicationFilterChain.java:199)
		at org.apache.catalina.core.ApplicationFilterChain.doFilter(ApplicationFilterChain.java:144)
		at org.apache.tomcat.websocket.server.WsFilter.doFilter(WsFilter.java:51)
		at org.apache.catalina.core.ApplicationFilterChain.internalDoFilter(ApplicationFilterChain.java:168)
		at org.apache.catalina.core.ApplicationFilterChain.doFilter(ApplicationFilterChain.java:144)
		at org.apache.catalina.core.ApplicationDispatcher.invoke(ApplicationDispatcher.java:621)
		at org.apache.catalina.core.ApplicationDispatcher.processRequest(ApplicationDispatcher.java:401)
		at org.apache.catalina.core.ApplicationDispatcher.doForward(ApplicationDispatcher.java:340)
		at org.apache.catalina.core.ApplicationDispatcher.forward(ApplicationDispatcher.java:285)
		at pe.controllers.MainController.processRequest(MainController.java:57)
		at pe.controllers.MainController.doPost(MainController.java:87)
		at javax.servlet.http.HttpServlet.service(HttpServlet.java:555)
		at javax.servlet.http.HttpServlet.service(HttpServlet.java:623)
		at org.apache.catalina.core.ApplicationFilterChain.internalDoFilter(ApplicationFilterChain.java:199)
		at org.apache.catalina.core.ApplicationFilterChain.doFilter(ApplicationFilterChain.java:144)
		at org.apache.tomcat.websocket.server.WsFilter.doFilter(WsFilter.java:51)
		at org.apache.catalina.core.ApplicationFilterChain.internalDoFilter(ApplicationFilterChain.java:168)
		at org.apache.catalina.core.ApplicationFilterChain.doFilter(ApplicationFilterChain.java:144)
		at org.apache.catalina.core.StandardWrapperValve.invoke(StandardWrapperValve.java:168)
		at org.apache.catalina.core.StandardContextValve.invoke(StandardContextValve.java:90)
		at org.apache.catalina.authenticator.AuthenticatorBase.invoke(AuthenticatorBase.java:482)
		at org.apache.catalina.core.StandardHostValve.invoke(StandardHostValve.java:130)
		at org.apache.catalina.valves.ErrorReportValve.invoke(ErrorReportValve.java:93)
		at org.apache.catalina.valves.AbstractAccessLogValve.invoke(AbstractAccessLogValve.java:656)
		at org.apache.catalina.core.StandardEngineValve.invoke(StandardEngineValve.java:74)
		at org.apache.catalina.connector.CoyoteAdapter.service(CoyoteAdapter.java:346)
		at org.apache.coyote.http11.Http11Processor.service(Http11Processor.java:397)
		at org.apache.coyote.AbstractProcessorLight.process(AbstractProcessorLight.java:63)
		at org.apache.coyote.AbstractProtocol$ConnectionHandler.process(AbstractProtocol.java:935)
		at org.apache.tomcat.util.net.NioEndpoint$SocketProcessor.doRun(NioEndpoint.java:1826)
		at org.apache.tomcat.util.net.SocketProcessorBase.run(SocketProcessorBase.java:52)
		at org.apache.tomcat.util.threads.ThreadPoolExecutor.runWorker(ThreadPoolExecutor.java:1189)
		at org.apache.tomcat.util.threads.ThreadPoolExecutor$Worker.run(ThreadPoolExecutor.java:658)
		at org.apache.tomcat.util.threads.TaskThread$WrappingRunnable.run(TaskThread.java:63)
		at java.lang.Thread.run(Thread.java:748)
22-Mar-2026 10:17:57.426 SEVERE [http-nio-8080-exec-156] org.apache.catalina.core.StandardWrapperValve.invoke Servlet.service() for servlet [MainController] in context with path [/PE_Prj301] threw exception
	java.lang.IllegalStateException: Cannot forward after response has been committed
		at org.apache.catalina.core.ApplicationDispatcher.doForward(ApplicationDispatcher.java:293)
		at org.apache.catalina.core.ApplicationDispatcher.forward(ApplicationDispatcher.java:285)
		at pe.controllers.LoginController.processRequest(LoginController.java:53)
		at pe.controllers.LoginController.doPost(LoginController.java:83)
		at javax.servlet.http.HttpServlet.service(HttpServlet.java:555)
		at javax.servlet.http.HttpServlet.service(HttpServlet.java:623)
		at org.apache.catalina.core.ApplicationFilterChain.internalDoFilter(ApplicationFilterChain.java:199)
		at org.apache.catalina.core.ApplicationFilterChain.doFilter(ApplicationFilterChain.java:144)
		at org.apache.tomcat.websocket.server.WsFilter.doFilter(WsFilter.java:51)
		at org.apache.catalina.core.ApplicationFilterChain.internalDoFilter(ApplicationFilterChain.java:168)
		at org.apache.catalina.core.ApplicationFilterChain.doFilter(ApplicationFilterChain.java:144)
		at org.apache.catalina.core.ApplicationDispatcher.invoke(ApplicationDispatcher.java:621)
		at org.apache.catalina.core.ApplicationDispatcher.processRequest(ApplicationDispatcher.java:401)
		at org.apache.catalina.core.ApplicationDispatcher.doForward(ApplicationDispatcher.java:340)
		at org.apache.catalina.core.ApplicationDispatcher.forward(ApplicationDispatcher.java:285)
		at pe.controllers.MainController.processRequest(MainController.java:57)
		at pe.controllers.MainController.doPost(MainController.java:87)
		at javax.servlet.http.HttpServlet.service(HttpServlet.java:555)
		at javax.servlet.http.HttpServlet.service(HttpServlet.java:623)
		at org.apache.catalina.core.ApplicationFilterChain.internalDoFilter(ApplicationFilterChain.java:199)
		at org.apache.catalina.core.ApplicationFilterChain.doFilter(ApplicationFilterChain.java:144)
		at org.apache.tomcat.websocket.server.WsFilter.doFilter(WsFilter.java:51)
		at org.apache.catalina.core.ApplicationFilterChain.internalDoFilter(ApplicationFilterChain.java:168)
		at org.apache.catalina.core.ApplicationFilterChain.doFilter(ApplicationFilterChain.java:144)
		at org.apache.catalina.core.StandardWrapperValve.invoke(StandardWrapperValve.java:168)
		at org.apache.catalina.core.StandardContextValve.invoke(StandardContextValve.java:90)
		at org.apache.catalina.authenticator.AuthenticatorBase.invoke(AuthenticatorBase.java:482)
		at org.apache.catalina.core.StandardHostValve.invoke(StandardHostValve.java:130)
		at org.apache.catalina.valves.ErrorReportValve.invoke(ErrorReportValve.java:93)
		at org.apache.catalina.valves.AbstractAccessLogValve.invoke(AbstractAccessLogValve.java:656)
		at org.apache.catalina.core.StandardEngineValve.invoke(StandardEngineValve.java:74)
		at org.apache.catalina.connector.CoyoteAdapter.service(CoyoteAdapter.java:346)
		at org.apache.coyote.http11.Http11Processor.service(Http11Processor.java:397)
		at org.apache.coyote.AbstractProcessorLight.process(AbstractProcessorLight.java:63)
		at org.apache.coyote.AbstractProtocol$ConnectionHandler.process(AbstractProtocol.java:935)
		at org.apache.tomcat.util.net.NioEndpoint$SocketProcessor.doRun(NioEndpoint.java:1826)
		at org.apache.tomcat.util.net.SocketProcessorBase.run(SocketProcessorBase.java:52)
		at org.apache.tomcat.util.threads.ThreadPoolExecutor.runWorker(ThreadPoolExecutor.java:1189)
		at org.apache.tomcat.util.threads.ThreadPoolExecutor$Worker.run(ThreadPoolExecutor.java:658)
		at org.apache.tomcat.util.threads.TaskThread$WrappingRunnable.run(TaskThread.java:63)
		at java.lang.Thread.run(Thread.java:748)
22-Mar-2026 10:18:04.087 SEVERE [http-nio-8080-exec-147] org.apache.catalina.core.ApplicationDispatcher.invoke Servlet.service() for servlet [jsp] threw exception
	javax.el.PropertyNotFoundException: Property [id] not found on type [pe.model.OrdersDto]
		at javax.el.BeanELResolver$BeanProperties.get(BeanELResolver.java:253)
		at javax.el.BeanELResolver$BeanProperties.access$300(BeanELResolver.java:206)
		at javax.el.BeanELResolver.property(BeanELResolver.java:322)
		at javax.el.BeanELResolver.getValue(BeanELResolver.java:93)
		at org.apache.jasper.el.JasperELResolver.getValue(JasperELResolver.java:123)
		at org.apache.el.parser.AstValue.getValue(AstValue.java:163)
		at org.apache.el.ValueExpressionImpl.getValue(ValueExpressionImpl.java:151)
		at org.apache.jasper.runtime.PageContextImpl.proprietaryEvaluate(PageContextImpl.java:663)
		at org.apache.jsp.search_jsp._jspx_meth_c_005fforEach_005f0(search_jsp.java:366)
		at org.apache.jsp.search_jsp._jspx_meth_c_005fif_005f2(search_jsp.java:305)
		at org.apache.jsp.search_jsp._jspService(search_jsp.java:172)
		at org.apache.jasper.runtime.HttpJspBase.service(HttpJspBase.java:64)
		at javax.servlet.http.HttpServlet.service(HttpServlet.java:623)
		at org.apache.jasper.servlet.JspServletWrapper.service(JspServletWrapper.java:446)
		at org.apache.jasper.servlet.JspServlet.serviceJspFile(JspServlet.java:356)
		at org.apache.jasper.servlet.JspServlet.service(JspServlet.java:307)
		at javax.servlet.http.HttpServlet.service(HttpServlet.java:623)
		at org.apache.catalina.core.ApplicationFilterChain.internalDoFilter(ApplicationFilterChain.java:199)
		at org.apache.catalina.core.ApplicationFilterChain.doFilter(ApplicationFilterChain.java:144)
		at org.apache.tomcat.websocket.server.WsFilter.doFilter(WsFilter.java:51)
		at org.apache.catalina.core.ApplicationFilterChain.internalDoFilter(ApplicationFilterChain.java:168)
		at org.apache.catalina.core.ApplicationFilterChain.doFilter(ApplicationFilterChain.java:144)
		at org.apache.catalina.core.ApplicationDispatcher.invoke(ApplicationDispatcher.java:621)
		at org.apache.catalina.core.ApplicationDispatcher.processRequest(ApplicationDispatcher.java:401)
		at org.apache.catalina.core.ApplicationDispatcher.doForward(ApplicationDispatcher.java:340)
		at org.apache.catalina.core.ApplicationDispatcher.forward(ApplicationDispatcher.java:285)
		at pe.controllers.SearchController.processRequest(SearchController.java:55)
		at pe.controllers.SearchController.doPost(SearchController.java:84)
		at javax.servlet.http.HttpServlet.service(HttpServlet.java:555)
		at javax.servlet.http.HttpServlet.service(HttpServlet.java:623)
		at org.apache.catalina.core.ApplicationFilterChain.internalDoFilter(ApplicationFilterChain.java:199)
		at org.apache.catalina.core.ApplicationFilterChain.doFilter(ApplicationFilterChain.java:144)
		at org.apache.tomcat.websocket.server.WsFilter.doFilter(WsFilter.java:51)
		at org.apache.catalina.core.ApplicationFilterChain.internalDoFilter(ApplicationFilterChain.java:168)
		at org.apache.catalina.core.ApplicationFilterChain.doFilter(ApplicationFilterChain.java:144)
		at org.apache.catalina.core.ApplicationDispatcher.invoke(ApplicationDispatcher.java:621)
		at org.apache.catalina.core.ApplicationDispatcher.processRequest(ApplicationDispatcher.java:401)
		at org.apache.catalina.core.ApplicationDispatcher.doForward(ApplicationDispatcher.java:340)
		at org.apache.catalina.core.ApplicationDispatcher.forward(ApplicationDispatcher.java:285)
		at pe.controllers.MainController.processRequest(MainController.java:57)
		at pe.controllers.MainController.doPost(MainController.java:87)
		at javax.servlet.http.HttpServlet.service(HttpServlet.java:555)
		at javax.servlet.http.HttpServlet.service(HttpServlet.java:623)
		at org.apache.catalina.core.ApplicationFilterChain.internalDoFilter(ApplicationFilterChain.java:199)
		at org.apache.catalina.core.ApplicationFilterChain.doFilter(ApplicationFilterChain.java:144)
		at org.apache.tomcat.websocket.server.WsFilter.doFilter(WsFilter.java:51)
		at org.apache.catalina.core.ApplicationFilterChain.internalDoFilter(ApplicationFilterChain.java:168)
		at org.apache.catalina.core.ApplicationFilterChain.doFilter(ApplicationFilterChain.java:144)
		at org.apache.catalina.core.StandardWrapperValve.invoke(StandardWrapperValve.java:168)
		at org.apache.catalina.core.StandardContextValve.invoke(StandardContextValve.java:90)
		at org.apache.catalina.authenticator.AuthenticatorBase.invoke(AuthenticatorBase.java:482)
		at org.apache.catalina.core.StandardHostValve.invoke(StandardHostValve.java:130)
		at org.apache.catalina.valves.ErrorReportValve.invoke(ErrorReportValve.java:93)
		at org.apache.catalina.valves.AbstractAccessLogValve.invoke(AbstractAccessLogValve.java:656)
		at org.apache.catalina.core.StandardEngineValve.invoke(StandardEngineValve.java:74)
		at org.apache.catalina.connector.CoyoteAdapter.service(CoyoteAdapter.java:346)
		at org.apache.coyote.http11.Http11Processor.service(Http11Processor.java:397)
		at org.apache.coyote.AbstractProcessorLight.process(AbstractProcessorLight.java:63)
		at org.apache.coyote.AbstractProtocol$ConnectionHandler.process(AbstractProtocol.java:935)
		at org.apache.tomcat.util.net.NioEndpoint$SocketProcessor.doRun(NioEndpoint.java:1826)
		at org.apache.tomcat.util.net.SocketProcessorBase.run(SocketProcessorBase.java:52)
		at org.apache.tomcat.util.threads.ThreadPoolExecutor.runWorker(ThreadPoolExecutor.java:1189)
		at org.apache.tomcat.util.threads.ThreadPoolExecutor$Worker.run(ThreadPoolExecutor.java:658)
		at org.apache.tomcat.util.threads.TaskThread$WrappingRunnable.run(TaskThread.java:63)
		at java.lang.Thread.run(Thread.java:748)
22-Mar-2026 10:18:04.087 SEVERE [http-nio-8080-exec-147] org.apache.catalina.core.ApplicationDispatcher.invoke Servlet.service() for servlet [SearchController] threw exception
	javax.el.PropertyNotFoundException: Property [id] not found on type [pe.model.OrdersDto]
		at javax.el.BeanELResolver$BeanProperties.get(BeanELResolver.java:253)
		at javax.el.BeanELResolver$BeanProperties.access$300(BeanELResolver.java:206)
		at javax.el.BeanELResolver.property(BeanELResolver.java:322)
		at javax.el.BeanELResolver.getValue(BeanELResolver.java:93)
		at org.apache.jasper.el.JasperELResolver.getValue(JasperELResolver.java:123)
		at org.apache.el.parser.AstValue.getValue(AstValue.java:163)
		at org.apache.el.ValueExpressionImpl.getValue(ValueExpressionImpl.java:151)
		at org.apache.jasper.runtime.PageContextImpl.proprietaryEvaluate(PageContextImpl.java:663)
		at org.apache.jsp.search_jsp._jspx_meth_c_005fforEach_005f0(search_jsp.java:366)
		at org.apache.jsp.search_jsp._jspx_meth_c_005fif_005f2(search_jsp.java:305)
		at org.apache.jsp.search_jsp._jspService(search_jsp.java:172)
		at org.apache.jasper.runtime.HttpJspBase.service(HttpJspBase.java:64)
		at javax.servlet.http.HttpServlet.service(HttpServlet.java:623)
		at org.apache.jasper.servlet.JspServletWrapper.service(JspServletWrapper.java:446)
		at org.apache.jasper.servlet.JspServlet.serviceJspFile(JspServlet.java:356)
		at org.apache.jasper.servlet.JspServlet.service(JspServlet.java:307)
		at javax.servlet.http.HttpServlet.service(HttpServlet.java:623)
		at org.apache.catalina.core.ApplicationFilterChain.internalDoFilter(ApplicationFilterChain.java:199)
		at org.apache.catalina.core.ApplicationFilterChain.doFilter(ApplicationFilterChain.java:144)
		at org.apache.tomcat.websocket.server.WsFilter.doFilter(WsFilter.java:51)
		at org.apache.catalina.core.ApplicationFilterChain.internalDoFilter(ApplicationFilterChain.java:168)
		at org.apache.catalina.core.ApplicationFilterChain.doFilter(ApplicationFilterChain.java:144)
		at org.apache.catalina.core.ApplicationDispatcher.invoke(ApplicationDispatcher.java:621)
		at org.apache.catalina.core.ApplicationDispatcher.processRequest(ApplicationDispatcher.java:401)
		at org.apache.catalina.core.ApplicationDispatcher.doForward(ApplicationDispatcher.java:340)
		at org.apache.catalina.core.ApplicationDispatcher.forward(ApplicationDispatcher.java:285)
		at pe.controllers.SearchController.processRequest(SearchController.java:55)
		at pe.controllers.SearchController.doPost(SearchController.java:84)
		at javax.servlet.http.HttpServlet.service(HttpServlet.java:555)
		at javax.servlet.http.HttpServlet.service(HttpServlet.java:623)
		at org.apache.catalina.core.ApplicationFilterChain.internalDoFilter(ApplicationFilterChain.java:199)
		at org.apache.catalina.core.ApplicationFilterChain.doFilter(ApplicationFilterChain.java:144)
		at org.apache.tomcat.websocket.server.WsFilter.doFilter(WsFilter.java:51)
		at org.apache.catalina.core.ApplicationFilterChain.internalDoFilter(ApplicationFilterChain.java:168)
		at org.apache.catalina.core.ApplicationFilterChain.doFilter(ApplicationFilterChain.java:144)
		at org.apache.catalina.core.ApplicationDispatcher.invoke(ApplicationDispatcher.java:621)
		at org.apache.catalina.core.ApplicationDispatcher.processRequest(ApplicationDispatcher.java:401)
		at org.apache.catalina.core.ApplicationDispatcher.doForward(ApplicationDispatcher.java:340)
		at org.apache.catalina.core.ApplicationDispatcher.forward(ApplicationDispatcher.java:285)
		at pe.controllers.MainController.processRequest(MainController.java:57)
		at pe.controllers.MainController.doPost(MainController.java:87)
		at javax.servlet.http.HttpServlet.service(HttpServlet.java:555)
		at javax.servlet.http.HttpServlet.service(HttpServlet.java:623)
		at org.apache.catalina.core.ApplicationFilterChain.internalDoFilter(ApplicationFilterChain.java:199)
		at org.apache.catalina.core.ApplicationFilterChain.doFilter(ApplicationFilterChain.java:144)
		at org.apache.tomcat.websocket.server.WsFilter.doFilter(WsFilter.java:51)
		at org.apache.catalina.core.ApplicationFilterChain.internalDoFilter(ApplicationFilterChain.java:168)
		at org.apache.catalina.core.ApplicationFilterChain.doFilter(ApplicationFilterChain.java:144)
		at org.apache.catalina.core.StandardWrapperValve.invoke(StandardWrapperValve.java:168)
		at org.apache.catalina.core.StandardContextValve.invoke(StandardContextValve.java:90)
		at org.apache.catalina.authenticator.AuthenticatorBase.invoke(AuthenticatorBase.java:482)
		at org.apache.catalina.core.StandardHostValve.invoke(StandardHostValve.java:130)
		at org.apache.catalina.valves.ErrorReportValve.invoke(ErrorReportValve.java:93)
		at org.apache.catalina.valves.AbstractAccessLogValve.invoke(AbstractAccessLogValve.java:656)
		at org.apache.catalina.core.StandardEngineValve.invoke(StandardEngineValve.java:74)
		at org.apache.catalina.connector.CoyoteAdapter.service(CoyoteAdapter.java:346)
		at org.apache.coyote.http11.Http11Processor.service(Http11Processor.java:397)
		at org.apache.coyote.AbstractProcessorLight.process(AbstractProcessorLight.java:63)
		at org.apache.coyote.AbstractProtocol$ConnectionHandler.process(AbstractProtocol.java:935)
		at org.apache.tomcat.util.net.NioEndpoint$SocketProcessor.doRun(NioEndpoint.java:1826)
		at org.apache.tomcat.util.net.SocketProcessorBase.run(SocketProcessorBase.java:52)
		at org.apache.tomcat.util.threads.ThreadPoolExecutor.runWorker(ThreadPoolExecutor.java:1189)
		at org.apache.tomcat.util.threads.ThreadPoolExecutor$Worker.run(ThreadPoolExecutor.java:658)
		at org.apache.tomcat.util.threads.TaskThread$WrappingRunnable.run(TaskThread.java:63)
		at java.lang.Thread.run(Thread.java:748)
22-Mar-2026 10:18:04.087 SEVERE [http-nio-8080-exec-147] org.apache.catalina.core.StandardWrapperValve.invoke Servlet.service() for servlet [MainController] in context with path [/PE_Prj301] threw exception [An exception occurred processing [/search.jsp] at line [62]

59:                             <td>${x.totalAmount}</td>
60:                             <td>${x.status}</td>
61:                             <td>
62:                                    <a href="MainController?action=LoadUpdate&id=${x.id}&keyword=${param.keyword}">Update</a>
63:                             </td>
64:                         </tr>
65: 


Stacktrace:] with root cause
	javax.el.PropertyNotFoundException: Property [id] not found on type [pe.model.OrdersDto]
		at javax.el.BeanELResolver$BeanProperties.get(BeanELResolver.java:253)
		at javax.el.BeanELResolver$BeanProperties.access$300(BeanELResolver.java:206)
		at javax.el.BeanELResolver.property(BeanELResolver.java:322)
		at javax.el.BeanELResolver.getValue(BeanELResolver.java:93)
		at org.apache.jasper.el.JasperELResolver.getValue(JasperELResolver.java:123)
		at org.apache.el.parser.AstValue.getValue(AstValue.java:163)
		at org.apache.el.ValueExpressionImpl.getValue(ValueExpressionImpl.java:151)
		at org.apache.jasper.runtime.PageContextImpl.proprietaryEvaluate(PageContextImpl.java:663)
		at org.apache.jsp.search_jsp._jspx_meth_c_005fforEach_005f0(search_jsp.java:366)
		at org.apache.jsp.search_jsp._jspx_meth_c_005fif_005f2(search_jsp.java:305)
		at org.apache.jsp.search_jsp._jspService(search_jsp.java:172)
		at org.apache.jasper.runtime.HttpJspBase.service(HttpJspBase.java:64)
		at javax.servlet.http.HttpServlet.service(HttpServlet.java:623)
		at org.apache.jasper.servlet.JspServletWrapper.service(JspServletWrapper.java:446)
		at org.apache.jasper.servlet.JspServlet.serviceJspFile(JspServlet.java:356)
		at org.apache.jasper.servlet.JspServlet.service(JspServlet.java:307)
		at javax.servlet.http.HttpServlet.service(HttpServlet.java:623)
		at org.apache.catalina.core.ApplicationFilterChain.internalDoFilter(ApplicationFilterChain.java:199)
		at org.apache.catalina.core.ApplicationFilterChain.doFilter(ApplicationFilterChain.java:144)
		at org.apache.tomcat.websocket.server.WsFilter.doFilter(WsFilter.java:51)
		at org.apache.catalina.core.ApplicationFilterChain.internalDoFilter(ApplicationFilterChain.java:168)
		at org.apache.catalina.core.ApplicationFilterChain.doFilter(ApplicationFilterChain.java:144)
		at org.apache.catalina.core.ApplicationDispatcher.invoke(ApplicationDispatcher.java:621)
		at org.apache.catalina.core.ApplicationDispatcher.processRequest(ApplicationDispatcher.java:401)
		at org.apache.catalina.core.ApplicationDispatcher.doForward(ApplicationDispatcher.java:340)
		at org.apache.catalina.core.ApplicationDispatcher.forward(ApplicationDispatcher.java:285)
		at pe.controllers.SearchController.processRequest(SearchController.java:55)
		at pe.controllers.SearchController.doPost(SearchController.java:84)
		at javax.servlet.http.HttpServlet.service(HttpServlet.java:555)
		at javax.servlet.http.HttpServlet.service(HttpServlet.java:623)
		at org.apache.catalina.core.ApplicationFilterChain.internalDoFilter(ApplicationFilterChain.java:199)
		at org.apache.catalina.core.ApplicationFilterChain.doFilter(ApplicationFilterChain.java:144)
		at org.apache.tomcat.websocket.server.WsFilter.doFilter(WsFilter.java:51)
		at org.apache.catalina.core.ApplicationFilterChain.internalDoFilter(ApplicationFilterChain.java:168)
		at org.apache.catalina.core.ApplicationFilterChain.doFilter(ApplicationFilterChain.java:144)
		at org.apache.catalina.core.ApplicationDispatcher.invoke(ApplicationDispatcher.java:621)
		at org.apache.catalina.core.ApplicationDispatcher.processRequest(ApplicationDispatcher.java:401)
		at org.apache.catalina.core.ApplicationDispatcher.doForward(ApplicationDispatcher.java:340)
		at org.apache.catalina.core.ApplicationDispatcher.forward(ApplicationDispatcher.java:285)
		at pe.controllers.MainController.processRequest(MainController.java:57)
		at pe.controllers.MainController.doPost(MainController.java:87)
		at javax.servlet.http.HttpServlet.service(HttpServlet.java:555)
		at javax.servlet.http.HttpServlet.service(HttpServlet.java:623)
		at org.apache.catalina.core.ApplicationFilterChain.internalDoFilter(ApplicationFilterChain.java:199)
		at org.apache.catalina.core.ApplicationFilterChain.doFilter(ApplicationFilterChain.java:144)
		at org.apache.tomcat.websocket.server.WsFilter.doFilter(WsFilter.java:51)
		at org.apache.catalina.core.ApplicationFilterChain.internalDoFilter(ApplicationFilterChain.java:168)
		at org.apache.catalina.core.ApplicationFilterChain.doFilter(ApplicationFilterChain.java:144)
		at org.apache.catalina.core.StandardWrapperValve.invoke(StandardWrapperValve.java:168)
		at org.apache.catalina.core.StandardContextValve.invoke(StandardContextValve.java:90)
		at org.apache.catalina.authenticator.AuthenticatorBase.invoke(AuthenticatorBase.java:482)
		at org.apache.catalina.core.StandardHostValve.invoke(StandardHostValve.java:130)
		at org.apache.catalina.valves.ErrorReportValve.invoke(ErrorReportValve.java:93)
		at org.apache.catalina.valves.AbstractAccessLogValve.invoke(AbstractAccessLogValve.java:656)
		at org.apache.catalina.core.StandardEngineValve.invoke(StandardEngineValve.java:74)
		at org.apache.catalina.connector.CoyoteAdapter.service(CoyoteAdapter.java:346)
		at org.apache.coyote.http11.Http11Processor.service(Http11Processor.java:397)
		at org.apache.coyote.AbstractProcessorLight.process(AbstractProcessorLight.java:63)
		at org.apache.coyote.AbstractProtocol$ConnectionHandler.process(AbstractProtocol.java:935)
		at org.apache.tomcat.util.net.NioEndpoint$SocketProcessor.doRun(NioEndpoint.java:1826)
		at org.apache.tomcat.util.net.SocketProcessorBase.run(SocketProcessorBase.java:52)
		at org.apache.tomcat.util.threads.ThreadPoolExecutor.runWorker(ThreadPoolExecutor.java:1189)
		at org.apache.tomcat.util.threads.ThreadPoolExecutor$Worker.run(ThreadPoolExecutor.java:658)
		at org.apache.tomcat.util.threads.TaskThread$WrappingRunnable.run(TaskThread.java:63)
		at java.lang.Thread.run(Thread.java:748)
22-Mar-2026 10:18:26.164 SEVERE [http-nio-8080-exec-153] org.apache.catalina.core.ApplicationDispatcher.invoke Servlet.service() for servlet [LoginController] threw exception
	java.lang.IllegalStateException: Cannot forward after response has been committed
		at org.apache.catalina.core.ApplicationDispatcher.doForward(ApplicationDispatcher.java:293)
		at org.apache.catalina.core.ApplicationDispatcher.forward(ApplicationDispatcher.java:285)
		at pe.controllers.LoginController.processRequest(LoginController.java:53)
		at pe.controllers.LoginController.doPost(LoginController.java:83)
		at javax.servlet.http.HttpServlet.service(HttpServlet.java:555)
		at javax.servlet.http.HttpServlet.service(HttpServlet.java:623)
		at org.apache.catalina.core.ApplicationFilterChain.internalDoFilter(ApplicationFilterChain.java:199)
		at org.apache.catalina.core.ApplicationFilterChain.doFilter(ApplicationFilterChain.java:144)
		at org.apache.tomcat.websocket.server.WsFilter.doFilter(WsFilter.java:51)
		at org.apache.catalina.core.ApplicationFilterChain.internalDoFilter(ApplicationFilterChain.java:168)
		at org.apache.catalina.core.ApplicationFilterChain.doFilter(ApplicationFilterChain.java:144)
		at org.apache.catalina.core.ApplicationDispatcher.invoke(ApplicationDispatcher.java:621)
		at org.apache.catalina.core.ApplicationDispatcher.processRequest(ApplicationDispatcher.java:401)
		at org.apache.catalina.core.ApplicationDispatcher.doForward(ApplicationDispatcher.java:340)
		at org.apache.catalina.core.ApplicationDispatcher.forward(ApplicationDispatcher.java:285)
		at pe.controllers.MainController.processRequest(MainController.java:57)
		at pe.controllers.MainController.doPost(MainController.java:87)
		at javax.servlet.http.HttpServlet.service(HttpServlet.java:555)
		at javax.servlet.http.HttpServlet.service(HttpServlet.java:623)
		at org.apache.catalina.core.ApplicationFilterChain.internalDoFilter(ApplicationFilterChain.java:199)
		at org.apache.catalina.core.ApplicationFilterChain.doFilter(ApplicationFilterChain.java:144)
		at org.apache.tomcat.websocket.server.WsFilter.doFilter(WsFilter.java:51)
		at org.apache.catalina.core.ApplicationFilterChain.internalDoFilter(ApplicationFilterChain.java:168)
		at org.apache.catalina.core.ApplicationFilterChain.doFilter(ApplicationFilterChain.java:144)
		at org.apache.catalina.core.StandardWrapperValve.invoke(StandardWrapperValve.java:168)
		at org.apache.catalina.core.StandardContextValve.invoke(StandardContextValve.java:90)
		at org.apache.catalina.authenticator.AuthenticatorBase.invoke(AuthenticatorBase.java:482)
		at org.apache.catalina.core.StandardHostValve.invoke(StandardHostValve.java:130)
		at org.apache.catalina.valves.ErrorReportValve.invoke(ErrorReportValve.java:93)
		at org.apache.catalina.valves.AbstractAccessLogValve.invoke(AbstractAccessLogValve.java:656)
		at org.apache.catalina.core.StandardEngineValve.invoke(StandardEngineValve.java:74)
		at org.apache.catalina.connector.CoyoteAdapter.service(CoyoteAdapter.java:346)
		at org.apache.coyote.http11.Http11Processor.service(Http11Processor.java:397)
		at org.apache.coyote.AbstractProcessorLight.process(AbstractProcessorLight.java:63)
		at org.apache.coyote.AbstractProtocol$ConnectionHandler.process(AbstractProtocol.java:935)
		at org.apache.tomcat.util.net.NioEndpoint$SocketProcessor.doRun(NioEndpoint.java:1826)
		at org.apache.tomcat.util.net.SocketProcessorBase.run(SocketProcessorBase.java:52)
		at org.apache.tomcat.util.threads.ThreadPoolExecutor.runWorker(ThreadPoolExecutor.java:1189)
		at org.apache.tomcat.util.threads.ThreadPoolExecutor$Worker.run(ThreadPoolExecutor.java:658)
		at org.apache.tomcat.util.threads.TaskThread$WrappingRunnable.run(TaskThread.java:63)
		at java.lang.Thread.run(Thread.java:748)
22-Mar-2026 10:18:26.165 SEVERE [http-nio-8080-exec-153] org.apache.catalina.core.StandardWrapperValve.invoke Servlet.service() for servlet [MainController] in context with path [/PE_Prj301] threw exception
	java.lang.IllegalStateException: Cannot forward after response has been committed
		at org.apache.catalina.core.ApplicationDispatcher.doForward(ApplicationDispatcher.java:293)
		at org.apache.catalina.core.ApplicationDispatcher.forward(ApplicationDispatcher.java:285)
		at pe.controllers.LoginController.processRequest(LoginController.java:53)
		at pe.controllers.LoginController.doPost(LoginController.java:83)
		at javax.servlet.http.HttpServlet.service(HttpServlet.java:555)
		at javax.servlet.http.HttpServlet.service(HttpServlet.java:623)
		at org.apache.catalina.core.ApplicationFilterChain.internalDoFilter(ApplicationFilterChain.java:199)
		at org.apache.catalina.core.ApplicationFilterChain.doFilter(ApplicationFilterChain.java:144)
		at org.apache.tomcat.websocket.server.WsFilter.doFilter(WsFilter.java:51)
		at org.apache.catalina.core.ApplicationFilterChain.internalDoFilter(ApplicationFilterChain.java:168)
		at org.apache.catalina.core.ApplicationFilterChain.doFilter(ApplicationFilterChain.java:144)
		at org.apache.catalina.core.ApplicationDispatcher.invoke(ApplicationDispatcher.java:621)
		at org.apache.catalina.core.ApplicationDispatcher.processRequest(ApplicationDispatcher.java:401)
		at org.apache.catalina.core.ApplicationDispatcher.doForward(ApplicationDispatcher.java:340)
		at org.apache.catalina.core.ApplicationDispatcher.forward(ApplicationDispatcher.java:285)
		at pe.controllers.MainController.processRequest(MainController.java:57)
		at pe.controllers.MainController.doPost(MainController.java:87)
		at javax.servlet.http.HttpServlet.service(HttpServlet.java:555)
		at javax.servlet.http.HttpServlet.service(HttpServlet.java:623)
		at org.apache.catalina.core.ApplicationFilterChain.internalDoFilter(ApplicationFilterChain.java:199)
		at org.apache.catalina.core.ApplicationFilterChain.doFilter(ApplicationFilterChain.java:144)
		at org.apache.tomcat.websocket.server.WsFilter.doFilter(WsFilter.java:51)
		at org.apache.catalina.core.ApplicationFilterChain.internalDoFilter(ApplicationFilterChain.java:168)
		at org.apache.catalina.core.ApplicationFilterChain.doFilter(ApplicationFilterChain.java:144)
		at org.apache.catalina.core.StandardWrapperValve.invoke(StandardWrapperValve.java:168)
		at org.apache.catalina.core.StandardContextValve.invoke(StandardContextValve.java:90)
		at org.apache.catalina.authenticator.AuthenticatorBase.invoke(AuthenticatorBase.java:482)
		at org.apache.catalina.core.StandardHostValve.invoke(StandardHostValve.java:130)
		at org.apache.catalina.valves.ErrorReportValve.invoke(ErrorReportValve.java:93)
		at org.apache.catalina.valves.AbstractAccessLogValve.invoke(AbstractAccessLogValve.java:656)
		at org.apache.catalina.core.StandardEngineValve.invoke(StandardEngineValve.java:74)
		at org.apache.catalina.connector.CoyoteAdapter.service(CoyoteAdapter.java:346)
		at org.apache.coyote.http11.Http11Processor.service(Http11Processor.java:397)
		at org.apache.coyote.AbstractProcessorLight.process(AbstractProcessorLight.java:63)
		at org.apache.coyote.AbstractProtocol$ConnectionHandler.process(AbstractProtocol.java:935)
		at org.apache.tomcat.util.net.NioEndpoint$SocketProcessor.doRun(NioEndpoint.java:1826)
		at org.apache.tomcat.util.net.SocketProcessorBase.run(SocketProcessorBase.java:52)
		at org.apache.tomcat.util.threads.ThreadPoolExecutor.runWorker(ThreadPoolExecutor.java:1189)
		at org.apache.tomcat.util.threads.ThreadPoolExecutor$Worker.run(ThreadPoolExecutor.java:658)
		at org.apache.tomcat.util.threads.TaskThread$WrappingRunnable.run(TaskThread.java:63)
		at java.lang.Thread.run(Thread.java:748)
22-Mar-2026 10:19:13.662 SEVERE [http-nio-8080-exec-151] org.apache.catalina.core.ApplicationDispatcher.invoke Servlet.service() for servlet [LoginController] threw exception
	java.lang.IllegalStateException: Cannot forward after response has been committed
		at org.apache.catalina.core.ApplicationDispatcher.doForward(ApplicationDispatcher.java:293)
		at org.apache.catalina.core.ApplicationDispatcher.forward(ApplicationDispatcher.java:285)
		at pe.controllers.LoginController.processRequest(LoginController.java:53)
		at pe.controllers.LoginController.doPost(LoginController.java:83)
		at javax.servlet.http.HttpServlet.service(HttpServlet.java:555)
		at javax.servlet.http.HttpServlet.service(HttpServlet.java:623)
		at org.apache.catalina.core.ApplicationFilterChain.internalDoFilter(ApplicationFilterChain.java:199)
		at org.apache.catalina.core.ApplicationFilterChain.doFilter(ApplicationFilterChain.java:144)
		at org.apache.tomcat.websocket.server.WsFilter.doFilter(WsFilter.java:51)
		at org.apache.catalina.core.ApplicationFilterChain.internalDoFilter(ApplicationFilterChain.java:168)
		at org.apache.catalina.core.ApplicationFilterChain.doFilter(ApplicationFilterChain.java:144)
		at org.apache.catalina.core.ApplicationDispatcher.invoke(ApplicationDispatcher.java:621)
		at org.apache.catalina.core.ApplicationDispatcher.processRequest(ApplicationDispatcher.java:401)
		at org.apache.catalina.core.ApplicationDispatcher.doForward(ApplicationDispatcher.java:340)
		at org.apache.catalina.core.ApplicationDispatcher.forward(ApplicationDispatcher.java:285)
		at pe.controllers.MainController.processRequest(MainController.java:57)
		at pe.controllers.MainController.doPost(MainController.java:87)
		at javax.servlet.http.HttpServlet.service(HttpServlet.java:555)
		at javax.servlet.http.HttpServlet.service(HttpServlet.java:623)
		at org.apache.catalina.core.ApplicationFilterChain.internalDoFilter(ApplicationFilterChain.java:199)
		at org.apache.catalina.core.ApplicationFilterChain.doFilter(ApplicationFilterChain.java:144)
		at org.apache.tomcat.websocket.server.WsFilter.doFilter(WsFilter.java:51)
		at org.apache.catalina.core.ApplicationFilterChain.internalDoFilter(ApplicationFilterChain.java:168)
		at org.apache.catalina.core.ApplicationFilterChain.doFilter(ApplicationFilterChain.java:144)
		at org.apache.catalina.core.StandardWrapperValve.invoke(StandardWrapperValve.java:168)
		at org.apache.catalina.core.StandardContextValve.invoke(StandardContextValve.java:90)
		at org.apache.catalina.authenticator.AuthenticatorBase.invoke(AuthenticatorBase.java:482)
		at org.apache.catalina.core.StandardHostValve.invoke(StandardHostValve.java:130)
		at org.apache.catalina.valves.ErrorReportValve.invoke(ErrorReportValve.java:93)
		at org.apache.catalina.valves.AbstractAccessLogValve.invoke(AbstractAccessLogValve.java:656)
		at org.apache.catalina.core.StandardEngineValve.invoke(StandardEngineValve.java:74)
		at org.apache.catalina.connector.CoyoteAdapter.service(CoyoteAdapter.java:346)
		at org.apache.coyote.http11.Http11Processor.service(Http11Processor.java:397)
		at org.apache.coyote.AbstractProcessorLight.process(AbstractProcessorLight.java:63)
		at org.apache.coyote.AbstractProtocol$ConnectionHandler.process(AbstractProtocol.java:935)
		at org.apache.tomcat.util.net.NioEndpoint$SocketProcessor.doRun(NioEndpoint.java:1826)
		at org.apache.tomcat.util.net.SocketProcessorBase.run(SocketProcessorBase.java:52)
		at org.apache.tomcat.util.threads.ThreadPoolExecutor.runWorker(ThreadPoolExecutor.java:1189)
		at org.apache.tomcat.util.threads.ThreadPoolExecutor$Worker.run(ThreadPoolExecutor.java:658)
		at org.apache.tomcat.util.threads.TaskThread$WrappingRunnable.run(TaskThread.java:63)
		at java.lang.Thread.run(Thread.java:748)
22-Mar-2026 10:19:13.662 SEVERE [http-nio-8080-exec-151] org.apache.catalina.core.StandardWrapperValve.invoke Servlet.service() for servlet [MainController] in context with path [/PE_Prj301] threw exception
	java.lang.IllegalStateException: Cannot forward after response has been committed
		at org.apache.catalina.core.ApplicationDispatcher.doForward(ApplicationDispatcher.java:293)
		at org.apache.catalina.core.ApplicationDispatcher.forward(ApplicationDispatcher.java:285)
		at pe.controllers.LoginController.processRequest(LoginController.java:53)
		at pe.controllers.LoginController.doPost(LoginController.java:83)
		at javax.servlet.http.HttpServlet.service(HttpServlet.java:555)
		at javax.servlet.http.HttpServlet.service(HttpServlet.java:623)
		at org.apache.catalina.core.ApplicationFilterChain.internalDoFilter(ApplicationFilterChain.java:199)
		at org.apache.catalina.core.ApplicationFilterChain.doFilter(ApplicationFilterChain.java:144)
		at org.apache.tomcat.websocket.server.WsFilter.doFilter(WsFilter.java:51)
		at org.apache.catalina.core.ApplicationFilterChain.internalDoFilter(ApplicationFilterChain.java:168)
		at org.apache.catalina.core.ApplicationFilterChain.doFilter(ApplicationFilterChain.java:144)
		at org.apache.catalina.core.ApplicationDispatcher.invoke(ApplicationDispatcher.java:621)
		at org.apache.catalina.core.ApplicationDispatcher.processRequest(ApplicationDispatcher.java:401)
		at org.apache.catalina.core.ApplicationDispatcher.doForward(ApplicationDispatcher.java:340)
		at org.apache.catalina.core.ApplicationDispatcher.forward(ApplicationDispatcher.java:285)
		at pe.controllers.MainController.processRequest(MainController.java:57)
		at pe.controllers.MainController.doPost(MainController.java:87)
		at javax.servlet.http.HttpServlet.service(HttpServlet.java:555)
		at javax.servlet.http.HttpServlet.service(HttpServlet.java:623)
		at org.apache.catalina.core.ApplicationFilterChain.internalDoFilter(ApplicationFilterChain.java:199)
		at org.apache.catalina.core.ApplicationFilterChain.doFilter(ApplicationFilterChain.java:144)
		at org.apache.tomcat.websocket.server.WsFilter.doFilter(WsFilter.java:51)
		at org.apache.catalina.core.ApplicationFilterChain.internalDoFilter(ApplicationFilterChain.java:168)
		at org.apache.catalina.core.ApplicationFilterChain.doFilter(ApplicationFilterChain.java:144)
		at org.apache.catalina.core.StandardWrapperValve.invoke(StandardWrapperValve.java:168)
		at org.apache.catalina.core.StandardContextValve.invoke(StandardContextValve.java:90)
		at org.apache.catalina.authenticator.AuthenticatorBase.invoke(AuthenticatorBase.java:482)
		at org.apache.catalina.core.StandardHostValve.invoke(StandardHostValve.java:130)
		at org.apache.catalina.valves.ErrorReportValve.invoke(ErrorReportValve.java:93)
		at org.apache.catalina.valves.AbstractAccessLogValve.invoke(AbstractAccessLogValve.java:656)
		at org.apache.catalina.core.StandardEngineValve.invoke(StandardEngineValve.java:74)
		at org.apache.catalina.connector.CoyoteAdapter.service(CoyoteAdapter.java:346)
		at org.apache.coyote.http11.Http11Processor.service(Http11Processor.java:397)
		at org.apache.coyote.AbstractProcessorLight.process(AbstractProcessorLight.java:63)
		at org.apache.coyote.AbstractProtocol$ConnectionHandler.process(AbstractProtocol.java:935)
		at org.apache.tomcat.util.net.NioEndpoint$SocketProcessor.doRun(NioEndpoint.java:1826)
		at org.apache.tomcat.util.net.SocketProcessorBase.run(SocketProcessorBase.java:52)
		at org.apache.tomcat.util.threads.ThreadPoolExecutor.runWorker(ThreadPoolExecutor.java:1189)
		at org.apache.tomcat.util.threads.ThreadPoolExecutor$Worker.run(ThreadPoolExecutor.java:658)
		at org.apache.tomcat.util.threads.TaskThread$WrappingRunnable.run(TaskThread.java:63)
		at java.lang.Thread.run(Thread.java:748)
22-Mar-2026 10:24:44.125 SEVERE [http-nio-8080-exec-152] org.apache.catalina.core.ApplicationDispatcher.invoke Servlet.service() for servlet [LoginController] threw exception
	java.lang.IllegalStateException: Cannot forward after response has been committed
		at org.apache.catalina.core.ApplicationDispatcher.doForward(ApplicationDispatcher.java:293)
		at org.apache.catalina.core.ApplicationDispatcher.forward(ApplicationDispatcher.java:285)
		at pe.controllers.LoginController.processRequest(LoginController.java:53)
		at pe.controllers.LoginController.doPost(LoginController.java:83)
		at javax.servlet.http.HttpServlet.service(HttpServlet.java:555)
		at javax.servlet.http.HttpServlet.service(HttpServlet.java:623)
		at org.apache.catalina.core.ApplicationFilterChain.internalDoFilter(ApplicationFilterChain.java:199)
		at org.apache.catalina.core.ApplicationFilterChain.doFilter(ApplicationFilterChain.java:144)
		at org.apache.tomcat.websocket.server.WsFilter.doFilter(WsFilter.java:51)
		at org.apache.catalina.core.ApplicationFilterChain.internalDoFilter(ApplicationFilterChain.java:168)
		at org.apache.catalina.core.ApplicationFilterChain.doFilter(ApplicationFilterChain.java:144)
		at org.apache.catalina.core.ApplicationDispatcher.invoke(ApplicationDispatcher.java:621)
		at org.apache.catalina.core.ApplicationDispatcher.processRequest(ApplicationDispatcher.java:401)
		at org.apache.catalina.core.ApplicationDispatcher.doForward(ApplicationDispatcher.java:340)
		at org.apache.catalina.core.ApplicationDispatcher.forward(ApplicationDispatcher.java:285)
		at pe.controllers.MainController.processRequest(MainController.java:57)
		at pe.controllers.MainController.doPost(MainController.java:87)
		at javax.servlet.http.HttpServlet.service(HttpServlet.java:555)
		at javax.servlet.http.HttpServlet.service(HttpServlet.java:623)
		at org.apache.catalina.core.ApplicationFilterChain.internalDoFilter(ApplicationFilterChain.java:199)
		at org.apache.catalina.core.ApplicationFilterChain.doFilter(ApplicationFilterChain.java:144)
		at org.apache.tomcat.websocket.server.WsFilter.doFilter(WsFilter.java:51)
		at org.apache.catalina.core.ApplicationFilterChain.internalDoFilter(ApplicationFilterChain.java:168)
		at org.apache.catalina.core.ApplicationFilterChain.doFilter(ApplicationFilterChain.java:144)
		at org.apache.catalina.core.StandardWrapperValve.invoke(StandardWrapperValve.java:168)
		at org.apache.catalina.core.StandardContextValve.invoke(StandardContextValve.java:90)
		at org.apache.catalina.authenticator.AuthenticatorBase.invoke(AuthenticatorBase.java:482)
		at org.apache.catalina.core.StandardHostValve.invoke(StandardHostValve.java:130)
		at org.apache.catalina.valves.ErrorReportValve.invoke(ErrorReportValve.java:93)
		at org.apache.catalina.valves.AbstractAccessLogValve.invoke(AbstractAccessLogValve.java:656)
		at org.apache.catalina.core.StandardEngineValve.invoke(StandardEngineValve.java:74)
		at org.apache.catalina.connector.CoyoteAdapter.service(CoyoteAdapter.java:346)
		at org.apache.coyote.http11.Http11Processor.service(Http11Processor.java:397)
		at org.apache.coyote.AbstractProcessorLight.process(AbstractProcessorLight.java:63)
		at org.apache.coyote.AbstractProtocol$ConnectionHandler.process(AbstractProtocol.java:935)
		at org.apache.tomcat.util.net.NioEndpoint$SocketProcessor.doRun(NioEndpoint.java:1826)
		at org.apache.tomcat.util.net.SocketProcessorBase.run(SocketProcessorBase.java:52)
		at org.apache.tomcat.util.threads.ThreadPoolExecutor.runWorker(ThreadPoolExecutor.java:1189)
		at org.apache.tomcat.util.threads.ThreadPoolExecutor$Worker.run(ThreadPoolExecutor.java:658)
		at org.apache.tomcat.util.threads.TaskThread$WrappingRunnable.run(TaskThread.java:63)
		at java.lang.Thread.run(Thread.java:748)
22-Mar-2026 10:24:44.125 SEVERE [http-nio-8080-exec-152] org.apache.catalina.core.StandardWrapperValve.invoke Servlet.service() for servlet [MainController] in context with path [/PE_Prj301] threw exception
	java.lang.IllegalStateException: Cannot forward after response has been committed
		at org.apache.catalina.core.ApplicationDispatcher.doForward(ApplicationDispatcher.java:293)
		at org.apache.catalina.core.ApplicationDispatcher.forward(ApplicationDispatcher.java:285)
		at pe.controllers.LoginController.processRequest(LoginController.java:53)
		at pe.controllers.LoginController.doPost(LoginController.java:83)
		at javax.servlet.http.HttpServlet.service(HttpServlet.java:555)
		at javax.servlet.http.HttpServlet.service(HttpServlet.java:623)
		at org.apache.catalina.core.ApplicationFilterChain.internalDoFilter(ApplicationFilterChain.java:199)
		at org.apache.catalina.core.ApplicationFilterChain.doFilter(ApplicationFilterChain.java:144)
		at org.apache.tomcat.websocket.server.WsFilter.doFilter(WsFilter.java:51)
		at org.apache.catalina.core.ApplicationFilterChain.internalDoFilter(ApplicationFilterChain.java:168)
		at org.apache.catalina.core.ApplicationFilterChain.doFilter(ApplicationFilterChain.java:144)
		at org.apache.catalina.core.ApplicationDispatcher.invoke(ApplicationDispatcher.java:621)
		at org.apache.catalina.core.ApplicationDispatcher.processRequest(ApplicationDispatcher.java:401)
		at org.apache.catalina.core.ApplicationDispatcher.doForward(ApplicationDispatcher.java:340)
		at org.apache.catalina.core.ApplicationDispatcher.forward(ApplicationDispatcher.java:285)
		at pe.controllers.MainController.processRequest(MainController.java:57)
		at pe.controllers.MainController.doPost(MainController.java:87)
		at javax.servlet.http.HttpServlet.service(HttpServlet.java:555)
		at javax.servlet.http.HttpServlet.service(HttpServlet.java:623)
		at org.apache.catalina.core.ApplicationFilterChain.internalDoFilter(ApplicationFilterChain.java:199)
		at org.apache.catalina.core.ApplicationFilterChain.doFilter(ApplicationFilterChain.java:144)
		at org.apache.tomcat.websocket.server.WsFilter.doFilter(WsFilter.java:51)
		at org.apache.catalina.core.ApplicationFilterChain.internalDoFilter(ApplicationFilterChain.java:168)
		at org.apache.catalina.core.ApplicationFilterChain.doFilter(ApplicationFilterChain.java:144)
		at org.apache.catalina.core.StandardWrapperValve.invoke(StandardWrapperValve.java:168)
		at org.apache.catalina.core.StandardContextValve.invoke(StandardContextValve.java:90)
		at org.apache.catalina.authenticator.AuthenticatorBase.invoke(AuthenticatorBase.java:482)
		at org.apache.catalina.core.StandardHostValve.invoke(StandardHostValve.java:130)
		at org.apache.catalina.valves.ErrorReportValve.invoke(ErrorReportValve.java:93)
		at org.apache.catalina.valves.AbstractAccessLogValve.invoke(AbstractAccessLogValve.java:656)
		at org.apache.catalina.core.StandardEngineValve.invoke(StandardEngineValve.java:74)
		at org.apache.catalina.connector.CoyoteAdapter.service(CoyoteAdapter.java:346)
		at org.apache.coyote.http11.Http11Processor.service(Http11Processor.java:397)
		at org.apache.coyote.AbstractProcessorLight.process(AbstractProcessorLight.java:63)
		at org.apache.coyote.AbstractProtocol$ConnectionHandler.process(AbstractProtocol.java:935)
		at org.apache.tomcat.util.net.NioEndpoint$SocketProcessor.doRun(NioEndpoint.java:1826)
		at org.apache.tomcat.util.net.SocketProcessorBase.run(SocketProcessorBase.java:52)
		at org.apache.tomcat.util.threads.ThreadPoolExecutor.runWorker(ThreadPoolExecutor.java:1189)
		at org.apache.tomcat.util.threads.ThreadPoolExecutor$Worker.run(ThreadPoolExecutor.java:658)
		at org.apache.tomcat.util.threads.TaskThread$WrappingRunnable.run(TaskThread.java:63)
		at java.lang.Thread.run(Thread.java:748)
22-Mar-2026 10:33:22.152 INFO [main] org.apache.catalina.core.ApplicationContext.log SessionListener: contextDestroyed()
22-Mar-2026 10:33:22.152 INFO [main] org.apache.catalina.core.ApplicationContext.log ContextListener: contextDestroyed()
22-Mar-2026 15:38:18.652 INFO [main] org.apache.catalina.core.ApplicationContext.log ContextListener: contextInitialized()
22-Mar-2026 15:38:18.652 INFO [main] org.apache.catalina.core.ApplicationContext.log SessionListener: contextInitialized()
22-Mar-2026 15:38:18.655 INFO [main] org.apache.catalina.core.ApplicationContext.log ContextListener: attributeAdded('StockTicker', 'async.Stockticker@7748410a')
22-Mar-2026 16:25:21.507 WARNING [http-nio-8080-exec-32] org.apache.catalina.session.StandardSession.doWriteObject Cannot serialize session attribute [eList] for session [AE24EF31F24BE9B5D2FA82F1692AD352]
	java.io.NotSerializableException: pms.model.UserDTO
		at java.io.ObjectOutputStream.writeObject0(ObjectOutputStream.java:1184)
		at java.io.ObjectOutputStream.writeObject(ObjectOutputStream.java:348)
		at java.util.ArrayList.writeObject(ArrayList.java:766)
		at sun.reflect.NativeMethodAccessorImpl.invoke0(Native Method)
		at sun.reflect.NativeMethodAccessorImpl.invoke(NativeMethodAccessorImpl.java:62)
		at sun.reflect.DelegatingMethodAccessorImpl.invoke(DelegatingMethodAccessorImpl.java:43)
		at java.lang.reflect.Method.invoke(Method.java:498)
		at java.io.ObjectStreamClass.invokeWriteObject(ObjectStreamClass.java:1128)
		at java.io.ObjectOutputStream.writeSerialData(ObjectOutputStream.java:1496)
		at java.io.ObjectOutputStream.writeOrdinaryObject(ObjectOutputStream.java:1432)
		at java.io.ObjectOutputStream.writeObject0(ObjectOutputStream.java:1178)
		at java.io.ObjectOutputStream.writeObject(ObjectOutputStream.java:348)
		at org.apache.catalina.session.StandardSession.doWriteObject(StandardSession.java:1376)
		at org.apache.catalina.session.StandardSession.writeObjectData(StandardSession.java:852)
		at org.apache.catalina.session.StandardManager.doUnload(StandardManager.java:306)
		at org.apache.catalina.session.StandardManager.unload(StandardManager.java:258)
		at org.apache.catalina.session.StandardManager.stopInternal(StandardManager.java:373)
		at org.apache.catalina.util.LifecycleBase.stop(LifecycleBase.java:235)
		at org.apache.catalina.core.StandardContext.stopInternal(StandardContext.java:4723)
		at org.apache.catalina.util.LifecycleBase.stop(LifecycleBase.java:235)
		at org.apache.catalina.manager.ManagerServlet.undeploy(ManagerServlet.java:1404)
		at org.apache.catalina.manager.ManagerServlet.doGet(ManagerServlet.java:332)
		at javax.servlet.http.HttpServlet.service(HttpServlet.java:529)
		at javax.servlet.http.HttpServlet.service(HttpServlet.java:623)
		at org.apache.catalina.core.ApplicationFilterChain.internalDoFilter(ApplicationFilterChain.java:199)
		at org.apache.catalina.core.ApplicationFilterChain.doFilter(ApplicationFilterChain.java:144)
		at org.apache.tomcat.websocket.server.WsFilter.doFilter(WsFilter.java:51)
		at org.apache.catalina.core.ApplicationFilterChain.internalDoFilter(ApplicationFilterChain.java:168)
		at org.apache.catalina.core.ApplicationFilterChain.doFilter(ApplicationFilterChain.java:144)
		at org.apache.catalina.filters.HttpHeaderSecurityFilter.doFilter(HttpHeaderSecurityFilter.java:129)
		at org.apache.catalina.core.ApplicationFilterChain.internalDoFilter(ApplicationFilterChain.java:168)
		at org.apache.catalina.core.ApplicationFilterChain.doFilter(ApplicationFilterChain.java:144)
		at org.apache.catalina.core.StandardWrapperValve.invoke(StandardWrapperValve.java:168)
		at org.apache.catalina.core.StandardContextValve.invoke(StandardContextValve.java:90)
		at org.apache.catalina.authenticator.AuthenticatorBase.invoke(AuthenticatorBase.java:597)
		at org.apache.catalina.valves.RequestFilterValve.process(RequestFilterValve.java:354)
		at org.apache.catalina.valves.RemoteAddrValve.invoke(RemoteAddrValve.java:54)
		at org.apache.catalina.core.StandardHostValve.invoke(StandardHostValve.java:130)
		at org.apache.catalina.valves.ErrorReportValve.invoke(ErrorReportValve.java:93)
		at org.apache.catalina.valves.AbstractAccessLogValve.invoke(AbstractAccessLogValve.java:656)
		at org.apache.catalina.core.StandardEngineValve.invoke(StandardEngineValve.java:74)
		at org.apache.catalina.connector.CoyoteAdapter.service(CoyoteAdapter.java:346)
		at org.apache.coyote.http11.Http11Processor.service(Http11Processor.java:397)
		at org.apache.coyote.AbstractProcessorLight.process(AbstractProcessorLight.java:63)
		at org.apache.coyote.AbstractProtocol$ConnectionHandler.process(AbstractProtocol.java:935)
		at org.apache.tomcat.util.net.NioEndpoint$SocketProcessor.doRun(NioEndpoint.java:1826)
		at org.apache.tomcat.util.net.SocketProcessorBase.run(SocketProcessorBase.java:52)
		at org.apache.tomcat.util.threads.ThreadPoolExecutor.runWorker(ThreadPoolExecutor.java:1189)
		at org.apache.tomcat.util.threads.ThreadPoolExecutor$Worker.run(ThreadPoolExecutor.java:658)
		at org.apache.tomcat.util.threads.TaskThread$WrappingRunnable.run(TaskThread.java:63)
		at java.lang.Thread.run(Thread.java:748)
22-Mar-2026 17:52:21.122 SEVERE [http-nio-8080-exec-131] org.apache.catalina.core.ApplicationDispatcher.invoke Servlet.service() for servlet [jsp] threw exception
	org.apache.jasper.JasperException: Unable to compile class for JSP: 

An error occurred at line: [430] in the jsp file: [/dashboard.jsp]
The method getStatusLabel() is undefined for the type WorkOrderDTO
427:                                             <p class="font-semibold text-slate-800 dark:text-slate-100"><%= workOrder.getProductName() != null ? workOrder.getProductName() : "Lá»‡nh sáº£n xuáº¥t #" + workOrder.getWo_id() %></p>
428:                                             <p class="text-xs text-slate-500 dark:text-slate-400">MÃ£ WO: <%= workOrder.getWo_id() %></p>
429:                                         </div>
430:                                         <span class="rounded-full px-2.5 py-1 text-xs font-semibold <%= "Done".equalsIgnoreCase(workOrder.getStatus()) ? "status-done" : ("InProgress".equalsIgnoreCase(workOrder.getStatus()) ? "status-progress" : "status-new") %>"><%= workOrder.getStatusLabel() %></span>
431:                                     </div>
432:                                 </div>
433:                                 <% } %>


Stacktrace:
		at org.apache.jasper.compiler.DefaultErrorHandler.javacError(DefaultErrorHandler.java:72)
		at org.apache.jasper.compiler.ErrorDispatcher.javacError(ErrorDispatcher.java:192)
		at org.apache.jasper.compiler.JDTCompiler.generateClass(JDTCompiler.java:573)
		at org.apache.jasper.compiler.Compiler.compile(Compiler.java:372)
		at org.apache.jasper.compiler.Compiler.compile(Compiler.java:344)
		at org.apache.jasper.compiler.Compiler.compile(Compiler.java:330)
		at org.apache.jasper.JspCompilationContext.compile(JspCompilationContext.java:591)
		at org.apache.jasper.servlet.JspServletWrapper.service(JspServletWrapper.java:379)
		at org.apache.jasper.servlet.JspServlet.serviceJspFile(JspServlet.java:356)
		at org.apache.jasper.servlet.JspServlet.service(JspServlet.java:307)
		at javax.servlet.http.HttpServlet.service(HttpServlet.java:623)
		at org.apache.catalina.core.ApplicationFilterChain.internalDoFilter(ApplicationFilterChain.java:199)
		at org.apache.catalina.core.ApplicationFilterChain.doFilter(ApplicationFilterChain.java:144)
		at org.apache.tomcat.websocket.server.WsFilter.doFilter(WsFilter.java:51)
		at org.apache.catalina.core.ApplicationFilterChain.internalDoFilter(ApplicationFilterChain.java:168)
		at org.apache.catalina.core.ApplicationFilterChain.doFilter(ApplicationFilterChain.java:144)
		at org.apache.catalina.core.ApplicationDispatcher.invoke(ApplicationDispatcher.java:621)
		at org.apache.catalina.core.ApplicationDispatcher.processRequest(ApplicationDispatcher.java:401)
		at org.apache.catalina.core.ApplicationDispatcher.doForward(ApplicationDispatcher.java:340)
		at org.apache.catalina.core.ApplicationDispatcher.forward(ApplicationDispatcher.java:285)
		at pms.controllers.DashboardController.processRequest(DashboardController.java:31)
		at pms.controllers.DashboardController.doPost(DashboardController.java:77)
		at javax.servlet.http.HttpServlet.service(HttpServlet.java:555)
		at javax.servlet.http.HttpServlet.service(HttpServlet.java:623)
		at org.apache.catalina.core.ApplicationFilterChain.internalDoFilter(ApplicationFilterChain.java:199)
		at org.apache.catalina.core.ApplicationFilterChain.doFilter(ApplicationFilterChain.java:144)
		at org.apache.tomcat.websocket.server.WsFilter.doFilter(WsFilter.java:51)
		at org.apache.catalina.core.ApplicationFilterChain.internalDoFilter(ApplicationFilterChain.java:168)
		at org.apache.catalina.core.ApplicationFilterChain.doFilter(ApplicationFilterChain.java:144)
		at org.apache.catalina.core.ApplicationDispatcher.invoke(ApplicationDispatcher.java:621)
		at org.apache.catalina.core.ApplicationDispatcher.processRequest(ApplicationDispatcher.java:401)
		at org.apache.catalina.core.ApplicationDispatcher.doForward(ApplicationDispatcher.java:340)
		at org.apache.catalina.core.ApplicationDispatcher.forward(ApplicationDispatcher.java:285)
		at pms.controllers.UserController.processRequest(UserController.java:91)
		at pms.controllers.UserController.doPost(UserController.java:456)
		at javax.servlet.http.HttpServlet.service(HttpServlet.java:555)
		at javax.servlet.http.HttpServlet.service(HttpServlet.java:623)
		at org.apache.catalina.core.ApplicationFilterChain.internalDoFilter(ApplicationFilterChain.java:199)
		at org.apache.catalina.core.ApplicationFilterChain.doFilter(ApplicationFilterChain.java:144)
		at org.apache.tomcat.websocket.server.WsFilter.doFilter(WsFilter.java:51)
		at org.apache.catalina.core.ApplicationFilterChain.internalDoFilter(ApplicationFilterChain.java:168)
		at org.apache.catalina.core.ApplicationFilterChain.doFilter(ApplicationFilterChain.java:144)
		at org.apache.catalina.core.ApplicationDispatcher.invoke(ApplicationDispatcher.java:621)
		at org.apache.catalina.core.ApplicationDispatcher.processRequest(ApplicationDispatcher.java:401)
		at org.apache.catalina.core.ApplicationDispatcher.doForward(ApplicationDispatcher.java:340)
		at org.apache.catalina.core.ApplicationDispatcher.forward(ApplicationDispatcher.java:285)
		at pms.controllers.MainController.processRequest(MainController.java:65)
		at pms.controllers.MainController.doPost(MainController.java:78)
		at javax.servlet.http.HttpServlet.service(HttpServlet.java:555)
		at javax.servlet.http.HttpServlet.service(HttpServlet.java:623)
		at org.apache.catalina.core.ApplicationFilterChain.internalDoFilter(ApplicationFilterChain.java:199)
		at org.apache.catalina.core.ApplicationFilterChain.doFilter(ApplicationFilterChain.java:144)
		at org.apache.tomcat.websocket.server.WsFilter.doFilter(WsFilter.java:51)
		at org.apache.catalina.core.ApplicationFilterChain.internalDoFilter(ApplicationFilterChain.java:168)
		at org.apache.catalina.core.ApplicationFilterChain.doFilter(ApplicationFilterChain.java:144)
		at pms.filter.TenantFilter.doFilter(TenantFilter.java:44)
		at org.apache.catalina.core.ApplicationFilterChain.internalDoFilter(ApplicationFilterChain.java:168)
		at org.apache.catalina.core.ApplicationFilterChain.doFilter(ApplicationFilterChain.java:144)
		at pms.filter.PaymentStatusFilter.doFilter(PaymentStatusFilter.java:69)
		at org.apache.catalina.core.ApplicationFilterChain.internalDoFilter(ApplicationFilterChain.java:168)
		at org.apache.catalina.core.ApplicationFilterChain.doFilter(ApplicationFilterChain.java:144)
		at pms.filter.AuthenticationFilter.doFilter(AuthenticationFilter.java:64)
		at org.apache.catalina.core.ApplicationFilterChain.internalDoFilter(ApplicationFilterChain.java:168)
		at org.apache.catalina.core.ApplicationFilterChain.doFilter(ApplicationFilterChain.java:144)
		at pms.filter.EncodingFilter.doFilter(EncodingFilter.java:43)
		at org.apache.catalina.core.ApplicationFilterChain.internalDoFilter(ApplicationFilterChain.java:168)
		at org.apache.catalina.core.ApplicationFilterChain.doFilter(ApplicationFilterChain.java:144)
		at org.apache.catalina.core.StandardWrapperValve.invoke(StandardWrapperValve.java:168)
		at org.apache.catalina.core.StandardContextValve.invoke(StandardContextValve.java:90)
		at org.apache.catalina.authenticator.AuthenticatorBase.invoke(AuthenticatorBase.java:482)
		at org.apache.catalina.core.StandardHostValve.invoke(StandardHostValve.java:130)
		at org.apache.catalina.valves.ErrorReportValve.invoke(ErrorReportValve.java:93)
		at org.apache.catalina.valves.AbstractAccessLogValve.invoke(AbstractAccessLogValve.java:656)
		at org.apache.catalina.core.StandardEngineValve.invoke(StandardEngineValve.java:74)
		at org.apache.catalina.connector.CoyoteAdapter.service(CoyoteAdapter.java:346)
		at org.apache.coyote.http11.Http11Processor.service(Http11Processor.java:397)
		at org.apache.coyote.AbstractProcessorLight.process(AbstractProcessorLight.java:63)
		at org.apache.coyote.AbstractProtocol$ConnectionHandler.process(AbstractProtocol.java:935)
		at org.apache.tomcat.util.net.NioEndpoint$SocketProcessor.doRun(NioEndpoint.java:1826)
		at org.apache.tomcat.util.net.SocketProcessorBase.run(SocketProcessorBase.java:52)
		at org.apache.tomcat.util.threads.ThreadPoolExecutor.runWorker(ThreadPoolExecutor.java:1189)
		at org.apache.tomcat.util.threads.ThreadPoolExecutor$Worker.run(ThreadPoolExecutor.java:658)
		at org.apache.tomcat.util.threads.TaskThread$WrappingRunnable.run(TaskThread.java:63)
		at java.lang.Thread.run(Thread.java:748)
22-Mar-2026 17:52:21.124 SEVERE [http-nio-8080-exec-131] org.apache.catalina.core.ApplicationDispatcher.invoke Servlet.service() for servlet [DashboardController] threw exception
	org.apache.jasper.JasperException: Unable to compile class for JSP: 

An error occurred at line: [430] in the jsp file: [/dashboard.jsp]
The method getStatusLabel() is undefined for the type WorkOrderDTO
427:                                             <p class="font-semibold text-slate-800 dark:text-slate-100"><%= workOrder.getProductName() != null ? workOrder.getProductName() : "Lá»‡nh sáº£n xuáº¥t #" + workOrder.getWo_id() %></p>
428:                                             <p class="text-xs text-slate-500 dark:text-slate-400">MÃ£ WO: <%= workOrder.getWo_id() %></p>
429:                                         </div>
430:                                         <span class="rounded-full px-2.5 py-1 text-xs font-semibold <%= "Done".equalsIgnoreCase(workOrder.getStatus()) ? "status-done" : ("InProgress".equalsIgnoreCase(workOrder.getStatus()) ? "status-progress" : "status-new") %>"><%= workOrder.getStatusLabel() %></span>
431:                                     </div>
432:                                 </div>
433:                                 <% } %>


Stacktrace:
		at org.apache.jasper.compiler.DefaultErrorHandler.javacError(DefaultErrorHandler.java:72)
		at org.apache.jasper.compiler.ErrorDispatcher.javacError(ErrorDispatcher.java:192)
		at org.apache.jasper.compiler.JDTCompiler.generateClass(JDTCompiler.java:573)
		at org.apache.jasper.compiler.Compiler.compile(Compiler.java:372)
		at org.apache.jasper.compiler.Compiler.compile(Compiler.java:344)
		at org.apache.jasper.compiler.Compiler.compile(Compiler.java:330)
		at org.apache.jasper.JspCompilationContext.compile(JspCompilationContext.java:591)
		at org.apache.jasper.servlet.JspServletWrapper.service(JspServletWrapper.java:379)
		at org.apache.jasper.servlet.JspServlet.serviceJspFile(JspServlet.java:356)
		at org.apache.jasper.servlet.JspServlet.service(JspServlet.java:307)
		at javax.servlet.http.HttpServlet.service(HttpServlet.java:623)
		at org.apache.catalina.core.ApplicationFilterChain.internalDoFilter(ApplicationFilterChain.java:199)
		at org.apache.catalina.core.ApplicationFilterChain.doFilter(ApplicationFilterChain.java:144)
		at org.apache.tomcat.websocket.server.WsFilter.doFilter(WsFilter.java:51)
		at org.apache.catalina.core.ApplicationFilterChain.internalDoFilter(ApplicationFilterChain.java:168)
		at org.apache.catalina.core.ApplicationFilterChain.doFilter(ApplicationFilterChain.java:144)
		at org.apache.catalina.core.ApplicationDispatcher.invoke(ApplicationDispatcher.java:621)
		at org.apache.catalina.core.ApplicationDispatcher.processRequest(ApplicationDispatcher.java:401)
		at org.apache.catalina.core.ApplicationDispatcher.doForward(ApplicationDispatcher.java:340)
		at org.apache.catalina.core.ApplicationDispatcher.forward(ApplicationDispatcher.java:285)
		at pms.controllers.DashboardController.processRequest(DashboardController.java:31)
		at pms.controllers.DashboardController.doPost(DashboardController.java:77)
		at javax.servlet.http.HttpServlet.service(HttpServlet.java:555)
		at javax.servlet.http.HttpServlet.service(HttpServlet.java:623)
		at org.apache.catalina.core.ApplicationFilterChain.internalDoFilter(ApplicationFilterChain.java:199)
		at org.apache.catalina.core.ApplicationFilterChain.doFilter(ApplicationFilterChain.java:144)
		at org.apache.tomcat.websocket.server.WsFilter.doFilter(WsFilter.java:51)
		at org.apache.catalina.core.ApplicationFilterChain.internalDoFilter(ApplicationFilterChain.java:168)
		at org.apache.catalina.core.ApplicationFilterChain.doFilter(ApplicationFilterChain.java:144)
		at org.apache.catalina.core.ApplicationDispatcher.invoke(ApplicationDispatcher.java:621)
		at org.apache.catalina.core.ApplicationDispatcher.processRequest(ApplicationDispatcher.java:401)
		at org.apache.catalina.core.ApplicationDispatcher.doForward(ApplicationDispatcher.java:340)
		at org.apache.catalina.core.ApplicationDispatcher.forward(ApplicationDispatcher.java:285)
		at pms.controllers.UserController.processRequest(UserController.java:91)
		at pms.controllers.UserController.doPost(UserController.java:456)
		at javax.servlet.http.HttpServlet.service(HttpServlet.java:555)
		at javax.servlet.http.HttpServlet.service(HttpServlet.java:623)
		at org.apache.catalina.core.ApplicationFilterChain.internalDoFilter(ApplicationFilterChain.java:199)
		at org.apache.catalina.core.ApplicationFilterChain.doFilter(ApplicationFilterChain.java:144)
		at org.apache.tomcat.websocket.server.WsFilter.doFilter(WsFilter.java:51)
		at org.apache.catalina.core.ApplicationFilterChain.internalDoFilter(ApplicationFilterChain.java:168)
		at org.apache.catalina.core.ApplicationFilterChain.doFilter(ApplicationFilterChain.java:144)
		at org.apache.catalina.core.ApplicationDispatcher.invoke(ApplicationDispatcher.java:621)
		at org.apache.catalina.core.ApplicationDispatcher.processRequest(ApplicationDispatcher.java:401)
		at org.apache.catalina.core.ApplicationDispatcher.doForward(ApplicationDispatcher.java:340)
		at org.apache.catalina.core.ApplicationDispatcher.forward(ApplicationDispatcher.java:285)
		at pms.controllers.MainController.processRequest(MainController.java:65)
		at pms.controllers.MainController.doPost(MainController.java:78)
		at javax.servlet.http.HttpServlet.service(HttpServlet.java:555)
		at javax.servlet.http.HttpServlet.service(HttpServlet.java:623)
		at org.apache.catalina.core.ApplicationFilterChain.internalDoFilter(ApplicationFilterChain.java:199)
		at org.apache.catalina.core.ApplicationFilterChain.doFilter(ApplicationFilterChain.java:144)
		at org.apache.tomcat.websocket.server.WsFilter.doFilter(WsFilter.java:51)
		at org.apache.catalina.core.ApplicationFilterChain.internalDoFilter(ApplicationFilterChain.java:168)
		at org.apache.catalina.core.ApplicationFilterChain.doFilter(ApplicationFilterChain.java:144)
		at pms.filter.TenantFilter.doFilter(TenantFilter.java:44)
		at org.apache.catalina.core.ApplicationFilterChain.internalDoFilter(ApplicationFilterChain.java:168)
		at org.apache.catalina.core.ApplicationFilterChain.doFilter(ApplicationFilterChain.java:144)
		at pms.filter.PaymentStatusFilter.doFilter(PaymentStatusFilter.java:69)
		at org.apache.catalina.core.ApplicationFilterChain.internalDoFilter(ApplicationFilterChain.java:168)
		at org.apache.catalina.core.ApplicationFilterChain.doFilter(ApplicationFilterChain.java:144)
		at pms.filter.AuthenticationFilter.doFilter(AuthenticationFilter.java:64)
		at org.apache.catalina.core.ApplicationFilterChain.internalDoFilter(ApplicationFilterChain.java:168)
		at org.apache.catalina.core.ApplicationFilterChain.doFilter(ApplicationFilterChain.java:144)
		at pms.filter.EncodingFilter.doFilter(EncodingFilter.java:43)
		at org.apache.catalina.core.ApplicationFilterChain.internalDoFilter(ApplicationFilterChain.java:168)
		at org.apache.catalina.core.ApplicationFilterChain.doFilter(ApplicationFilterChain.java:144)
		at org.apache.catalina.core.StandardWrapperValve.invoke(StandardWrapperValve.java:168)
		at org.apache.catalina.core.StandardContextValve.invoke(StandardContextValve.java:90)
		at org.apache.catalina.authenticator.AuthenticatorBase.invoke(AuthenticatorBase.java:482)
		at org.apache.catalina.core.StandardHostValve.invoke(StandardHostValve.java:130)
		at org.apache.catalina.valves.ErrorReportValve.invoke(ErrorReportValve.java:93)
		at org.apache.catalina.valves.AbstractAccessLogValve.invoke(AbstractAccessLogValve.java:656)
		at org.apache.catalina.core.StandardEngineValve.invoke(StandardEngineValve.java:74)
		at org.apache.catalina.connector.CoyoteAdapter.service(CoyoteAdapter.java:346)
		at org.apache.coyote.http11.Http11Processor.service(Http11Processor.java:397)
		at org.apache.coyote.AbstractProcessorLight.process(AbstractProcessorLight.java:63)
		at org.apache.coyote.AbstractProtocol$ConnectionHandler.process(AbstractProtocol.java:935)
		at org.apache.tomcat.util.net.NioEndpoint$SocketProcessor.doRun(NioEndpoint.java:1826)
		at org.apache.tomcat.util.net.SocketProcessorBase.run(SocketProcessorBase.java:52)
		at org.apache.tomcat.util.threads.ThreadPoolExecutor.runWorker(ThreadPoolExecutor.java:1189)
		at org.apache.tomcat.util.threads.ThreadPoolExecutor$Worker.run(ThreadPoolExecutor.java:658)
		at org.apache.tomcat.util.threads.TaskThread$WrappingRunnable.run(TaskThread.java:63)
		at java.lang.Thread.run(Thread.java:748)
22-Mar-2026 17:52:21.126 SEVERE [http-nio-8080-exec-131] org.apache.catalina.core.ApplicationDispatcher.invoke Servlet.service() for servlet [UserController] threw exception
	org.apache.jasper.JasperException: Unable to compile class for JSP: 

An error occurred at line: [430] in the jsp file: [/dashboard.jsp]
The method getStatusLabel() is undefined for the type WorkOrderDTO
427:                                             <p class="font-semibold text-slate-800 dark:text-slate-100"><%= workOrder.getProductName() != null ? workOrder.getProductName() : "Lá»‡nh sáº£n xuáº¥t #" + workOrder.getWo_id() %></p>
428:                                             <p class="text-xs text-slate-500 dark:text-slate-400">MÃ£ WO: <%= workOrder.getWo_id() %></p>
429:                                         </div>
430:                                         <span class="rounded-full px-2.5 py-1 text-xs font-semibold <%= "Done".equalsIgnoreCase(workOrder.getStatus()) ? "status-done" : ("InProgress".equalsIgnoreCase(workOrder.getStatus()) ? "status-progress" : "status-new") %>"><%= workOrder.getStatusLabel() %></span>
431:                                     </div>
432:                                 </div>
433:                                 <% } %>


Stacktrace:
		at org.apache.jasper.compiler.DefaultErrorHandler.javacError(DefaultErrorHandler.java:72)
		at org.apache.jasper.compiler.ErrorDispatcher.javacError(ErrorDispatcher.java:192)
		at org.apache.jasper.compiler.JDTCompiler.generateClass(JDTCompiler.java:573)
		at org.apache.jasper.compiler.Compiler.compile(Compiler.java:372)
		at org.apache.jasper.compiler.Compiler.compile(Compiler.java:344)
		at org.apache.jasper.compiler.Compiler.compile(Compiler.java:330)
		at org.apache.jasper.JspCompilationContext.compile(JspCompilationContext.java:591)
		at org.apache.jasper.servlet.JspServletWrapper.service(JspServletWrapper.java:379)
		at org.apache.jasper.servlet.JspServlet.serviceJspFile(JspServlet.java:356)
		at org.apache.jasper.servlet.JspServlet.service(JspServlet.java:307)
		at javax.servlet.http.HttpServlet.service(HttpServlet.java:623)
		at org.apache.catalina.core.ApplicationFilterChain.internalDoFilter(ApplicationFilterChain.java:199)
		at org.apache.catalina.core.ApplicationFilterChain.doFilter(ApplicationFilterChain.java:144)
		at org.apache.tomcat.websocket.server.WsFilter.doFilter(WsFilter.java:51)
		at org.apache.catalina.core.ApplicationFilterChain.internalDoFilter(ApplicationFilterChain.java:168)
		at org.apache.catalina.core.ApplicationFilterChain.doFilter(ApplicationFilterChain.java:144)
		at org.apache.catalina.core.ApplicationDispatcher.invoke(ApplicationDispatcher.java:621)
		at org.apache.catalina.core.ApplicationDispatcher.processRequest(ApplicationDispatcher.java:401)
		at org.apache.catalina.core.ApplicationDispatcher.doForward(ApplicationDispatcher.java:340)
		at org.apache.catalina.core.ApplicationDispatcher.forward(ApplicationDispatcher.java:285)
		at pms.controllers.DashboardController.processRequest(DashboardController.java:31)
		at pms.controllers.DashboardController.doPost(DashboardController.java:77)
		at javax.servlet.http.HttpServlet.service(HttpServlet.java:555)
		at javax.servlet.http.HttpServlet.service(HttpServlet.java:623)
		at org.apache.catalina.core.ApplicationFilterChain.internalDoFilter(ApplicationFilterChain.java:199)
		at org.apache.catalina.core.ApplicationFilterChain.doFilter(ApplicationFilterChain.java:144)
		at org.apache.tomcat.websocket.server.WsFilter.doFilter(WsFilter.java:51)
		at org.apache.catalina.core.ApplicationFilterChain.internalDoFilter(ApplicationFilterChain.java:168)
		at org.apache.catalina.core.ApplicationFilterChain.doFilter(ApplicationFilterChain.java:144)
		at org.apache.catalina.core.ApplicationDispatcher.invoke(ApplicationDispatcher.java:621)
		at org.apache.catalina.core.ApplicationDispatcher.processRequest(ApplicationDispatcher.java:401)
		at org.apache.catalina.core.ApplicationDispatcher.doForward(ApplicationDispatcher.java:340)
		at org.apache.catalina.core.ApplicationDispatcher.forward(ApplicationDispatcher.java:285)
		at pms.controllers.UserController.processRequest(UserController.java:91)
		at pms.controllers.UserController.doPost(UserController.java:456)
		at javax.servlet.http.HttpServlet.service(HttpServlet.java:555)
		at javax.servlet.http.HttpServlet.service(HttpServlet.java:623)
		at org.apache.catalina.core.ApplicationFilterChain.internalDoFilter(ApplicationFilterChain.java:199)
		at org.apache.catalina.core.ApplicationFilterChain.doFilter(ApplicationFilterChain.java:144)
		at org.apache.tomcat.websocket.server.WsFilter.doFilter(WsFilter.java:51)
		at org.apache.catalina.core.ApplicationFilterChain.internalDoFilter(ApplicationFilterChain.java:168)
		at org.apache.catalina.core.ApplicationFilterChain.doFilter(ApplicationFilterChain.java:144)
		at org.apache.catalina.core.ApplicationDispatcher.invoke(ApplicationDispatcher.java:621)
		at org.apache.catalina.core.ApplicationDispatcher.processRequest(ApplicationDispatcher.java:401)
		at org.apache.catalina.core.ApplicationDispatcher.doForward(ApplicationDispatcher.java:340)
		at org.apache.catalina.core.ApplicationDispatcher.forward(ApplicationDispatcher.java:285)
		at pms.controllers.MainController.processRequest(MainController.java:65)
		at pms.controllers.MainController.doPost(MainController.java:78)
		at javax.servlet.http.HttpServlet.service(HttpServlet.java:555)
		at javax.servlet.http.HttpServlet.service(HttpServlet.java:623)
		at org.apache.catalina.core.ApplicationFilterChain.internalDoFilter(ApplicationFilterChain.java:199)
		at org.apache.catalina.core.ApplicationFilterChain.doFilter(ApplicationFilterChain.java:144)
		at org.apache.tomcat.websocket.server.WsFilter.doFilter(WsFilter.java:51)
		at org.apache.catalina.core.ApplicationFilterChain.internalDoFilter(ApplicationFilterChain.java:168)
		at org.apache.catalina.core.ApplicationFilterChain.doFilter(ApplicationFilterChain.java:144)
		at pms.filter.TenantFilter.doFilter(TenantFilter.java:44)
		at org.apache.catalina.core.ApplicationFilterChain.internalDoFilter(ApplicationFilterChain.java:168)
		at org.apache.catalina.core.ApplicationFilterChain.doFilter(ApplicationFilterChain.java:144)
		at pms.filter.PaymentStatusFilter.doFilter(PaymentStatusFilter.java:69)
		at org.apache.catalina.core.ApplicationFilterChain.internalDoFilter(ApplicationFilterChain.java:168)
		at org.apache.catalina.core.ApplicationFilterChain.doFilter(ApplicationFilterChain.java:144)
		at pms.filter.AuthenticationFilter.doFilter(AuthenticationFilter.java:64)
		at org.apache.catalina.core.ApplicationFilterChain.internalDoFilter(ApplicationFilterChain.java:168)
		at org.apache.catalina.core.ApplicationFilterChain.doFilter(ApplicationFilterChain.java:144)
		at pms.filter.EncodingFilter.doFilter(EncodingFilter.java:43)
		at org.apache.catalina.core.ApplicationFilterChain.internalDoFilter(ApplicationFilterChain.java:168)
		at org.apache.catalina.core.ApplicationFilterChain.doFilter(ApplicationFilterChain.java:144)
		at org.apache.catalina.core.StandardWrapperValve.invoke(StandardWrapperValve.java:168)
		at org.apache.catalina.core.StandardContextValve.invoke(StandardContextValve.java:90)
		at org.apache.catalina.authenticator.AuthenticatorBase.invoke(AuthenticatorBase.java:482)
		at org.apache.catalina.core.StandardHostValve.invoke(StandardHostValve.java:130)
		at org.apache.catalina.valves.ErrorReportValve.invoke(ErrorReportValve.java:93)
		at org.apache.catalina.valves.AbstractAccessLogValve.invoke(AbstractAccessLogValve.java:656)
		at org.apache.catalina.core.StandardEngineValve.invoke(StandardEngineValve.java:74)
		at org.apache.catalina.connector.CoyoteAdapter.service(CoyoteAdapter.java:346)
		at org.apache.coyote.http11.Http11Processor.service(Http11Processor.java:397)
		at org.apache.coyote.AbstractProcessorLight.process(AbstractProcessorLight.java:63)
		at org.apache.coyote.AbstractProtocol$ConnectionHandler.process(AbstractProtocol.java:935)
		at org.apache.tomcat.util.net.NioEndpoint$SocketProcessor.doRun(NioEndpoint.java:1826)
		at org.apache.tomcat.util.net.SocketProcessorBase.run(SocketProcessorBase.java:52)
		at org.apache.tomcat.util.threads.ThreadPoolExecutor.runWorker(ThreadPoolExecutor.java:1189)
		at org.apache.tomcat.util.threads.ThreadPoolExecutor$Worker.run(ThreadPoolExecutor.java:658)
		at org.apache.tomcat.util.threads.TaskThread$WrappingRunnable.run(TaskThread.java:63)
		at java.lang.Thread.run(Thread.java:748)
22-Mar-2026 17:52:21.127 SEVERE [http-nio-8080-exec-131] org.apache.catalina.core.StandardWrapperValve.invoke Servlet.service() for servlet [MainController] in context with path [/production-management-system] threw exception [Unable to compile class for JSP: 

An error occurred at line: [430] in the jsp file: [/dashboard.jsp]
The method getStatusLabel() is undefined for the type WorkOrderDTO
427:                                             <p class="font-semibold text-slate-800 dark:text-slate-100"><%= workOrder.getProductName() != null ? workOrder.getProductName() : "Lá»‡nh sáº£n xuáº¥t #" + workOrder.getWo_id() %></p>
428:                                             <p class="text-xs text-slate-500 dark:text-slate-400">MÃ£ WO: <%= workOrder.getWo_id() %></p>
429:                                         </div>
430:                                         <span class="rounded-full px-2.5 py-1 text-xs font-semibold <%= "Done".equalsIgnoreCase(workOrder.getStatus()) ? "status-done" : ("InProgress".equalsIgnoreCase(workOrder.getStatus()) ? "status-progress" : "status-new") %>"><%= workOrder.getStatusLabel() %></span>
431:                                     </div>
432:                                 </div>
433:                                 <% } %>


Stacktrace:] with root cause
	org.apache.jasper.JasperException: Unable to compile class for JSP: 

An error occurred at line: [430] in the jsp file: [/dashboard.jsp]
The method getStatusLabel() is undefined for the type WorkOrderDTO
427:                                             <p class="font-semibold text-slate-800 dark:text-slate-100"><%= workOrder.getProductName() != null ? workOrder.getProductName() : "Lá»‡nh sáº£n xuáº¥t #" + workOrder.getWo_id() %></p>
428:                                             <p class="text-xs text-slate-500 dark:text-slate-400">MÃ£ WO: <%= workOrder.getWo_id() %></p>
429:                                         </div>
430:                                         <span class="rounded-full px-2.5 py-1 text-xs font-semibold <%= "Done".equalsIgnoreCase(workOrder.getStatus()) ? "status-done" : ("InProgress".equalsIgnoreCase(workOrder.getStatus()) ? "status-progress" : "status-new") %>"><%= workOrder.getStatusLabel() %></span>
431:                                     </div>
432:                                 </div>
433:                                 <% } %>


Stacktrace:
		at org.apache.jasper.compiler.DefaultErrorHandler.javacError(DefaultErrorHandler.java:72)
		at org.apache.jasper.compiler.ErrorDispatcher.javacError(ErrorDispatcher.java:192)
		at org.apache.jasper.compiler.JDTCompiler.generateClass(JDTCompiler.java:573)
		at org.apache.jasper.compiler.Compiler.compile(Compiler.java:372)
		at org.apache.jasper.compiler.Compiler.compile(Compiler.java:344)
		at org.apache.jasper.compiler.Compiler.compile(Compiler.java:330)
		at org.apache.jasper.JspCompilationContext.compile(JspCompilationContext.java:591)
		at org.apache.jasper.servlet.JspServletWrapper.service(JspServletWrapper.java:379)
		at org.apache.jasper.servlet.JspServlet.serviceJspFile(JspServlet.java:356)
		at org.apache.jasper.servlet.JspServlet.service(JspServlet.java:307)
		at javax.servlet.http.HttpServlet.service(HttpServlet.java:623)
		at org.apache.catalina.core.ApplicationFilterChain.internalDoFilter(ApplicationFilterChain.java:199)
		at org.apache.catalina.core.ApplicationFilterChain.doFilter(ApplicationFilterChain.java:144)
		at org.apache.tomcat.websocket.server.WsFilter.doFilter(WsFilter.java:51)
		at org.apache.catalina.core.ApplicationFilterChain.internalDoFilter(ApplicationFilterChain.java:168)
		at org.apache.catalina.core.ApplicationFilterChain.doFilter(ApplicationFilterChain.java:144)
		at org.apache.catalina.core.ApplicationDispatcher.invoke(ApplicationDispatcher.java:621)
		at org.apache.catalina.core.ApplicationDispatcher.processRequest(ApplicationDispatcher.java:401)
		at org.apache.catalina.core.ApplicationDispatcher.doForward(ApplicationDispatcher.java:340)
		at org.apache.catalina.core.ApplicationDispatcher.forward(ApplicationDispatcher.java:285)
		at pms.controllers.DashboardController.processRequest(DashboardController.java:31)
		at pms.controllers.DashboardController.doPost(DashboardController.java:77)
		at javax.servlet.http.HttpServlet.service(HttpServlet.java:555)
		at javax.servlet.http.HttpServlet.service(HttpServlet.java:623)
		at org.apache.catalina.core.ApplicationFilterChain.internalDoFilter(ApplicationFilterChain.java:199)
		at org.apache.catalina.core.ApplicationFilterChain.doFilter(ApplicationFilterChain.java:144)
		at org.apache.tomcat.websocket.server.WsFilter.doFilter(WsFilter.java:51)
		at org.apache.catalina.core.ApplicationFilterChain.internalDoFilter(ApplicationFilterChain.java:168)
		at org.apache.catalina.core.ApplicationFilterChain.doFilter(ApplicationFilterChain.java:144)
		at org.apache.catalina.core.ApplicationDispatcher.invoke(ApplicationDispatcher.java:621)
		at org.apache.catalina.core.ApplicationDispatcher.processRequest(ApplicationDispatcher.java:401)
		at org.apache.catalina.core.ApplicationDispatcher.doForward(ApplicationDispatcher.java:340)
		at org.apache.catalina.core.ApplicationDispatcher.forward(ApplicationDispatcher.java:285)
		at pms.controllers.UserController.processRequest(UserController.java:91)
		at pms.controllers.UserController.doPost(UserController.java:456)
		at javax.servlet.http.HttpServlet.service(HttpServlet.java:555)
		at javax.servlet.http.HttpServlet.service(HttpServlet.java:623)
		at org.apache.catalina.core.ApplicationFilterChain.internalDoFilter(ApplicationFilterChain.java:199)
		at org.apache.catalina.core.ApplicationFilterChain.doFilter(ApplicationFilterChain.java:144)
		at org.apache.tomcat.websocket.server.WsFilter.doFilter(WsFilter.java:51)
		at org.apache.catalina.core.ApplicationFilterChain.internalDoFilter(ApplicationFilterChain.java:168)
		at org.apache.catalina.core.ApplicationFilterChain.doFilter(ApplicationFilterChain.java:144)
		at org.apache.catalina.core.ApplicationDispatcher.invoke(ApplicationDispatcher.java:621)
		at org.apache.catalina.core.ApplicationDispatcher.processRequest(ApplicationDispatcher.java:401)
		at org.apache.catalina.core.ApplicationDispatcher.doForward(ApplicationDispatcher.java:340)
		at org.apache.catalina.core.ApplicationDispatcher.forward(ApplicationDispatcher.java:285)
		at pms.controllers.MainController.processRequest(MainController.java:65)
		at pms.controllers.MainController.doPost(MainController.java:78)
		at javax.servlet.http.HttpServlet.service(HttpServlet.java:555)
		at javax.servlet.http.HttpServlet.service(HttpServlet.java:623)
		at org.apache.catalina.core.ApplicationFilterChain.internalDoFilter(ApplicationFilterChain.java:199)
		at org.apache.catalina.core.ApplicationFilterChain.doFilter(ApplicationFilterChain.java:144)
		at org.apache.tomcat.websocket.server.WsFilter.doFilter(WsFilter.java:51)
		at org.apache.catalina.core.ApplicationFilterChain.internalDoFilter(ApplicationFilterChain.java:168)
		at org.apache.catalina.core.ApplicationFilterChain.doFilter(ApplicationFilterChain.java:144)
		at pms.filter.TenantFilter.doFilter(TenantFilter.java:44)
		at org.apache.catalina.core.ApplicationFilterChain.internalDoFilter(ApplicationFilterChain.java:168)
		at org.apache.catalina.core.ApplicationFilterChain.doFilter(ApplicationFilterChain.java:144)
		at pms.filter.PaymentStatusFilter.doFilter(PaymentStatusFilter.java:69)
		at org.apache.catalina.core.ApplicationFilterChain.internalDoFilter(ApplicationFilterChain.java:168)
		at org.apache.catalina.core.ApplicationFilterChain.doFilter(ApplicationFilterChain.java:144)
		at pms.filter.AuthenticationFilter.doFilter(AuthenticationFilter.java:64)
		at org.apache.catalina.core.ApplicationFilterChain.internalDoFilter(ApplicationFilterChain.java:168)
		at org.apache.catalina.core.ApplicationFilterChain.doFilter(ApplicationFilterChain.java:144)
		at pms.filter.EncodingFilter.doFilter(EncodingFilter.java:43)
		at org.apache.catalina.core.ApplicationFilterChain.internalDoFilter(ApplicationFilterChain.java:168)
		at org.apache.catalina.core.ApplicationFilterChain.doFilter(ApplicationFilterChain.java:144)
		at org.apache.catalina.core.StandardWrapperValve.invoke(StandardWrapperValve.java:168)
		at org.apache.catalina.core.StandardContextValve.invoke(StandardContextValve.java:90)
		at org.apache.catalina.authenticator.AuthenticatorBase.invoke(AuthenticatorBase.java:482)
		at org.apache.catalina.core.StandardHostValve.invoke(StandardHostValve.java:130)
		at org.apache.catalina.valves.ErrorReportValve.invoke(ErrorReportValve.java:93)
		at org.apache.catalina.valves.AbstractAccessLogValve.invoke(AbstractAccessLogValve.java:656)
		at org.apache.catalina.core.StandardEngineValve.invoke(StandardEngineValve.java:74)
		at org.apache.catalina.connector.CoyoteAdapter.service(CoyoteAdapter.java:346)
		at org.apache.coyote.http11.Http11Processor.service(Http11Processor.java:397)
		at org.apache.coyote.AbstractProcessorLight.process(AbstractProcessorLight.java:63)
		at org.apache.coyote.AbstractProtocol$ConnectionHandler.process(AbstractProtocol.java:935)
		at org.apache.tomcat.util.net.NioEndpoint$SocketProcessor.doRun(NioEndpoint.java:1826)
		at org.apache.tomcat.util.net.SocketProcessorBase.run(SocketProcessorBase.java:52)
		at org.apache.tomcat.util.threads.ThreadPoolExecutor.runWorker(ThreadPoolExecutor.java:1189)
		at org.apache.tomcat.util.threads.ThreadPoolExecutor$Worker.run(ThreadPoolExecutor.java:658)
		at org.apache.tomcat.util.threads.TaskThread$WrappingRunnable.run(TaskThread.java:63)
		at java.lang.Thread.run(Thread.java:748)
22-Mar-2026 17:52:45.483 SEVERE [http-nio-8080-exec-139] org.apache.catalina.core.ApplicationDispatcher.invoke Servlet.service() for servlet [jsp] threw exception
	org.apache.jasper.JasperException: Unable to compile class for JSP: 

An error occurred at line: [430] in the jsp file: [/dashboard.jsp]
The method getStatusLabel() is undefined for the type WorkOrderDTO
427:                                             <p class="font-semibold text-slate-800 dark:text-slate-100"><%= workOrder.getProductName() != null ? workOrder.getProductName() : "Lá»‡nh sáº£n xuáº¥t #" + workOrder.getWo_id() %></p>
428:                                             <p class="text-xs text-slate-500 dark:text-slate-400">MÃ£ WO: <%= workOrder.getWo_id() %></p>
429:                                         </div>
430:                                         <span class="rounded-full px-2.5 py-1 text-xs font-semibold <%= "Done".equalsIgnoreCase(workOrder.getStatus()) ? "status-done" : ("InProgress".equalsIgnoreCase(workOrder.getStatus()) ? "status-progress" : "status-new") %>"><%= workOrder.getStatusLabel() %></span>
431:                                     </div>
432:                                 </div>
433:                                 <% } %>


Stacktrace:
		at org.apache.jasper.compiler.DefaultErrorHandler.javacError(DefaultErrorHandler.java:72)
		at org.apache.jasper.compiler.ErrorDispatcher.javacError(ErrorDispatcher.java:192)
		at org.apache.jasper.compiler.JDTCompiler.generateClass(JDTCompiler.java:573)
		at org.apache.jasper.compiler.Compiler.compile(Compiler.java:372)
		at org.apache.jasper.compiler.Compiler.compile(Compiler.java:344)
		at org.apache.jasper.compiler.Compiler.compile(Compiler.java:330)
		at org.apache.jasper.JspCompilationContext.compile(JspCompilationContext.java:591)
		at org.apache.jasper.servlet.JspServletWrapper.service(JspServletWrapper.java:379)
		at org.apache.jasper.servlet.JspServlet.serviceJspFile(JspServlet.java:356)
		at org.apache.jasper.servlet.JspServlet.service(JspServlet.java:307)
		at javax.servlet.http.HttpServlet.service(HttpServlet.java:623)
		at org.apache.catalina.core.ApplicationFilterChain.internalDoFilter(ApplicationFilterChain.java:199)
		at org.apache.catalina.core.ApplicationFilterChain.doFilter(ApplicationFilterChain.java:144)
		at org.apache.tomcat.websocket.server.WsFilter.doFilter(WsFilter.java:51)
		at org.apache.catalina.core.ApplicationFilterChain.internalDoFilter(ApplicationFilterChain.java:168)
		at org.apache.catalina.core.ApplicationFilterChain.doFilter(ApplicationFilterChain.java:144)
		at org.apache.catalina.core.ApplicationDispatcher.invoke(ApplicationDispatcher.java:621)
		at org.apache.catalina.core.ApplicationDispatcher.processRequest(ApplicationDispatcher.java:401)
		at org.apache.catalina.core.ApplicationDispatcher.doForward(ApplicationDispatcher.java:340)
		at org.apache.catalina.core.ApplicationDispatcher.forward(ApplicationDispatcher.java:285)
		at pms.controllers.DashboardController.processRequest(DashboardController.java:31)
		at pms.controllers.DashboardController.doPost(DashboardController.java:77)
		at javax.servlet.http.HttpServlet.service(HttpServlet.java:555)
		at javax.servlet.http.HttpServlet.service(HttpServlet.java:623)
		at org.apache.catalina.core.ApplicationFilterChain.internalDoFilter(ApplicationFilterChain.java:199)
		at org.apache.catalina.core.ApplicationFilterChain.doFilter(ApplicationFilterChain.java:144)
		at org.apache.tomcat.websocket.server.WsFilter.doFilter(WsFilter.java:51)
		at org.apache.catalina.core.ApplicationFilterChain.internalDoFilter(ApplicationFilterChain.java:168)
		at org.apache.catalina.core.ApplicationFilterChain.doFilter(ApplicationFilterChain.java:144)
		at org.apache.catalina.core.ApplicationDispatcher.invoke(ApplicationDispatcher.java:621)
		at org.apache.catalina.core.ApplicationDispatcher.processRequest(ApplicationDispatcher.java:401)
		at org.apache.catalina.core.ApplicationDispatcher.doForward(ApplicationDispatcher.java:340)
		at org.apache.catalina.core.ApplicationDispatcher.forward(ApplicationDispatcher.java:285)
		at pms.controllers.UserController.processRequest(UserController.java:91)
		at pms.controllers.UserController.doPost(UserController.java:456)
		at javax.servlet.http.HttpServlet.service(HttpServlet.java:555)
		at javax.servlet.http.HttpServlet.service(HttpServlet.java:623)
		at org.apache.catalina.core.ApplicationFilterChain.internalDoFilter(ApplicationFilterChain.java:199)
		at org.apache.catalina.core.ApplicationFilterChain.doFilter(ApplicationFilterChain.java:144)
		at org.apache.tomcat.websocket.server.WsFilter.doFilter(WsFilter.java:51)
		at org.apache.catalina.core.ApplicationFilterChain.internalDoFilter(ApplicationFilterChain.java:168)
		at org.apache.catalina.core.ApplicationFilterChain.doFilter(ApplicationFilterChain.java:144)
		at org.apache.catalina.core.ApplicationDispatcher.invoke(ApplicationDispatcher.java:621)
		at org.apache.catalina.core.ApplicationDispatcher.processRequest(ApplicationDispatcher.java:401)
		at org.apache.catalina.core.ApplicationDispatcher.doForward(ApplicationDispatcher.java:340)
		at org.apache.catalina.core.ApplicationDispatcher.forward(ApplicationDispatcher.java:285)
		at pms.controllers.MainController.processRequest(MainController.java:65)
		at pms.controllers.MainController.doPost(MainController.java:78)
		at javax.servlet.http.HttpServlet.service(HttpServlet.java:555)
		at javax.servlet.http.HttpServlet.service(HttpServlet.java:623)
		at org.apache.catalina.core.ApplicationFilterChain.internalDoFilter(ApplicationFilterChain.java:199)
		at org.apache.catalina.core.ApplicationFilterChain.doFilter(ApplicationFilterChain.java:144)
		at org.apache.tomcat.websocket.server.WsFilter.doFilter(WsFilter.java:51)
		at org.apache.catalina.core.ApplicationFilterChain.internalDoFilter(ApplicationFilterChain.java:168)
		at org.apache.catalina.core.ApplicationFilterChain.doFilter(ApplicationFilterChain.java:144)
		at pms.filter.TenantFilter.doFilter(TenantFilter.java:44)
		at org.apache.catalina.core.ApplicationFilterChain.internalDoFilter(ApplicationFilterChain.java:168)
		at org.apache.catalina.core.ApplicationFilterChain.doFilter(ApplicationFilterChain.java:144)
		at pms.filter.PaymentStatusFilter.doFilter(PaymentStatusFilter.java:69)
		at org.apache.catalina.core.ApplicationFilterChain.internalDoFilter(ApplicationFilterChain.java:168)
		at org.apache.catalina.core.ApplicationFilterChain.doFilter(ApplicationFilterChain.java:144)
		at pms.filter.AuthenticationFilter.doFilter(AuthenticationFilter.java:64)
		at org.apache.catalina.core.ApplicationFilterChain.internalDoFilter(ApplicationFilterChain.java:168)
		at org.apache.catalina.core.ApplicationFilterChain.doFilter(ApplicationFilterChain.java:144)
		at pms.filter.EncodingFilter.doFilter(EncodingFilter.java:43)
		at org.apache.catalina.core.ApplicationFilterChain.internalDoFilter(ApplicationFilterChain.java:168)
		at org.apache.catalina.core.ApplicationFilterChain.doFilter(ApplicationFilterChain.java:144)
		at org.apache.catalina.core.StandardWrapperValve.invoke(StandardWrapperValve.java:168)
		at org.apache.catalina.core.StandardContextValve.invoke(StandardContextValve.java:90)
		at org.apache.catalina.authenticator.AuthenticatorBase.invoke(AuthenticatorBase.java:482)
		at org.apache.catalina.core.StandardHostValve.invoke(StandardHostValve.java:130)
		at org.apache.catalina.valves.ErrorReportValve.invoke(ErrorReportValve.java:93)
		at org.apache.catalina.valves.AbstractAccessLogValve.invoke(AbstractAccessLogValve.java:656)
		at org.apache.catalina.core.StandardEngineValve.invoke(StandardEngineValve.java:74)
		at org.apache.catalina.connector.CoyoteAdapter.service(CoyoteAdapter.java:346)
		at org.apache.coyote.http11.Http11Processor.service(Http11Processor.java:397)
		at org.apache.coyote.AbstractProcessorLight.process(AbstractProcessorLight.java:63)
		at org.apache.coyote.AbstractProtocol$ConnectionHandler.process(AbstractProtocol.java:935)
		at org.apache.tomcat.util.net.NioEndpoint$SocketProcessor.doRun(NioEndpoint.java:1826)
		at org.apache.tomcat.util.net.SocketProcessorBase.run(SocketProcessorBase.java:52)
		at org.apache.tomcat.util.threads.ThreadPoolExecutor.runWorker(ThreadPoolExecutor.java:1189)
		at org.apache.tomcat.util.threads.ThreadPoolExecutor$Worker.run(ThreadPoolExecutor.java:658)
		at org.apache.tomcat.util.threads.TaskThread$WrappingRunnable.run(TaskThread.java:63)
		at java.lang.Thread.run(Thread.java:748)
22-Mar-2026 17:52:45.485 SEVERE [http-nio-8080-exec-139] org.apache.catalina.core.ApplicationDispatcher.invoke Servlet.service() for servlet [DashboardController] threw exception
	org.apache.jasper.JasperException: Unable to compile class for JSP: 

An error occurred at line: [430] in the jsp file: [/dashboard.jsp]
The method getStatusLabel() is undefined for the type WorkOrderDTO
427:                                             <p class="font-semibold text-slate-800 dark:text-slate-100"><%= workOrder.getProductName() != null ? workOrder.getProductName() : "Lá»‡nh sáº£n xuáº¥t #" + workOrder.getWo_id() %></p>
428:                                             <p class="text-xs text-slate-500 dark:text-slate-400">MÃ£ WO: <%= workOrder.getWo_id() %></p>
429:                                         </div>
430:                                         <span class="rounded-full px-2.5 py-1 text-xs font-semibold <%= "Done".equalsIgnoreCase(workOrder.getStatus()) ? "status-done" : ("InProgress".equalsIgnoreCase(workOrder.getStatus()) ? "status-progress" : "status-new") %>"><%= workOrder.getStatusLabel() %></span>
431:                                     </div>
432:                                 </div>
433:                                 <% } %>


Stacktrace:
		at org.apache.jasper.compiler.DefaultErrorHandler.javacError(DefaultErrorHandler.java:72)
		at org.apache.jasper.compiler.ErrorDispatcher.javacError(ErrorDispatcher.java:192)
		at org.apache.jasper.compiler.JDTCompiler.generateClass(JDTCompiler.java:573)
		at org.apache.jasper.compiler.Compiler.compile(Compiler.java:372)
		at org.apache.jasper.compiler.Compiler.compile(Compiler.java:344)
		at org.apache.jasper.compiler.Compiler.compile(Compiler.java:330)
		at org.apache.jasper.JspCompilationContext.compile(JspCompilationContext.java:591)
		at org.apache.jasper.servlet.JspServletWrapper.service(JspServletWrapper.java:379)
		at org.apache.jasper.servlet.JspServlet.serviceJspFile(JspServlet.java:356)
		at org.apache.jasper.servlet.JspServlet.service(JspServlet.java:307)
		at javax.servlet.http.HttpServlet.service(HttpServlet.java:623)
		at org.apache.catalina.core.ApplicationFilterChain.internalDoFilter(ApplicationFilterChain.java:199)
		at org.apache.catalina.core.ApplicationFilterChain.doFilter(ApplicationFilterChain.java:144)
		at org.apache.tomcat.websocket.server.WsFilter.doFilter(WsFilter.java:51)
		at org.apache.catalina.core.ApplicationFilterChain.internalDoFilter(ApplicationFilterChain.java:168)
		at org.apache.catalina.core.ApplicationFilterChain.doFilter(ApplicationFilterChain.java:144)
		at org.apache.catalina.core.ApplicationDispatcher.invoke(ApplicationDispatcher.java:621)
		at org.apache.catalina.core.ApplicationDispatcher.processRequest(ApplicationDispatcher.java:401)
		at org.apache.catalina.core.ApplicationDispatcher.doForward(ApplicationDispatcher.java:340)
		at org.apache.catalina.core.ApplicationDispatcher.forward(ApplicationDispatcher.java:285)
		at pms.controllers.DashboardController.processRequest(DashboardController.java:31)
		at pms.controllers.DashboardController.doPost(DashboardController.java:77)
		at javax.servlet.http.HttpServlet.service(HttpServlet.java:555)
		at javax.servlet.http.HttpServlet.service(HttpServlet.java:623)
		at org.apache.catalina.core.ApplicationFilterChain.internalDoFilter(ApplicationFilterChain.java:199)
		at org.apache.catalina.core.ApplicationFilterChain.doFilter(ApplicationFilterChain.java:144)
		at org.apache.tomcat.websocket.server.WsFilter.doFilter(WsFilter.java:51)
		at org.apache.catalina.core.ApplicationFilterChain.internalDoFilter(ApplicationFilterChain.java:168)
		at org.apache.catalina.core.ApplicationFilterChain.doFilter(ApplicationFilterChain.java:144)
		at org.apache.catalina.core.ApplicationDispatcher.invoke(ApplicationDispatcher.java:621)
		at org.apache.catalina.core.ApplicationDispatcher.processRequest(ApplicationDispatcher.java:401)
		at org.apache.catalina.core.ApplicationDispatcher.doForward(ApplicationDispatcher.java:340)
		at org.apache.catalina.core.ApplicationDispatcher.forward(ApplicationDispatcher.java:285)
		at pms.controllers.UserController.processRequest(UserController.java:91)
		at pms.controllers.UserController.doPost(UserController.java:456)
		at javax.servlet.http.HttpServlet.service(HttpServlet.java:555)
		at javax.servlet.http.HttpServlet.service(HttpServlet.java:623)
		at org.apache.catalina.core.ApplicationFilterChain.internalDoFilter(ApplicationFilterChain.java:199)
		at org.apache.catalina.core.ApplicationFilterChain.doFilter(ApplicationFilterChain.java:144)
		at org.apache.tomcat.websocket.server.WsFilter.doFilter(WsFilter.java:51)
		at org.apache.catalina.core.ApplicationFilterChain.internalDoFilter(ApplicationFilterChain.java:168)
		at org.apache.catalina.core.ApplicationFilterChain.doFilter(ApplicationFilterChain.java:144)
		at org.apache.catalina.core.ApplicationDispatcher.invoke(ApplicationDispatcher.java:621)
		at org.apache.catalina.core.ApplicationDispatcher.processRequest(ApplicationDispatcher.java:401)
		at org.apache.catalina.core.ApplicationDispatcher.doForward(ApplicationDispatcher.java:340)
		at org.apache.catalina.core.ApplicationDispatcher.forward(ApplicationDispatcher.java:285)
		at pms.controllers.MainController.processRequest(MainController.java:65)
		at pms.controllers.MainController.doPost(MainController.java:78)
		at javax.servlet.http.HttpServlet.service(HttpServlet.java:555)
		at javax.servlet.http.HttpServlet.service(HttpServlet.java:623)
		at org.apache.catalina.core.ApplicationFilterChain.internalDoFilter(ApplicationFilterChain.java:199)
		at org.apache.catalina.core.ApplicationFilterChain.doFilter(ApplicationFilterChain.java:144)
		at org.apache.tomcat.websocket.server.WsFilter.doFilter(WsFilter.java:51)
		at org.apache.catalina.core.ApplicationFilterChain.internalDoFilter(ApplicationFilterChain.java:168)
		at org.apache.catalina.core.ApplicationFilterChain.doFilter(ApplicationFilterChain.java:144)
		at pms.filter.TenantFilter.doFilter(TenantFilter.java:44)
		at org.apache.catalina.core.ApplicationFilterChain.internalDoFilter(ApplicationFilterChain.java:168)
		at org.apache.catalina.core.ApplicationFilterChain.doFilter(ApplicationFilterChain.java:144)
		at pms.filter.PaymentStatusFilter.doFilter(PaymentStatusFilter.java:69)
		at org.apache.catalina.core.ApplicationFilterChain.internalDoFilter(ApplicationFilterChain.java:168)
		at org.apache.catalina.core.ApplicationFilterChain.doFilter(ApplicationFilterChain.java:144)
		at pms.filter.AuthenticationFilter.doFilter(AuthenticationFilter.java:64)
		at org.apache.catalina.core.ApplicationFilterChain.internalDoFilter(ApplicationFilterChain.java:168)
		at org.apache.catalina.core.ApplicationFilterChain.doFilter(ApplicationFilterChain.java:144)
		at pms.filter.EncodingFilter.doFilter(EncodingFilter.java:43)
		at org.apache.catalina.core.ApplicationFilterChain.internalDoFilter(ApplicationFilterChain.java:168)
		at org.apache.catalina.core.ApplicationFilterChain.doFilter(ApplicationFilterChain.java:144)
		at org.apache.catalina.core.StandardWrapperValve.invoke(StandardWrapperValve.java:168)
		at org.apache.catalina.core.StandardContextValve.invoke(StandardContextValve.java:90)
		at org.apache.catalina.authenticator.AuthenticatorBase.invoke(AuthenticatorBase.java:482)
		at org.apache.catalina.core.StandardHostValve.invoke(StandardHostValve.java:130)
		at org.apache.catalina.valves.ErrorReportValve.invoke(ErrorReportValve.java:93)
		at org.apache.catalina.valves.AbstractAccessLogValve.invoke(AbstractAccessLogValve.java:656)
		at org.apache.catalina.core.StandardEngineValve.invoke(StandardEngineValve.java:74)
		at org.apache.catalina.connector.CoyoteAdapter.service(CoyoteAdapter.java:346)
		at org.apache.coyote.http11.Http11Processor.service(Http11Processor.java:397)
		at org.apache.coyote.AbstractProcessorLight.process(AbstractProcessorLight.java:63)
		at org.apache.coyote.AbstractProtocol$ConnectionHandler.process(AbstractProtocol.java:935)
		at org.apache.tomcat.util.net.NioEndpoint$SocketProcessor.doRun(NioEndpoint.java:1826)
		at org.apache.tomcat.util.net.SocketProcessorBase.run(SocketProcessorBase.java:52)
		at org.apache.tomcat.util.threads.ThreadPoolExecutor.runWorker(ThreadPoolExecutor.java:1189)
		at org.apache.tomcat.util.threads.ThreadPoolExecutor$Worker.run(ThreadPoolExecutor.java:658)
		at org.apache.tomcat.util.threads.TaskThread$WrappingRunnable.run(TaskThread.java:63)
		at java.lang.Thread.run(Thread.java:748)
22-Mar-2026 17:52:45.485 SEVERE [http-nio-8080-exec-139] org.apache.catalina.core.ApplicationDispatcher.invoke Servlet.service() for servlet [UserController] threw exception
	org.apache.jasper.JasperException: Unable to compile class for JSP: 

An error occurred at line: [430] in the jsp file: [/dashboard.jsp]
The method getStatusLabel() is undefined for the type WorkOrderDTO
427:                                             <p class="font-semibold text-slate-800 dark:text-slate-100"><%= workOrder.getProductName() != null ? workOrder.getProductName() : "Lá»‡nh sáº£n xuáº¥t #" + workOrder.getWo_id() %></p>
428:                                             <p class="text-xs text-slate-500 dark:text-slate-400">MÃ£ WO: <%= workOrder.getWo_id() %></p>
429:                                         </div>
430:                                         <span class="rounded-full px-2.5 py-1 text-xs font-semibold <%= "Done".equalsIgnoreCase(workOrder.getStatus()) ? "status-done" : ("InProgress".equalsIgnoreCase(workOrder.getStatus()) ? "status-progress" : "status-new") %>"><%= workOrder.getStatusLabel() %></span>
431:                                     </div>
432:                                 </div>
433:                                 <% } %>


Stacktrace:
		at org.apache.jasper.compiler.DefaultErrorHandler.javacError(DefaultErrorHandler.java:72)
		at org.apache.jasper.compiler.ErrorDispatcher.javacError(ErrorDispatcher.java:192)
		at org.apache.jasper.compiler.JDTCompiler.generateClass(JDTCompiler.java:573)
		at org.apache.jasper.compiler.Compiler.compile(Compiler.java:372)
		at org.apache.jasper.compiler.Compiler.compile(Compiler.java:344)
		at org.apache.jasper.compiler.Compiler.compile(Compiler.java:330)
		at org.apache.jasper.JspCompilationContext.compile(JspCompilationContext.java:591)
		at org.apache.jasper.servlet.JspServletWrapper.service(JspServletWrapper.java:379)
		at org.apache.jasper.servlet.JspServlet.serviceJspFile(JspServlet.java:356)
		at org.apache.jasper.servlet.JspServlet.service(JspServlet.java:307)
		at javax.servlet.http.HttpServlet.service(HttpServlet.java:623)
		at org.apache.catalina.core.ApplicationFilterChain.internalDoFilter(ApplicationFilterChain.java:199)
		at org.apache.catalina.core.ApplicationFilterChain.doFilter(ApplicationFilterChain.java:144)
		at org.apache.tomcat.websocket.server.WsFilter.doFilter(WsFilter.java:51)
		at org.apache.catalina.core.ApplicationFilterChain.internalDoFilter(ApplicationFilterChain.java:168)
		at org.apache.catalina.core.ApplicationFilterChain.doFilter(ApplicationFilterChain.java:144)
		at org.apache.catalina.core.ApplicationDispatcher.invoke(ApplicationDispatcher.java:621)
		at org.apache.catalina.core.ApplicationDispatcher.processRequest(ApplicationDispatcher.java:401)
		at org.apache.catalina.core.ApplicationDispatcher.doForward(ApplicationDispatcher.java:340)
		at org.apache.catalina.core.ApplicationDispatcher.forward(ApplicationDispatcher.java:285)
		at pms.controllers.DashboardController.processRequest(DashboardController.java:31)
		at pms.controllers.DashboardController.doPost(DashboardController.java:77)
		at javax.servlet.http.HttpServlet.service(HttpServlet.java:555)
		at javax.servlet.http.HttpServlet.service(HttpServlet.java:623)
		at org.apache.catalina.core.ApplicationFilterChain.internalDoFilter(ApplicationFilterChain.java:199)
		at org.apache.catalina.core.ApplicationFilterChain.doFilter(ApplicationFilterChain.java:144)
		at org.apache.tomcat.websocket.server.WsFilter.doFilter(WsFilter.java:51)
		at org.apache.catalina.core.ApplicationFilterChain.internalDoFilter(ApplicationFilterChain.java:168)
		at org.apache.catalina.core.ApplicationFilterChain.doFilter(ApplicationFilterChain.java:144)
		at org.apache.catalina.core.ApplicationDispatcher.invoke(ApplicationDispatcher.java:621)
		at org.apache.catalina.core.ApplicationDispatcher.processRequest(ApplicationDispatcher.java:401)
		at org.apache.catalina.core.ApplicationDispatcher.doForward(ApplicationDispatcher.java:340)
		at org.apache.catalina.core.ApplicationDispatcher.forward(ApplicationDispatcher.java:285)
		at pms.controllers.UserController.processRequest(UserController.java:91)
		at pms.controllers.UserController.doPost(UserController.java:456)
		at javax.servlet.http.HttpServlet.service(HttpServlet.java:555)
		at javax.servlet.http.HttpServlet.service(HttpServlet.java:623)
		at org.apache.catalina.core.ApplicationFilterChain.internalDoFilter(ApplicationFilterChain.java:199)
		at org.apache.catalina.core.ApplicationFilterChain.doFilter(ApplicationFilterChain.java:144)
		at org.apache.tomcat.websocket.server.WsFilter.doFilter(WsFilter.java:51)
		at org.apache.catalina.core.ApplicationFilterChain.internalDoFilter(ApplicationFilterChain.java:168)
		at org.apache.catalina.core.ApplicationFilterChain.doFilter(ApplicationFilterChain.java:144)
		at org.apache.catalina.core.ApplicationDispatcher.invoke(ApplicationDispatcher.java:621)
		at org.apache.catalina.core.ApplicationDispatcher.processRequest(ApplicationDispatcher.java:401)
		at org.apache.catalina.core.ApplicationDispatcher.doForward(ApplicationDispatcher.java:340)
		at org.apache.catalina.core.ApplicationDispatcher.forward(ApplicationDispatcher.java:285)
		at pms.controllers.MainController.processRequest(MainController.java:65)
		at pms.controllers.MainController.doPost(MainController.java:78)
		at javax.servlet.http.HttpServlet.service(HttpServlet.java:555)
		at javax.servlet.http.HttpServlet.service(HttpServlet.java:623)
		at org.apache.catalina.core.ApplicationFilterChain.internalDoFilter(ApplicationFilterChain.java:199)
		at org.apache.catalina.core.ApplicationFilterChain.doFilter(ApplicationFilterChain.java:144)
		at org.apache.tomcat.websocket.server.WsFilter.doFilter(WsFilter.java:51)
		at org.apache.catalina.core.ApplicationFilterChain.internalDoFilter(ApplicationFilterChain.java:168)
		at org.apache.catalina.core.ApplicationFilterChain.doFilter(ApplicationFilterChain.java:144)
		at pms.filter.TenantFilter.doFilter(TenantFilter.java:44)
		at org.apache.catalina.core.ApplicationFilterChain.internalDoFilter(ApplicationFilterChain.java:168)
		at org.apache.catalina.core.ApplicationFilterChain.doFilter(ApplicationFilterChain.java:144)
		at pms.filter.PaymentStatusFilter.doFilter(PaymentStatusFilter.java:69)
		at org.apache.catalina.core.ApplicationFilterChain.internalDoFilter(ApplicationFilterChain.java:168)
		at org.apache.catalina.core.ApplicationFilterChain.doFilter(ApplicationFilterChain.java:144)
		at pms.filter.AuthenticationFilter.doFilter(AuthenticationFilter.java:64)
		at org.apache.catalina.core.ApplicationFilterChain.internalDoFilter(ApplicationFilterChain.java:168)
		at org.apache.catalina.core.ApplicationFilterChain.doFilter(ApplicationFilterChain.java:144)
		at pms.filter.EncodingFilter.doFilter(EncodingFilter.java:43)
		at org.apache.catalina.core.ApplicationFilterChain.internalDoFilter(ApplicationFilterChain.java:168)
		at org.apache.catalina.core.ApplicationFilterChain.doFilter(ApplicationFilterChain.java:144)
		at org.apache.catalina.core.StandardWrapperValve.invoke(StandardWrapperValve.java:168)
		at org.apache.catalina.core.StandardContextValve.invoke(StandardContextValve.java:90)
		at org.apache.catalina.authenticator.AuthenticatorBase.invoke(AuthenticatorBase.java:482)
		at org.apache.catalina.core.StandardHostValve.invoke(StandardHostValve.java:130)
		at org.apache.catalina.valves.ErrorReportValve.invoke(ErrorReportValve.java:93)
		at org.apache.catalina.valves.AbstractAccessLogValve.invoke(AbstractAccessLogValve.java:656)
		at org.apache.catalina.core.StandardEngineValve.invoke(StandardEngineValve.java:74)
		at org.apache.catalina.connector.CoyoteAdapter.service(CoyoteAdapter.java:346)
		at org.apache.coyote.http11.Http11Processor.service(Http11Processor.java:397)
		at org.apache.coyote.AbstractProcessorLight.process(AbstractProcessorLight.java:63)
		at org.apache.coyote.AbstractProtocol$ConnectionHandler.process(AbstractProtocol.java:935)
		at org.apache.tomcat.util.net.NioEndpoint$SocketProcessor.doRun(NioEndpoint.java:1826)
		at org.apache.tomcat.util.net.SocketProcessorBase.run(SocketProcessorBase.java:52)
		at org.apache.tomcat.util.threads.ThreadPoolExecutor.runWorker(ThreadPoolExecutor.java:1189)
		at org.apache.tomcat.util.threads.ThreadPoolExecutor$Worker.run(ThreadPoolExecutor.java:658)
		at org.apache.tomcat.util.threads.TaskThread$WrappingRunnable.run(TaskThread.java:63)
		at java.lang.Thread.run(Thread.java:748)
22-Mar-2026 17:52:45.486 SEVERE [http-nio-8080-exec-139] org.apache.catalina.core.StandardWrapperValve.invoke Servlet.service() for servlet [MainController] in context with path [/production-management-system] threw exception [Unable to compile class for JSP: 

An error occurred at line: [430] in the jsp file: [/dashboard.jsp]
The method getStatusLabel() is undefined for the type WorkOrderDTO
427:                                             <p class="font-semibold text-slate-800 dark:text-slate-100"><%= workOrder.getProductName() != null ? workOrder.getProductName() : "Lá»‡nh sáº£n xuáº¥t #" + workOrder.getWo_id() %></p>
428:                                             <p class="text-xs text-slate-500 dark:text-slate-400">MÃ£ WO: <%= workOrder.getWo_id() %></p>
429:                                         </div>
430:                                         <span class="rounded-full px-2.5 py-1 text-xs font-semibold <%= "Done".equalsIgnoreCase(workOrder.getStatus()) ? "status-done" : ("InProgress".equalsIgnoreCase(workOrder.getStatus()) ? "status-progress" : "status-new") %>"><%= workOrder.getStatusLabel() %></span>
431:                                     </div>
432:                                 </div>
433:                                 <% } %>


Stacktrace:] with root cause
	org.apache.jasper.JasperException: Unable to compile class for JSP: 

An error occurred at line: [430] in the jsp file: [/dashboard.jsp]
The method getStatusLabel() is undefined for the type WorkOrderDTO
427:                                             <p class="font-semibold text-slate-800 dark:text-slate-100"><%= workOrder.getProductName() != null ? workOrder.getProductName() : "Lá»‡nh sáº£n xuáº¥t #" + workOrder.getWo_id() %></p>
428:                                             <p class="text-xs text-slate-500 dark:text-slate-400">MÃ£ WO: <%= workOrder.getWo_id() %></p>
429:                                         </div>
430:                                         <span class="rounded-full px-2.5 py-1 text-xs font-semibold <%= "Done".equalsIgnoreCase(workOrder.getStatus()) ? "status-done" : ("InProgress".equalsIgnoreCase(workOrder.getStatus()) ? "status-progress" : "status-new") %>"><%= workOrder.getStatusLabel() %></span>
431:                                     </div>
432:                                 </div>
433:                                 <% } %>


Stacktrace:
		at org.apache.jasper.compiler.DefaultErrorHandler.javacError(DefaultErrorHandler.java:72)
		at org.apache.jasper.compiler.ErrorDispatcher.javacError(ErrorDispatcher.java:192)
		at org.apache.jasper.compiler.JDTCompiler.generateClass(JDTCompiler.java:573)
		at org.apache.jasper.compiler.Compiler.compile(Compiler.java:372)
		at org.apache.jasper.compiler.Compiler.compile(Compiler.java:344)
		at org.apache.jasper.compiler.Compiler.compile(Compiler.java:330)
		at org.apache.jasper.JspCompilationContext.compile(JspCompilationContext.java:591)
		at org.apache.jasper.servlet.JspServletWrapper.service(JspServletWrapper.java:379)
		at org.apache.jasper.servlet.JspServlet.serviceJspFile(JspServlet.java:356)
		at org.apache.jasper.servlet.JspServlet.service(JspServlet.java:307)
		at javax.servlet.http.HttpServlet.service(HttpServlet.java:623)
		at org.apache.catalina.core.ApplicationFilterChain.internalDoFilter(ApplicationFilterChain.java:199)
		at org.apache.catalina.core.ApplicationFilterChain.doFilter(ApplicationFilterChain.java:144)
		at org.apache.tomcat.websocket.server.WsFilter.doFilter(WsFilter.java:51)
		at org.apache.catalina.core.ApplicationFilterChain.internalDoFilter(ApplicationFilterChain.java:168)
		at org.apache.catalina.core.ApplicationFilterChain.doFilter(ApplicationFilterChain.java:144)
		at org.apache.catalina.core.ApplicationDispatcher.invoke(ApplicationDispatcher.java:621)
		at org.apache.catalina.core.ApplicationDispatcher.processRequest(ApplicationDispatcher.java:401)
		at org.apache.catalina.core.ApplicationDispatcher.doForward(ApplicationDispatcher.java:340)
		at org.apache.catalina.core.ApplicationDispatcher.forward(ApplicationDispatcher.java:285)
		at pms.controllers.DashboardController.processRequest(DashboardController.java:31)
		at pms.controllers.DashboardController.doPost(DashboardController.java:77)
		at javax.servlet.http.HttpServlet.service(HttpServlet.java:555)
		at javax.servlet.http.HttpServlet.service(HttpServlet.java:623)
		at org.apache.catalina.core.ApplicationFilterChain.internalDoFilter(ApplicationFilterChain.java:199)
		at org.apache.catalina.core.ApplicationFilterChain.doFilter(ApplicationFilterChain.java:144)
		at org.apache.tomcat.websocket.server.WsFilter.doFilter(WsFilter.java:51)
		at org.apache.catalina.core.ApplicationFilterChain.internalDoFilter(ApplicationFilterChain.java:168)
		at org.apache.catalina.core.ApplicationFilterChain.doFilter(ApplicationFilterChain.java:144)
		at org.apache.catalina.core.ApplicationDispatcher.invoke(ApplicationDispatcher.java:621)
		at org.apache.catalina.core.ApplicationDispatcher.processRequest(ApplicationDispatcher.java:401)
		at org.apache.catalina.core.ApplicationDispatcher.doForward(ApplicationDispatcher.java:340)
		at org.apache.catalina.core.ApplicationDispatcher.forward(ApplicationDispatcher.java:285)
		at pms.controllers.UserController.processRequest(UserController.java:91)
		at pms.controllers.UserController.doPost(UserController.java:456)
		at javax.servlet.http.HttpServlet.service(HttpServlet.java:555)
		at javax.servlet.http.HttpServlet.service(HttpServlet.java:623)
		at org.apache.catalina.core.ApplicationFilterChain.internalDoFilter(ApplicationFilterChain.java:199)
		at org.apache.catalina.core.ApplicationFilterChain.doFilter(ApplicationFilterChain.java:144)
		at org.apache.tomcat.websocket.server.WsFilter.doFilter(WsFilter.java:51)
		at org.apache.catalina.core.ApplicationFilterChain.internalDoFilter(ApplicationFilterChain.java:168)
		at org.apache.catalina.core.ApplicationFilterChain.doFilter(ApplicationFilterChain.java:144)
		at org.apache.catalina.core.ApplicationDispatcher.invoke(ApplicationDispatcher.java:621)
		at org.apache.catalina.core.ApplicationDispatcher.processRequest(ApplicationDispatcher.java:401)
		at org.apache.catalina.core.ApplicationDispatcher.doForward(ApplicationDispatcher.java:340)
		at org.apache.catalina.core.ApplicationDispatcher.forward(ApplicationDispatcher.java:285)
		at pms.controllers.MainController.processRequest(MainController.java:65)
		at pms.controllers.MainController.doPost(MainController.java:78)
		at javax.servlet.http.HttpServlet.service(HttpServlet.java:555)
		at javax.servlet.http.HttpServlet.service(HttpServlet.java:623)
		at org.apache.catalina.core.ApplicationFilterChain.internalDoFilter(ApplicationFilterChain.java:199)
		at org.apache.catalina.core.ApplicationFilterChain.doFilter(ApplicationFilterChain.java:144)
		at org.apache.tomcat.websocket.server.WsFilter.doFilter(WsFilter.java:51)
		at org.apache.catalina.core.ApplicationFilterChain.internalDoFilter(ApplicationFilterChain.java:168)
		at org.apache.catalina.core.ApplicationFilterChain.doFilter(ApplicationFilterChain.java:144)
		at pms.filter.TenantFilter.doFilter(TenantFilter.java:44)
		at org.apache.catalina.core.ApplicationFilterChain.internalDoFilter(ApplicationFilterChain.java:168)
		at org.apache.catalina.core.ApplicationFilterChain.doFilter(ApplicationFilterChain.java:144)
		at pms.filter.PaymentStatusFilter.doFilter(PaymentStatusFilter.java:69)
		at org.apache.catalina.core.ApplicationFilterChain.internalDoFilter(ApplicationFilterChain.java:168)
		at org.apache.catalina.core.ApplicationFilterChain.doFilter(ApplicationFilterChain.java:144)
		at pms.filter.AuthenticationFilter.doFilter(AuthenticationFilter.java:64)
		at org.apache.catalina.core.ApplicationFilterChain.internalDoFilter(ApplicationFilterChain.java:168)
		at org.apache.catalina.core.ApplicationFilterChain.doFilter(ApplicationFilterChain.java:144)
		at pms.filter.EncodingFilter.doFilter(EncodingFilter.java:43)
		at org.apache.catalina.core.ApplicationFilterChain.internalDoFilter(ApplicationFilterChain.java:168)
		at org.apache.catalina.core.ApplicationFilterChain.doFilter(ApplicationFilterChain.java:144)
		at org.apache.catalina.core.StandardWrapperValve.invoke(StandardWrapperValve.java:168)
		at org.apache.catalina.core.StandardContextValve.invoke(StandardContextValve.java:90)
		at org.apache.catalina.authenticator.AuthenticatorBase.invoke(AuthenticatorBase.java:482)
		at org.apache.catalina.core.StandardHostValve.invoke(StandardHostValve.java:130)
		at org.apache.catalina.valves.ErrorReportValve.invoke(ErrorReportValve.java:93)
		at org.apache.catalina.valves.AbstractAccessLogValve.invoke(AbstractAccessLogValve.java:656)
		at org.apache.catalina.core.StandardEngineValve.invoke(StandardEngineValve.java:74)
		at org.apache.catalina.connector.CoyoteAdapter.service(CoyoteAdapter.java:346)
		at org.apache.coyote.http11.Http11Processor.service(Http11Processor.java:397)
		at org.apache.coyote.AbstractProcessorLight.process(AbstractProcessorLight.java:63)
		at org.apache.coyote.AbstractProtocol$ConnectionHandler.process(AbstractProtocol.java:935)
		at org.apache.tomcat.util.net.NioEndpoint$SocketProcessor.doRun(NioEndpoint.java:1826)
		at org.apache.tomcat.util.net.SocketProcessorBase.run(SocketProcessorBase.java:52)
		at org.apache.tomcat.util.threads.ThreadPoolExecutor.runWorker(ThreadPoolExecutor.java:1189)
		at org.apache.tomcat.util.threads.ThreadPoolExecutor$Worker.run(ThreadPoolExecutor.java:658)
		at org.apache.tomcat.util.threads.TaskThread$WrappingRunnable.run(TaskThread.java:63)
		at java.lang.Thread.run(Thread.java:748)
22-Mar-2026 18:49:39.854 INFO [main] org.apache.catalina.core.ApplicationContext.log SessionListener: contextDestroyed()
22-Mar-2026 18:49:39.854 INFO [main] org.apache.catalina.core.ApplicationContext.log ContextListener: contextDestroyed()
22-Mar-2026 19:21:45.631 INFO [main] org.apache.catalina.core.ApplicationContext.log ContextListener: contextInitialized()
22-Mar-2026 19:21:45.631 INFO [main] org.apache.catalina.core.ApplicationContext.log SessionListener: contextInitialized()
22-Mar-2026 19:21:45.633 INFO [main] org.apache.catalina.core.ApplicationContext.log ContextListener: attributeAdded('StockTicker', 'async.Stockticker@5305c37d')
22-Mar-2026 20:48:06.639 INFO [main] org.apache.catalina.core.ApplicationContext.log SessionListener: contextDestroyed()
22-Mar-2026 20:48:06.639 INFO [main] org.apache.catalina.core.ApplicationContext.log ContextListener: contextDestroyed()
