22-Mar-2026 03:24:30.107 INFO [http-nio-8080-exec-5] org.apache.catalina.core.ApplicationContext.log Manager: init: Associated with Deployer 'Catalina:type=Deployer,host=localhost'
22-Mar-2026 03:24:30.108 INFO [http-nio-8080-exec-5] org.apache.catalina.core.ApplicationContext.log Manager: init: Global resources are available
22-Mar-2026 03:24:30.168 INFO [http-nio-8080-exec-9] org.apache.catalina.core.ApplicationContext.log Manager: list: Listing contexts for virtual host 'localhost'
22-Mar-2026 03:24:30.173 INFO [http-nio-8080-exec-10] org.apache.catalina.core.ApplicationContext.log Manager: list: Listing contexts for virtual host 'localhost'
22-Mar-2026 03:24:30.193 INFO [http-nio-8080-exec-1] org.apache.catalina.core.ApplicationContext.log Manager: undeploy: Undeploying web application at '/production-management-system'
22-Mar-2026 03:24:30.758 INFO [http-nio-8080-exec-2] org.apache.catalina.core.ApplicationContext.log Manager: install: Installing context configuration at 'file:/C:/Users/SE1932~1/AppData/Local/Temp/context3751752334796817130.xml'
22-Mar-2026 03:24:33.006 INFO [http-nio-8080-exec-6] org.apache.catalina.core.ApplicationContext.log Manager: start: Starting web application '/production-management-system'
22-Mar-2026 03:26:19.013 INFO [http-nio-8080-exec-18] org.apache.catalina.core.ApplicationContext.log Manager: list: Listing contexts for virtual host 'localhost'
22-Mar-2026 03:26:19.027 INFO [http-nio-8080-exec-16] org.apache.catalina.core.ApplicationContext.log Manager: undeploy: Undeploying web application at '/production-management-system'
22-Mar-2026 03:26:19.539 INFO [http-nio-8080-exec-17] org.apache.catalina.core.ApplicationContext.log Manager: install: Installing context configuration at 'file:/C:/Users/SE1932~1/AppData/Local/Temp/context1323195477258152866.xml'
22-Mar-2026 03:26:20.606 INFO [http-nio-8080-exec-13] org.apache.catalina.core.ApplicationContext.log Manager: start: Starting web application '/production-management-system'
22-Mar-2026 03:32:01.432 INFO [http-nio-8080-exec-30] org.apache.catalina.core.ApplicationContext.log Manager: list: Listing contexts for virtual host 'localhost'
22-Mar-2026 03:32:01.437 INFO [http-nio-8080-exec-29] org.apache.catalina.core.ApplicationContext.log Manager: undeploy: Undeploying web application at '/production-management-system'
22-Mar-2026 03:32:42.692 INFO [http-nio-8080-exec-21] org.apache.catalina.core.ApplicationContext.log Manager: list: Listing contexts for virtual host 'localhost'
22-Mar-2026 03:32:42.695 INFO [http-nio-8080-exec-22] org.apache.catalina.core.ApplicationContext.log Manager: list: Listing contexts for virtual host 'localhost'
22-Mar-2026 03:32:42.712 INFO [http-nio-8080-exec-25] org.apache.catalina.core.ApplicationContext.log Manager: install: Installing context configuration at 'file:/C:/Users/SE1932~1/AppData/Local/Temp/context1110803949215528487.xml'
22-Mar-2026 03:32:44.440 INFO [http-nio-8080-exec-31] org.apache.catalina.core.ApplicationContext.log Manager: start: Starting web application '/production-management-system'
22-Mar-2026 03:33:45.220 INFO [http-nio-8080-exec-39] org.apache.catalina.core.ApplicationContext.log Manager: list: Listing contexts for virtual host 'localhost'
22-Mar-2026 03:33:45.223 INFO [http-nio-8080-exec-33] org.apache.catalina.core.ApplicationContext.log Manager: list: Listing contexts for virtual host 'localhost'
22-Mar-2026 03:33:45.231 INFO [http-nio-8080-exec-40] org.apache.catalina.core.ApplicationContext.log Manager: undeploy: Undeploying web application at '/production-management-system'
22-Mar-2026 03:33:45.755 INFO [http-nio-8080-exec-33] org.apache.catalina.core.ApplicationContext.log Manager: install: Installing context configuration at 'file:/C:/Users/SE1932~1/AppData/Local/Temp/context8399632426702167247.xml'
22-Mar-2026 03:33:47.128 INFO [http-nio-8080-exec-32] org.apache.catalina.core.ApplicationContext.log Manager: start: Starting web application '/production-management-system'
22-Mar-2026 03:45:19.318 INFO [http-nio-8080-exec-44] org.apache.catalina.core.ApplicationContext.log Manager: list: Listing contexts for virtual host 'localhost'
22-Mar-2026 03:45:19.321 INFO [http-nio-8080-exec-46] org.apache.catalina.core.ApplicationContext.log Manager: list: Listing contexts for virtual host 'localhost'
22-Mar-2026 03:45:19.334 INFO [http-nio-8080-exec-43] org.apache.catalina.core.ApplicationContext.log Manager: undeploy: Undeploying web application at '/production-management-system'
22-Mar-2026 03:45:20.030 INFO [http-nio-8080-exec-45] org.apache.catalina.core.ApplicationContext.log Manager: install: Installing context configuration at 'file:/C:/Users/SE1932~1/AppData/Local/Temp/context2699813649872245037.xml'
22-Mar-2026 03:45:21.411 INFO [http-nio-8080-exec-44] org.apache.catalina.core.ApplicationContext.log Manager: start: Starting web application '/production-management-system'
22-Mar-2026 05:28:14.237 INFO [http-nio-8080-exec-4] org.apache.catalina.core.ApplicationContext.log Manager: init: Associated with Deployer 'Catalina:type=Deployer,host=localhost'
22-Mar-2026 05:28:14.237 INFO [http-nio-8080-exec-4] org.apache.catalina.core.ApplicationContext.log Manager: init: Global resources are available
22-Mar-2026 05:28:14.315 INFO [http-nio-8080-exec-9] org.apache.catalina.core.ApplicationContext.log Manager: list: Listing contexts for virtual host 'localhost'
22-Mar-2026 05:28:14.341 INFO [http-nio-8080-exec-10] org.apache.catalina.core.ApplicationContext.log Manager: list: Listing contexts for virtual host 'localhost'
22-Mar-2026 05:28:14.383 INFO [http-nio-8080-exec-1] org.apache.catalina.core.ApplicationContext.log Manager: install: Installing context configuration at 'file:/C:/Users/SE1932~1/AppData/Local/Temp/context8722456178868510129.xml'
22-Mar-2026 05:28:15.672 INFO [http-nio-8080-exec-2] org.apache.catalina.core.ApplicationContext.log Manager: start: Starting web application '/PE_PRJ301'
22-Mar-2026 05:28:58.717 INFO [http-nio-8080-exec-9] org.apache.catalina.core.ApplicationContext.log Manager: list: Listing contexts for virtual host 'localhost'
22-Mar-2026 05:28:58.736 INFO [http-nio-8080-exec-10] org.apache.catalina.core.ApplicationContext.log Manager: restart: Reloading web application '/PE_PRJ301'
22-Mar-2026 05:28:59.023 INFO [http-nio-8080-exec-11] org.apache.catalina.core.ApplicationContext.log Manager: list: Listing contexts for virtual host 'localhost'
22-Mar-2026 05:28:59.025 INFO [http-nio-8080-exec-9] org.apache.catalina.core.ApplicationContext.log Manager: list: Listing contexts for virtual host 'localhost'
22-Mar-2026 05:28:59.840 INFO [http-nio-8080-exec-5] org.apache.catalina.core.ApplicationContext.log Manager: restart: Reloading web application '/PE_PRJ301'
22-Mar-2026 05:29:38.271 INFO [http-nio-8080-exec-18] org.apache.catalina.core.ApplicationContext.log Manager: list: Listing contexts for virtual host 'localhost'
22-Mar-2026 05:29:38.272 INFO [http-nio-8080-exec-1] org.apache.catalina.core.ApplicationContext.log Manager: list: Listing contexts for virtual host 'localhost'
22-Mar-2026 05:31:01.192 INFO [http-nio-8080-exec-13] org.apache.catalina.core.ApplicationContext.log Manager: list: Listing contexts for virtual host 'localhost'
22-Mar-2026 05:31:01.196 INFO [http-nio-8080-exec-14] org.apache.catalina.core.ApplicationContext.log Manager: list: Listing contexts for virtual host 'localhost'
22-Mar-2026 05:32:48.127 INFO [http-nio-8080-exec-14] org.apache.catalina.core.ApplicationContext.log Manager: list: Listing contexts for virtual host 'localhost'
22-Mar-2026 05:32:48.140 INFO [http-nio-8080-exec-17] org.apache.catalina.core.ApplicationContext.log Manager: restart: Reloading web application '/PE_PRJ301'
22-Mar-2026 05:32:48.366 INFO [http-nio-8080-exec-22] org.apache.catalina.core.ApplicationContext.log Manager: list: Listing contexts for virtual host 'localhost'
22-Mar-2026 05:32:48.369 INFO [http-nio-8080-exec-16] org.apache.catalina.core.ApplicationContext.log Manager: list: Listing contexts for virtual host 'localhost'
22-Mar-2026 05:32:49.244 INFO [http-nio-8080-exec-19] org.apache.catalina.core.ApplicationContext.log Manager: restart: Reloading web application '/PE_PRJ301'
22-Mar-2026 05:33:38.841 INFO [http-nio-8080-exec-12] org.apache.catalina.core.ApplicationContext.log Manager: list: Listing contexts for virtual host 'localhost'
22-Mar-2026 05:33:39.688 INFO [http-nio-8080-exec-16] org.apache.catalina.core.ApplicationContext.log Manager: list: Listing contexts for virtual host 'localhost'
22-Mar-2026 05:33:39.691 INFO [http-nio-8080-exec-27] org.apache.catalina.core.ApplicationContext.log Manager: list: Listing contexts for virtual host 'localhost'
22-Mar-2026 05:36:28.133 INFO [http-nio-8080-exec-32] org.apache.catalina.core.ApplicationContext.log Manager: list: Listing contexts for virtual host 'localhost'
22-Mar-2026 05:36:29.123 INFO [http-nio-8080-exec-24] org.apache.catalina.core.ApplicationContext.log Manager: list: Listing contexts for virtual host 'localhost'
22-Mar-2026 05:36:29.127 INFO [http-nio-8080-exec-27] org.apache.catalina.core.ApplicationContext.log Manager: list: Listing contexts for virtual host 'localhost'
22-Mar-2026 05:39:30.708 INFO [http-nio-8080-exec-29] org.apache.catalina.core.ApplicationContext.log Manager: list: Listing contexts for virtual host 'localhost'
22-Mar-2026 05:39:31.014 INFO [http-nio-8080-exec-31] org.apache.catalina.core.ApplicationContext.log Manager: list: Listing contexts for virtual host 'localhost'
22-Mar-2026 05:39:31.030 INFO [http-nio-8080-exec-30] org.apache.catalina.core.ApplicationContext.log Manager: restart: Reloading web application '/PE_PRJ301'
22-Mar-2026 05:39:32.329 INFO [http-nio-8080-exec-28] org.apache.catalina.core.ApplicationContext.log Manager: list: Listing contexts for virtual host 'localhost'
22-Mar-2026 05:39:32.345 INFO [http-nio-8080-exec-25] org.apache.catalina.core.ApplicationContext.log Manager: restart: Reloading web application '/PE_PRJ301'
22-Mar-2026 05:39:40.626 INFO [http-nio-8080-exec-32] org.apache.catalina.core.ApplicationContext.log Manager: list: Listing contexts for virtual host 'localhost'
22-Mar-2026 05:39:40.626 INFO [http-nio-8080-exec-23] org.apache.catalina.core.ApplicationContext.log Manager: restart: Reloading web application '/PE_PRJ301'
22-Mar-2026 05:43:07.277 INFO [http-nio-8080-exec-35] org.apache.catalina.core.ApplicationContext.log Manager: list: Listing contexts for virtual host 'localhost'
22-Mar-2026 05:43:07.292 INFO [http-nio-8080-exec-31] org.apache.catalina.core.ApplicationContext.log Manager: undeploy: Undeploying web application at '/PE_PRJ301'
22-Mar-2026 05:47:24.487 INFO [http-nio-8080-exec-6] org.apache.catalina.core.ApplicationContext.log Manager: init: Associated with Deployer 'Catalina:type=Deployer,host=localhost'
22-Mar-2026 05:47:24.487 INFO [http-nio-8080-exec-6] org.apache.catalina.core.ApplicationContext.log Manager: init: Global resources are available
22-Mar-2026 05:47:24.514 INFO [http-nio-8080-exec-9] org.apache.catalina.core.ApplicationContext.log Manager: list: Listing contexts for virtual host 'localhost'
22-Mar-2026 05:47:24.518 INFO [http-nio-8080-exec-10] org.apache.catalina.core.ApplicationContext.log Manager: list: Listing contexts for virtual host 'localhost'
22-Mar-2026 05:47:24.534 INFO [http-nio-8080-exec-1] org.apache.catalina.core.ApplicationContext.log Manager: install: Installing context configuration at 'file:/C:/Users/SE1932~1/AppData/Local/Temp/context6933286635115232201.xml'
22-Mar-2026 05:47:25.555 INFO [http-nio-8080-exec-2] org.apache.catalina.core.ApplicationContext.log Manager: start: Starting web application '/PE_PRJ301'
22-Mar-2026 05:50:00.787 INFO [http-nio-8080-exec-8] org.apache.catalina.core.ApplicationContext.log Manager: list: Listing contexts for virtual host 'localhost'
22-Mar-2026 05:50:00.820 INFO [http-nio-8080-exec-7] org.apache.catalina.core.ApplicationContext.log Manager: restart: Reloading web application '/PE_PRJ301'
22-Mar-2026 05:50:13.189 INFO [http-nio-8080-exec-6] org.apache.catalina.core.ApplicationContext.log Manager: init: Associated with Deployer 'Catalina:type=Deployer,host=localhost'
22-Mar-2026 05:50:13.189 INFO [http-nio-8080-exec-6] org.apache.catalina.core.ApplicationContext.log Manager: init: Global resources are available
22-Mar-2026 05:50:14.320 INFO [http-nio-8080-exec-3] org.apache.catalina.core.ApplicationContext.log Manager: list: Listing contexts for virtual host 'localhost'
22-Mar-2026 05:50:14.330 INFO [http-nio-8080-exec-1] org.apache.catalina.core.ApplicationContext.log Manager: list: Listing contexts for virtual host 'localhost'
22-Mar-2026 05:50:14.346 INFO [http-nio-8080-exec-2] org.apache.catalina.core.ApplicationContext.log Manager: undeploy: Undeploying web application at '/PE_PRJ301'
22-Mar-2026 05:50:14.932 INFO [http-nio-8080-exec-9] org.apache.catalina.core.ApplicationContext.log Manager: install: Installing context configuration at 'file:/C:/Users/SE1932~1/AppData/Local/Temp/context4936158950079211196.xml'
22-Mar-2026 05:50:15.987 INFO [http-nio-8080-exec-4] org.apache.catalina.core.ApplicationContext.log Manager: start: Starting web application '/PE_PRJ301'
22-Mar-2026 05:58:32.044 INFO [http-nio-8080-exec-17] org.apache.catalina.core.ApplicationContext.log Manager: list: Listing contexts for virtual host 'localhost'
22-Mar-2026 05:58:32.078 INFO [http-nio-8080-exec-19] org.apache.catalina.core.ApplicationContext.log Manager: undeploy: Undeploying web application at '/PE_PRJ301'
22-Mar-2026 05:59:40.561 INFO [http-nio-8080-exec-5] org.apache.catalina.core.ApplicationContext.log Manager: init: Associated with Deployer 'Catalina:type=Deployer,host=localhost'
22-Mar-2026 05:59:40.561 INFO [http-nio-8080-exec-5] org.apache.catalina.core.ApplicationContext.log Manager: init: Global resources are available
22-Mar-2026 05:59:40.579 INFO [http-nio-8080-exec-2] org.apache.catalina.core.ApplicationContext.log Manager: list: Listing contexts for virtual host 'localhost'
22-Mar-2026 05:59:40.579 INFO [http-nio-8080-exec-1] org.apache.catalina.core.ApplicationContext.log Manager: list: Listing contexts for virtual host 'localhost'
22-Mar-2026 05:59:40.595 INFO [http-nio-8080-exec-10] org.apache.catalina.core.ApplicationContext.log Manager: install: Installing context configuration at 'file:/C:/Users/SE1932~1/AppData/Local/Temp/context5056339590284203916.xml'
22-Mar-2026 05:59:41.311 INFO [http-nio-8080-exec-4] org.apache.catalina.core.ApplicationContext.log Manager: start: Starting web application '/PE_PRJ301'
22-Mar-2026 06:03:25.292 INFO [http-nio-8080-exec-1] org.apache.catalina.core.ApplicationContext.log Manager: list: Listing contexts for virtual host 'localhost'
22-Mar-2026 06:03:25.292 INFO [http-nio-8080-exec-10] org.apache.catalina.core.ApplicationContext.log Manager: restart: Reloading web application '/PE_PRJ301'
22-Mar-2026 06:03:34.266 INFO [http-nio-8080-exec-8] org.apache.catalina.core.ApplicationContext.log Manager: list: Listing contexts for virtual host 'localhost'
22-Mar-2026 06:03:34.458 INFO [http-nio-8080-exec-3] org.apache.catalina.core.ApplicationContext.log Manager: list: Listing contexts for virtual host 'localhost'
22-Mar-2026 06:03:34.458 INFO [http-nio-8080-exec-11] org.apache.catalina.core.ApplicationContext.log Manager: restart: Reloading web application '/PE_PRJ301'
22-Mar-2026 06:03:35.044 INFO [http-nio-8080-exec-5] org.apache.catalina.core.ApplicationContext.log Manager: list: Listing contexts for virtual host 'localhost'
22-Mar-2026 06:03:35.044 INFO [http-nio-8080-exec-1] org.apache.catalina.core.ApplicationContext.log Manager: list: Listing contexts for virtual host 'localhost'
22-Mar-2026 06:03:35.171 INFO [http-nio-8080-exec-7] org.apache.catalina.core.ApplicationContext.log Manager: restart: Reloading web application '/PE_PRJ301'
22-Mar-2026 06:05:05.803 INFO [http-nio-8080-exec-15] org.apache.catalina.core.ApplicationContext.log Manager: list: Listing contexts for virtual host 'localhost'
22-Mar-2026 06:05:05.815 INFO [http-nio-8080-exec-17] org.apache.catalina.core.ApplicationContext.log Manager: restart: Reloading web application '/PE_PRJ301'
22-Mar-2026 06:05:05.969 INFO [http-nio-8080-exec-19] org.apache.catalina.core.ApplicationContext.log Manager: list: Listing contexts for virtual host 'localhost'
22-Mar-2026 06:05:05.971 INFO [http-nio-8080-exec-15] org.apache.catalina.core.ApplicationContext.log Manager: list: Listing contexts for virtual host 'localhost'
22-Mar-2026 06:05:06.468 INFO [http-nio-8080-exec-14] org.apache.catalina.core.ApplicationContext.log Manager: restart: Reloading web application '/PE_PRJ301'
22-Mar-2026 06:09:18.910 INFO [http-nio-8080-exec-25] org.apache.catalina.core.ApplicationContext.log Manager: list: Listing contexts for virtual host 'localhost'
22-Mar-2026 06:09:18.915 INFO [http-nio-8080-exec-26] org.apache.catalina.core.ApplicationContext.log Manager: restart: Reloading web application '/PE_PRJ301'
22-Mar-2026 06:09:19.089 INFO [http-nio-8080-exec-34] org.apache.catalina.core.ApplicationContext.log Manager: list: Listing contexts for virtual host 'localhost'
22-Mar-2026 06:09:19.091 INFO [http-nio-8080-exec-27] org.apache.catalina.core.ApplicationContext.log Manager: list: Listing contexts for virtual host 'localhost'
22-Mar-2026 06:09:19.574 INFO [http-nio-8080-exec-25] org.apache.catalina.core.ApplicationContext.log Manager: restart: Reloading web application '/PE_PRJ301'
22-Mar-2026 06:16:02.978 INFO [http-nio-8080-exec-37] org.apache.catalina.core.ApplicationContext.log Manager: list: Listing contexts for virtual host 'localhost'
22-Mar-2026 06:16:02.981 INFO [http-nio-8080-exec-38] org.apache.catalina.core.ApplicationContext.log Manager: restart: Reloading web application '/PE_PRJ301'
22-Mar-2026 06:17:15.311 INFO [http-nio-8080-exec-42] org.apache.catalina.core.ApplicationContext.log Manager: list: Listing contexts for virtual host 'localhost'
22-Mar-2026 06:17:15.339 INFO [http-nio-8080-exec-43] org.apache.catalina.core.ApplicationContext.log Manager: list: Listing contexts for virtual host 'localhost'
22-Mar-2026 06:17:16.283 INFO [http-nio-8080-exec-37] org.apache.catalina.core.ApplicationContext.log Manager: list: Listing contexts for virtual host 'localhost'
22-Mar-2026 06:17:16.283 INFO [http-nio-8080-exec-40] org.apache.catalina.core.ApplicationContext.log Manager: restart: Reloading web application '/PE_PRJ301'
22-Mar-2026 06:18:00.843 INFO [http-nio-8080-exec-41] org.apache.catalina.core.ApplicationContext.log Manager: list: Listing contexts for virtual host 'localhost'
22-Mar-2026 06:18:00.855 INFO [http-nio-8080-exec-39] org.apache.catalina.core.ApplicationContext.log Manager: restart: Reloading web application '/PE_PRJ301'
22-Mar-2026 06:18:01.840 INFO [http-nio-8080-exec-49] org.apache.catalina.core.ApplicationContext.log Manager: list: Listing contexts for virtual host 'localhost'
22-Mar-2026 06:18:01.840 INFO [http-nio-8080-exec-46] org.apache.catalina.core.ApplicationContext.log Manager: restart: Reloading web application '/PE_PRJ301'
22-Mar-2026 06:18:42.943 INFO [http-nio-8080-exec-36] org.apache.catalina.core.ApplicationContext.log Manager: list: Listing contexts for virtual host 'localhost'
22-Mar-2026 06:18:42.947 INFO [http-nio-8080-exec-48] org.apache.catalina.core.ApplicationContext.log Manager: restart: Reloading web application '/PE_PRJ301'
22-Mar-2026 06:19:11.121 INFO [http-nio-8080-exec-49] org.apache.catalina.core.ApplicationContext.log Manager: list: Listing contexts for virtual host 'localhost'
22-Mar-2026 06:19:11.137 INFO [http-nio-8080-exec-41] org.apache.catalina.core.ApplicationContext.log Manager: restart: Reloading web application '/PE_PRJ301'
22-Mar-2026 06:19:12.111 INFO [http-nio-8080-exec-51] org.apache.catalina.core.ApplicationContext.log Manager: list: Listing contexts for virtual host 'localhost'
22-Mar-2026 06:19:12.127 INFO [http-nio-8080-exec-37] org.apache.catalina.core.ApplicationContext.log Manager: restart: Reloading web application '/PE_PRJ301'
22-Mar-2026 06:19:44.630 INFO [http-nio-8080-exec-48] org.apache.catalina.core.ApplicationContext.log Manager: list: Listing contexts for virtual host 'localhost'
22-Mar-2026 06:19:44.960 INFO [http-nio-8080-exec-37] org.apache.catalina.core.ApplicationContext.log Manager: list: Listing contexts for virtual host 'localhost'
22-Mar-2026 06:19:55.447 INFO [http-nio-8080-exec-54] org.apache.catalina.core.ApplicationContext.log Manager: list: Listing contexts for virtual host 'localhost'
22-Mar-2026 06:19:55.490 INFO [http-nio-8080-exec-37] org.apache.catalina.core.ApplicationContext.log Manager: list: Listing contexts for virtual host 'localhost'
22-Mar-2026 06:19:56.149 INFO [http-nio-8080-exec-36] org.apache.catalina.core.ApplicationContext.log Manager: list: Listing contexts for virtual host 'localhost'
22-Mar-2026 06:19:56.149 INFO [http-nio-8080-exec-41] org.apache.catalina.core.ApplicationContext.log Manager: restart: Reloading web application '/PE_PRJ301'
22-Mar-2026 06:19:58.897 INFO [http-nio-8080-exec-55] org.apache.catalina.core.ApplicationContext.log Manager: list: Listing contexts for virtual host 'localhost'
22-Mar-2026 06:19:58.956 INFO [http-nio-8080-exec-51] org.apache.catalina.core.ApplicationContext.log Manager: list: Listing contexts for virtual host 'localhost'
22-Mar-2026 06:19:59.148 INFO [http-nio-8080-exec-46] org.apache.catalina.core.ApplicationContext.log Manager: list: Listing contexts for virtual host 'localhost'
22-Mar-2026 06:19:59.148 INFO [http-nio-8080-exec-36] org.apache.catalina.core.ApplicationContext.log Manager: restart: Reloading web application '/PE_PRJ301'
22-Mar-2026 06:20:32.806 INFO [http-nio-8080-exec-50] org.apache.catalina.core.ApplicationContext.log Manager: list: Listing contexts for virtual host 'localhost'
22-Mar-2026 06:20:33.143 INFO [http-nio-8080-exec-36] org.apache.catalina.core.ApplicationContext.log Manager: list: Listing contexts for virtual host 'localhost'
22-Mar-2026 06:20:41.723 INFO [http-nio-8080-exec-50] org.apache.catalina.core.ApplicationContext.log Manager: list: Listing contexts for virtual host 'localhost'
22-Mar-2026 06:20:54.115 INFO [http-nio-8080-exec-46] org.apache.catalina.core.ApplicationContext.log Manager: list: Listing contexts for virtual host 'localhost'
22-Mar-2026 06:20:54.126 INFO [http-nio-8080-exec-59] org.apache.catalina.core.ApplicationContext.log Manager: restart: Reloading web application '/PE_PRJ301'
22-Mar-2026 06:20:55.160 INFO [http-nio-8080-exec-58] org.apache.catalina.core.ApplicationContext.log Manager: list: Listing contexts for virtual host 'localhost'
22-Mar-2026 06:20:55.168 INFO [http-nio-8080-exec-60] org.apache.catalina.core.ApplicationContext.log Manager: restart: Reloading web application '/PE_PRJ301'
22-Mar-2026 06:21:02.011 INFO [http-nio-8080-exec-46] org.apache.catalina.core.ApplicationContext.log Manager: list: Listing contexts for virtual host 'localhost'
22-Mar-2026 06:21:03.433 INFO [http-nio-8080-exec-60] org.apache.catalina.core.ApplicationContext.log Manager: list: Listing contexts for virtual host 'localhost'
22-Mar-2026 06:21:03.465 INFO [http-nio-8080-exec-58] org.apache.catalina.core.ApplicationContext.log Manager: list: Listing contexts for virtual host 'localhost'
22-Mar-2026 06:21:03.744 INFO [http-nio-8080-exec-62] org.apache.catalina.core.ApplicationContext.log Manager: list: Listing contexts for virtual host 'localhost'
22-Mar-2026 06:21:03.750 INFO [http-nio-8080-exec-57] org.apache.catalina.core.ApplicationContext.log Manager: restart: Reloading web application '/PE_PRJ301'
22-Mar-2026 06:21:31.515 INFO [http-nio-8080-exec-62] org.apache.catalina.core.ApplicationContext.log Manager: list: Listing contexts for virtual host 'localhost'
22-Mar-2026 06:21:31.515 INFO [http-nio-8080-exec-61] org.apache.catalina.core.ApplicationContext.log Manager: restart: Reloading web application '/PE_PRJ301'
22-Mar-2026 06:21:31.705 INFO [http-nio-8080-exec-51] org.apache.catalina.core.ApplicationContext.log Manager: list: Listing contexts for virtual host 'localhost'
22-Mar-2026 06:21:31.705 INFO [http-nio-8080-exec-64] org.apache.catalina.core.ApplicationContext.log Manager: list: Listing contexts for virtual host 'localhost'
22-Mar-2026 06:21:32.178 INFO [http-nio-8080-exec-36] org.apache.catalina.core.ApplicationContext.log Manager: restart: Reloading web application '/PE_PRJ301'
22-Mar-2026 06:42:36.439 INFO [http-nio-8080-exec-65] org.apache.catalina.core.ApplicationContext.log Manager: list: Listing contexts for virtual host 'localhost'
22-Mar-2026 06:42:37.012 INFO [http-nio-8080-exec-67] org.apache.catalina.core.ApplicationContext.log Manager: list: Listing contexts for virtual host 'localhost'
22-Mar-2026 06:42:37.022 INFO [http-nio-8080-exec-66] org.apache.catalina.core.ApplicationContext.log Manager: restart: Reloading web application '/PE_PRJ301'
22-Mar-2026 06:42:44.754 INFO [http-nio-8080-exec-67] org.apache.catalina.core.ApplicationContext.log Manager: list: Listing contexts for virtual host 'localhost'
22-Mar-2026 06:42:44.821 INFO [http-nio-8080-exec-75] org.apache.catalina.core.ApplicationContext.log Manager: list: Listing contexts for virtual host 'localhost'
22-Mar-2026 06:42:45.529 INFO [http-nio-8080-exec-65] org.apache.catalina.core.ApplicationContext.log Manager: list: Listing contexts for virtual host 'localhost'
22-Mar-2026 06:42:45.537 INFO [http-nio-8080-exec-71] org.apache.catalina.core.ApplicationContext.log Manager: restart: Reloading web application '/PE_PRJ301'
22-Mar-2026 06:42:53.506 INFO [http-nio-8080-exec-68] org.apache.catalina.core.ApplicationContext.log Manager: list: Listing contexts for virtual host 'localhost'
22-Mar-2026 06:42:53.602 INFO [http-nio-8080-exec-77] org.apache.catalina.core.ApplicationContext.log Manager: list: Listing contexts for virtual host 'localhost'
22-Mar-2026 06:42:54.313 INFO [http-nio-8080-exec-73] org.apache.catalina.core.ApplicationContext.log Manager: list: Listing contexts for virtual host 'localhost'
22-Mar-2026 06:42:54.327 INFO [http-nio-8080-exec-74] org.apache.catalina.core.ApplicationContext.log Manager: restart: Reloading web application '/PE_PRJ301'
22-Mar-2026 06:42:55.672 INFO [http-nio-8080-exec-78] org.apache.catalina.core.ApplicationContext.log Manager: list: Listing contexts for virtual host 'localhost'
22-Mar-2026 06:42:55.678 INFO [http-nio-8080-exec-69] org.apache.catalina.core.ApplicationContext.log Manager: restart: Reloading web application '/PE_PRJ301'
22-Mar-2026 06:43:01.592 INFO [http-nio-8080-exec-77] org.apache.catalina.core.ApplicationContext.log Manager: list: Listing contexts for virtual host 'localhost'
22-Mar-2026 06:43:01.647 INFO [http-nio-8080-exec-80] org.apache.catalina.core.ApplicationContext.log Manager: list: Listing contexts for virtual host 'localhost'
22-Mar-2026 06:43:02.220 INFO [http-nio-8080-exec-76] org.apache.catalina.core.ApplicationContext.log Manager: list: Listing contexts for virtual host 'localhost'
22-Mar-2026 06:43:02.234 INFO [http-nio-8080-exec-79] org.apache.catalina.core.ApplicationContext.log Manager: restart: Reloading web application '/PE_PRJ301'
22-Mar-2026 06:43:03.449 INFO [http-nio-8080-exec-76] org.apache.catalina.core.ApplicationContext.log Manager: list: Listing contexts for virtual host 'localhost'
22-Mar-2026 06:43:03.460 INFO [http-nio-8080-exec-77] org.apache.catalina.core.ApplicationContext.log Manager: restart: Reloading web application '/PE_PRJ301'
22-Mar-2026 06:43:06.032 INFO [http-nio-8080-exec-75] org.apache.catalina.core.ApplicationContext.log Manager: list: Listing contexts for virtual host 'localhost'
22-Mar-2026 06:43:06.137 INFO [http-nio-8080-exec-80] org.apache.catalina.core.ApplicationContext.log Manager: list: Listing contexts for virtual host 'localhost'
22-Mar-2026 06:43:06.727 INFO [http-nio-8080-exec-73] org.apache.catalina.core.ApplicationContext.log Manager: list: Listing contexts for virtual host 'localhost'
22-Mar-2026 06:43:06.748 INFO [http-nio-8080-exec-65] org.apache.catalina.core.ApplicationContext.log Manager: restart: Reloading web application '/PE_PRJ301'
22-Mar-2026 06:43:08.106 INFO [http-nio-8080-exec-68] org.apache.catalina.core.ApplicationContext.log Manager: list: Listing contexts for virtual host 'localhost'
22-Mar-2026 06:43:08.120 INFO [http-nio-8080-exec-75] org.apache.catalina.core.ApplicationContext.log Manager: restart: Reloading web application '/PE_PRJ301'
22-Mar-2026 06:43:20.245 INFO [http-nio-8080-exec-81] org.apache.catalina.core.ApplicationContext.log Manager: list: Listing contexts for virtual host 'localhost'
22-Mar-2026 06:43:20.317 INFO [http-nio-8080-exec-86] org.apache.catalina.core.ApplicationContext.log Manager: list: Listing contexts for virtual host 'localhost'
22-Mar-2026 07:59:47.389 INFO [http-nio-8080-exec-9] org.apache.catalina.core.ApplicationContext.log Manager: init: Associated with Deployer 'Catalina:type=Deployer,host=localhost'
22-Mar-2026 07:59:47.390 INFO [http-nio-8080-exec-9] org.apache.catalina.core.ApplicationContext.log Manager: init: Global resources are available
22-Mar-2026 07:59:47.392 INFO [http-nio-8080-exec-9] org.apache.catalina.core.ApplicationContext.log Manager: list: Listing contexts for virtual host 'localhost'
22-Mar-2026 07:59:47.425 INFO [http-nio-8080-exec-6] org.apache.catalina.core.ApplicationContext.log Manager: list: Listing contexts for virtual host 'localhost'
22-Mar-2026 07:59:47.462 INFO [http-nio-8080-exec-1] org.apache.catalina.core.ApplicationContext.log Manager: install: Installing context configuration at 'file:/C:/Users/SE1932~1/AppData/Local/Temp/context5326900230550487294.xml'
22-Mar-2026 07:59:48.889 INFO [http-nio-8080-exec-3] org.apache.catalina.core.ApplicationContext.log Manager: start: Starting web application '/ex-06'
22-Mar-2026 08:21:55.641 INFO [http-nio-8080-exec-2] org.apache.catalina.core.ApplicationContext.log Manager: list: Listing contexts for virtual host 'localhost'
22-Mar-2026 08:21:56.429 INFO [http-nio-8080-exec-7] org.apache.catalina.core.ApplicationContext.log Manager: list: Listing contexts for virtual host 'localhost'
22-Mar-2026 08:21:56.439 INFO [http-nio-8080-exec-10] org.apache.catalina.core.ApplicationContext.log Manager: undeploy: Undeploying web application at '/ex-06'
22-Mar-2026 08:22:04.994 INFO [http-nio-8080-exec-11] org.apache.catalina.core.ApplicationContext.log Manager: list: Listing contexts for virtual host 'localhost'
22-Mar-2026 08:22:04.996 INFO [http-nio-8080-exec-5] org.apache.catalina.core.ApplicationContext.log Manager: list: Listing contexts for virtual host 'localhost'
22-Mar-2026 08:22:05.011 INFO [http-nio-8080-exec-8] org.apache.catalina.core.ApplicationContext.log Manager: install: Installing context configuration at 'file:/C:/Users/SE1932~1/AppData/Local/Temp/context1080549129961081080.xml'
22-Mar-2026 08:22:06.122 INFO [http-nio-8080-exec-7] org.apache.catalina.core.ApplicationContext.log Manager: start: Starting web application '/ex-06'
22-Mar-2026 08:23:31.287 INFO [http-nio-8080-exec-12] org.apache.catalina.core.ApplicationContext.log Manager: list: Listing contexts for virtual host 'localhost'
22-Mar-2026 08:23:31.297 INFO [http-nio-8080-exec-11] org.apache.catalina.core.ApplicationContext.log Manager: undeploy: Undeploying web application at '/ex-06'
22-Mar-2026 08:25:07.269 INFO [http-nio-8080-exec-12] org.apache.catalina.core.ApplicationContext.log Manager: list: Listing contexts for virtual host 'localhost'
22-Mar-2026 08:25:10.825 INFO [http-nio-8080-exec-21] org.apache.catalina.core.ApplicationContext.log Manager: list: Listing contexts for virtual host 'localhost'
22-Mar-2026 08:25:10.827 INFO [http-nio-8080-exec-25] org.apache.catalina.core.ApplicationContext.log Manager: list: Listing contexts for virtual host 'localhost'
22-Mar-2026 08:25:10.838 INFO [http-nio-8080-exec-15] org.apache.catalina.core.ApplicationContext.log Manager: install: Installing context configuration at 'file:/C:/Users/SE1932~1/AppData/Local/Temp/context1295477095101130108.xml'
22-Mar-2026 08:25:12.138 INFO [http-nio-8080-exec-19] org.apache.catalina.core.ApplicationContext.log Manager: start: Starting web application '/ex-06'
22-Mar-2026 08:25:55.951 INFO [http-nio-8080-exec-25] org.apache.catalina.core.ApplicationContext.log Manager: list: Listing contexts for virtual host 'localhost'
22-Mar-2026 08:25:55.960 INFO [http-nio-8080-exec-24] org.apache.catalina.core.ApplicationContext.log Manager: undeploy: Undeploying web application at '/ex-06'
22-Mar-2026 09:31:10.102 INFO [http-nio-8080-exec-28] org.apache.catalina.core.ApplicationContext.log Manager: list: Listing contexts for virtual host 'localhost'
22-Mar-2026 09:31:10.111 INFO [http-nio-8080-exec-34] org.apache.catalina.core.ApplicationContext.log Manager: list: Listing contexts for virtual host 'localhost'
22-Mar-2026 09:31:10.118 INFO [http-nio-8080-exec-36] org.apache.catalina.core.ApplicationContext.log Manager: install: Installing context configuration at 'file:/C:/Users/SE1932~1/AppData/Local/Temp/context3617408247781326000.xml'
22-Mar-2026 09:31:10.869 INFO [http-nio-8080-exec-37] org.apache.catalina.core.ApplicationContext.log Manager: start: Starting web application '/PE_Prj301'
22-Mar-2026 09:31:31.440 INFO [http-nio-8080-exec-32] org.apache.catalina.core.ApplicationContext.log Manager: list: Listing contexts for virtual host 'localhost'
22-Mar-2026 09:31:31.446 INFO [http-nio-8080-exec-37] org.apache.catalina.core.ApplicationContext.log Manager: stop: Stopping web application '/PE_Prj301'
22-Mar-2026 09:31:31.468 INFO [http-nio-8080-exec-28] org.apache.catalina.core.ApplicationContext.log Manager: start: Starting web application '/PE_Prj301'
22-Mar-2026 09:31:31.660 INFO [http-nio-8080-exec-36] org.apache.catalina.core.ApplicationContext.log Manager: list: Listing contexts for virtual host 'localhost'
22-Mar-2026 09:31:31.662 INFO [http-nio-8080-exec-38] org.apache.catalina.core.ApplicationContext.log Manager: list: Listing contexts for virtual host 'localhost'
22-Mar-2026 09:31:32.111 INFO [http-nio-8080-exec-30] org.apache.catalina.core.ApplicationContext.log Manager: stop: Stopping web application '/PE_Prj301'
22-Mar-2026 09:31:32.134 INFO [http-nio-8080-exec-35] org.apache.catalina.core.ApplicationContext.log Manager: start: Starting web application '/PE_Prj301'
22-Mar-2026 09:31:36.162 INFO [http-nio-8080-exec-36] org.apache.catalina.core.ApplicationContext.log Manager: list: Listing contexts for virtual host 'localhost'
22-Mar-2026 09:31:36.167 INFO [http-nio-8080-exec-40] org.apache.catalina.core.ApplicationContext.log Manager: undeploy: Undeploying web application at '/PE_Prj301'
22-Mar-2026 09:31:39.459 INFO [http-nio-8080-exec-42] org.apache.catalina.core.ApplicationContext.log Manager: list: Listing contexts for virtual host 'localhost'
22-Mar-2026 09:31:39.461 INFO [http-nio-8080-exec-41] org.apache.catalina.core.ApplicationContext.log Manager: list: Listing contexts for virtual host 'localhost'
22-Mar-2026 09:31:39.469 INFO [http-nio-8080-exec-39] org.apache.catalina.core.ApplicationContext.log Manager: install: Installing context configuration at 'file:/C:/Users/SE1932~1/AppData/Local/Temp/context3833395813347919982.xml'
22-Mar-2026 09:31:40.120 INFO [http-nio-8080-exec-40] org.apache.catalina.core.ApplicationContext.log Manager: start: Starting web application '/PE_Prj301'
22-Mar-2026 09:32:04.345 INFO [http-nio-8080-exec-39] org.apache.catalina.core.ApplicationContext.log Manager: list: Listing contexts for virtual host 'localhost'
22-Mar-2026 09:32:04.349 INFO [http-nio-8080-exec-29] org.apache.catalina.core.ApplicationContext.log Manager: stop: Stopping web application '/PE_Prj301'
22-Mar-2026 09:32:04.371 INFO [http-nio-8080-exec-40] org.apache.catalina.core.ApplicationContext.log Manager: start: Starting web application '/PE_Prj301'
22-Mar-2026 09:32:04.528 INFO [http-nio-8080-exec-46] org.apache.catalina.core.ApplicationContext.log Manager: list: Listing contexts for virtual host 'localhost'
22-Mar-2026 09:32:04.531 INFO [http-nio-8080-exec-30] org.apache.catalina.core.ApplicationContext.log Manager: list: Listing contexts for virtual host 'localhost'
22-Mar-2026 09:32:05.019 INFO [http-nio-8080-exec-46] org.apache.catalina.core.ApplicationContext.log Manager: stop: Stopping web application '/PE_Prj301'
22-Mar-2026 09:32:05.042 INFO [http-nio-8080-exec-29] org.apache.catalina.core.ApplicationContext.log Manager: start: Starting web application '/PE_Prj301'
22-Mar-2026 09:32:24.922 INFO [http-nio-8080-exec-48] org.apache.catalina.core.ApplicationContext.log Manager: list: Listing contexts for virtual host 'localhost'
22-Mar-2026 09:32:25.302 INFO [http-nio-8080-exec-31] org.apache.catalina.core.ApplicationContext.log Manager: list: Listing contexts for virtual host 'localhost'
22-Mar-2026 09:32:25.304 INFO [http-nio-8080-exec-49] org.apache.catalina.core.ApplicationContext.log Manager: list: Listing contexts for virtual host 'localhost'
22-Mar-2026 09:33:40.721 INFO [http-nio-8080-exec-43] org.apache.catalina.core.ApplicationContext.log Manager: list: Listing contexts for virtual host 'localhost'
22-Mar-2026 09:33:40.728 INFO [http-nio-8080-exec-55] org.apache.catalina.core.ApplicationContext.log Manager: restart: Reloading web application '/PE_Prj301'
22-Mar-2026 09:33:40.850 INFO [http-nio-8080-exec-43] org.apache.catalina.core.ApplicationContext.log Manager: list: Listing contexts for virtual host 'localhost'
22-Mar-2026 09:33:40.851 INFO [http-nio-8080-exec-51] org.apache.catalina.core.ApplicationContext.log Manager: list: Listing contexts for virtual host 'localhost'
22-Mar-2026 09:33:41.384 INFO [http-nio-8080-exec-43] org.apache.catalina.core.ApplicationContext.log Manager: restart: Reloading web application '/PE_Prj301'
22-Mar-2026 09:35:19.573 INFO [http-nio-8080-exec-59] org.apache.catalina.core.ApplicationContext.log Manager: list: Listing contexts for virtual host 'localhost'
22-Mar-2026 09:35:19.583 INFO [http-nio-8080-exec-58] org.apache.catalina.core.ApplicationContext.log Manager: restart: Reloading web application '/PE_Prj301'
22-Mar-2026 09:35:20.529 INFO [http-nio-8080-exec-62] org.apache.catalina.core.ApplicationContext.log Manager: list: Listing contexts for virtual host 'localhost'
22-Mar-2026 09:35:20.533 INFO [http-nio-8080-exec-60] org.apache.catalina.core.ApplicationContext.log Manager: restart: Reloading web application '/PE_Prj301'
22-Mar-2026 09:36:27.748 INFO [http-nio-8080-exec-57] org.apache.catalina.core.ApplicationContext.log Manager: list: Listing contexts for virtual host 'localhost'
22-Mar-2026 09:36:27.756 INFO [http-nio-8080-exec-61] org.apache.catalina.core.ApplicationContext.log Manager: undeploy: Undeploying web application at '/PE_Prj301'
22-Mar-2026 09:36:27.888 INFO [http-nio-8080-exec-65] org.apache.catalina.core.ApplicationContext.log Manager: list: Listing contexts for virtual host 'localhost'
22-Mar-2026 09:36:28.311 INFO [http-nio-8080-exec-64] org.apache.catalina.core.ApplicationContext.log Manager: restart: Reloading web application '/PE_Prj301'
22-Mar-2026 09:36:29.864 INFO [http-nio-8080-exec-58] org.apache.catalina.core.ApplicationContext.log Manager: list: Listing contexts for virtual host 'localhost'
22-Mar-2026 09:36:29.866 INFO [http-nio-8080-exec-57] org.apache.catalina.core.ApplicationContext.log Manager: list: Listing contexts for virtual host 'localhost'
22-Mar-2026 09:36:29.877 INFO [http-nio-8080-exec-61] org.apache.catalina.core.ApplicationContext.log Manager: install: Installing context configuration at 'file:/C:/Users/SE1932~1/AppData/Local/Temp/context7217515686994526959.xml'
22-Mar-2026 09:36:30.513 INFO [http-nio-8080-exec-64] org.apache.catalina.core.ApplicationContext.log Manager: start: Starting web application '/PE_Prj301'
22-Mar-2026 09:37:00.791 INFO [http-nio-8080-exec-64] org.apache.catalina.core.ApplicationContext.log Manager: list: Listing contexts for virtual host 'localhost'
22-Mar-2026 09:37:00.792 INFO [http-nio-8080-exec-67] org.apache.catalina.core.ApplicationContext.log Manager: list: Listing contexts for virtual host 'localhost'
22-Mar-2026 09:37:00.801 INFO [http-nio-8080-exec-70] org.apache.catalina.core.ApplicationContext.log Manager: undeploy: Undeploying web application at '/PE_Prj301'
22-Mar-2026 09:37:01.146 INFO [http-nio-8080-exec-63] org.apache.catalina.core.ApplicationContext.log Manager: list: Listing contexts for virtual host 'localhost'
22-Mar-2026 09:37:01.148 INFO [http-nio-8080-exec-68] org.apache.catalina.core.ApplicationContext.log Manager: list: Listing contexts for virtual host 'localhost'
22-Mar-2026 09:37:01.321 INFO [http-nio-8080-exec-71] org.apache.catalina.core.ApplicationContext.log Manager: install: Installing context configuration at 'file:/C:/Users/SE1932~1/AppData/Local/Temp/context2283389181668180742.xml'
22-Mar-2026 09:37:02.089 INFO [http-nio-8080-exec-64] org.apache.catalina.core.ApplicationContext.log Manager: start: Starting web application '/PE_Prj301'
22-Mar-2026 09:37:11.311 INFO [http-nio-8080-exec-72] org.apache.catalina.core.ApplicationContext.log Manager: list: Listing contexts for virtual host 'localhost'
22-Mar-2026 09:37:11.316 INFO [http-nio-8080-exec-74] org.apache.catalina.core.ApplicationContext.log Manager: undeploy: Undeploying web application at '/PE_Prj301'
22-Mar-2026 09:37:13.692 INFO [http-nio-8080-exec-76] org.apache.catalina.core.ApplicationContext.log Manager: list: Listing contexts for virtual host 'localhost'
22-Mar-2026 09:37:13.694 INFO [http-nio-8080-exec-75] org.apache.catalina.core.ApplicationContext.log Manager: list: Listing contexts for virtual host 'localhost'
22-Mar-2026 09:37:13.701 INFO [http-nio-8080-exec-67] org.apache.catalina.core.ApplicationContext.log Manager: install: Installing context configuration at 'file:/C:/Users/SE1932~1/AppData/Local/Temp/context3990565696497421186.xml'
22-Mar-2026 09:37:14.351 INFO [http-nio-8080-exec-74] org.apache.catalina.core.ApplicationContext.log Manager: start: Starting web application '/PE_Prj301'
22-Mar-2026 09:37:36.706 INFO [http-nio-8080-exec-78] org.apache.catalina.core.ApplicationContext.log Manager: list: Listing contexts for virtual host 'localhost'
22-Mar-2026 09:37:36.710 INFO [http-nio-8080-exec-79] org.apache.catalina.core.ApplicationContext.log Manager: undeploy: Undeploying web application at '/PE_Prj301'
22-Mar-2026 09:38:54.603 INFO [http-nio-8080-exec-74] org.apache.catalina.core.ApplicationContext.log Manager: list: Listing contexts for virtual host 'localhost'
22-Mar-2026 09:38:54.606 INFO [http-nio-8080-exec-78] org.apache.catalina.core.ApplicationContext.log Manager: list: Listing contexts for virtual host 'localhost'
22-Mar-2026 09:38:54.614 INFO [http-nio-8080-exec-82] org.apache.catalina.core.ApplicationContext.log Manager: install: Installing context configuration at 'file:/C:/Users/SE1932~1/AppData/Local/Temp/context5278686047848054687.xml'
22-Mar-2026 09:38:55.232 INFO [http-nio-8080-exec-79] org.apache.catalina.core.ApplicationContext.log Manager: start: Starting web application '/PE_Prj301'
22-Mar-2026 09:39:59.876 INFO [http-nio-8080-exec-83] org.apache.catalina.core.ApplicationContext.log Manager: list: Listing contexts for virtual host 'localhost'
22-Mar-2026 09:39:59.884 INFO [http-nio-8080-exec-84] org.apache.catalina.core.ApplicationContext.log Manager: restart: Reloading web application '/PE_Prj301'
22-Mar-2026 09:39:59.999 INFO [http-nio-8080-exec-87] org.apache.catalina.core.ApplicationContext.log Manager: list: Listing contexts for virtual host 'localhost'
22-Mar-2026 09:40:00.000 INFO [http-nio-8080-exec-81] org.apache.catalina.core.ApplicationContext.log Manager: list: Listing contexts for virtual host 'localhost'
22-Mar-2026 09:40:00.522 INFO [http-nio-8080-exec-88] org.apache.catalina.core.ApplicationContext.log Manager: restart: Reloading web application '/PE_Prj301'
22-Mar-2026 09:40:07.944 INFO [http-nio-8080-exec-82] org.apache.catalina.core.ApplicationContext.log Manager: list: Listing contexts for virtual host 'localhost'
22-Mar-2026 09:40:07.949 INFO [http-nio-8080-exec-93] org.apache.catalina.core.ApplicationContext.log Manager: undeploy: Undeploying web application at '/PE_Prj301'
22-Mar-2026 09:40:10.311 INFO [http-nio-8080-exec-91] org.apache.catalina.core.ApplicationContext.log Manager: list: Listing contexts for virtual host 'localhost'
22-Mar-2026 09:40:10.316 INFO [http-nio-8080-exec-94] org.apache.catalina.core.ApplicationContext.log Manager: list: Listing contexts for virtual host 'localhost'
22-Mar-2026 09:40:10.324 INFO [http-nio-8080-exec-87] org.apache.catalina.core.ApplicationContext.log Manager: install: Installing context configuration at 'file:/C:/Users/SE1932~1/AppData/Local/Temp/context1652583541050149316.xml'
22-Mar-2026 09:40:10.935 INFO [http-nio-8080-exec-93] org.apache.catalina.core.ApplicationContext.log Manager: start: Starting web application '/PE_Prj301'
22-Mar-2026 09:41:07.168 INFO [http-nio-8080-exec-81] org.apache.catalina.core.ApplicationContext.log Manager: list: Listing contexts for virtual host 'localhost'
22-Mar-2026 09:41:07.175 INFO [http-nio-8080-exec-97] org.apache.catalina.core.ApplicationContext.log Manager: undeploy: Undeploying web application at '/PE_Prj301'
22-Mar-2026 09:41:07.316 INFO [http-nio-8080-exec-87] org.apache.catalina.core.ApplicationContext.log Manager: list: Listing contexts for virtual host 'localhost'
22-Mar-2026 09:41:07.728 INFO [http-nio-8080-exec-94] org.apache.catalina.core.ApplicationContext.log Manager: restart: Reloading web application '/PE_Prj301'
22-Mar-2026 09:41:22.728 INFO [http-nio-8080-exec-84] org.apache.catalina.core.ApplicationContext.log Manager: list: Listing contexts for virtual host 'localhost'
22-Mar-2026 09:41:22.732 INFO [http-nio-8080-exec-98] org.apache.catalina.core.ApplicationContext.log Manager: list: Listing contexts for virtual host 'localhost'
22-Mar-2026 09:41:22.738 INFO [http-nio-8080-exec-97] org.apache.catalina.core.ApplicationContext.log Manager: install: Installing context configuration at 'file:/C:/Users/SE1932~1/AppData/Local/Temp/context8790047763565350595.xml'
22-Mar-2026 09:41:23.323 INFO [http-nio-8080-exec-94] org.apache.catalina.core.ApplicationContext.log Manager: start: Starting web application '/PE_Prj301'
22-Mar-2026 09:42:02.449 INFO [http-nio-8080-exec-105] org.apache.catalina.core.ApplicationContext.log Manager: list: Listing contexts for virtual host 'localhost'
22-Mar-2026 09:42:02.454 INFO [http-nio-8080-exec-106] org.apache.catalina.core.ApplicationContext.log Manager: undeploy: Undeploying web application at '/PE_Prj301'
22-Mar-2026 09:42:02.540 INFO [http-nio-8080-exec-107] org.apache.catalina.core.ApplicationContext.log Manager: list: Listing contexts for virtual host 'localhost'
22-Mar-2026 09:42:02.542 INFO [http-nio-8080-exec-102] org.apache.catalina.core.ApplicationContext.log Manager: list: Listing contexts for virtual host 'localhost'
22-Mar-2026 09:42:02.996 INFO [http-nio-8080-exec-100] org.apache.catalina.core.ApplicationContext.log Manager: undeploy: Undeploying web application at '/PE_Prj301'
22-Mar-2026 09:42:03.001 INFO [http-nio-8080-exec-107] org.apache.catalina.core.ApplicationContext.log Manager: install: Installing context configuration at 'file:/C:/Users/SE1932~1/AppData/Local/Temp/context8623804880261828001.xml'
22-Mar-2026 09:42:03.022 INFO [http-nio-8080-exec-99] org.apache.catalina.core.ApplicationContext.log Manager: start: Starting web application '/PE_Prj301'
22-Mar-2026 09:42:04.637 INFO [http-nio-8080-exec-106] org.apache.catalina.core.ApplicationContext.log Manager: list: Listing contexts for virtual host 'localhost'
22-Mar-2026 09:42:04.642 INFO [http-nio-8080-exec-105] org.apache.catalina.core.ApplicationContext.log Manager: list: Listing contexts for virtual host 'localhost'
22-Mar-2026 09:42:04.660 INFO [http-nio-8080-exec-102] org.apache.catalina.core.ApplicationContext.log Manager: undeploy: Undeploying web application at '/PE_Prj301'
22-Mar-2026 09:42:05.174 INFO [http-nio-8080-exec-100] org.apache.catalina.core.ApplicationContext.log Manager: install: Installing context configuration at 'file:/C:/Users/SE1932~1/AppData/Local/Temp/context2549260501013709578.xml'
22-Mar-2026 09:43:22.499 INFO [http-nio-8080-exec-112] org.apache.catalina.core.ApplicationContext.log Manager: list: Listing contexts for virtual host 'localhost'
22-Mar-2026 09:43:22.509 INFO [http-nio-8080-exec-109] org.apache.catalina.core.ApplicationContext.log Manager: restart: Reloading web application '/PE_Prj301'
22-Mar-2026 09:43:22.626 INFO [http-nio-8080-exec-114] org.apache.catalina.core.ApplicationContext.log Manager: list: Listing contexts for virtual host 'localhost'
22-Mar-2026 09:43:22.628 INFO [http-nio-8080-exec-110] org.apache.catalina.core.ApplicationContext.log Manager: list: Listing contexts for virtual host 'localhost'
22-Mar-2026 09:43:23.125 INFO [http-nio-8080-exec-114] org.apache.catalina.core.ApplicationContext.log Manager: restart: Reloading web application '/PE_Prj301'
22-Mar-2026 09:44:10.939 INFO [http-nio-8080-exec-6] org.apache.catalina.core.ApplicationContext.log Manager: init: Associated with Deployer 'Catalina:type=Deployer,host=localhost'
22-Mar-2026 09:44:10.940 INFO [http-nio-8080-exec-6] org.apache.catalina.core.ApplicationContext.log Manager: init: Global resources are available
22-Mar-2026 09:44:10.964 INFO [http-nio-8080-exec-4] org.apache.catalina.core.ApplicationContext.log Manager: list: Listing contexts for virtual host 'localhost'
22-Mar-2026 09:44:10.968 INFO [http-nio-8080-exec-10] org.apache.catalina.core.ApplicationContext.log Manager: list: Listing contexts for virtual host 'localhost'
22-Mar-2026 09:44:52.176 INFO [http-nio-8080-exec-9] org.apache.catalina.core.ApplicationContext.log Manager: list: Listing contexts for virtual host 'localhost'
22-Mar-2026 09:44:52.181 INFO [http-nio-8080-exec-4] org.apache.catalina.core.ApplicationContext.log Manager: restart: Reloading web application '/PE_Prj301'
22-Mar-2026 09:44:52.425 INFO [http-nio-8080-exec-11] org.apache.catalina.core.ApplicationContext.log Manager: list: Listing contexts for virtual host 'localhost'
22-Mar-2026 09:44:52.428 INFO [http-nio-8080-exec-10] org.apache.catalina.core.ApplicationContext.log Manager: list: Listing contexts for virtual host 'localhost'
22-Mar-2026 09:44:53.104 INFO [http-nio-8080-exec-1] org.apache.catalina.core.ApplicationContext.log Manager: restart: Reloading web application '/PE_Prj301'
22-Mar-2026 09:45:13.577 INFO [http-nio-8080-exec-4] org.apache.catalina.core.ApplicationContext.log Manager: list: Listing contexts for virtual host 'localhost'
22-Mar-2026 09:45:13.585 INFO [http-nio-8080-exec-7] org.apache.catalina.core.ApplicationContext.log Manager: restart: Reloading web application '/PE_Prj301'
22-Mar-2026 09:45:13.740 INFO [http-nio-8080-exec-14] org.apache.catalina.core.ApplicationContext.log Manager: list: Listing contexts for virtual host 'localhost'
22-Mar-2026 09:45:13.742 INFO [http-nio-8080-exec-8] org.apache.catalina.core.ApplicationContext.log Manager: list: Listing contexts for virtual host 'localhost'
22-Mar-2026 09:45:14.292 INFO [http-nio-8080-exec-12] org.apache.catalina.core.ApplicationContext.log Manager: restart: Reloading web application '/PE_Prj301'
22-Mar-2026 09:45:52.709 INFO [http-nio-8080-exec-8] org.apache.catalina.core.ApplicationContext.log Manager: list: Listing contexts for virtual host 'localhost'
22-Mar-2026 09:45:52.716 INFO [http-nio-8080-exec-2] org.apache.catalina.core.ApplicationContext.log Manager: restart: Reloading web application '/PE_Prj301'
22-Mar-2026 09:45:52.889 INFO [http-nio-8080-exec-8] org.apache.catalina.core.ApplicationContext.log Manager: list: Listing contexts for virtual host 'localhost'
22-Mar-2026 09:45:52.891 INFO [http-nio-8080-exec-4] org.apache.catalina.core.ApplicationContext.log Manager: list: Listing contexts for virtual host 'localhost'
22-Mar-2026 09:45:53.464 INFO [http-nio-8080-exec-11] org.apache.catalina.core.ApplicationContext.log Manager: restart: Reloading web application '/PE_Prj301'
22-Mar-2026 09:48:14.184 INFO [http-nio-8080-exec-22] org.apache.catalina.core.ApplicationContext.log Manager: list: Listing contexts for virtual host 'localhost'
22-Mar-2026 09:48:14.372 INFO [http-nio-8080-exec-24] org.apache.catalina.core.ApplicationContext.log Manager: list: Listing contexts for virtual host 'localhost'
22-Mar-2026 09:48:14.376 INFO [http-nio-8080-exec-25] org.apache.catalina.core.ApplicationContext.log Manager: restart: Reloading web application '/PE_Prj301'
22-Mar-2026 09:48:15.028 INFO [http-nio-8080-exec-26] org.apache.catalina.core.ApplicationContext.log Manager: list: Listing contexts for virtual host 'localhost'
22-Mar-2026 09:48:15.029 INFO [http-nio-8080-exec-21] org.apache.catalina.core.ApplicationContext.log Manager: list: Listing contexts for virtual host 'localhost'
22-Mar-2026 09:48:15.125 INFO [http-nio-8080-exec-15] org.apache.catalina.core.ApplicationContext.log Manager: restart: Reloading web application '/PE_Prj301'
22-Mar-2026 09:48:15.442 INFO [http-nio-8080-exec-22] org.apache.catalina.core.ApplicationContext.log Manager: list: Listing contexts for virtual host 'localhost'
22-Mar-2026 09:48:15.787 INFO [http-nio-8080-exec-28] org.apache.catalina.core.ApplicationContext.log Manager: restart: Reloading web application '/PE_Prj301'
22-Mar-2026 09:49:19.954 INFO [http-nio-8080-exec-30] org.apache.catalina.core.ApplicationContext.log Manager: list: Listing contexts for virtual host 'localhost'
22-Mar-2026 09:49:20.462 INFO [http-nio-8080-exec-32] org.apache.catalina.core.ApplicationContext.log Manager: list: Listing contexts for virtual host 'localhost'
22-Mar-2026 09:49:20.468 INFO [http-nio-8080-exec-29] org.apache.catalina.core.ApplicationContext.log Manager: restart: Reloading web application '/PE_Prj301'
22-Mar-2026 09:49:20.656 INFO [http-nio-8080-exec-35] org.apache.catalina.core.ApplicationContext.log Manager: list: Listing contexts for virtual host 'localhost'
22-Mar-2026 09:49:20.659 INFO [http-nio-8080-exec-23] org.apache.catalina.core.ApplicationContext.log Manager: list: Listing contexts for virtual host 'localhost'
22-Mar-2026 09:49:21.247 INFO [http-nio-8080-exec-34] org.apache.catalina.core.ApplicationContext.log Manager: restart: Reloading web application '/PE_Prj301'
22-Mar-2026 09:50:07.163 INFO [http-nio-8080-exec-35] org.apache.catalina.core.ApplicationContext.log Manager: list: Listing contexts for virtual host 'localhost'
22-Mar-2026 09:50:07.169 INFO [http-nio-8080-exec-34] org.apache.catalina.core.ApplicationContext.log Manager: restart: Reloading web application '/PE_Prj301'
22-Mar-2026 09:50:07.297 INFO [http-nio-8080-exec-35] org.apache.catalina.core.ApplicationContext.log Manager: list: Listing contexts for virtual host 'localhost'
22-Mar-2026 09:50:07.300 INFO [http-nio-8080-exec-31] org.apache.catalina.core.ApplicationContext.log Manager: list: Listing contexts for virtual host 'localhost'
22-Mar-2026 09:50:07.812 INFO [http-nio-8080-exec-35] org.apache.catalina.core.ApplicationContext.log Manager: restart: Reloading web application '/PE_Prj301'
22-Mar-2026 09:52:16.423 INFO [http-nio-8080-exec-45] org.apache.catalina.core.ApplicationContext.log Manager: list: Listing contexts for virtual host 'localhost'
22-Mar-2026 09:52:16.859 INFO [http-nio-8080-exec-49] org.apache.catalina.core.ApplicationContext.log Manager: list: Listing contexts for virtual host 'localhost'
22-Mar-2026 09:52:16.864 INFO [http-nio-8080-exec-48] org.apache.catalina.core.ApplicationContext.log Manager: restart: Reloading web application '/PE_Prj301'
22-Mar-2026 09:52:17.010 INFO [http-nio-8080-exec-47] org.apache.catalina.core.ApplicationContext.log Manager: list: Listing contexts for virtual host 'localhost'
22-Mar-2026 09:52:17.012 INFO [http-nio-8080-exec-49] org.apache.catalina.core.ApplicationContext.log Manager: list: Listing contexts for virtual host 'localhost'
22-Mar-2026 09:52:17.554 INFO [http-nio-8080-exec-51] org.apache.catalina.core.ApplicationContext.log Manager: restart: Reloading web application '/PE_Prj301'
22-Mar-2026 09:54:48.399 INFO [http-nio-8080-exec-55] org.apache.catalina.core.ApplicationContext.log Manager: list: Listing contexts for virtual host 'localhost'
22-Mar-2026 09:54:48.579 INFO [http-nio-8080-exec-58] org.apache.catalina.core.ApplicationContext.log Manager: list: Listing contexts for virtual host 'localhost'
22-Mar-2026 09:54:48.584 INFO [http-nio-8080-exec-57] org.apache.catalina.core.ApplicationContext.log Manager: restart: Reloading web application '/PE_Prj301'
22-Mar-2026 09:54:49.266 INFO [http-nio-8080-exec-55] org.apache.catalina.core.ApplicationContext.log Manager: list: Listing contexts for virtual host 'localhost'
22-Mar-2026 09:54:49.268 INFO [http-nio-8080-exec-52] org.apache.catalina.core.ApplicationContext.log Manager: list: Listing contexts for virtual host 'localhost'
22-Mar-2026 09:54:49.321 INFO [http-nio-8080-exec-58] org.apache.catalina.core.ApplicationContext.log Manager: restart: Reloading web application '/PE_Prj301'
22-Mar-2026 09:54:49.646 INFO [http-nio-8080-exec-53] org.apache.catalina.core.ApplicationContext.log Manager: list: Listing contexts for virtual host 'localhost'
22-Mar-2026 09:54:49.986 INFO [http-nio-8080-exec-62] org.apache.catalina.core.ApplicationContext.log Manager: restart: Reloading web application '/PE_Prj301'
22-Mar-2026 09:56:34.035 INFO [http-nio-8080-exec-58] org.apache.catalina.core.ApplicationContext.log Manager: list: Listing contexts for virtual host 'localhost'
22-Mar-2026 09:56:34.043 INFO [http-nio-8080-exec-55] org.apache.catalina.core.ApplicationContext.log Manager: undeploy: Undeploying web application at '/PE_Prj301'
22-Mar-2026 09:56:34.180 INFO [http-nio-8080-exec-57] org.apache.catalina.core.ApplicationContext.log Manager: list: Listing contexts for virtual host 'localhost'
22-Mar-2026 09:56:34.632 INFO [http-nio-8080-exec-66] org.apache.catalina.core.ApplicationContext.log Manager: restart: Reloading web application '/PE_Prj301'
22-Mar-2026 09:56:36.812 INFO [http-nio-8080-exec-56] org.apache.catalina.core.ApplicationContext.log Manager: list: Listing contexts for virtual host 'localhost'
22-Mar-2026 09:56:36.814 INFO [http-nio-8080-exec-65] org.apache.catalina.core.ApplicationContext.log Manager: list: Listing contexts for virtual host 'localhost'
22-Mar-2026 09:56:36.825 INFO [http-nio-8080-exec-55] org.apache.catalina.core.ApplicationContext.log Manager: install: Installing context configuration at 'file:/C:/Users/SE1932~1/AppData/Local/Temp/context8204204289608892135.xml'
22-Mar-2026 09:56:37.472 INFO [http-nio-8080-exec-66] org.apache.catalina.core.ApplicationContext.log Manager: start: Starting web application '/PE_Prj301'
22-Mar-2026 09:57:25.989 INFO [http-nio-8080-exec-65] org.apache.catalina.core.ApplicationContext.log Manager: list: Listing contexts for virtual host 'localhost'
22-Mar-2026 09:57:25.991 INFO [http-nio-8080-exec-66] org.apache.catalina.core.ApplicationContext.log Manager: list: Listing contexts for virtual host 'localhost'
22-Mar-2026 09:57:26.003 INFO [http-nio-8080-exec-64] org.apache.catalina.core.ApplicationContext.log Manager: undeploy: Undeploying web application at '/PE_Prj301'
22-Mar-2026 09:57:26.136 INFO [http-nio-8080-exec-73] org.apache.catalina.core.ApplicationContext.log Manager: list: Listing contexts for virtual host 'localhost'
22-Mar-2026 09:57:26.141 INFO [http-nio-8080-exec-69] org.apache.catalina.core.ApplicationContext.log Manager: list: Listing contexts for virtual host 'localhost'
22-Mar-2026 09:57:26.535 INFO [http-nio-8080-exec-70] org.apache.catalina.core.ApplicationContext.log Manager: restart: Reloading web application '/PE_Prj301'
22-Mar-2026 09:57:26.537 INFO [http-nio-8080-exec-72] org.apache.catalina.core.ApplicationContext.log Manager: install: Installing context configuration at 'file:/C:/Users/SE1932~1/AppData/Local/Temp/context6335110663494548550.xml'
22-Mar-2026 09:57:27.135 INFO [http-nio-8080-exec-55] org.apache.catalina.core.ApplicationContext.log Manager: start: Starting web application '/PE_Prj301'
22-Mar-2026 09:57:35.335 INFO [http-nio-8080-exec-69] org.apache.catalina.core.ApplicationContext.log Manager: list: Listing contexts for virtual host 'localhost'
22-Mar-2026 09:57:35.342 INFO [http-nio-8080-exec-70] org.apache.catalina.core.ApplicationContext.log Manager: restart: Reloading web application '/PE_Prj301'
22-Mar-2026 09:57:35.476 INFO [http-nio-8080-exec-55] org.apache.catalina.core.ApplicationContext.log Manager: list: Listing contexts for virtual host 'localhost'
22-Mar-2026 09:57:35.478 INFO [http-nio-8080-exec-75] org.apache.catalina.core.ApplicationContext.log Manager: list: Listing contexts for virtual host 'localhost'
22-Mar-2026 09:57:35.996 INFO [http-nio-8080-exec-76] org.apache.catalina.core.ApplicationContext.log Manager: restart: Reloading web application '/PE_Prj301'
22-Mar-2026 09:58:04.182 INFO [http-nio-8080-exec-69] org.apache.catalina.core.ApplicationContext.log Manager: list: Listing contexts for virtual host 'localhost'
22-Mar-2026 09:58:04.188 INFO [http-nio-8080-exec-73] org.apache.catalina.core.ApplicationContext.log Manager: restart: Reloading web application '/PE_Prj301'
22-Mar-2026 09:58:04.313 INFO [http-nio-8080-exec-69] org.apache.catalina.core.ApplicationContext.log Manager: list: Listing contexts for virtual host 'localhost'
22-Mar-2026 09:58:04.315 INFO [http-nio-8080-exec-77] org.apache.catalina.core.ApplicationContext.log Manager: list: Listing contexts for virtual host 'localhost'
22-Mar-2026 09:58:04.825 INFO [http-nio-8080-exec-55] org.apache.catalina.core.ApplicationContext.log Manager: restart: Reloading web application '/PE_Prj301'
22-Mar-2026 09:58:19.943 INFO [http-nio-8080-exec-78] org.apache.catalina.core.ApplicationContext.log Manager: list: Listing contexts for virtual host 'localhost'
22-Mar-2026 09:58:19.948 INFO [http-nio-8080-exec-74] org.apache.catalina.core.ApplicationContext.log Manager: restart: Reloading web application '/PE_Prj301'
22-Mar-2026 09:58:20.059 INFO [http-nio-8080-exec-83] org.apache.catalina.core.ApplicationContext.log Manager: list: Listing contexts for virtual host 'localhost'
22-Mar-2026 09:58:20.060 INFO [http-nio-8080-exec-79] org.apache.catalina.core.ApplicationContext.log Manager: list: Listing contexts for virtual host 'localhost'
22-Mar-2026 09:58:20.589 INFO [http-nio-8080-exec-77] org.apache.catalina.core.ApplicationContext.log Manager: restart: Reloading web application '/PE_Prj301'
22-Mar-2026 10:00:16.556 INFO [http-nio-8080-exec-86] org.apache.catalina.core.ApplicationContext.log Manager: list: Listing contexts for virtual host 'localhost'
22-Mar-2026 10:00:16.563 INFO [http-nio-8080-exec-87] org.apache.catalina.core.ApplicationContext.log Manager: restart: Reloading web application '/PE_Prj301'
22-Mar-2026 10:00:16.695 INFO [http-nio-8080-exec-92] org.apache.catalina.core.ApplicationContext.log Manager: list: Listing contexts for virtual host 'localhost'
22-Mar-2026 10:00:16.697 INFO [http-nio-8080-exec-91] org.apache.catalina.core.ApplicationContext.log Manager: list: Listing contexts for virtual host 'localhost'
22-Mar-2026 10:00:17.213 INFO [http-nio-8080-exec-85] org.apache.catalina.core.ApplicationContext.log Manager: restart: Reloading web application '/PE_Prj301'
22-Mar-2026 10:00:42.510 INFO [http-nio-8080-exec-90] org.apache.catalina.core.ApplicationContext.log Manager: list: Listing contexts for virtual host 'localhost'
22-Mar-2026 10:00:42.516 INFO [http-nio-8080-exec-93] org.apache.catalina.core.ApplicationContext.log Manager: restart: Reloading web application '/PE_Prj301'
22-Mar-2026 10:00:42.636 INFO [http-nio-8080-exec-95] org.apache.catalina.core.ApplicationContext.log Manager: list: Listing contexts for virtual host 'localhost'
22-Mar-2026 10:00:42.639 INFO [http-nio-8080-exec-90] org.apache.catalina.core.ApplicationContext.log Manager: list: Listing contexts for virtual host 'localhost'
22-Mar-2026 10:00:43.128 INFO [http-nio-8080-exec-97] org.apache.catalina.core.ApplicationContext.log Manager: restart: Reloading web application '/PE_Prj301'
22-Mar-2026 10:02:14.662 INFO [http-nio-8080-exec-99] org.apache.catalina.core.ApplicationContext.log Manager: list: Listing contexts for virtual host 'localhost'
22-Mar-2026 10:02:14.663 INFO [http-nio-8080-exec-105] org.apache.catalina.core.ApplicationContext.log Manager: list: Listing contexts for virtual host 'localhost'
22-Mar-2026 10:02:14.677 INFO [http-nio-8080-exec-96] org.apache.catalina.core.ApplicationContext.log Manager: restart: Reloading web application '/PE_Prj301'
22-Mar-2026 10:02:47.101 INFO [http-nio-8080-exec-96] org.apache.catalina.core.ApplicationContext.log Manager: list: Listing contexts for virtual host 'localhost'
22-Mar-2026 10:02:47.106 INFO [http-nio-8080-exec-92] org.apache.catalina.core.ApplicationContext.log Manager: restart: Reloading web application '/PE_Prj301'
22-Mar-2026 10:02:47.222 INFO [http-nio-8080-exec-106] org.apache.catalina.core.ApplicationContext.log Manager: list: Listing contexts for virtual host 'localhost'
22-Mar-2026 10:02:47.223 INFO [http-nio-8080-exec-87] org.apache.catalina.core.ApplicationContext.log Manager: list: Listing contexts for virtual host 'localhost'
22-Mar-2026 10:02:47.743 INFO [http-nio-8080-exec-105] org.apache.catalina.core.ApplicationContext.log Manager: restart: Reloading web application '/PE_Prj301'
22-Mar-2026 10:03:43.522 INFO [http-nio-8080-exec-108] org.apache.catalina.core.ApplicationContext.log Manager: list: Listing contexts for virtual host 'localhost'
22-Mar-2026 10:03:43.992 INFO [http-nio-8080-exec-110] org.apache.catalina.core.ApplicationContext.log Manager: list: Listing contexts for virtual host 'localhost'
22-Mar-2026 10:03:43.996 INFO [http-nio-8080-exec-87] org.apache.catalina.core.ApplicationContext.log Manager: restart: Reloading web application '/PE_Prj301'
22-Mar-2026 10:03:44.124 INFO [http-nio-8080-exec-111] org.apache.catalina.core.ApplicationContext.log Manager: list: Listing contexts for virtual host 'localhost'
22-Mar-2026 10:03:44.125 INFO [http-nio-8080-exec-110] org.apache.catalina.core.ApplicationContext.log Manager: list: Listing contexts for virtual host 'localhost'
22-Mar-2026 10:03:44.645 INFO [http-nio-8080-exec-106] org.apache.catalina.core.ApplicationContext.log Manager: restart: Reloading web application '/PE_Prj301'
22-Mar-2026 10:04:35.835 INFO [http-nio-8080-exec-107] org.apache.catalina.core.ApplicationContext.log Manager: list: Listing contexts for virtual host 'localhost'
22-Mar-2026 10:04:35.841 INFO [http-nio-8080-exec-106] org.apache.catalina.core.ApplicationContext.log Manager: restart: Reloading web application '/PE_Prj301'
22-Mar-2026 10:04:35.977 INFO [http-nio-8080-exec-119] org.apache.catalina.core.ApplicationContext.log Manager: list: Listing contexts for virtual host 'localhost'
22-Mar-2026 10:04:35.980 INFO [http-nio-8080-exec-116] org.apache.catalina.core.ApplicationContext.log Manager: list: Listing contexts for virtual host 'localhost'
22-Mar-2026 10:04:36.452 INFO [http-nio-8080-exec-110] org.apache.catalina.core.ApplicationContext.log Manager: restart: Reloading web application '/PE_Prj301'
22-Mar-2026 10:05:06.310 INFO [http-nio-8080-exec-118] org.apache.catalina.core.ApplicationContext.log Manager: list: Listing contexts for virtual host 'localhost'
22-Mar-2026 10:05:06.315 INFO [http-nio-8080-exec-120] org.apache.catalina.core.ApplicationContext.log Manager: restart: Reloading web application '/PE_Prj301'
22-Mar-2026 10:05:06.661 INFO [http-nio-8080-exec-118] org.apache.catalina.core.ApplicationContext.log Manager: list: Listing contexts for virtual host 'localhost'
22-Mar-2026 10:05:06.663 INFO [http-nio-8080-exec-115] org.apache.catalina.core.ApplicationContext.log Manager: list: Listing contexts for virtual host 'localhost'
22-Mar-2026 10:05:06.942 INFO [http-nio-8080-exec-118] org.apache.catalina.core.ApplicationContext.log Manager: restart: Reloading web application '/PE_Prj301'
22-Mar-2026 10:05:07.268 INFO [http-nio-8080-exec-121] org.apache.catalina.core.ApplicationContext.log Manager: list: Listing contexts for virtual host 'localhost'
22-Mar-2026 10:05:07.563 INFO [http-nio-8080-exec-112] org.apache.catalina.core.ApplicationContext.log Manager: restart: Reloading web application '/PE_Prj301'
22-Mar-2026 10:05:56.742 INFO [http-nio-8080-exec-123] org.apache.catalina.core.ApplicationContext.log Manager: list: Listing contexts for virtual host 'localhost'
22-Mar-2026 10:05:57.075 INFO [http-nio-8080-exec-126] org.apache.catalina.core.ApplicationContext.log Manager: list: Listing contexts for virtual host 'localhost'
22-Mar-2026 10:05:57.077 INFO [http-nio-8080-exec-120] org.apache.catalina.core.ApplicationContext.log Manager: list: Listing contexts for virtual host 'localhost'
22-Mar-2026 10:11:33.783 INFO [http-nio-8080-exec-126] org.apache.catalina.core.ApplicationContext.log Manager: list: Listing contexts for virtual host 'localhost'
22-Mar-2026 10:12:22.824 INFO [http-nio-8080-exec-135] org.apache.catalina.core.ApplicationContext.log Manager: list: Listing contexts for virtual host 'localhost'
22-Mar-2026 10:12:22.828 INFO [http-nio-8080-exec-127] org.apache.catalina.core.ApplicationContext.log Manager: restart: Reloading web application '/PE_Prj301'
22-Mar-2026 10:12:23.791 INFO [http-nio-8080-exec-133] org.apache.catalina.core.ApplicationContext.log Manager: list: Listing contexts for virtual host 'localhost'
22-Mar-2026 10:12:23.798 INFO [http-nio-8080-exec-128] org.apache.catalina.core.ApplicationContext.log Manager: restart: Reloading web application '/PE_Prj301'
22-Mar-2026 10:12:35.609 INFO [http-nio-8080-exec-135] org.apache.catalina.core.ApplicationContext.log Manager: list: Listing contexts for virtual host 'localhost'
22-Mar-2026 10:12:35.616 INFO [http-nio-8080-exec-126] org.apache.catalina.core.ApplicationContext.log Manager: restart: Reloading web application '/PE_Prj301'
22-Mar-2026 10:12:36.592 INFO [http-nio-8080-exec-135] org.apache.catalina.core.ApplicationContext.log Manager: list: Listing contexts for virtual host 'localhost'
22-Mar-2026 10:12:36.597 INFO [http-nio-8080-exec-136] org.apache.catalina.core.ApplicationContext.log Manager: restart: Reloading web application '/PE_Prj301'
22-Mar-2026 10:12:44.339 INFO [http-nio-8080-exec-131] org.apache.catalina.core.ApplicationContext.log Manager: list: Listing contexts for virtual host 'localhost'
22-Mar-2026 10:12:44.345 INFO [http-nio-8080-exec-132] org.apache.catalina.core.ApplicationContext.log Manager: restart: Reloading web application '/PE_Prj301'
22-Mar-2026 10:12:45.301 INFO [http-nio-8080-exec-137] org.apache.catalina.core.ApplicationContext.log Manager: list: Listing contexts for virtual host 'localhost'
22-Mar-2026 10:12:45.305 INFO [http-nio-8080-exec-138] org.apache.catalina.core.ApplicationContext.log Manager: restart: Reloading web application '/PE_Prj301'
22-Mar-2026 10:16:01.606 INFO [http-nio-8080-exec-143] org.apache.catalina.core.ApplicationContext.log Manager: list: Listing contexts for virtual host 'localhost'
22-Mar-2026 10:16:01.637 INFO [http-nio-8080-exec-144] org.apache.catalina.core.ApplicationContext.log Manager: list: Listing contexts for virtual host 'localhost'
22-Mar-2026 10:16:02.431 INFO [http-nio-8080-exec-129] org.apache.catalina.core.ApplicationContext.log Manager: list: Listing contexts for virtual host 'localhost'
22-Mar-2026 10:16:02.434 INFO [http-nio-8080-exec-130] org.apache.catalina.core.ApplicationContext.log Manager: restart: Reloading web application '/PE_Prj301'
22-Mar-2026 10:16:02.630 INFO [http-nio-8080-exec-129] org.apache.catalina.core.ApplicationContext.log Manager: list: Listing contexts for virtual host 'localhost'
22-Mar-2026 10:16:02.631 INFO [http-nio-8080-exec-140] org.apache.catalina.core.ApplicationContext.log Manager: list: Listing contexts for virtual host 'localhost'
22-Mar-2026 10:16:03.125 INFO [http-nio-8080-exec-145] org.apache.catalina.core.ApplicationContext.log Manager: restart: Reloading web application '/PE_Prj301'
22-Mar-2026 10:17:53.476 INFO [http-nio-8080-exec-150] org.apache.catalina.core.ApplicationContext.log Manager: list: Listing contexts for virtual host 'localhost'
22-Mar-2026 10:17:53.867 INFO [http-nio-8080-exec-153] org.apache.catalina.core.ApplicationContext.log Manager: list: Listing contexts for virtual host 'localhost'
22-Mar-2026 10:17:53.868 INFO [http-nio-8080-exec-148] org.apache.catalina.core.ApplicationContext.log Manager: list: Listing contexts for virtual host 'localhost'
22-Mar-2026 10:18:23.045 INFO [http-nio-8080-exec-154] org.apache.catalina.core.ApplicationContext.log Manager: list: Listing contexts for virtual host 'localhost'
22-Mar-2026 10:18:23.406 INFO [http-nio-8080-exec-153] org.apache.catalina.core.ApplicationContext.log Manager: list: Listing contexts for virtual host 'localhost'
22-Mar-2026 10:18:23.407 INFO [http-nio-8080-exec-151] org.apache.catalina.core.ApplicationContext.log Manager: list: Listing contexts for virtual host 'localhost'
22-Mar-2026 10:19:10.123 INFO [http-nio-8080-exec-155] org.apache.catalina.core.ApplicationContext.log Manager: list: Listing contexts for virtual host 'localhost'
22-Mar-2026 10:19:10.531 INFO [http-nio-8080-exec-149] org.apache.catalina.core.ApplicationContext.log Manager: list: Listing contexts for virtual host 'localhost'
22-Mar-2026 10:19:10.532 INFO [http-nio-8080-exec-156] org.apache.catalina.core.ApplicationContext.log Manager: list: Listing contexts for virtual host 'localhost'
22-Mar-2026 10:22:55.597 INFO [http-nio-8080-exec-150] org.apache.catalina.core.ApplicationContext.log Manager: list: Listing contexts for virtual host 'localhost'
22-Mar-2026 10:22:55.603 INFO [http-nio-8080-exec-151] org.apache.catalina.core.ApplicationContext.log Manager: restart: Reloading web application '/PE_Prj301'
22-Mar-2026 10:23:42.764 INFO [http-nio-8080-exec-152] org.apache.catalina.core.ApplicationContext.log Manager: list: Listing contexts for virtual host 'localhost'
22-Mar-2026 10:23:42.769 INFO [http-nio-8080-exec-150] org.apache.catalina.core.ApplicationContext.log Manager: restart: Reloading web application '/PE_Prj301'
22-Mar-2026 10:24:37.584 INFO [http-nio-8080-exec-154] org.apache.catalina.core.ApplicationContext.log Manager: list: Listing contexts for virtual host 'localhost'
22-Mar-2026 10:24:37.638 INFO [http-nio-8080-exec-150] org.apache.catalina.core.ApplicationContext.log Manager: list: Listing contexts for virtual host 'localhost'
22-Mar-2026 10:24:37.736 INFO [http-nio-8080-exec-148] org.apache.catalina.core.ApplicationContext.log Manager: list: Listing contexts for virtual host 'localhost'
22-Mar-2026 10:24:37.740 INFO [http-nio-8080-exec-157] org.apache.catalina.core.ApplicationContext.log Manager: restart: Reloading web application '/PE_Prj301'
22-Mar-2026 10:24:38.698 INFO [http-nio-8080-exec-160] org.apache.catalina.core.ApplicationContext.log Manager: list: Listing contexts for virtual host 'localhost'
22-Mar-2026 10:24:38.699 INFO [http-nio-8080-exec-147] org.apache.catalina.core.ApplicationContext.log Manager: list: Listing contexts for virtual host 'localhost'
22-Mar-2026 10:24:38.714 INFO [http-nio-8080-exec-150] org.apache.catalina.core.ApplicationContext.log Manager: restart: Reloading web application '/PE_Prj301'
22-Mar-2026 10:24:38.723 INFO [http-nio-8080-exec-159] org.apache.catalina.core.ApplicationContext.log Manager: list: Listing contexts for virtual host 'localhost'
22-Mar-2026 10:24:39.334 INFO [http-nio-8080-exec-149] org.apache.catalina.core.ApplicationContext.log Manager: restart: Reloading web application '/PE_Prj301'
22-Mar-2026 10:33:14.234 INFO [http-nio-8080-exec-161] org.apache.catalina.core.ApplicationContext.log Manager: list: Listing contexts for virtual host 'localhost'
22-Mar-2026 10:33:14.305 INFO [http-nio-8080-exec-163] org.apache.catalina.core.ApplicationContext.log Manager: list: Listing contexts for virtual host 'localhost'
22-Mar-2026 10:33:14.311 INFO [http-nio-8080-exec-161] org.apache.catalina.core.ApplicationContext.log Manager: undeploy: Undeploying web application at '/PE_Prj301'
22-Mar-2026 10:33:14.385 INFO [http-nio-8080-exec-163] org.apache.catalina.core.ApplicationContext.log Manager: list: Listing contexts for virtual host 'localhost'
22-Mar-2026 10:33:14.868 INFO [http-nio-8080-exec-171] org.apache.catalina.core.ApplicationContext.log Manager: restart: Reloading web application '/PE_Prj301'
22-Mar-2026 15:38:21.488 INFO [http-nio-8080-exec-7] org.apache.catalina.core.ApplicationContext.log Manager: init: Associated with Deployer 'Catalina:type=Deployer,host=localhost'
22-Mar-2026 15:38:21.489 INFO [http-nio-8080-exec-7] org.apache.catalina.core.ApplicationContext.log Manager: init: Global resources are available
22-Mar-2026 15:38:21.650 INFO [http-nio-8080-exec-5] org.apache.catalina.core.ApplicationContext.log Manager: list: Listing contexts for virtual host 'localhost'
22-Mar-2026 15:38:21.663 INFO [http-nio-8080-exec-6] org.apache.catalina.core.ApplicationContext.log Manager: list: Listing contexts for virtual host 'localhost'
22-Mar-2026 15:38:21.863 INFO [http-nio-8080-exec-9] org.apache.catalina.core.ApplicationContext.log Manager: undeploy: Undeploying web application at '/production-management-system'
22-Mar-2026 15:38:22.484 INFO [http-nio-8080-exec-10] org.apache.catalina.core.ApplicationContext.log Manager: install: Installing context configuration at 'file:/C:/Users/SE1932~1/AppData/Local/Temp/context3695689465657771144.xml'
22-Mar-2026 15:38:25.582 INFO [http-nio-8080-exec-1] org.apache.catalina.core.ApplicationContext.log Manager: start: Starting web application '/production-management-system'
22-Mar-2026 16:20:11.610 INFO [http-nio-8080-exec-17] org.apache.catalina.core.ApplicationContext.log Manager: list: Listing contexts for virtual host 'localhost'
22-Mar-2026 16:20:11.967 INFO [http-nio-8080-exec-18] org.apache.catalina.core.ApplicationContext.log Manager: list: Listing contexts for virtual host 'localhost'
22-Mar-2026 16:20:11.981 INFO [http-nio-8080-exec-19] org.apache.catalina.core.ApplicationContext.log Manager: restart: Reloading web application '/production-management-system'
22-Mar-2026 16:20:12.892 INFO [http-nio-8080-exec-17] org.apache.catalina.core.ApplicationContext.log Manager: list: Listing contexts for virtual host 'localhost'
22-Mar-2026 16:20:12.896 INFO [http-nio-8080-exec-12] org.apache.catalina.core.ApplicationContext.log Manager: list: Listing contexts for virtual host 'localhost'
22-Mar-2026 16:20:13.005 INFO [http-nio-8080-exec-21] org.apache.catalina.core.ApplicationContext.log Manager: undeploy: Undeploying web application at '/production-management-system'
22-Mar-2026 16:20:13.332 INFO [http-nio-8080-exec-17] org.apache.catalina.core.ApplicationContext.log Manager: list: Listing contexts for virtual host 'localhost'
22-Mar-2026 16:20:13.550 INFO [http-nio-8080-exec-20] org.apache.catalina.core.ApplicationContext.log Manager: restart: Reloading web application '/production-management-system'
22-Mar-2026 16:20:13.555 INFO [http-nio-8080-exec-11] org.apache.catalina.core.ApplicationContext.log Manager: install: Installing context configuration at 'file:/C:/Users/SE1932~1/AppData/Local/Temp/context3791713023828277799.xml'
22-Mar-2026 16:20:14.590 INFO [http-nio-8080-exec-19] org.apache.catalina.core.ApplicationContext.log Manager: start: Starting web application '/production-management-system'
22-Mar-2026 16:20:29.558 INFO [http-nio-8080-exec-22] org.apache.catalina.core.ApplicationContext.log Manager: list: Listing contexts for virtual host 'localhost'
22-Mar-2026 16:20:29.566 INFO [http-nio-8080-exec-19] org.apache.catalina.core.ApplicationContext.log Manager: undeploy: Undeploying web application at '/production-management-system'
22-Mar-2026 16:20:48.174 INFO [http-nio-8080-exec-24] org.apache.catalina.core.ApplicationContext.log Manager: list: Listing contexts for virtual host 'localhost'
22-Mar-2026 16:20:48.176 INFO [http-nio-8080-exec-20] org.apache.catalina.core.ApplicationContext.log Manager: list: Listing contexts for virtual host 'localhost'
22-Mar-2026 16:20:48.187 INFO [http-nio-8080-exec-12] org.apache.catalina.core.ApplicationContext.log Manager: install: Installing context configuration at 'file:/C:/Users/SE1932~1/AppData/Local/Temp/context4563177335684670415.xml'
22-Mar-2026 16:20:49.084 INFO [http-nio-8080-exec-19] org.apache.catalina.core.ApplicationContext.log Manager: start: Starting web application '/production-management-system'
22-Mar-2026 16:25:21.450 INFO [http-nio-8080-exec-30] org.apache.catalina.core.ApplicationContext.log Manager: list: Listing contexts for virtual host 'localhost'
22-Mar-2026 16:25:21.455 INFO [http-nio-8080-exec-25] org.apache.catalina.core.ApplicationContext.log Manager: list: Listing contexts for virtual host 'localhost'
22-Mar-2026 16:25:21.468 INFO [http-nio-8080-exec-32] org.apache.catalina.core.ApplicationContext.log Manager: undeploy: Undeploying web application at '/production-management-system'
22-Mar-2026 16:25:22.214 INFO [http-nio-8080-exec-28] org.apache.catalina.core.ApplicationContext.log Manager: install: Installing context configuration at 'file:/C:/Users/SE1932~1/AppData/Local/Temp/context8822094570376038409.xml'
22-Mar-2026 16:25:23.014 INFO [http-nio-8080-exec-29] org.apache.catalina.core.ApplicationContext.log Manager: start: Starting web application '/production-management-system'
22-Mar-2026 16:25:53.322 INFO [http-nio-8080-exec-36] org.apache.catalina.core.ApplicationContext.log Manager: list: Listing contexts for virtual host 'localhost'
22-Mar-2026 16:25:53.355 INFO [http-nio-8080-exec-37] org.apache.catalina.core.ApplicationContext.log Manager: undeploy: Undeploying web application at '/production-management-system'
22-Mar-2026 16:25:57.136 INFO [http-nio-8080-exec-39] org.apache.catalina.core.ApplicationContext.log Manager: list: Listing contexts for virtual host 'localhost'
22-Mar-2026 16:25:57.139 INFO [http-nio-8080-exec-27] org.apache.catalina.core.ApplicationContext.log Manager: list: Listing contexts for virtual host 'localhost'
22-Mar-2026 16:25:57.153 INFO [http-nio-8080-exec-36] org.apache.catalina.core.ApplicationContext.log Manager: install: Installing context configuration at 'file:/C:/Users/SE1932~1/AppData/Local/Temp/context6950929393425617769.xml'
22-Mar-2026 16:25:58.019 INFO [http-nio-8080-exec-37] org.apache.catalina.core.ApplicationContext.log Manager: start: Starting web application '/production-management-system'
22-Mar-2026 16:26:20.797 INFO [http-nio-8080-exec-39] org.apache.catalina.core.ApplicationContext.log Manager: list: Listing contexts for virtual host 'localhost'
22-Mar-2026 16:26:20.802 INFO [http-nio-8080-exec-34] org.apache.catalina.core.ApplicationContext.log Manager: list: Listing contexts for virtual host 'localhost'
22-Mar-2026 16:26:20.816 INFO [http-nio-8080-exec-33] org.apache.catalina.core.ApplicationContext.log Manager: undeploy: Undeploying web application at '/production-management-system'
22-Mar-2026 16:26:21.340 INFO [http-nio-8080-exec-31] org.apache.catalina.core.ApplicationContext.log Manager: install: Installing context configuration at 'file:/C:/Users/SE1932~1/AppData/Local/Temp/context4325018438792906279.xml'
22-Mar-2026 16:26:22.141 INFO [http-nio-8080-exec-35] org.apache.catalina.core.ApplicationContext.log Manager: start: Starting web application '/production-management-system'
22-Mar-2026 16:35:12.494 INFO [http-nio-8080-exec-45] org.apache.catalina.core.ApplicationContext.log Manager: list: Listing contexts for virtual host 'localhost'
22-Mar-2026 16:35:12.497 INFO [http-nio-8080-exec-43] org.apache.catalina.core.ApplicationContext.log Manager: list: Listing contexts for virtual host 'localhost'
22-Mar-2026 16:35:12.511 INFO [http-nio-8080-exec-49] org.apache.catalina.core.ApplicationContext.log Manager: undeploy: Undeploying web application at '/production-management-system'
22-Mar-2026 16:35:13.090 INFO [http-nio-8080-exec-45] org.apache.catalina.core.ApplicationContext.log Manager: install: Installing context configuration at 'file:/C:/Users/SE1932~1/AppData/Local/Temp/context3222147789478764987.xml'
22-Mar-2026 16:35:13.563 INFO [http-nio-8080-exec-46] org.apache.catalina.core.ApplicationContext.log Manager: list: Listing contexts for virtual host 'localhost'
22-Mar-2026 16:35:13.567 INFO [http-nio-8080-exec-52] org.apache.catalina.core.ApplicationContext.log Manager: list: Listing contexts for virtual host 'localhost'
22-Mar-2026 16:35:14.114 INFO [http-nio-8080-exec-47] org.apache.catalina.core.ApplicationContext.log Manager: undeploy: Undeploying web application at '/production-management-system'
22-Mar-2026 16:35:14.646 INFO [http-nio-8080-exec-48] org.apache.catalina.core.ApplicationContext.log Manager: start: Starting web application '/production-management-system'
22-Mar-2026 16:35:14.654 INFO [http-nio-8080-exec-46] org.apache.catalina.core.ApplicationContext.log Manager: install: Installing context configuration at 'file:/C:/Users/SE1932~1/AppData/Local/Temp/context4587313544996763240.xml'
22-Mar-2026 16:35:14.988 INFO [http-nio-8080-exec-53] org.apache.catalina.core.ApplicationContext.log Manager: list: Listing contexts for virtual host 'localhost'
22-Mar-2026 16:35:16.118 INFO [http-nio-8080-exec-42] org.apache.catalina.core.ApplicationContext.log Manager: restart: Reloading web application '/production-management-system'
22-Mar-2026 16:35:17.051 INFO [http-nio-8080-exec-44] org.apache.catalina.core.ApplicationContext.log Manager: start: Starting web application '/production-management-system'
22-Mar-2026 16:44:28.028 INFO [http-nio-8080-exec-57] org.apache.catalina.core.ApplicationContext.log Manager: list: Listing contexts for virtual host 'localhost'
22-Mar-2026 16:44:28.057 INFO [http-nio-8080-exec-58] org.apache.catalina.core.ApplicationContext.log Manager: restart: Reloading web application '/production-management-system'
22-Mar-2026 16:47:09.293 INFO [http-nio-8080-exec-67] org.apache.catalina.core.ApplicationContext.log Manager: list: Listing contexts for virtual host 'localhost'
22-Mar-2026 16:47:09.638 INFO [http-nio-8080-exec-63] org.apache.catalina.core.ApplicationContext.log Manager: list: Listing contexts for virtual host 'localhost'
22-Mar-2026 16:47:09.662 INFO [http-nio-8080-exec-62] org.apache.catalina.core.ApplicationContext.log Manager: restart: Reloading web application '/production-management-system'
22-Mar-2026 16:47:10.550 INFO [http-nio-8080-exec-69] org.apache.catalina.core.ApplicationContext.log Manager: list: Listing contexts for virtual host 'localhost'
22-Mar-2026 16:47:10.552 INFO [http-nio-8080-exec-57] org.apache.catalina.core.ApplicationContext.log Manager: list: Listing contexts for virtual host 'localhost'
22-Mar-2026 16:47:10.697 INFO [http-nio-8080-exec-69] org.apache.catalina.core.ApplicationContext.log Manager: undeploy: Undeploying web application at '/production-management-system'
22-Mar-2026 16:47:11.021 INFO [http-nio-8080-exec-67] org.apache.catalina.core.ApplicationContext.log Manager: list: Listing contexts for virtual host 'localhost'
22-Mar-2026 16:47:11.228 INFO [http-nio-8080-exec-68] org.apache.catalina.core.ApplicationContext.log Manager: restart: Reloading web application '/production-management-system'
22-Mar-2026 16:47:11.235 INFO [http-nio-8080-exec-70] org.apache.catalina.core.ApplicationContext.log Manager: install: Installing context configuration at 'file:/C:/Users/SE1932~1/AppData/Local/Temp/context1054083830834709970.xml'
22-Mar-2026 16:47:12.178 INFO [http-nio-8080-exec-71] org.apache.catalina.core.ApplicationContext.log Manager: start: Starting web application '/production-management-system'
22-Mar-2026 16:56:52.191 INFO [http-nio-8080-exec-80] org.apache.catalina.core.ApplicationContext.log Manager: list: Listing contexts for virtual host 'localhost'
22-Mar-2026 16:56:52.194 INFO [http-nio-8080-exec-72] org.apache.catalina.core.ApplicationContext.log Manager: list: Listing contexts for virtual host 'localhost'
22-Mar-2026 16:56:52.212 INFO [http-nio-8080-exec-79] org.apache.catalina.core.ApplicationContext.log Manager: undeploy: Undeploying web application at '/production-management-system'
22-Mar-2026 16:56:52.788 INFO [http-nio-8080-exec-77] org.apache.catalina.core.ApplicationContext.log Manager: install: Installing context configuration at 'file:/C:/Users/SE1932~1/AppData/Local/Temp/context4455356070183645822.xml'
22-Mar-2026 16:56:52.840 INFO [http-nio-8080-exec-74] org.apache.catalina.core.ApplicationContext.log Manager: list: Listing contexts for virtual host 'localhost'
22-Mar-2026 16:56:52.842 INFO [http-nio-8080-exec-78] org.apache.catalina.core.ApplicationContext.log Manager: list: Listing contexts for virtual host 'localhost'
22-Mar-2026 16:56:53.704 INFO [http-nio-8080-exec-80] org.apache.catalina.core.ApplicationContext.log Manager: undeploy: Undeploying web application at '/production-management-system'
22-Mar-2026 16:56:54.230 INFO [http-nio-8080-exec-82] org.apache.catalina.core.ApplicationContext.log Manager: start: Starting web application '/production-management-system'
22-Mar-2026 16:56:54.234 INFO [http-nio-8080-exec-74] org.apache.catalina.core.ApplicationContext.log Manager: install: Installing context configuration at 'file:/C:/Users/SE1932~1/AppData/Local/Temp/context870949395385156800.xml'
22-Mar-2026 16:56:54.548 INFO [http-nio-8080-exec-76] org.apache.catalina.core.ApplicationContext.log Manager: list: Listing contexts for virtual host 'localhost'
22-Mar-2026 16:56:55.026 INFO [http-nio-8080-exec-82] org.apache.catalina.core.ApplicationContext.log Manager: start: Starting web application '/production-management-system'
22-Mar-2026 17:05:32.531 INFO [http-nio-8080-exec-91] org.apache.catalina.core.ApplicationContext.log Manager: list: Listing contexts for virtual host 'localhost'
22-Mar-2026 17:05:32.548 INFO [http-nio-8080-exec-90] org.apache.catalina.core.ApplicationContext.log Manager: restart: Reloading web application '/production-management-system'
22-Mar-2026 17:05:32.735 INFO [http-nio-8080-exec-93] org.apache.catalina.core.ApplicationContext.log Manager: list: Listing contexts for virtual host 'localhost'
22-Mar-2026 17:05:32.737 INFO [http-nio-8080-exec-85] org.apache.catalina.core.ApplicationContext.log Manager: list: Listing contexts for virtual host 'localhost'
22-Mar-2026 17:05:33.471 INFO [http-nio-8080-exec-92] org.apache.catalina.core.ApplicationContext.log Manager: undeploy: Undeploying web application at '/production-management-system'
22-Mar-2026 17:05:34.007 INFO [http-nio-8080-exec-90] org.apache.catalina.core.ApplicationContext.log Manager: install: Installing context configuration at 'file:/C:/Users/SE1932~1/AppData/Local/Temp/context6288688572327921105.xml'
22-Mar-2026 17:05:34.824 INFO [http-nio-8080-exec-93] org.apache.catalina.core.ApplicationContext.log Manager: start: Starting web application '/production-management-system'
22-Mar-2026 17:13:05.508 INFO [http-nio-8080-exec-94] org.apache.catalina.core.ApplicationContext.log Manager: list: Listing contexts for virtual host 'localhost'
22-Mar-2026 17:13:05.839 INFO [http-nio-8080-exec-99] org.apache.catalina.core.ApplicationContext.log Manager: list: Listing contexts for virtual host 'localhost'
22-Mar-2026 17:13:05.853 INFO [http-nio-8080-exec-100] org.apache.catalina.core.ApplicationContext.log Manager: restart: Reloading web application '/production-management-system'
22-Mar-2026 17:13:06.374 INFO [http-nio-8080-exec-96] org.apache.catalina.core.ApplicationContext.log Manager: list: Listing contexts for virtual host 'localhost'
22-Mar-2026 17:13:06.377 INFO [http-nio-8080-exec-103] org.apache.catalina.core.ApplicationContext.log Manager: list: Listing contexts for virtual host 'localhost'
22-Mar-2026 17:13:06.880 INFO [http-nio-8080-exec-104] org.apache.catalina.core.ApplicationContext.log Manager: undeploy: Undeploying web application at '/production-management-system'
22-Mar-2026 17:13:07.405 INFO [http-nio-8080-exec-94] org.apache.catalina.core.ApplicationContext.log Manager: install: Installing context configuration at 'file:/C:/Users/SE1932~1/AppData/Local/Temp/context3090300092009461363.xml'
22-Mar-2026 17:13:08.429 INFO [http-nio-8080-exec-101] org.apache.catalina.core.ApplicationContext.log Manager: start: Starting web application '/production-management-system'
22-Mar-2026 17:20:41.605 INFO [http-nio-8080-exec-113] org.apache.catalina.core.ApplicationContext.log Manager: list: Listing contexts for virtual host 'localhost'
22-Mar-2026 17:20:41.936 INFO [http-nio-8080-exec-107] org.apache.catalina.core.ApplicationContext.log Manager: list: Listing contexts for virtual host 'localhost'
22-Mar-2026 17:20:41.953 INFO [http-nio-8080-exec-108] org.apache.catalina.core.ApplicationContext.log Manager: restart: Reloading web application '/production-management-system'
22-Mar-2026 17:20:42.950 INFO [http-nio-8080-exec-115] org.apache.catalina.core.ApplicationContext.log Manager: list: Listing contexts for virtual host 'localhost'
22-Mar-2026 17:20:42.952 INFO [http-nio-8080-exec-114] org.apache.catalina.core.ApplicationContext.log Manager: list: Listing contexts for virtual host 'localhost'
22-Mar-2026 17:20:43.140 INFO [http-nio-8080-exec-111] org.apache.catalina.core.ApplicationContext.log Manager: undeploy: Undeploying web application at '/production-management-system'
22-Mar-2026 17:20:43.466 INFO [http-nio-8080-exec-110] org.apache.catalina.core.ApplicationContext.log Manager: list: Listing contexts for virtual host 'localhost'
22-Mar-2026 17:20:43.660 INFO [http-nio-8080-exec-112] org.apache.catalina.core.ApplicationContext.log Manager: restart: Reloading web application '/production-management-system'
22-Mar-2026 17:20:43.663 INFO [http-nio-8080-exec-107] org.apache.catalina.core.ApplicationContext.log Manager: install: Installing context configuration at 'file:/C:/Users/SE1932~1/AppData/Local/Temp/context3880957256355269638.xml'
22-Mar-2026 17:20:44.431 INFO [http-nio-8080-exec-113] org.apache.catalina.core.ApplicationContext.log Manager: start: Starting web application '/production-management-system'
22-Mar-2026 17:35:58.906 INFO [http-nio-8080-exec-122] org.apache.catalina.core.ApplicationContext.log Manager: list: Listing contexts for virtual host 'localhost'
22-Mar-2026 17:35:58.911 INFO [http-nio-8080-exec-117] org.apache.catalina.core.ApplicationContext.log Manager: list: Listing contexts for virtual host 'localhost'
22-Mar-2026 17:35:58.929 INFO [http-nio-8080-exec-119] org.apache.catalina.core.ApplicationContext.log Manager: undeploy: Undeploying web application at '/production-management-system'
22-Mar-2026 17:35:59.597 INFO [http-nio-8080-exec-124] org.apache.catalina.core.ApplicationContext.log Manager: install: Installing context configuration at 'file:/C:/Users/SE1932~1/AppData/Local/Temp/context2159058271205624734.xml'
22-Mar-2026 17:35:59.696 INFO [http-nio-8080-exec-121] org.apache.catalina.core.ApplicationContext.log Manager: list: Listing contexts for virtual host 'localhost'
22-Mar-2026 17:35:59.699 INFO [http-nio-8080-exec-123] org.apache.catalina.core.ApplicationContext.log Manager: list: Listing contexts for virtual host 'localhost'
22-Mar-2026 17:36:00.346 INFO [http-nio-8080-exec-125] org.apache.catalina.core.ApplicationContext.log Manager: undeploy: Undeploying web application at '/production-management-system'
22-Mar-2026 17:36:00.885 INFO [http-nio-8080-exec-118] org.apache.catalina.core.ApplicationContext.log Manager: start: Starting web application '/production-management-system'
22-Mar-2026 17:36:00.892 INFO [http-nio-8080-exec-124] org.apache.catalina.core.ApplicationContext.log Manager: install: Installing context configuration at 'file:/C:/Users/SE1932~1/AppData/Local/Temp/context1188459035939927291.xml'
22-Mar-2026 17:36:01.210 INFO [http-nio-8080-exec-122] org.apache.catalina.core.ApplicationContext.log Manager: list: Listing contexts for virtual host 'localhost'
22-Mar-2026 17:36:02.027 INFO [http-nio-8080-exec-118] org.apache.catalina.core.ApplicationContext.log Manager: start: Starting web application '/production-management-system'
22-Mar-2026 17:51:02.904 INFO [http-nio-8080-exec-132] org.apache.catalina.core.ApplicationContext.log Manager: list: Listing contexts for virtual host 'localhost'
22-Mar-2026 17:51:02.934 INFO [http-nio-8080-exec-136] org.apache.catalina.core.ApplicationContext.log Manager: restart: Reloading web application '/production-management-system'
22-Mar-2026 17:52:11.026 INFO [http-nio-8080-exec-140] org.apache.catalina.core.ApplicationContext.log Manager: list: Listing contexts for virtual host 'localhost'
22-Mar-2026 17:52:11.041 INFO [http-nio-8080-exec-132] org.apache.catalina.core.ApplicationContext.log Manager: restart: Reloading web application '/production-management-system'
22-Mar-2026 17:52:12.348 INFO [http-nio-8080-exec-128] org.apache.catalina.core.ApplicationContext.log Manager: list: Listing contexts for virtual host 'localhost'
22-Mar-2026 17:52:12.350 INFO [http-nio-8080-exec-137] org.apache.catalina.core.ApplicationContext.log Manager: list: Listing contexts for virtual host 'localhost'
22-Mar-2026 17:52:12.369 INFO [http-nio-8080-exec-138] org.apache.catalina.core.ApplicationContext.log Manager: undeploy: Undeploying web application at '/production-management-system'
22-Mar-2026 17:52:12.373 INFO [http-nio-8080-exec-130] org.apache.catalina.core.ApplicationContext.log Manager: list: Listing contexts for virtual host 'localhost'
22-Mar-2026 17:52:12.898 INFO [http-nio-8080-exec-128] org.apache.catalina.core.ApplicationContext.log Manager: restart: Reloading web application '/production-management-system'
22-Mar-2026 17:52:12.907 INFO [http-nio-8080-exec-137] org.apache.catalina.core.ApplicationContext.log Manager: install: Installing context configuration at 'file:/C:/Users/SE1932~1/AppData/Local/Temp/context2866696630669546864.xml'
22-Mar-2026 17:52:14.045 INFO [http-nio-8080-exec-135] org.apache.catalina.core.ApplicationContext.log Manager: start: Starting web application '/production-management-system'
22-Mar-2026 17:52:37.388 INFO [http-nio-8080-exec-142] org.apache.catalina.core.ApplicationContext.log Manager: list: Listing contexts for virtual host 'localhost'
22-Mar-2026 17:52:37.417 INFO [http-nio-8080-exec-140] org.apache.catalina.core.ApplicationContext.log Manager: list: Listing contexts for virtual host 'localhost'
22-Mar-2026 17:52:37.437 INFO [http-nio-8080-exec-142] org.apache.catalina.core.ApplicationContext.log Manager: undeploy: Undeploying web application at '/production-management-system'
22-Mar-2026 17:52:37.977 INFO [http-nio-8080-exec-143] org.apache.catalina.core.ApplicationContext.log Manager: install: Installing context configuration at 'file:/C:/Users/SE1932~1/AppData/Local/Temp/context3279128176081365088.xml'
22-Mar-2026 17:52:39.100 INFO [http-nio-8080-exec-145] org.apache.catalina.core.ApplicationContext.log Manager: start: Starting web application '/production-management-system'
22-Mar-2026 17:57:15.973 INFO [http-nio-8080-exec-154] org.apache.catalina.core.ApplicationContext.log Manager: list: Listing contexts for virtual host 'localhost'
22-Mar-2026 17:57:15.975 INFO [http-nio-8080-exec-153] org.apache.catalina.core.ApplicationContext.log Manager: list: Listing contexts for virtual host 'localhost'
22-Mar-2026 17:57:15.989 INFO [http-nio-8080-exec-155] org.apache.catalina.core.ApplicationContext.log Manager: undeploy: Undeploying web application at '/production-management-system'
22-Mar-2026 17:57:16.535 INFO [http-nio-8080-exec-152] org.apache.catalina.core.ApplicationContext.log Manager: install: Installing context configuration at 'file:/C:/Users/SE1932~1/AppData/Local/Temp/context283247365700364779.xml'
22-Mar-2026 17:57:17.870 INFO [http-nio-8080-exec-147] org.apache.catalina.core.ApplicationContext.log Manager: start: Starting web application '/production-management-system'
22-Mar-2026 17:57:31.249 INFO [http-nio-8080-exec-149] org.apache.catalina.core.ApplicationContext.log Manager: list: Listing contexts for virtual host 'localhost'
22-Mar-2026 17:57:31.298 INFO [http-nio-8080-exec-157] org.apache.catalina.core.ApplicationContext.log Manager: restart: Reloading web application '/production-management-system'
22-Mar-2026 17:57:31.669 INFO [http-nio-8080-exec-151] org.apache.catalina.core.ApplicationContext.log Manager: list: Listing contexts for virtual host 'localhost'
22-Mar-2026 17:57:31.671 INFO [http-nio-8080-exec-159] org.apache.catalina.core.ApplicationContext.log Manager: list: Listing contexts for virtual host 'localhost'
22-Mar-2026 17:57:32.411 INFO [http-nio-8080-exec-158] org.apache.catalina.core.ApplicationContext.log Manager: undeploy: Undeploying web application at '/production-management-system'
22-Mar-2026 17:57:32.953 INFO [http-nio-8080-exec-153] org.apache.catalina.core.ApplicationContext.log Manager: install: Installing context configuration at 'file:/C:/Users/SE1932~1/AppData/Local/Temp/context6546934677735139231.xml'
22-Mar-2026 17:57:34.069 INFO [http-nio-8080-exec-148] org.apache.catalina.core.ApplicationContext.log Manager: start: Starting web application '/production-management-system'
22-Mar-2026 18:11:12.456 INFO [http-nio-8080-exec-163] org.apache.catalina.core.ApplicationContext.log Manager: list: Listing contexts for virtual host 'localhost'
22-Mar-2026 18:11:12.492 INFO [http-nio-8080-exec-168] org.apache.catalina.core.ApplicationContext.log Manager: restart: Reloading web application '/production-management-system'
22-Mar-2026 18:11:14.238 INFO [http-nio-8080-exec-162] org.apache.catalina.core.ApplicationContext.log Manager: list: Listing contexts for virtual host 'localhost'
22-Mar-2026 18:11:14.245 INFO [http-nio-8080-exec-167] org.apache.catalina.core.ApplicationContext.log Manager: list: Listing contexts for virtual host 'localhost'
22-Mar-2026 18:11:14.839 INFO [http-nio-8080-exec-166] org.apache.catalina.core.ApplicationContext.log Manager: undeploy: Undeploying web application at '/production-management-system'
22-Mar-2026 18:11:15.174 INFO [http-nio-8080-exec-169] org.apache.catalina.core.ApplicationContext.log Manager: list: Listing contexts for virtual host 'localhost'
22-Mar-2026 18:11:15.410 INFO [http-nio-8080-exec-171] org.apache.catalina.core.ApplicationContext.log Manager: install: Installing context configuration at 'file:/C:/Users/SE1932~1/AppData/Local/Temp/context6203012120285209597.xml'
22-Mar-2026 18:11:16.967 INFO [http-nio-8080-exec-165] org.apache.catalina.core.ApplicationContext.log Manager: start: Starting web application '/production-management-system'
22-Mar-2026 18:20:30.169 INFO [http-nio-8080-exec-173] org.apache.catalina.core.ApplicationContext.log Manager: list: Listing contexts for virtual host 'localhost'
22-Mar-2026 18:20:30.212 INFO [http-nio-8080-exec-172] org.apache.catalina.core.ApplicationContext.log Manager: restart: Reloading web application '/production-management-system'
22-Mar-2026 18:20:32.683 INFO [http-nio-8080-exec-181] org.apache.catalina.core.ApplicationContext.log Manager: list: Listing contexts for virtual host 'localhost'
22-Mar-2026 18:20:32.687 INFO [http-nio-8080-exec-175] org.apache.catalina.core.ApplicationContext.log Manager: list: Listing contexts for virtual host 'localhost'
22-Mar-2026 18:20:32.728 INFO [http-nio-8080-exec-173] org.apache.catalina.core.ApplicationContext.log Manager: list: Listing contexts for virtual host 'localhost'
22-Mar-2026 18:20:32.733 INFO [http-nio-8080-exec-176] org.apache.catalina.core.ApplicationContext.log Manager: undeploy: Undeploying web application at '/production-management-system'
22-Mar-2026 18:20:33.277 INFO [http-nio-8080-exec-181] org.apache.catalina.core.ApplicationContext.log Manager: restart: Reloading web application '/production-management-system'
22-Mar-2026 18:20:33.296 INFO [http-nio-8080-exec-179] org.apache.catalina.core.ApplicationContext.log Manager: install: Installing context configuration at 'file:/C:/Users/SE1932~1/AppData/Local/Temp/context3079642504601658681.xml'
22-Mar-2026 18:20:34.798 INFO [http-nio-8080-exec-173] org.apache.catalina.core.ApplicationContext.log Manager: start: Starting web application '/production-management-system'
22-Mar-2026 18:28:23.805 INFO [http-nio-8080-exec-188] org.apache.catalina.core.ApplicationContext.log Manager: list: Listing contexts for virtual host 'localhost'
22-Mar-2026 18:28:23.811 INFO [http-nio-8080-exec-185] org.apache.catalina.core.ApplicationContext.log Manager: list: Listing contexts for virtual host 'localhost'
22-Mar-2026 18:28:23.854 INFO [http-nio-8080-exec-183] org.apache.catalina.core.ApplicationContext.log Manager: undeploy: Undeploying web application at '/production-management-system'
22-Mar-2026 18:28:24.571 INFO [http-nio-8080-exec-190] org.apache.catalina.core.ApplicationContext.log Manager: install: Installing context configuration at 'file:/C:/Users/SE1932~1/AppData/Local/Temp/context6254893728879561162.xml'
22-Mar-2026 18:28:25.173 INFO [http-nio-8080-exec-184] org.apache.catalina.core.ApplicationContext.log Manager: list: Listing contexts for virtual host 'localhost'
22-Mar-2026 18:28:25.178 INFO [http-nio-8080-exec-192] org.apache.catalina.core.ApplicationContext.log Manager: list: Listing contexts for virtual host 'localhost'
22-Mar-2026 18:28:26.562 INFO [http-nio-8080-exec-186] org.apache.catalina.core.ApplicationContext.log Manager: undeploy: Undeploying web application at '/production-management-system'
22-Mar-2026 18:28:27.095 INFO [http-nio-8080-exec-184] org.apache.catalina.core.ApplicationContext.log Manager: start: Starting web application '/production-management-system'
22-Mar-2026 18:28:27.106 INFO [http-nio-8080-exec-189] org.apache.catalina.core.ApplicationContext.log Manager: install: Installing context configuration at 'file:/C:/Users/SE1932~1/AppData/Local/Temp/context9032042493703373254.xml'
22-Mar-2026 18:28:28.805 INFO [http-nio-8080-exec-191] org.apache.catalina.core.ApplicationContext.log Manager: start: Starting web application '/production-management-system'
22-Mar-2026 18:36:06.009 INFO [http-nio-8080-exec-203] org.apache.catalina.core.ApplicationContext.log Manager: list: Listing contexts for virtual host 'localhost'
22-Mar-2026 18:36:06.386 INFO [http-nio-8080-exec-199] org.apache.catalina.core.ApplicationContext.log Manager: list: Listing contexts for virtual host 'localhost'
22-Mar-2026 18:36:06.388 INFO [http-nio-8080-exec-196] org.apache.catalina.core.ApplicationContext.log Manager: list: Listing contexts for virtual host 'localhost'
22-Mar-2026 18:36:06.404 INFO [http-nio-8080-exec-195] org.apache.catalina.core.ApplicationContext.log Manager: undeploy: Undeploying web application at '/production-management-system'
22-Mar-2026 18:36:06.932 INFO [http-nio-8080-exec-204] org.apache.catalina.core.ApplicationContext.log Manager: install: Installing context configuration at 'file:/C:/Users/SE1932~1/AppData/Local/Temp/context706148247506061614.xml'
22-Mar-2026 18:36:07.466 INFO [http-nio-8080-exec-199] org.apache.catalina.core.ApplicationContext.log Manager: start: Starting web application '/production-management-system'
22-Mar-2026 18:44:39.662 INFO [http-nio-8080-exec-213] org.apache.catalina.core.ApplicationContext.log Manager: list: Listing contexts for virtual host 'localhost'
22-Mar-2026 18:44:39.694 INFO [http-nio-8080-exec-208] org.apache.catalina.core.ApplicationContext.log Manager: list: Listing contexts for virtual host 'localhost'
22-Mar-2026 18:44:39.710 INFO [http-nio-8080-exec-209] org.apache.catalina.core.ApplicationContext.log Manager: restart: Reloading web application '/production-management-system'
22-Mar-2026 18:44:40.397 INFO [http-nio-8080-exec-211] org.apache.catalina.core.ApplicationContext.log Manager: list: Listing contexts for virtual host 'localhost'
22-Mar-2026 18:44:40.399 INFO [http-nio-8080-exec-212] org.apache.catalina.core.ApplicationContext.log Manager: list: Listing contexts for virtual host 'localhost'
22-Mar-2026 18:44:40.409 INFO [http-nio-8080-exec-205] org.apache.catalina.core.ApplicationContext.log Manager: undeploy: Undeploying web application at '/production-management-system'
22-Mar-2026 18:44:40.602 INFO [http-nio-8080-exec-211] org.apache.catalina.core.ApplicationContext.log Manager: list: Listing contexts for virtual host 'localhost'
22-Mar-2026 18:44:40.932 INFO [http-nio-8080-exec-214] org.apache.catalina.core.ApplicationContext.log Manager: restart: Reloading web application '/production-management-system'
22-Mar-2026 18:44:40.936 INFO [http-nio-8080-exec-208] org.apache.catalina.core.ApplicationContext.log Manager: install: Installing context configuration at 'file:/C:/Users/SE1932~1/AppData/Local/Temp/context4262057224274320405.xml'
22-Mar-2026 18:44:41.486 INFO [http-nio-8080-exec-206] org.apache.catalina.core.ApplicationContext.log Manager: start: Starting web application '/production-management-system'
22-Mar-2026 19:22:19.313 INFO [http-nio-8080-exec-6] org.apache.catalina.core.ApplicationContext.log Manager: init: Associated with Deployer 'Catalina:type=Deployer,host=localhost'
22-Mar-2026 19:22:19.313 INFO [http-nio-8080-exec-6] org.apache.catalina.core.ApplicationContext.log Manager: init: Global resources are available
22-Mar-2026 19:22:19.366 INFO [http-nio-8080-exec-9] org.apache.catalina.core.ApplicationContext.log Manager: list: Listing contexts for virtual host 'localhost'
22-Mar-2026 19:22:19.370 INFO [http-nio-8080-exec-10] org.apache.catalina.core.ApplicationContext.log Manager: list: Listing contexts for virtual host 'localhost'
22-Mar-2026 19:22:19.418 INFO [http-nio-8080-exec-1] org.apache.catalina.core.ApplicationContext.log Manager: undeploy: Undeploying web application at '/production-management-system'
22-Mar-2026 19:22:20.010 INFO [http-nio-8080-exec-6] org.apache.catalina.core.ApplicationContext.log Manager: install: Installing context configuration at 'file:/C:/Users/SE1932~1/AppData/Local/Temp/context7633429602570546082.xml'
22-Mar-2026 19:22:20.799 INFO [http-nio-8080-exec-7] org.apache.catalina.core.ApplicationContext.log Manager: start: Starting web application '/production-management-system'
